{
  "PropertyTypes": {
    "AWS::ACMPCA::Certificate.KeyUsage": {
      "Documentation": "http://docs.aws.amazon.com/AWSCloudFormation/latest/UserGuide/aws-properties-acmpca-certificate-keyusage.html",
      "Properties": {
        "KeyEncipherment": {
          "Documentation": "http://docs.aws.amazon.com/AWSCloudFormation/latest/UserGuide/aws-properties-acmpca-certificate-keyusage.html#cfn-acmpca-certificate-keyusage-keyencipherment",
          "UpdateType": "Immutable",
          "Required": false,
          "PrimitiveType": "Boolean"
        },
        "DataEncipherment": {
          "Documentation": "http://docs.aws.amazon.com/AWSCloudFormation/latest/UserGuide/aws-properties-acmpca-certificate-keyusage.html#cfn-acmpca-certificate-keyusage-dataencipherment",
          "UpdateType": "Immutable",
          "Required": false,
          "PrimitiveType": "Boolean"
        },
        "DigitalSignature": {
          "Documentation": "http://docs.aws.amazon.com/AWSCloudFormation/latest/UserGuide/aws-properties-acmpca-certificate-keyusage.html#cfn-acmpca-certificate-keyusage-digitalsignature",
          "UpdateType": "Immutable",
          "Required": false,
          "PrimitiveType": "Boolean"
        },
        "KeyCertSign": {
          "Documentation": "http://docs.aws.amazon.com/AWSCloudFormation/latest/UserGuide/aws-properties-acmpca-certificate-keyusage.html#cfn-acmpca-certificate-keyusage-keycertsign",
          "UpdateType": "Immutable",
          "Required": false,
          "PrimitiveType": "Boolean"
        },
        "DecipherOnly": {
          "Documentation": "http://docs.aws.amazon.com/AWSCloudFormation/latest/UserGuide/aws-properties-acmpca-certificate-keyusage.html#cfn-acmpca-certificate-keyusage-decipheronly",
          "UpdateType": "Immutable",
          "Required": false,
          "PrimitiveType": "Boolean"
        },
        "KeyAgreement": {
          "Documentation": "http://docs.aws.amazon.com/AWSCloudFormation/latest/UserGuide/aws-properties-acmpca-certificate-keyusage.html#cfn-acmpca-certificate-keyusage-keyagreement",
          "UpdateType": "Immutable",
          "Required": false,
          "PrimitiveType": "Boolean"
        },
        "NonRepudiation": {
          "Documentation": "http://docs.aws.amazon.com/AWSCloudFormation/latest/UserGuide/aws-properties-acmpca-certificate-keyusage.html#cfn-acmpca-certificate-keyusage-nonrepudiation",
          "UpdateType": "Immutable",
          "Required": false,
          "PrimitiveType": "Boolean"
        },
        "CRLSign": {
          "Documentation": "http://docs.aws.amazon.com/AWSCloudFormation/latest/UserGuide/aws-properties-acmpca-certificate-keyusage.html#cfn-acmpca-certificate-keyusage-crlsign",
          "UpdateType": "Immutable",
          "Required": false,
          "PrimitiveType": "Boolean"
        },
        "EncipherOnly": {
          "Documentation": "http://docs.aws.amazon.com/AWSCloudFormation/latest/UserGuide/aws-properties-acmpca-certificate-keyusage.html#cfn-acmpca-certificate-keyusage-encipheronly",
          "UpdateType": "Immutable",
          "Required": false,
          "PrimitiveType": "Boolean"
        }
      }
    },
    "AWS::ACMPCA::Certificate.GeneralName": {
      "Documentation": "http://docs.aws.amazon.com/AWSCloudFormation/latest/UserGuide/aws-properties-acmpca-certificate-generalname.html",
      "Properties": {
        "UniformResourceIdentifier": {
          "Documentation": "http://docs.aws.amazon.com/AWSCloudFormation/latest/UserGuide/aws-properties-acmpca-certificate-generalname.html#cfn-acmpca-certificate-generalname-uniformresourceidentifier",
          "UpdateType": "Immutable",
          "Required": false,
          "PrimitiveType": "String"
        },
        "DnsName": {
          "Documentation": "http://docs.aws.amazon.com/AWSCloudFormation/latest/UserGuide/aws-properties-acmpca-certificate-generalname.html#cfn-acmpca-certificate-generalname-dnsname",
          "UpdateType": "Immutable",
          "Required": false,
          "PrimitiveType": "String"
        },
        "EdiPartyName": {
          "Documentation": "http://docs.aws.amazon.com/AWSCloudFormation/latest/UserGuide/aws-properties-acmpca-certificate-generalname.html#cfn-acmpca-certificate-generalname-edipartyname",
          "UpdateType": "Immutable",
          "Required": false,
          "Type": "EdiPartyName"
        },
        "RegisteredId": {
          "Documentation": "http://docs.aws.amazon.com/AWSCloudFormation/latest/UserGuide/aws-properties-acmpca-certificate-generalname.html#cfn-acmpca-certificate-generalname-registeredid",
          "UpdateType": "Immutable",
          "Required": false,
          "PrimitiveType": "String"
        },
        "Rfc822Name": {
          "Documentation": "http://docs.aws.amazon.com/AWSCloudFormation/latest/UserGuide/aws-properties-acmpca-certificate-generalname.html#cfn-acmpca-certificate-generalname-rfc822name",
          "UpdateType": "Immutable",
          "Required": false,
          "PrimitiveType": "String"
        },
        "OtherName": {
          "Documentation": "http://docs.aws.amazon.com/AWSCloudFormation/latest/UserGuide/aws-properties-acmpca-certificate-generalname.html#cfn-acmpca-certificate-generalname-othername",
          "UpdateType": "Immutable",
          "Required": false,
          "Type": "OtherName"
        },
        "IpAddress": {
          "Documentation": "http://docs.aws.amazon.com/AWSCloudFormation/latest/UserGuide/aws-properties-acmpca-certificate-generalname.html#cfn-acmpca-certificate-generalname-ipaddress",
          "UpdateType": "Immutable",
          "Required": false,
          "PrimitiveType": "String"
        },
        "DirectoryName": {
          "Documentation": "http://docs.aws.amazon.com/AWSCloudFormation/latest/UserGuide/aws-properties-acmpca-certificate-generalname.html#cfn-acmpca-certificate-generalname-directoryname",
          "UpdateType": "Immutable",
          "Required": false,
          "Type": "Subject"
        }
      }
    },
    "AWS::ACMPCA::Certificate.CustomExtension": {
      "Documentation": "http://docs.aws.amazon.com/AWSCloudFormation/latest/UserGuide/aws-properties-acmpca-certificate-customextension.html",
      "Properties": {
        "Value": {
          "Documentation": "http://docs.aws.amazon.com/AWSCloudFormation/latest/UserGuide/aws-properties-acmpca-certificate-customextension.html#cfn-acmpca-certificate-customextension-value",
          "UpdateType": "Immutable",
          "Required": true,
          "PrimitiveType": "String"
        },
        "Critical": {
          "Documentation": "http://docs.aws.amazon.com/AWSCloudFormation/latest/UserGuide/aws-properties-acmpca-certificate-customextension.html#cfn-acmpca-certificate-customextension-critical",
          "UpdateType": "Immutable",
          "Required": false,
          "PrimitiveType": "Boolean"
        },
        "ObjectIdentifier": {
          "Documentation": "http://docs.aws.amazon.com/AWSCloudFormation/latest/UserGuide/aws-properties-acmpca-certificate-customextension.html#cfn-acmpca-certificate-customextension-objectidentifier",
          "UpdateType": "Immutable",
          "Required": true,
          "PrimitiveType": "String"
        }
      }
    },
    "AWS::ACMPCA::Certificate.Extensions": {
      "Documentation": "http://docs.aws.amazon.com/AWSCloudFormation/latest/UserGuide/aws-properties-acmpca-certificate-extensions.html",
      "Properties": {
        "CustomExtensions": {
          "Documentation": "http://docs.aws.amazon.com/AWSCloudFormation/latest/UserGuide/aws-properties-acmpca-certificate-extensions.html#cfn-acmpca-certificate-extensions-customextensions",
          "UpdateType": "Immutable",
          "Required": false,
          "Type": "List",
          "ItemType": "CustomExtension",
          "DuplicatesAllowed": true
        },
        "CertificatePolicies": {
          "Documentation": "http://docs.aws.amazon.com/AWSCloudFormation/latest/UserGuide/aws-properties-acmpca-certificate-extensions.html#cfn-acmpca-certificate-extensions-certificatepolicies",
          "UpdateType": "Immutable",
          "Required": false,
          "Type": "List",
          "ItemType": "PolicyInformation",
          "DuplicatesAllowed": true
        },
        "KeyUsage": {
          "Documentation": "http://docs.aws.amazon.com/AWSCloudFormation/latest/UserGuide/aws-properties-acmpca-certificate-extensions.html#cfn-acmpca-certificate-extensions-keyusage",
          "UpdateType": "Immutable",
          "Required": false,
          "Type": "KeyUsage"
        },
        "SubjectAlternativeNames": {
          "Documentation": "http://docs.aws.amazon.com/AWSCloudFormation/latest/UserGuide/aws-properties-acmpca-certificate-extensions.html#cfn-acmpca-certificate-extensions-subjectalternativenames",
          "UpdateType": "Immutable",
          "Required": false,
          "Type": "List",
          "ItemType": "GeneralName",
          "DuplicatesAllowed": true
        },
        "ExtendedKeyUsage": {
          "Documentation": "http://docs.aws.amazon.com/AWSCloudFormation/latest/UserGuide/aws-properties-acmpca-certificate-extensions.html#cfn-acmpca-certificate-extensions-extendedkeyusage",
          "UpdateType": "Immutable",
          "Required": false,
          "Type": "List",
          "ItemType": "ExtendedKeyUsage",
          "DuplicatesAllowed": true
        }
      }
    },
    "AWS::ACMPCA::Certificate.PolicyInformation": {
      "Documentation": "http://docs.aws.amazon.com/AWSCloudFormation/latest/UserGuide/aws-properties-acmpca-certificate-policyinformation.html",
      "Properties": {
        "CertPolicyId": {
          "Documentation": "http://docs.aws.amazon.com/AWSCloudFormation/latest/UserGuide/aws-properties-acmpca-certificate-policyinformation.html#cfn-acmpca-certificate-policyinformation-certpolicyid",
          "UpdateType": "Immutable",
          "Required": true,
          "PrimitiveType": "String"
        },
        "PolicyQualifiers": {
          "Documentation": "http://docs.aws.amazon.com/AWSCloudFormation/latest/UserGuide/aws-properties-acmpca-certificate-policyinformation.html#cfn-acmpca-certificate-policyinformation-policyqualifiers",
          "UpdateType": "Immutable",
          "Required": false,
          "Type": "List",
          "ItemType": "PolicyQualifierInfo",
          "DuplicatesAllowed": true
        }
      }
    },
    "AWS::ACMPCA::Certificate.OtherName": {
      "Documentation": "http://docs.aws.amazon.com/AWSCloudFormation/latest/UserGuide/aws-properties-acmpca-certificate-othername.html",
      "Properties": {
        "TypeId": {
          "Documentation": "http://docs.aws.amazon.com/AWSCloudFormation/latest/UserGuide/aws-properties-acmpca-certificate-othername.html#cfn-acmpca-certificate-othername-typeid",
          "UpdateType": "Immutable",
          "Required": true,
          "PrimitiveType": "String"
        },
        "Value": {
          "Documentation": "http://docs.aws.amazon.com/AWSCloudFormation/latest/UserGuide/aws-properties-acmpca-certificate-othername.html#cfn-acmpca-certificate-othername-value",
          "UpdateType": "Immutable",
          "Required": true,
          "PrimitiveType": "String"
        }
      }
    },
    "AWS::ACMPCA::Certificate.ApiPassthrough": {
      "Documentation": "http://docs.aws.amazon.com/AWSCloudFormation/latest/UserGuide/aws-properties-acmpca-certificate-apipassthrough.html",
      "Properties": {
        "Extensions": {
          "Documentation": "http://docs.aws.amazon.com/AWSCloudFormation/latest/UserGuide/aws-properties-acmpca-certificate-apipassthrough.html#cfn-acmpca-certificate-apipassthrough-extensions",
          "UpdateType": "Immutable",
          "Required": false,
          "Type": "Extensions"
        },
        "Subject": {
          "Documentation": "http://docs.aws.amazon.com/AWSCloudFormation/latest/UserGuide/aws-properties-acmpca-certificate-apipassthrough.html#cfn-acmpca-certificate-apipassthrough-subject",
          "UpdateType": "Immutable",
          "Required": false,
          "Type": "Subject"
        }
      }
    },
    "AWS::ACMPCA::Certificate.ExtendedKeyUsage": {
      "Documentation": "http://docs.aws.amazon.com/AWSCloudFormation/latest/UserGuide/aws-properties-acmpca-certificate-extendedkeyusage.html",
      "Properties": {
        "ExtendedKeyUsageType": {
          "Documentation": "http://docs.aws.amazon.com/AWSCloudFormation/latest/UserGuide/aws-properties-acmpca-certificate-extendedkeyusage.html#cfn-acmpca-certificate-extendedkeyusage-extendedkeyusagetype",
          "UpdateType": "Immutable",
          "Required": false,
          "PrimitiveType": "String"
        },
        "ExtendedKeyUsageObjectIdentifier": {
          "Documentation": "http://docs.aws.amazon.com/AWSCloudFormation/latest/UserGuide/aws-properties-acmpca-certificate-extendedkeyusage.html#cfn-acmpca-certificate-extendedkeyusage-extendedkeyusageobjectidentifier",
          "UpdateType": "Immutable",
          "Required": false,
          "PrimitiveType": "String"
        }
      }
    },
    "AWS::ACMPCA::Certificate.EdiPartyName": {
      "Documentation": "http://docs.aws.amazon.com/AWSCloudFormation/latest/UserGuide/aws-properties-acmpca-certificate-edipartyname.html",
      "Properties": {
        "PartyName": {
          "Documentation": "http://docs.aws.amazon.com/AWSCloudFormation/latest/UserGuide/aws-properties-acmpca-certificate-edipartyname.html#cfn-acmpca-certificate-edipartyname-partyname",
          "UpdateType": "Immutable",
          "Required": true,
          "PrimitiveType": "String"
        },
        "NameAssigner": {
          "Documentation": "http://docs.aws.amazon.com/AWSCloudFormation/latest/UserGuide/aws-properties-acmpca-certificate-edipartyname.html#cfn-acmpca-certificate-edipartyname-nameassigner",
          "UpdateType": "Immutable",
          "Required": true,
          "PrimitiveType": "String"
        }
      }
    },
    "AWS::ACMPCA::Certificate.Subject": {
      "Documentation": "http://docs.aws.amazon.com/AWSCloudFormation/latest/UserGuide/aws-properties-acmpca-certificate-subject.html",
      "Properties": {
        "Organization": {
          "Documentation": "http://docs.aws.amazon.com/AWSCloudFormation/latest/UserGuide/aws-properties-acmpca-certificate-subject.html#cfn-acmpca-certificate-subject-organization",
          "UpdateType": "Immutable",
          "Required": false,
          "PrimitiveType": "String"
        },
        "OrganizationalUnit": {
          "Documentation": "http://docs.aws.amazon.com/AWSCloudFormation/latest/UserGuide/aws-properties-acmpca-certificate-subject.html#cfn-acmpca-certificate-subject-organizationalunit",
          "UpdateType": "Immutable",
          "Required": false,
          "PrimitiveType": "String"
        },
        "Locality": {
          "Documentation": "http://docs.aws.amazon.com/AWSCloudFormation/latest/UserGuide/aws-properties-acmpca-certificate-subject.html#cfn-acmpca-certificate-subject-locality",
          "UpdateType": "Immutable",
          "Required": false,
          "PrimitiveType": "String"
        },
        "Title": {
          "Documentation": "http://docs.aws.amazon.com/AWSCloudFormation/latest/UserGuide/aws-properties-acmpca-certificate-subject.html#cfn-acmpca-certificate-subject-title",
          "UpdateType": "Immutable",
          "Required": false,
          "PrimitiveType": "String"
        },
        "GivenName": {
          "Documentation": "http://docs.aws.amazon.com/AWSCloudFormation/latest/UserGuide/aws-properties-acmpca-certificate-subject.html#cfn-acmpca-certificate-subject-givenname",
          "UpdateType": "Immutable",
          "Required": false,
          "PrimitiveType": "String"
        },
        "GenerationQualifier": {
          "Documentation": "http://docs.aws.amazon.com/AWSCloudFormation/latest/UserGuide/aws-properties-acmpca-certificate-subject.html#cfn-acmpca-certificate-subject-generationqualifier",
          "UpdateType": "Immutable",
          "Required": false,
          "PrimitiveType": "String"
        },
        "Initials": {
          "Documentation": "http://docs.aws.amazon.com/AWSCloudFormation/latest/UserGuide/aws-properties-acmpca-certificate-subject.html#cfn-acmpca-certificate-subject-initials",
          "UpdateType": "Immutable",
          "Required": false,
          "PrimitiveType": "String"
        },
        "CustomAttributes": {
          "Documentation": "http://docs.aws.amazon.com/AWSCloudFormation/latest/UserGuide/aws-properties-acmpca-certificate-subject.html#cfn-acmpca-certificate-subject-customattributes",
          "UpdateType": "Immutable",
          "Required": false,
          "Type": "List",
          "ItemType": "CustomAttribute",
          "DuplicatesAllowed": true
        },
        "SerialNumber": {
          "Documentation": "http://docs.aws.amazon.com/AWSCloudFormation/latest/UserGuide/aws-properties-acmpca-certificate-subject.html#cfn-acmpca-certificate-subject-serialnumber",
          "UpdateType": "Immutable",
          "Required": false,
          "PrimitiveType": "String"
        },
        "State": {
          "Documentation": "http://docs.aws.amazon.com/AWSCloudFormation/latest/UserGuide/aws-properties-acmpca-certificate-subject.html#cfn-acmpca-certificate-subject-state",
          "UpdateType": "Immutable",
          "Required": false,
          "PrimitiveType": "String"
        },
        "Country": {
          "Documentation": "http://docs.aws.amazon.com/AWSCloudFormation/latest/UserGuide/aws-properties-acmpca-certificate-subject.html#cfn-acmpca-certificate-subject-country",
          "UpdateType": "Immutable",
          "Required": false,
          "PrimitiveType": "String"
        },
        "Surname": {
          "Documentation": "http://docs.aws.amazon.com/AWSCloudFormation/latest/UserGuide/aws-properties-acmpca-certificate-subject.html#cfn-acmpca-certificate-subject-surname",
          "UpdateType": "Immutable",
          "Required": false,
          "PrimitiveType": "String"
        },
        "DistinguishedNameQualifier": {
          "Documentation": "http://docs.aws.amazon.com/AWSCloudFormation/latest/UserGuide/aws-properties-acmpca-certificate-subject.html#cfn-acmpca-certificate-subject-distinguishednamequalifier",
          "UpdateType": "Immutable",
          "Required": false,
          "PrimitiveType": "String"
        },
        "CommonName": {
          "Documentation": "http://docs.aws.amazon.com/AWSCloudFormation/latest/UserGuide/aws-properties-acmpca-certificate-subject.html#cfn-acmpca-certificate-subject-commonname",
          "UpdateType": "Immutable",
          "Required": false,
          "PrimitiveType": "String"
        },
        "Pseudonym": {
          "Documentation": "http://docs.aws.amazon.com/AWSCloudFormation/latest/UserGuide/aws-properties-acmpca-certificate-subject.html#cfn-acmpca-certificate-subject-pseudonym",
          "UpdateType": "Immutable",
          "Required": false,
          "PrimitiveType": "String"
        }
      }
    },
    "AWS::ACMPCA::Certificate.Qualifier": {
      "Documentation": "http://docs.aws.amazon.com/AWSCloudFormation/latest/UserGuide/aws-properties-acmpca-certificate-qualifier.html",
      "Properties": {
        "CpsUri": {
          "Documentation": "http://docs.aws.amazon.com/AWSCloudFormation/latest/UserGuide/aws-properties-acmpca-certificate-qualifier.html#cfn-acmpca-certificate-qualifier-cpsuri",
          "UpdateType": "Immutable",
          "Required": true,
          "PrimitiveType": "String"
        }
      }
    },
    "AWS::ACMPCA::Certificate.Validity": {
      "Documentation": "http://docs.aws.amazon.com/AWSCloudFormation/latest/UserGuide/aws-properties-acmpca-certificate-validity.html",
      "Properties": {
        "Type": {
          "Documentation": "http://docs.aws.amazon.com/AWSCloudFormation/latest/UserGuide/aws-properties-acmpca-certificate-validity.html#cfn-acmpca-certificate-validity-type",
          "UpdateType": "Immutable",
          "Required": true,
          "PrimitiveType": "String"
        },
        "Value": {
          "Documentation": "http://docs.aws.amazon.com/AWSCloudFormation/latest/UserGuide/aws-properties-acmpca-certificate-validity.html#cfn-acmpca-certificate-validity-value",
          "UpdateType": "Immutable",
          "Required": true,
          "PrimitiveType": "Double"
        }
      }
    },
    "AWS::ACMPCA::Certificate.CustomAttribute": {
      "Documentation": "http://docs.aws.amazon.com/AWSCloudFormation/latest/UserGuide/aws-properties-acmpca-certificate-customattribute.html",
      "Properties": {
        "Value": {
          "Documentation": "http://docs.aws.amazon.com/AWSCloudFormation/latest/UserGuide/aws-properties-acmpca-certificate-customattribute.html#cfn-acmpca-certificate-customattribute-value",
          "UpdateType": "Immutable",
          "Required": true,
          "PrimitiveType": "String"
        },
        "ObjectIdentifier": {
          "Documentation": "http://docs.aws.amazon.com/AWSCloudFormation/latest/UserGuide/aws-properties-acmpca-certificate-customattribute.html#cfn-acmpca-certificate-customattribute-objectidentifier",
          "UpdateType": "Immutable",
          "Required": true,
          "PrimitiveType": "String"
        }
      }
    },
    "AWS::ACMPCA::Certificate.PolicyQualifierInfo": {
      "Documentation": "http://docs.aws.amazon.com/AWSCloudFormation/latest/UserGuide/aws-properties-acmpca-certificate-policyqualifierinfo.html",
      "Properties": {
        "Qualifier": {
          "Documentation": "http://docs.aws.amazon.com/AWSCloudFormation/latest/UserGuide/aws-properties-acmpca-certificate-policyqualifierinfo.html#cfn-acmpca-certificate-policyqualifierinfo-qualifier",
          "UpdateType": "Immutable",
          "Required": true,
          "Type": "Qualifier"
        },
        "PolicyQualifierId": {
          "Documentation": "http://docs.aws.amazon.com/AWSCloudFormation/latest/UserGuide/aws-properties-acmpca-certificate-policyqualifierinfo.html#cfn-acmpca-certificate-policyqualifierinfo-policyqualifierid",
          "UpdateType": "Immutable",
          "Required": true,
          "PrimitiveType": "String"
        }
      }
    }
  },
  "ResourceType": {
    "AWS::ACMPCA::Certificate": {
      "Documentation": "http://docs.aws.amazon.com/AWSCloudFormation/latest/UserGuide/aws-resource-acmpca-certificate.html",
      "Properties": {
        "TemplateArn": {
          "Documentation": "http://docs.aws.amazon.com/AWSCloudFormation/latest/UserGuide/aws-resource-acmpca-certificate.html#cfn-acmpca-certificate-templatearn",
          "UpdateType": "Immutable",
          "Required": false,
          "PrimitiveType": "String"
        },
        "CertificateAuthorityArn": {
          "Documentation": "http://docs.aws.amazon.com/AWSCloudFormation/latest/UserGuide/aws-resource-acmpca-certificate.html#cfn-acmpca-certificate-certificateauthorityarn",
          "UpdateType": "Immutable",
          "Required": true,
          "PrimitiveType": "String"
        },
        "Validity": {
          "Documentation": "http://docs.aws.amazon.com/AWSCloudFormation/latest/UserGuide/aws-resource-acmpca-certificate.html#cfn-acmpca-certificate-validity",
          "UpdateType": "Immutable",
          "Required": true,
          "Type": "Validity"
        },
        "CertificateSigningRequest": {
          "Documentation": "http://docs.aws.amazon.com/AWSCloudFormation/latest/UserGuide/aws-resource-acmpca-certificate.html#cfn-acmpca-certificate-certificatesigningrequest",
          "UpdateType": "Immutable",
          "Required": true,
          "PrimitiveType": "String"
        },
        "SigningAlgorithm": {
          "Documentation": "http://docs.aws.amazon.com/AWSCloudFormation/latest/UserGuide/aws-resource-acmpca-certificate.html#cfn-acmpca-certificate-signingalgorithm",
          "UpdateType": "Immutable",
          "Required": true,
          "PrimitiveType": "String"
        },
        "ApiPassthrough": {
          "Documentation": "http://docs.aws.amazon.com/AWSCloudFormation/latest/UserGuide/aws-resource-acmpca-certificate.html#cfn-acmpca-certificate-apipassthrough",
          "UpdateType": "Immutable",
          "Required": false,
          "Type": "ApiPassthrough"
        },
        "ValidityNotBefore": {
          "Documentation": "http://docs.aws.amazon.com/AWSCloudFormation/latest/UserGuide/aws-resource-acmpca-certificate.html#cfn-acmpca-certificate-validitynotbefore",
          "UpdateType": "Immutable",
          "Required": false,
          "Type": "Validity"
        }
      },
      "Attributes": {
        "Arn": {
          "PrimitiveType": "String"
        },
        "Certificate": {
          "PrimitiveType": "String"
        }
      }
    }
  },
  "ResourceSpecificationVersion": "114.0.0"
}