{
  "PropertyTypes": {
    "AWS::Amplify::App.EnvironmentVariable": {
      "Documentation": "http://docs.aws.amazon.com/AWSCloudFormation/latest/UserGuide/aws-properties-amplify-app-environmentvariable.html",
      "Properties": {
        "Value": {
          "Documentation": "http://docs.aws.amazon.com/AWSCloudFormation/latest/UserGuide/aws-properties-amplify-app-environmentvariable.html#cfn-amplify-app-environmentvariable-value",
          "UpdateType": "Mutable",
          "Required": true,
          "PrimitiveType": "String"
        },
        "Name": {
          "Documentation": "http://docs.aws.amazon.com/AWSCloudFormation/latest/UserGuide/aws-properties-amplify-app-environmentvariable.html#cfn-amplify-app-environmentvariable-name",
          "UpdateType": "Mutable",
          "Required": true,
          "PrimitiveType": "String"
        }
      }
    },
    "AWS::Amplify::App.CustomRule": {
      "Documentation": "http://docs.aws.amazon.com/AWSCloudFormation/latest/UserGuide/aws-properties-amplify-app-customrule.html",
      "Properties": {
        "Condition": {
          "Documentation": "http://docs.aws.amazon.com/AWSCloudFormation/latest/UserGuide/aws-properties-amplify-app-customrule.html#cfn-amplify-app-customrule-condition",
          "UpdateType": "Mutable",
          "Required": false,
          "PrimitiveType": "String"
        },
        "Status": {
          "Documentation": "http://docs.aws.amazon.com/AWSCloudFormation/latest/UserGuide/aws-properties-amplify-app-customrule.html#cfn-amplify-app-customrule-status",
          "UpdateType": "Mutable",
          "Required": false,
          "PrimitiveType": "String"
        },
        "Target": {
          "Documentation": "http://docs.aws.amazon.com/AWSCloudFormation/latest/UserGuide/aws-properties-amplify-app-customrule.html#cfn-amplify-app-customrule-target",
          "UpdateType": "Mutable",
          "Required": true,
          "PrimitiveType": "String"
        },
        "Source": {
          "Documentation": "http://docs.aws.amazon.com/AWSCloudFormation/latest/UserGuide/aws-properties-amplify-app-customrule.html#cfn-amplify-app-customrule-source",
          "UpdateType": "Mutable",
          "Required": true,
          "PrimitiveType": "String"
        }
      }
    },
    "AWS::Amplify::App.AutoBranchCreationConfig": {
      "Documentation": "http://docs.aws.amazon.com/AWSCloudFormation/latest/UserGuide/aws-properties-amplify-app-autobranchcreationconfig.html",
      "Properties": {
        "EnvironmentVariables": {
          "Documentation": "http://docs.aws.amazon.com/AWSCloudFormation/latest/UserGuide/aws-properties-amplify-app-autobranchcreationconfig.html#cfn-amplify-app-autobranchcreationconfig-environmentvariables",
          "UpdateType": "Mutable",
          "Required": false,
          "Type": "List",
          "ItemType": "EnvironmentVariable",
          "DuplicatesAllowed": true
        },
        "AutoBranchCreationPatterns": {
          "Documentation": "http://docs.aws.amazon.com/AWSCloudFormation/latest/UserGuide/aws-properties-amplify-app-autobranchcreationconfig.html#cfn-amplify-app-autobranchcreationconfig-autobranchcreationpatterns",
          "UpdateType": "Mutable",
          "Required": false,
          "Type": "List",
          "PrimitiveItemType": "String",
          "DuplicatesAllowed": true
        },
        "EnableAutoBranchCreation": {
          "Documentation": "http://docs.aws.amazon.com/AWSCloudFormation/latest/UserGuide/aws-properties-amplify-app-autobranchcreationconfig.html#cfn-amplify-app-autobranchcreationconfig-enableautobranchcreation",
          "UpdateType": "Mutable",
          "Required": false,
          "PrimitiveType": "Boolean"
        },
        "PullRequestEnvironmentName": {
          "Documentation": "http://docs.aws.amazon.com/AWSCloudFormation/latest/UserGuide/aws-properties-amplify-app-autobranchcreationconfig.html#cfn-amplify-app-autobranchcreationconfig-pullrequestenvironmentname",
          "UpdateType": "Mutable",
          "Required": false,
          "PrimitiveType": "String"
        },
        "EnablePullRequestPreview": {
          "Documentation": "http://docs.aws.amazon.com/AWSCloudFormation/latest/UserGuide/aws-properties-amplify-app-autobranchcreationconfig.html#cfn-amplify-app-autobranchcreationconfig-enablepullrequestpreview",
          "UpdateType": "Mutable",
          "Required": false,
          "PrimitiveType": "Boolean"
        },
        "EnableAutoBuild": {
          "Documentation": "http://docs.aws.amazon.com/AWSCloudFormation/latest/UserGuide/aws-properties-amplify-app-autobranchcreationconfig.html#cfn-amplify-app-autobranchcreationconfig-enableautobuild",
          "UpdateType": "Mutable",
          "Required": false,
          "PrimitiveType": "Boolean"
        },
        "EnablePerformanceMode": {
          "Documentation": "http://docs.aws.amazon.com/AWSCloudFormation/latest/UserGuide/aws-properties-amplify-app-autobranchcreationconfig.html#cfn-amplify-app-autobranchcreationconfig-enableperformancemode",
          "UpdateType": "Mutable",
          "Required": false,
          "PrimitiveType": "Boolean"
        },
        "BuildSpec": {
          "Documentation": "http://docs.aws.amazon.com/AWSCloudFormation/latest/UserGuide/aws-properties-amplify-app-autobranchcreationconfig.html#cfn-amplify-app-autobranchcreationconfig-buildspec",
          "UpdateType": "Mutable",
          "Required": false,
          "PrimitiveType": "String"
        },
        "Stage": {
          "Documentation": "http://docs.aws.amazon.com/AWSCloudFormation/latest/UserGuide/aws-properties-amplify-app-autobranchcreationconfig.html#cfn-amplify-app-autobranchcreationconfig-stage",
          "UpdateType": "Mutable",
          "Required": false,
          "PrimitiveType": "String"
        },
        "BasicAuthConfig": {
          "Documentation": "http://docs.aws.amazon.com/AWSCloudFormation/latest/UserGuide/aws-properties-amplify-app-autobranchcreationconfig.html#cfn-amplify-app-autobranchcreationconfig-basicauthconfig",
          "UpdateType": "Mutable",
          "Required": false,
          "Type": "BasicAuthConfig"
        },
        "Framework": {
          "Documentation": "http://docs.aws.amazon.com/AWSCloudFormation/latest/UserGuide/aws-properties-amplify-app-autobranchcreationconfig.html#cfn-amplify-app-autobranchcreationconfig-framework",
          "UpdateType": "Mutable",
          "Required": false,
          "PrimitiveType": "String"
        }
      }
    },
    "Tag": {
      "Documentation": "http://docs.aws.amazon.com/AWSCloudFormation/latest/UserGuide/aws-properties-resource-tags.html",
      "Properties": {
        "Value": {
          "Documentation": "http://docs.aws.amazon.com/AWSCloudFormation/latest/UserGuide/aws-properties-resource-tags.html#cfn-resource-tags-value",
          "UpdateType": "Mutable",
          "Required": true,
          "PrimitiveType": "String"
        },
        "Key": {
          "Documentation": "http://docs.aws.amazon.com/AWSCloudFormation/latest/UserGuide/aws-properties-resource-tags.html#cfn-resource-tags-key",
          "UpdateType": "Mutable",
          "Required": true,
          "PrimitiveType": "String"
        }
      }
    },
    "AWS::Amplify::App.BasicAuthConfig": {
      "Documentation": "http://docs.aws.amazon.com/AWSCloudFormation/latest/UserGuide/aws-properties-amplify-app-basicauthconfig.html",
      "Properties": {
        "Username": {
          "Documentation": "http://docs.aws.amazon.com/AWSCloudFormation/latest/UserGuide/aws-properties-amplify-app-basicauthconfig.html#cfn-amplify-app-basicauthconfig-username",
          "UpdateType": "Mutable",
          "Required": false,
          "PrimitiveType": "String"
        },
        "EnableBasicAuth": {
          "Documentation": "http://docs.aws.amazon.com/AWSCloudFormation/latest/UserGuide/aws-properties-amplify-app-basicauthconfig.html#cfn-amplify-app-basicauthconfig-enablebasicauth",
          "UpdateType": "Mutable",
          "Required": false,
          "PrimitiveType": "Boolean"
        },
        "Password": {
          "Documentation": "http://docs.aws.amazon.com/AWSCloudFormation/latest/UserGuide/aws-properties-amplify-app-basicauthconfig.html#cfn-amplify-app-basicauthconfig-password",
          "UpdateType": "Mutable",
          "Required": false,
          "PrimitiveType": "String"
        }
      }
    }
  },
  "ResourceType": {
    "AWS::Amplify::App": {
      "Documentation": "http://docs.aws.amazon.com/AWSCloudFormation/latest/UserGuide/aws-resource-amplify-app.html",
      "Properties": {
        "AutoBranchCreationConfig": {
          "Documentation": "http://docs.aws.amazon.com/AWSCloudFormation/latest/UserGuide/aws-resource-amplify-app.html#cfn-amplify-app-autobranchcreationconfig",
          "UpdateType": "Mutable",
          "Required": false,
          "Type": "AutoBranchCreationConfig"
        },
        "OauthToken": {
          "Documentation": "http://docs.aws.amazon.com/AWSCloudFormation/latest/UserGuide/aws-resource-amplify-app.html#cfn-amplify-app-oauthtoken",
          "UpdateType": "Mutable",
          "Required": false,
          "PrimitiveType": "String"
        },
        "Description": {
          "Documentation": "http://docs.aws.amazon.com/AWSCloudFormation/latest/UserGuide/aws-resource-amplify-app.html#cfn-amplify-app-description",
          "UpdateType": "Mutable",
          "Required": false,
          "PrimitiveType": "String"
        },
        "Platform": {
          "Documentation": "http://docs.aws.amazon.com/AWSCloudFormation/latest/UserGuide/aws-resource-amplify-app.html#cfn-amplify-app-platform",
          "UpdateType": "Mutable",
          "Required": false,
          "PrimitiveType": "String"
        },
        "EnableBranchAutoDeletion": {
          "Documentation": "http://docs.aws.amazon.com/AWSCloudFormation/latest/UserGuide/aws-resource-amplify-app.html#cfn-amplify-app-enablebranchautodeletion",
          "UpdateType": "Mutable",
          "Required": false,
          "PrimitiveType": "Boolean"
        },
        "Name": {
          "Documentation": "http://docs.aws.amazon.com/AWSCloudFormation/latest/UserGuide/aws-resource-amplify-app.html#cfn-amplify-app-name",
          "UpdateType": "Mutable",
          "Required": true,
          "PrimitiveType": "String"
        },
        "Repository": {
          "Documentation": "http://docs.aws.amazon.com/AWSCloudFormation/latest/UserGuide/aws-resource-amplify-app.html#cfn-amplify-app-repository",
          "UpdateType": "Mutable",
          "Required": false,
          "PrimitiveType": "String"
        },
        "EnvironmentVariables": {
          "Documentation": "http://docs.aws.amazon.com/AWSCloudFormation/latest/UserGuide/aws-resource-amplify-app.html#cfn-amplify-app-environmentvariables",
          "UpdateType": "Mutable",
          "Required": false,
          "Type": "List",
          "ItemType": "EnvironmentVariable",
          "DuplicatesAllowed": true
        },
        "AccessToken": {
          "Documentation": "http://docs.aws.amazon.com/AWSCloudFormation/latest/UserGuide/aws-resource-amplify-app.html#cfn-amplify-app-accesstoken",
          "UpdateType": "Mutable",
          "Required": false,
          "PrimitiveType": "String"
        },
        "BuildSpec": {
          "Documentation": "http://docs.aws.amazon.com/AWSCloudFormation/latest/UserGuide/aws-resource-amplify-app.html#cfn-amplify-app-buildspec",
          "UpdateType": "Mutable",
          "Required": false,
          "PrimitiveType": "String"
        },
        "CustomRules": {
          "Documentation": "http://docs.aws.amazon.com/AWSCloudFormation/latest/UserGuide/aws-resource-amplify-app.html#cfn-amplify-app-customrules",
          "UpdateType": "Mutable",
          "Required": false,
          "Type": "List",
          "ItemType": "CustomRule",
          "DuplicatesAllowed": true
        },
        "BasicAuthConfig": {
          "Documentation": "http://docs.aws.amazon.com/AWSCloudFormation/latest/UserGuide/aws-resource-amplify-app.html#cfn-amplify-app-basicauthconfig",
          "UpdateType": "Mutable",
          "Required": false,
          "Type": "BasicAuthConfig"
        },
        "CustomHeaders": {
          "Documentation": "http://docs.aws.amazon.com/AWSCloudFormation/latest/UserGuide/aws-resource-amplify-app.html#cfn-amplify-app-customheaders",
          "UpdateType": "Mutable",
          "Required": false,
          "PrimitiveType": "String"
        },
        "Tags": {
          "Documentation": "http://docs.aws.amazon.com/AWSCloudFormation/latest/UserGuide/aws-resource-amplify-app.html#cfn-amplify-app-tags",
          "UpdateType": "Mutable",
          "Required": false,
          "Type": "List",
          "ItemType": "Tag",
          "DuplicatesAllowed": true
        },
        "IAMServiceRole": {
          "Documentation": "http://docs.aws.amazon.com/AWSCloudFormation/latest/UserGuide/aws-resource-amplify-app.html#cfn-amplify-app-iamservicerole",
          "UpdateType": "Mutable",
          "Required": false,
          "PrimitiveType": "String"
        }
      },
      "Attributes": {
        "AppId": {
          "PrimitiveType": "String"
        },
        "Arn": {
          "PrimitiveType": "String"
        },
        "DefaultDomain": {
          "PrimitiveType": "String"
        },
        "AppName": {
          "PrimitiveType": "String"
        }
      }
    }
  },
  "ResourceSpecificationVersion": "114.0.0"
}