{
  "PropertyTypes": {
    "AWS::AmplifyUIBuilder::Theme.ThemeValue": {
      "Documentation": "http://docs.aws.amazon.com/AWSCloudFormation/latest/UserGuide/aws-properties-amplifyuibuilder-theme-themevalue.html",
      "Properties": {
        "Value": {
          "Documentation": "http://docs.aws.amazon.com/AWSCloudFormation/latest/UserGuide/aws-properties-amplifyuibuilder-theme-themevalue.html#cfn-amplifyuibuilder-theme-themevalue-value",
          "UpdateType": "Mutable",
          "Required": false,
          "PrimitiveType": "String"
        },
        "Children": {
          "Documentation": "http://docs.aws.amazon.com/AWSCloudFormation/latest/UserGuide/aws-properties-amplifyuibuilder-theme-themevalue.html#cfn-amplifyuibuilder-theme-themevalue-children",
          "UpdateType": "Mutable",
          "Required": false,
          "Type": "List",
          "ItemType": "ThemeValues",
          "DuplicatesAllowed": true
        }
      }
    },
    "AWS::AmplifyUIBuilder::Theme.ThemeValues": {
      "Documentation": "http://docs.aws.amazon.com/AWSCloudFormation/latest/UserGuide/aws-properties-amplifyuibuilder-theme-themevalues.html",
      "Properties": {
        "Value": {
          "Documentation": "http://docs.aws.amazon.com/AWSCloudFormation/latest/UserGuide/aws-properties-amplifyuibuilder-theme-themevalues.html#cfn-amplifyuibuilder-theme-themevalues-value",
          "UpdateType": "Mutable",
          "Required": false,
          "Type": "ThemeValue"
        },
        "Key": {
          "Documentation": "http://docs.aws.amazon.com/AWSCloudFormation/latest/UserGuide/aws-properties-amplifyuibuilder-theme-themevalues.html#cfn-amplifyuibuilder-theme-themevalues-key",
          "UpdateType": "Mutable",
          "Required": false,
          "PrimitiveType": "String"
        }
      }
    }
  },
  "ResourceType": {
    "AWS::AmplifyUIBuilder::Theme": {
      "Documentation": "http://docs.aws.amazon.com/AWSCloudFormation/latest/UserGuide/aws-resource-amplifyuibuilder-theme.html",
      "Properties": {
        "AppId": {
          "Documentation": "http://docs.aws.amazon.com/AWSCloudFormation/latest/UserGuide/aws-resource-amplifyuibuilder-theme.html#cfn-amplifyuibuilder-theme-appid",
          "UpdateType": "Mutable",
          "Required": false,
          "PrimitiveType": "String"
        },
        "EnvironmentName": {
          "Documentation": "http://docs.aws.amazon.com/AWSCloudFormation/latest/UserGuide/aws-resource-amplifyuibuilder-theme.html#cfn-amplifyuibuilder-theme-environmentname",
          "UpdateType": "Mutable",
          "Required": false,
          "PrimitiveType": "String"
        },
        "Values": {
          "Documentation": "http://docs.aws.amazon.com/AWSCloudFormation/latest/UserGuide/aws-resource-amplifyuibuilder-theme.html#cfn-amplifyuibuilder-theme-values",
          "UpdateType": "Mutable",
          "Required": true,
          "Type": "List",
          "ItemType": "ThemeValues",
          "DuplicatesAllowed": true
        },
        "Overrides": {
          "Documentation": "http://docs.aws.amazon.com/AWSCloudFormation/latest/UserGuide/aws-resource-amplifyuibuilder-theme.html#cfn-amplifyuibuilder-theme-overrides",
          "UpdateType": "Mutable",
          "Required": false,
          "Type": "List",
          "ItemType": "ThemeValues",
          "DuplicatesAllowed": true
        },
        "Tags": {
          "Documentation": "http://docs.aws.amazon.com/AWSCloudFormation/latest/UserGuide/aws-resource-amplifyuibuilder-theme.html#cfn-amplifyuibuilder-theme-tags",
          "UpdateType": "Immutable",
          "Required": false,
          "Type": "Map",
          "PrimitiveItemType": "String"
        },
        "Name": {
          "Documentation": "http://docs.aws.amazon.com/AWSCloudFormation/latest/UserGuide/aws-resource-amplifyuibuilder-theme.html#cfn-amplifyuibuilder-theme-name",
          "UpdateType": "Mutable",
          "Required": true,
          "PrimitiveType": "String"
        }
      },
      "Attributes": {
        "Id": {
          "PrimitiveType": "String"
        }
      }
    }
  },
  "ResourceSpecificationVersion": "114.0.0"
}