{
  "PropertyTypes": {
    "AWS::ApiGatewayV2::Integration.ResponseParameter": {
      "Documentation": "http://docs.aws.amazon.com/AWSCloudFormation/latest/UserGuide/aws-properties-apigatewayv2-integration-responseparameter.html",
      "Properties": {
        "Destination": {
          "Required": true,
          "Documentation": "http://docs.aws.amazon.com/AWSCloudFormation/latest/UserGuide/aws-properties-apigatewayv2-integration-responseparameter.html#cfn-apigatewayv2-integration-responseparameter-destination",
          "PrimitiveType": "String",
          "UpdateType": "Mutable"
        },
        "Source": {
          "Required": true,
          "Documentation": "http://docs.aws.amazon.com/AWSCloudFormation/latest/UserGuide/aws-properties-apigatewayv2-integration-responseparameter.html#cfn-apigatewayv2-integration-responseparameter-source",
          "PrimitiveType": "String",
          "UpdateType": "Mutable"
        }
      }
    },
    "AWS::ApiGatewayV2::Integration.TlsConfig": {
      "Documentation": "http://docs.aws.amazon.com/AWSCloudFormation/latest/UserGuide/aws-properties-apigatewayv2-integration-tlsconfig.html",
      "Properties": {
        "ServerNameToVerify": {
          "Required": false,
          "Documentation": "http://docs.aws.amazon.com/AWSCloudFormation/latest/UserGuide/aws-properties-apigatewayv2-integration-tlsconfig.html#cfn-apigatewayv2-integration-tlsconfig-servernametoverify",
          "PrimitiveType": "String",
          "UpdateType": "Mutable"
        }
      }
    },
    "AWS::ApiGatewayV2::Integration.ResponseParameterList": {
      "Documentation": "http://docs.aws.amazon.com/AWSCloudFormation/latest/UserGuide/aws-properties-apigatewayv2-integration-responseparameterlist.html",
      "Properties": {
        "ResponseParameters": {
          "Type": "List",
          "Required": false,
          "Documentation": "http://docs.aws.amazon.com/AWSCloudFormation/latest/UserGuide/aws-properties-apigatewayv2-integration-responseparameterlist.html#cfn-apigatewayv2-integration-responseparameterlist-responseparameters",
          "ItemType": "ResponseParameter",
          "UpdateType": "Mutable"
        }
      }
    }
  },
  "ResourceType": {
    "AWS::ApiGatewayV2::Integration": {
      "Documentation": "http://docs.aws.amazon.com/AWSCloudFormation/latest/UserGuide/aws-resource-apigatewayv2-integration.html",
      "Properties": {
        "Description": {
          "Required": false,
          "Documentation": "http://docs.aws.amazon.com/AWSCloudFormation/latest/UserGuide/aws-resource-apigatewayv2-integration.html#cfn-apigatewayv2-integration-description",
          "PrimitiveType": "String",
          "UpdateType": "Mutable"
        },
        "TemplateSelectionExpression": {
          "Required": false,
          "Documentation": "http://docs.aws.amazon.com/AWSCloudFormation/latest/UserGuide/aws-resource-apigatewayv2-integration.html#cfn-apigatewayv2-integration-templateselectionexpression",
          "PrimitiveType": "String",
          "UpdateType": "Mutable"
        },
        "ConnectionType": {
          "Required": false,
          "Documentation": "http://docs.aws.amazon.com/AWSCloudFormation/latest/UserGuide/aws-resource-apigatewayv2-integration.html#cfn-apigatewayv2-integration-connectiontype",
          "PrimitiveType": "String",
          "UpdateType": "Mutable"
        },
        "ResponseParameters": {
          "Required": false,
          "Documentation": "http://docs.aws.amazon.com/AWSCloudFormation/latest/UserGuide/aws-resource-apigatewayv2-integration.html#cfn-apigatewayv2-integration-responseparameters",
          "PrimitiveType": "Json",
          "UpdateType": "Mutable"
        },
        "IntegrationMethod": {
          "Required": false,
          "Documentation": "http://docs.aws.amazon.com/AWSCloudFormation/latest/UserGuide/aws-resource-apigatewayv2-integration.html#cfn-apigatewayv2-integration-integrationmethod",
          "PrimitiveType": "String",
          "UpdateType": "Mutable"
        },
        "PassthroughBehavior": {
          "Required": false,
          "Documentation": "http://docs.aws.amazon.com/AWSCloudFormation/latest/UserGuide/aws-resource-apigatewayv2-integration.html#cfn-apigatewayv2-integration-passthroughbehavior",
          "PrimitiveType": "String",
          "UpdateType": "Mutable"
        },
        "RequestParameters": {
          "Required": false,
          "Documentation": "http://docs.aws.amazon.com/AWSCloudFormation/latest/UserGuide/aws-resource-apigatewayv2-integration.html#cfn-apigatewayv2-integration-requestparameters",
          "PrimitiveType": "Json",
          "UpdateType": "Mutable"
        },
        "ConnectionId": {
          "Required": false,
          "Documentation": "http://docs.aws.amazon.com/AWSCloudFormation/latest/UserGuide/aws-resource-apigatewayv2-integration.html#cfn-apigatewayv2-integration-connectionid",
          "PrimitiveType": "String",
          "UpdateType": "Mutable"
        },
        "IntegrationUri": {
          "Required": false,
          "Documentation": "http://docs.aws.amazon.com/AWSCloudFormation/latest/UserGuide/aws-resource-apigatewayv2-integration.html#cfn-apigatewayv2-integration-integrationuri",
          "PrimitiveType": "String",
          "UpdateType": "Mutable"
        },
        "PayloadFormatVersion": {
          "Required": false,
          "Documentation": "http://docs.aws.amazon.com/AWSCloudFormation/latest/UserGuide/aws-resource-apigatewayv2-integration.html#cfn-apigatewayv2-integration-payloadformatversion",
          "PrimitiveType": "String",
          "UpdateType": "Mutable"
        },
        "CredentialsArn": {
          "Required": false,
          "Documentation": "http://docs.aws.amazon.com/AWSCloudFormation/latest/UserGuide/aws-resource-apigatewayv2-integration.html#cfn-apigatewayv2-integration-credentialsarn",
          "PrimitiveType": "String",
          "UpdateType": "Mutable"
        },
        "RequestTemplates": {
          "Required": false,
          "Documentation": "http://docs.aws.amazon.com/AWSCloudFormation/latest/UserGuide/aws-resource-apigatewayv2-integration.html#cfn-apigatewayv2-integration-requesttemplates",
          "PrimitiveType": "Json",
          "UpdateType": "Mutable"
        },
        "TimeoutInMillis": {
          "Required": false,
          "Documentation": "http://docs.aws.amazon.com/AWSCloudFormation/latest/UserGuide/aws-resource-apigatewayv2-integration.html#cfn-apigatewayv2-integration-timeoutinmillis",
          "PrimitiveType": "Integer",
          "UpdateType": "Mutable"
        },
        "TlsConfig": {
          "Type": "TlsConfig",
          "Required": false,
          "Documentation": "http://docs.aws.amazon.com/AWSCloudFormation/latest/UserGuide/aws-resource-apigatewayv2-integration.html#cfn-apigatewayv2-integration-tlsconfig",
          "UpdateType": "Mutable"
        },
        "ContentHandlingStrategy": {
          "Required": false,
          "Documentation": "http://docs.aws.amazon.com/AWSCloudFormation/latest/UserGuide/aws-resource-apigatewayv2-integration.html#cfn-apigatewayv2-integration-contenthandlingstrategy",
          "PrimitiveType": "String",
          "UpdateType": "Mutable"
        },
        "IntegrationSubtype": {
          "Required": false,
          "Documentation": "http://docs.aws.amazon.com/AWSCloudFormation/latest/UserGuide/aws-resource-apigatewayv2-integration.html#cfn-apigatewayv2-integration-integrationsubtype",
          "PrimitiveType": "String",
          "UpdateType": "Mutable"
        },
        "ApiId": {
          "Required": true,
          "Documentation": "http://docs.aws.amazon.com/AWSCloudFormation/latest/UserGuide/aws-resource-apigatewayv2-integration.html#cfn-apigatewayv2-integration-apiid",
          "PrimitiveType": "String",
          "UpdateType": "Immutable"
        },
        "IntegrationType": {
          "Required": true,
          "Documentation": "http://docs.aws.amazon.com/AWSCloudFormation/latest/UserGuide/aws-resource-apigatewayv2-integration.html#cfn-apigatewayv2-integration-integrationtype",
          "PrimitiveType": "String",
          "UpdateType": "Mutable"
        }
      }
    }
  },
  "ResourceSpecificationVersion": "114.0.0"
}