{
  "PropertyTypes": {
    "AWS::ApiGatewayV2::RouteResponse.ParameterConstraints": {
      "Documentation": "http://docs.aws.amazon.com/AWSCloudFormation/latest/UserGuide/aws-properties-apigatewayv2-routeresponse-parameterconstraints.html",
      "Properties": {
        "Required": {
          "Required": true,
          "Documentation": "http://docs.aws.amazon.com/AWSCloudFormation/latest/UserGuide/aws-properties-apigatewayv2-routeresponse-parameterconstraints.html#cfn-apigatewayv2-routeresponse-parameterconstraints-required",
          "PrimitiveType": "Boolean",
          "UpdateType": "Mutable"
        }
      }
    }
  },
  "ResourceType": {
    "AWS::ApiGatewayV2::RouteResponse": {
      "Documentation": "http://docs.aws.amazon.com/AWSCloudFormation/latest/UserGuide/aws-resource-apigatewayv2-routeresponse.html",
      "Properties": {
        "RouteResponseKey": {
          "Required": true,
          "Documentation": "http://docs.aws.amazon.com/AWSCloudFormation/latest/UserGuide/aws-resource-apigatewayv2-routeresponse.html#cfn-apigatewayv2-routeresponse-routeresponsekey",
          "PrimitiveType": "String",
          "UpdateType": "Mutable"
        },
        "ResponseParameters": {
          "Required": false,
          "Documentation": "http://docs.aws.amazon.com/AWSCloudFormation/latest/UserGuide/aws-resource-apigatewayv2-routeresponse.html#cfn-apigatewayv2-routeresponse-responseparameters",
          "PrimitiveType": "Json",
          "UpdateType": "Mutable"
        },
        "RouteId": {
          "Required": true,
          "Documentation": "http://docs.aws.amazon.com/AWSCloudFormation/latest/UserGuide/aws-resource-apigatewayv2-routeresponse.html#cfn-apigatewayv2-routeresponse-routeid",
          "PrimitiveType": "String",
          "UpdateType": "Immutable"
        },
        "ModelSelectionExpression": {
          "Required": false,
          "Documentation": "http://docs.aws.amazon.com/AWSCloudFormation/latest/UserGuide/aws-resource-apigatewayv2-routeresponse.html#cfn-apigatewayv2-routeresponse-modelselectionexpression",
          "PrimitiveType": "String",
          "UpdateType": "Mutable"
        },
        "ApiId": {
          "Required": true,
          "Documentation": "http://docs.aws.amazon.com/AWSCloudFormation/latest/UserGuide/aws-resource-apigatewayv2-routeresponse.html#cfn-apigatewayv2-routeresponse-apiid",
          "PrimitiveType": "String",
          "UpdateType": "Immutable"
        },
        "ResponseModels": {
          "Required": false,
          "Documentation": "http://docs.aws.amazon.com/AWSCloudFormation/latest/UserGuide/aws-resource-apigatewayv2-routeresponse.html#cfn-apigatewayv2-routeresponse-responsemodels",
          "PrimitiveType": "Json",
          "UpdateType": "Mutable"
        }
      }
    }
  },
  "ResourceSpecificationVersion": "114.0.0"
}