{
  "PropertyTypes": {
    "AWS::AppConfig::DeploymentStrategy.Tags": {
      "Documentation": "http://docs.aws.amazon.com/AWSCloudFormation/latest/UserGuide/aws-properties-appconfig-deploymentstrategy-tags.html",
      "Properties": {
        "Value": {
          "Required": false,
          "Documentation": "http://docs.aws.amazon.com/AWSCloudFormation/latest/UserGuide/aws-properties-appconfig-deploymentstrategy-tags.html#cfn-appconfig-deploymentstrategy-tags-value",
          "PrimitiveType": "String",
          "UpdateType": "Mutable"
        },
        "Key": {
          "Required": false,
          "Documentation": "http://docs.aws.amazon.com/AWSCloudFormation/latest/UserGuide/aws-properties-appconfig-deploymentstrategy-tags.html#cfn-appconfig-deploymentstrategy-tags-key",
          "PrimitiveType": "String",
          "UpdateType": "Mutable"
        }
      }
    }
  },
  "ResourceType": {
    "AWS::AppConfig::DeploymentStrategy": {
      "Documentation": "http://docs.aws.amazon.com/AWSCloudFormation/latest/UserGuide/aws-resource-appconfig-deploymentstrategy.html",
      "Properties": {
        "ReplicateTo": {
          "Required": true,
          "Documentation": "http://docs.aws.amazon.com/AWSCloudFormation/latest/UserGuide/aws-resource-appconfig-deploymentstrategy.html#cfn-appconfig-deploymentstrategy-replicateto",
          "PrimitiveType": "String",
          "UpdateType": "Immutable"
        },
        "GrowthType": {
          "Required": false,
          "Documentation": "http://docs.aws.amazon.com/AWSCloudFormation/latest/UserGuide/aws-resource-appconfig-deploymentstrategy.html#cfn-appconfig-deploymentstrategy-growthtype",
          "PrimitiveType": "String",
          "UpdateType": "Mutable"
        },
        "Description": {
          "Required": false,
          "Documentation": "http://docs.aws.amazon.com/AWSCloudFormation/latest/UserGuide/aws-resource-appconfig-deploymentstrategy.html#cfn-appconfig-deploymentstrategy-description",
          "PrimitiveType": "String",
          "UpdateType": "Mutable"
        },
        "DeploymentDurationInMinutes": {
          "Required": true,
          "Documentation": "http://docs.aws.amazon.com/AWSCloudFormation/latest/UserGuide/aws-resource-appconfig-deploymentstrategy.html#cfn-appconfig-deploymentstrategy-deploymentdurationinminutes",
          "PrimitiveType": "Double",
          "UpdateType": "Mutable"
        },
        "GrowthFactor": {
          "Required": true,
          "Documentation": "http://docs.aws.amazon.com/AWSCloudFormation/latest/UserGuide/aws-resource-appconfig-deploymentstrategy.html#cfn-appconfig-deploymentstrategy-growthfactor",
          "PrimitiveType": "Double",
          "UpdateType": "Mutable"
        },
        "FinalBakeTimeInMinutes": {
          "Required": false,
          "Documentation": "http://docs.aws.amazon.com/AWSCloudFormation/latest/UserGuide/aws-resource-appconfig-deploymentstrategy.html#cfn-appconfig-deploymentstrategy-finalbaketimeinminutes",
          "PrimitiveType": "Double",
          "UpdateType": "Mutable"
        },
        "Tags": {
          "Type": "List",
          "Required": false,
          "Documentation": "http://docs.aws.amazon.com/AWSCloudFormation/latest/UserGuide/aws-resource-appconfig-deploymentstrategy.html#cfn-appconfig-deploymentstrategy-tags",
          "ItemType": "Tags",
          "UpdateType": "Mutable"
        },
        "Name": {
          "Required": true,
          "Documentation": "http://docs.aws.amazon.com/AWSCloudFormation/latest/UserGuide/aws-resource-appconfig-deploymentstrategy.html#cfn-appconfig-deploymentstrategy-name",
          "PrimitiveType": "String",
          "UpdateType": "Immutable"
        }
      }
    }
  },
  "ResourceSpecificationVersion": "114.0.0"
}