{
  "PropertyTypes": {
    "AWS::AppConfig::ConfigurationProfile.Tags": {
      "Documentation": "http://docs.aws.amazon.com/AWSCloudFormation/latest/UserGuide/aws-properties-appconfig-configurationprofile-tags.html",
      "Properties": {
        "Value": {
          "Required": false,
          "Documentation": "http://docs.aws.amazon.com/AWSCloudFormation/latest/UserGuide/aws-properties-appconfig-configurationprofile-tags.html#cfn-appconfig-configurationprofile-tags-value",
          "PrimitiveType": "String",
          "UpdateType": "Mutable"
        },
        "Key": {
          "Required": false,
          "Documentation": "http://docs.aws.amazon.com/AWSCloudFormation/latest/UserGuide/aws-properties-appconfig-configurationprofile-tags.html#cfn-appconfig-configurationprofile-tags-key",
          "PrimitiveType": "String",
          "UpdateType": "Mutable"
        }
      }
    },
    "AWS::AppConfig::ConfigurationProfile.Validators": {
      "Documentation": "http://docs.aws.amazon.com/AWSCloudFormation/latest/UserGuide/aws-properties-appconfig-configurationprofile-validators.html",
      "Properties": {
        "Type": {
          "Required": false,
          "Documentation": "http://docs.aws.amazon.com/AWSCloudFormation/latest/UserGuide/aws-properties-appconfig-configurationprofile-validators.html#cfn-appconfig-configurationprofile-validators-type",
          "PrimitiveType": "String",
          "UpdateType": "Mutable"
        },
        "Content": {
          "Required": false,
          "Documentation": "http://docs.aws.amazon.com/AWSCloudFormation/latest/UserGuide/aws-properties-appconfig-configurationprofile-validators.html#cfn-appconfig-configurationprofile-validators-content",
          "PrimitiveType": "String",
          "UpdateType": "Mutable"
        }
      }
    }
  },
  "ResourceType": {
    "AWS::AppConfig::ConfigurationProfile": {
      "Documentation": "http://docs.aws.amazon.com/AWSCloudFormation/latest/UserGuide/aws-resource-appconfig-configurationprofile.html",
      "Properties": {
        "LocationUri": {
          "Required": true,
          "Documentation": "http://docs.aws.amazon.com/AWSCloudFormation/latest/UserGuide/aws-resource-appconfig-configurationprofile.html#cfn-appconfig-configurationprofile-locationuri",
          "PrimitiveType": "String",
          "UpdateType": "Immutable"
        },
        "Type": {
          "Required": false,
          "Documentation": "http://docs.aws.amazon.com/AWSCloudFormation/latest/UserGuide/aws-resource-appconfig-configurationprofile.html#cfn-appconfig-configurationprofile-type",
          "PrimitiveType": "String",
          "UpdateType": "Immutable"
        },
        "Description": {
          "Required": false,
          "Documentation": "http://docs.aws.amazon.com/AWSCloudFormation/latest/UserGuide/aws-resource-appconfig-configurationprofile.html#cfn-appconfig-configurationprofile-description",
          "PrimitiveType": "String",
          "UpdateType": "Mutable"
        },
        "Validators": {
          "Type": "List",
          "Required": false,
          "Documentation": "http://docs.aws.amazon.com/AWSCloudFormation/latest/UserGuide/aws-resource-appconfig-configurationprofile.html#cfn-appconfig-configurationprofile-validators",
          "ItemType": "Validators",
          "UpdateType": "Mutable"
        },
        "RetrievalRoleArn": {
          "Required": false,
          "Documentation": "http://docs.aws.amazon.com/AWSCloudFormation/latest/UserGuide/aws-resource-appconfig-configurationprofile.html#cfn-appconfig-configurationprofile-retrievalrolearn",
          "PrimitiveType": "String",
          "UpdateType": "Mutable"
        },
        "ApplicationId": {
          "Required": true,
          "Documentation": "http://docs.aws.amazon.com/AWSCloudFormation/latest/UserGuide/aws-resource-appconfig-configurationprofile.html#cfn-appconfig-configurationprofile-applicationid",
          "PrimitiveType": "String",
          "UpdateType": "Immutable"
        },
        "Tags": {
          "Type": "List",
          "Required": false,
          "Documentation": "http://docs.aws.amazon.com/AWSCloudFormation/latest/UserGuide/aws-resource-appconfig-configurationprofile.html#cfn-appconfig-configurationprofile-tags",
          "ItemType": "Tags",
          "UpdateType": "Mutable"
        },
        "Name": {
          "Required": true,
          "Documentation": "http://docs.aws.amazon.com/AWSCloudFormation/latest/UserGuide/aws-resource-appconfig-configurationprofile.html#cfn-appconfig-configurationprofile-name",
          "PrimitiveType": "String",
          "UpdateType": "Mutable"
        }
      }
    }
  },
  "ResourceSpecificationVersion": "114.0.0"
}