{
  "PropertyTypes": {
    "AWS::AppFlow::Connector.ConnectorProvisioningConfig": {
      "Documentation": "http://docs.aws.amazon.com/AWSCloudFormation/latest/UserGuide/aws-properties-appflow-connector-connectorprovisioningconfig.html",
      "Properties": {
        "Lambda": {
          "Documentation": "http://docs.aws.amazon.com/AWSCloudFormation/latest/UserGuide/aws-properties-appflow-connector-connectorprovisioningconfig.html#cfn-appflow-connector-connectorprovisioningconfig-lambda",
          "UpdateType": "Mutable",
          "Required": false,
          "Type": "LambdaConnectorProvisioningConfig"
        }
      }
    },
    "AWS::AppFlow::Connector.LambdaConnectorProvisioningConfig": {
      "Documentation": "http://docs.aws.amazon.com/AWSCloudFormation/latest/UserGuide/aws-properties-appflow-connector-lambdaconnectorprovisioningconfig.html",
      "Properties": {
        "LambdaArn": {
          "Documentation": "http://docs.aws.amazon.com/AWSCloudFormation/latest/UserGuide/aws-properties-appflow-connector-lambdaconnectorprovisioningconfig.html#cfn-appflow-connector-lambdaconnectorprovisioningconfig-lambdaarn",
          "UpdateType": "Mutable",
          "Required": true,
          "PrimitiveType": "String"
        }
      }
    }
  },
  "ResourceType": {
    "AWS::AppFlow::Connector": {
      "Documentation": "http://docs.aws.amazon.com/AWSCloudFormation/latest/UserGuide/aws-resource-appflow-connector.html",
      "Properties": {
        "ConnectorLabel": {
          "Documentation": "http://docs.aws.amazon.com/AWSCloudFormation/latest/UserGuide/aws-resource-appflow-connector.html#cfn-appflow-connector-connectorlabel",
          "UpdateType": "Immutable",
          "Required": false,
          "PrimitiveType": "String"
        },
        "ConnectorProvisioningType": {
          "Documentation": "http://docs.aws.amazon.com/AWSCloudFormation/latest/UserGuide/aws-resource-appflow-connector.html#cfn-appflow-connector-connectorprovisioningtype",
          "UpdateType": "Mutable",
          "Required": true,
          "PrimitiveType": "String"
        },
        "Description": {
          "Documentation": "http://docs.aws.amazon.com/AWSCloudFormation/latest/UserGuide/aws-resource-appflow-connector.html#cfn-appflow-connector-description",
          "UpdateType": "Mutable",
          "Required": false,
          "PrimitiveType": "String"
        },
        "ConnectorProvisioningConfig": {
          "Documentation": "http://docs.aws.amazon.com/AWSCloudFormation/latest/UserGuide/aws-resource-appflow-connector.html#cfn-appflow-connector-connectorprovisioningconfig",
          "UpdateType": "Mutable",
          "Required": true,
          "Type": "ConnectorProvisioningConfig"
        }
      },
      "Attributes": {
        "ConnectorArn": {
          "PrimitiveType": "String"
        }
      }
    }
  },
  "ResourceSpecificationVersion": "114.0.0"
}