{
  "PropertyTypes": {
    "AWS::ApplicationAutoScaling::ScalableTarget.ScalableTargetAction": {
      "Documentation": "http://docs.aws.amazon.com/AWSCloudFormation/latest/UserGuide/aws-properties-applicationautoscaling-scalabletarget-scalabletargetaction.html",
      "Properties": {
        "MaxCapacity": {
          "Documentation": "http://docs.aws.amazon.com/AWSCloudFormation/latest/UserGuide/aws-properties-applicationautoscaling-scalabletarget-scalabletargetaction.html#cfn-applicationautoscaling-scalabletarget-scalabletargetaction-maxcapacity",
          "PrimitiveType": "Integer",
          "Required": false,
          "UpdateType": "Mutable"
        },
        "MinCapacity": {
          "Documentation": "http://docs.aws.amazon.com/AWSCloudFormation/latest/UserGuide/aws-properties-applicationautoscaling-scalabletarget-scalabletargetaction.html#cfn-applicationautoscaling-scalabletarget-scalabletargetaction-mincapacity",
          "PrimitiveType": "Integer",
          "Required": false,
          "UpdateType": "Mutable"
        }
      }
    },
    "AWS::ApplicationAutoScaling::ScalableTarget.ScheduledAction": {
      "Documentation": "http://docs.aws.amazon.com/AWSCloudFormation/latest/UserGuide/aws-properties-applicationautoscaling-scalabletarget-scheduledaction.html",
      "Properties": {
        "EndTime": {
          "Documentation": "http://docs.aws.amazon.com/AWSCloudFormation/latest/UserGuide/aws-properties-applicationautoscaling-scalabletarget-scheduledaction.html#cfn-applicationautoscaling-scalabletarget-scheduledaction-endtime",
          "PrimitiveType": "Timestamp",
          "Required": false,
          "UpdateType": "Mutable"
        },
        "ScalableTargetAction": {
          "Documentation": "http://docs.aws.amazon.com/AWSCloudFormation/latest/UserGuide/aws-properties-applicationautoscaling-scalabletarget-scheduledaction.html#cfn-applicationautoscaling-scalabletarget-scheduledaction-scalabletargetaction",
          "Required": false,
          "Type": "ScalableTargetAction",
          "UpdateType": "Mutable"
        },
        "Schedule": {
          "Documentation": "http://docs.aws.amazon.com/AWSCloudFormation/latest/UserGuide/aws-properties-applicationautoscaling-scalabletarget-scheduledaction.html#cfn-applicationautoscaling-scalabletarget-scheduledaction-schedule",
          "PrimitiveType": "String",
          "Required": true,
          "UpdateType": "Mutable"
        },
        "ScheduledActionName": {
          "Documentation": "http://docs.aws.amazon.com/AWSCloudFormation/latest/UserGuide/aws-properties-applicationautoscaling-scalabletarget-scheduledaction.html#cfn-applicationautoscaling-scalabletarget-scheduledaction-scheduledactionname",
          "PrimitiveType": "String",
          "Required": true,
          "UpdateType": "Mutable"
        },
        "StartTime": {
          "Documentation": "http://docs.aws.amazon.com/AWSCloudFormation/latest/UserGuide/aws-properties-applicationautoscaling-scalabletarget-scheduledaction.html#cfn-applicationautoscaling-scalabletarget-scheduledaction-starttime",
          "PrimitiveType": "Timestamp",
          "Required": false,
          "UpdateType": "Mutable"
        },
        "Timezone": {
          "Documentation": "http://docs.aws.amazon.com/AWSCloudFormation/latest/UserGuide/aws-properties-applicationautoscaling-scalabletarget-scheduledaction.html#cfn-applicationautoscaling-scalabletarget-scheduledaction-timezone",
          "PrimitiveType": "String",
          "Required": false,
          "UpdateType": "Mutable"
        }
      }
    },
    "AWS::ApplicationAutoScaling::ScalableTarget.SuspendedState": {
      "Documentation": "http://docs.aws.amazon.com/AWSCloudFormation/latest/UserGuide/aws-properties-applicationautoscaling-scalabletarget-suspendedstate.html",
      "Properties": {
        "DynamicScalingInSuspended": {
          "Documentation": "http://docs.aws.amazon.com/AWSCloudFormation/latest/UserGuide/aws-properties-applicationautoscaling-scalabletarget-suspendedstate.html#cfn-applicationautoscaling-scalabletarget-suspendedstate-dynamicscalinginsuspended",
          "PrimitiveType": "Boolean",
          "Required": false,
          "UpdateType": "Mutable"
        },
        "DynamicScalingOutSuspended": {
          "Documentation": "http://docs.aws.amazon.com/AWSCloudFormation/latest/UserGuide/aws-properties-applicationautoscaling-scalabletarget-suspendedstate.html#cfn-applicationautoscaling-scalabletarget-suspendedstate-dynamicscalingoutsuspended",
          "PrimitiveType": "Boolean",
          "Required": false,
          "UpdateType": "Mutable"
        },
        "ScheduledScalingSuspended": {
          "Documentation": "http://docs.aws.amazon.com/AWSCloudFormation/latest/UserGuide/aws-properties-applicationautoscaling-scalabletarget-suspendedstate.html#cfn-applicationautoscaling-scalabletarget-suspendedstate-scheduledscalingsuspended",
          "PrimitiveType": "Boolean",
          "Required": false,
          "UpdateType": "Mutable"
        }
      }
    }
  },
  "ResourceType": {
    "AWS::ApplicationAutoScaling::ScalableTarget": {
      "Documentation": "http://docs.aws.amazon.com/AWSCloudFormation/latest/UserGuide/aws-resource-applicationautoscaling-scalabletarget.html",
      "Properties": {
        "MaxCapacity": {
          "Documentation": "http://docs.aws.amazon.com/AWSCloudFormation/latest/UserGuide/aws-resource-applicationautoscaling-scalabletarget.html#cfn-applicationautoscaling-scalabletarget-maxcapacity",
          "PrimitiveType": "Integer",
          "Required": true,
          "UpdateType": "Mutable"
        },
        "MinCapacity": {
          "Documentation": "http://docs.aws.amazon.com/AWSCloudFormation/latest/UserGuide/aws-resource-applicationautoscaling-scalabletarget.html#cfn-applicationautoscaling-scalabletarget-mincapacity",
          "PrimitiveType": "Integer",
          "Required": true,
          "UpdateType": "Mutable"
        },
        "ResourceId": {
          "Documentation": "http://docs.aws.amazon.com/AWSCloudFormation/latest/UserGuide/aws-resource-applicationautoscaling-scalabletarget.html#cfn-applicationautoscaling-scalabletarget-resourceid",
          "PrimitiveType": "String",
          "Required": true,
          "UpdateType": "Immutable"
        },
        "RoleARN": {
          "Documentation": "http://docs.aws.amazon.com/AWSCloudFormation/latest/UserGuide/aws-resource-applicationautoscaling-scalabletarget.html#cfn-applicationautoscaling-scalabletarget-rolearn",
          "PrimitiveType": "String",
          "Required": true,
          "UpdateType": "Mutable"
        },
        "ScalableDimension": {
          "Documentation": "http://docs.aws.amazon.com/AWSCloudFormation/latest/UserGuide/aws-resource-applicationautoscaling-scalabletarget.html#cfn-applicationautoscaling-scalabletarget-scalabledimension",
          "PrimitiveType": "String",
          "Required": true,
          "UpdateType": "Immutable"
        },
        "ScheduledActions": {
          "Documentation": "http://docs.aws.amazon.com/AWSCloudFormation/latest/UserGuide/aws-resource-applicationautoscaling-scalabletarget.html#cfn-applicationautoscaling-scalabletarget-scheduledactions",
          "DuplicatesAllowed": false,
          "ItemType": "ScheduledAction",
          "Required": false,
          "Type": "List",
          "UpdateType": "Mutable"
        },
        "ServiceNamespace": {
          "Documentation": "http://docs.aws.amazon.com/AWSCloudFormation/latest/UserGuide/aws-resource-applicationautoscaling-scalabletarget.html#cfn-applicationautoscaling-scalabletarget-servicenamespace",
          "PrimitiveType": "String",
          "Required": true,
          "UpdateType": "Immutable"
        },
        "SuspendedState": {
          "Documentation": "http://docs.aws.amazon.com/AWSCloudFormation/latest/UserGuide/aws-resource-applicationautoscaling-scalabletarget.html#cfn-applicationautoscaling-scalabletarget-suspendedstate",
          "Required": false,
          "Type": "SuspendedState",
          "UpdateType": "Mutable"
        }
      }
    }
  },
  "ResourceSpecificationVersion": "114.0.0"
}