{
  "PropertyTypes": {
    "AWS::AppMesh::VirtualGateway.VirtualGatewayListenerTlsFileCertificate": {
      "Documentation": "http://docs.aws.amazon.com/AWSCloudFormation/latest/UserGuide/aws-properties-appmesh-virtualgateway-virtualgatewaylistenertlsfilecertificate.html",
      "Properties": {
        "PrivateKey": {
          "Required": true,
          "Documentation": "http://docs.aws.amazon.com/AWSCloudFormation/latest/UserGuide/aws-properties-appmesh-virtualgateway-virtualgatewaylistenertlsfilecertificate.html#cfn-appmesh-virtualgateway-virtualgatewaylistenertlsfilecertificate-privatekey",
          "PrimitiveType": "String",
          "UpdateType": "Mutable"
        },
        "CertificateChain": {
          "Required": true,
          "Documentation": "http://docs.aws.amazon.com/AWSCloudFormation/latest/UserGuide/aws-properties-appmesh-virtualgateway-virtualgatewaylistenertlsfilecertificate.html#cfn-appmesh-virtualgateway-virtualgatewaylistenertlsfilecertificate-certificatechain",
          "PrimitiveType": "String",
          "UpdateType": "Mutable"
        }
      }
    },
    "AWS::AppMesh::VirtualGateway.LoggingFormat": {
      "Documentation": "http://docs.aws.amazon.com/AWSCloudFormation/latest/UserGuide/aws-properties-appmesh-virtualgateway-loggingformat.html",
      "Properties": {
        "Text": {
          "Required": false,
          "Documentation": "http://docs.aws.amazon.com/AWSCloudFormation/latest/UserGuide/aws-properties-appmesh-virtualgateway-loggingformat.html#cfn-appmesh-virtualgateway-loggingformat-text",
          "PrimitiveType": "String",
          "UpdateType": "Mutable"
        },
        "Json": {
          "Type": "List",
          "Required": false,
          "Documentation": "http://docs.aws.amazon.com/AWSCloudFormation/latest/UserGuide/aws-properties-appmesh-virtualgateway-loggingformat.html#cfn-appmesh-virtualgateway-loggingformat-json",
          "ItemType": "JsonFormatRef",
          "UpdateType": "Mutable"
        }
      }
    },
    "AWS::AppMesh::VirtualGateway.VirtualGatewayListenerTlsValidationContextTrust": {
      "Documentation": "http://docs.aws.amazon.com/AWSCloudFormation/latest/UserGuide/aws-properties-appmesh-virtualgateway-virtualgatewaylistenertlsvalidationcontexttrust.html",
      "Properties": {
        "SDS": {
          "Type": "VirtualGatewayTlsValidationContextSdsTrust",
          "Required": false,
          "Documentation": "http://docs.aws.amazon.com/AWSCloudFormation/latest/UserGuide/aws-properties-appmesh-virtualgateway-virtualgatewaylistenertlsvalidationcontexttrust.html#cfn-appmesh-virtualgateway-virtualgatewaylistenertlsvalidationcontexttrust-sds",
          "UpdateType": "Mutable"
        },
        "File": {
          "Type": "VirtualGatewayTlsValidationContextFileTrust",
          "Required": false,
          "Documentation": "http://docs.aws.amazon.com/AWSCloudFormation/latest/UserGuide/aws-properties-appmesh-virtualgateway-virtualgatewaylistenertlsvalidationcontexttrust.html#cfn-appmesh-virtualgateway-virtualgatewaylistenertlsvalidationcontexttrust-file",
          "UpdateType": "Mutable"
        }
      }
    },
    "AWS::AppMesh::VirtualGateway.VirtualGatewayTlsValidationContextSdsTrust": {
      "Documentation": "http://docs.aws.amazon.com/AWSCloudFormation/latest/UserGuide/aws-properties-appmesh-virtualgateway-virtualgatewaytlsvalidationcontextsdstrust.html",
      "Properties": {
        "SecretName": {
          "Required": true,
          "Documentation": "http://docs.aws.amazon.com/AWSCloudFormation/latest/UserGuide/aws-properties-appmesh-virtualgateway-virtualgatewaytlsvalidationcontextsdstrust.html#cfn-appmesh-virtualgateway-virtualgatewaytlsvalidationcontextsdstrust-secretname",
          "PrimitiveType": "String",
          "UpdateType": "Mutable"
        }
      }
    },
    "AWS::AppMesh::VirtualGateway.SubjectAlternativeNames": {
      "Documentation": "http://docs.aws.amazon.com/AWSCloudFormation/latest/UserGuide/aws-properties-appmesh-virtualgateway-subjectalternativenames.html",
      "Properties": {
        "Match": {
          "Type": "SubjectAlternativeNameMatchers",
          "Required": true,
          "Documentation": "http://docs.aws.amazon.com/AWSCloudFormation/latest/UserGuide/aws-properties-appmesh-virtualgateway-subjectalternativenames.html#cfn-appmesh-virtualgateway-subjectalternativenames-match",
          "UpdateType": "Mutable"
        }
      }
    },
    "AWS::AppMesh::VirtualGateway.VirtualGatewayHealthCheckPolicy": {
      "Documentation": "http://docs.aws.amazon.com/AWSCloudFormation/latest/UserGuide/aws-properties-appmesh-virtualgateway-virtualgatewayhealthcheckpolicy.html",
      "Properties": {
        "Path": {
          "Required": false,
          "Documentation": "http://docs.aws.amazon.com/AWSCloudFormation/latest/UserGuide/aws-properties-appmesh-virtualgateway-virtualgatewayhealthcheckpolicy.html#cfn-appmesh-virtualgateway-virtualgatewayhealthcheckpolicy-path",
          "PrimitiveType": "String",
          "UpdateType": "Mutable"
        },
        "UnhealthyThreshold": {
          "Required": true,
          "Documentation": "http://docs.aws.amazon.com/AWSCloudFormation/latest/UserGuide/aws-properties-appmesh-virtualgateway-virtualgatewayhealthcheckpolicy.html#cfn-appmesh-virtualgateway-virtualgatewayhealthcheckpolicy-unhealthythreshold",
          "PrimitiveType": "Integer",
          "UpdateType": "Mutable"
        },
        "Port": {
          "Required": false,
          "Documentation": "http://docs.aws.amazon.com/AWSCloudFormation/latest/UserGuide/aws-properties-appmesh-virtualgateway-virtualgatewayhealthcheckpolicy.html#cfn-appmesh-virtualgateway-virtualgatewayhealthcheckpolicy-port",
          "PrimitiveType": "Integer",
          "UpdateType": "Mutable"
        },
        "HealthyThreshold": {
          "Required": true,
          "Documentation": "http://docs.aws.amazon.com/AWSCloudFormation/latest/UserGuide/aws-properties-appmesh-virtualgateway-virtualgatewayhealthcheckpolicy.html#cfn-appmesh-virtualgateway-virtualgatewayhealthcheckpolicy-healthythreshold",
          "PrimitiveType": "Integer",
          "UpdateType": "Mutable"
        },
        "TimeoutMillis": {
          "Required": true,
          "Documentation": "http://docs.aws.amazon.com/AWSCloudFormation/latest/UserGuide/aws-properties-appmesh-virtualgateway-virtualgatewayhealthcheckpolicy.html#cfn-appmesh-virtualgateway-virtualgatewayhealthcheckpolicy-timeoutmillis",
          "PrimitiveType": "Integer",
          "UpdateType": "Mutable"
        },
        "Protocol": {
          "Required": true,
          "Documentation": "http://docs.aws.amazon.com/AWSCloudFormation/latest/UserGuide/aws-properties-appmesh-virtualgateway-virtualgatewayhealthcheckpolicy.html#cfn-appmesh-virtualgateway-virtualgatewayhealthcheckpolicy-protocol",
          "PrimitiveType": "String",
          "UpdateType": "Mutable"
        },
        "IntervalMillis": {
          "Required": true,
          "Documentation": "http://docs.aws.amazon.com/AWSCloudFormation/latest/UserGuide/aws-properties-appmesh-virtualgateway-virtualgatewayhealthcheckpolicy.html#cfn-appmesh-virtualgateway-virtualgatewayhealthcheckpolicy-intervalmillis",
          "PrimitiveType": "Integer",
          "UpdateType": "Mutable"
        }
      }
    },
    "AWS::AppMesh::VirtualGateway.VirtualGatewayPortMapping": {
      "Documentation": "http://docs.aws.amazon.com/AWSCloudFormation/latest/UserGuide/aws-properties-appmesh-virtualgateway-virtualgatewayportmapping.html",
      "Properties": {
        "Port": {
          "Required": true,
          "Documentation": "http://docs.aws.amazon.com/AWSCloudFormation/latest/UserGuide/aws-properties-appmesh-virtualgateway-virtualgatewayportmapping.html#cfn-appmesh-virtualgateway-virtualgatewayportmapping-port",
          "PrimitiveType": "Integer",
          "UpdateType": "Mutable"
        },
        "Protocol": {
          "Required": true,
          "Documentation": "http://docs.aws.amazon.com/AWSCloudFormation/latest/UserGuide/aws-properties-appmesh-virtualgateway-virtualgatewayportmapping.html#cfn-appmesh-virtualgateway-virtualgatewayportmapping-protocol",
          "PrimitiveType": "String",
          "UpdateType": "Mutable"
        }
      }
    },
    "AWS::AppMesh::VirtualGateway.VirtualGatewayBackendDefaults": {
      "Documentation": "http://docs.aws.amazon.com/AWSCloudFormation/latest/UserGuide/aws-properties-appmesh-virtualgateway-virtualgatewaybackenddefaults.html",
      "Properties": {
        "ClientPolicy": {
          "Type": "VirtualGatewayClientPolicy",
          "Required": false,
          "Documentation": "http://docs.aws.amazon.com/AWSCloudFormation/latest/UserGuide/aws-properties-appmesh-virtualgateway-virtualgatewaybackenddefaults.html#cfn-appmesh-virtualgateway-virtualgatewaybackenddefaults-clientpolicy",
          "UpdateType": "Mutable"
        }
      }
    },
    "AWS::AppMesh::VirtualGateway.VirtualGatewayListenerTls": {
      "Documentation": "http://docs.aws.amazon.com/AWSCloudFormation/latest/UserGuide/aws-properties-appmesh-virtualgateway-virtualgatewaylistenertls.html",
      "Properties": {
        "Validation": {
          "Type": "VirtualGatewayListenerTlsValidationContext",
          "Required": false,
          "Documentation": "http://docs.aws.amazon.com/AWSCloudFormation/latest/UserGuide/aws-properties-appmesh-virtualgateway-virtualgatewaylistenertls.html#cfn-appmesh-virtualgateway-virtualgatewaylistenertls-validation",
          "UpdateType": "Mutable"
        },
        "Mode": {
          "Required": true,
          "Documentation": "http://docs.aws.amazon.com/AWSCloudFormation/latest/UserGuide/aws-properties-appmesh-virtualgateway-virtualgatewaylistenertls.html#cfn-appmesh-virtualgateway-virtualgatewaylistenertls-mode",
          "PrimitiveType": "String",
          "UpdateType": "Mutable"
        },
        "Certificate": {
          "Type": "VirtualGatewayListenerTlsCertificate",
          "Required": true,
          "Documentation": "http://docs.aws.amazon.com/AWSCloudFormation/latest/UserGuide/aws-properties-appmesh-virtualgateway-virtualgatewaylistenertls.html#cfn-appmesh-virtualgateway-virtualgatewaylistenertls-certificate",
          "UpdateType": "Mutable"
        }
      }
    },
    "AWS::AppMesh::VirtualGateway.VirtualGatewaySpec": {
      "Documentation": "http://docs.aws.amazon.com/AWSCloudFormation/latest/UserGuide/aws-properties-appmesh-virtualgateway-virtualgatewayspec.html",
      "Properties": {
        "Logging": {
          "Type": "VirtualGatewayLogging",
          "Required": false,
          "Documentation": "http://docs.aws.amazon.com/AWSCloudFormation/latest/UserGuide/aws-properties-appmesh-virtualgateway-virtualgatewayspec.html#cfn-appmesh-virtualgateway-virtualgatewayspec-logging",
          "UpdateType": "Mutable"
        },
        "Listeners": {
          "Type": "List",
          "Required": true,
          "Documentation": "http://docs.aws.amazon.com/AWSCloudFormation/latest/UserGuide/aws-properties-appmesh-virtualgateway-virtualgatewayspec.html#cfn-appmesh-virtualgateway-virtualgatewayspec-listeners",
          "ItemType": "VirtualGatewayListener",
          "UpdateType": "Mutable"
        },
        "BackendDefaults": {
          "Type": "VirtualGatewayBackendDefaults",
          "Required": false,
          "Documentation": "http://docs.aws.amazon.com/AWSCloudFormation/latest/UserGuide/aws-properties-appmesh-virtualgateway-virtualgatewayspec.html#cfn-appmesh-virtualgateway-virtualgatewayspec-backenddefaults",
          "UpdateType": "Mutable"
        }
      }
    },
    "AWS::AppMesh::VirtualGateway.VirtualGatewayLogging": {
      "Documentation": "http://docs.aws.amazon.com/AWSCloudFormation/latest/UserGuide/aws-properties-appmesh-virtualgateway-virtualgatewaylogging.html",
      "Properties": {
        "AccessLog": {
          "Type": "VirtualGatewayAccessLog",
          "Required": false,
          "Documentation": "http://docs.aws.amazon.com/AWSCloudFormation/latest/UserGuide/aws-properties-appmesh-virtualgateway-virtualgatewaylogging.html#cfn-appmesh-virtualgateway-virtualgatewaylogging-accesslog",
          "UpdateType": "Mutable"
        }
      }
    },
    "AWS::AppMesh::VirtualGateway.VirtualGatewayAccessLog": {
      "Documentation": "http://docs.aws.amazon.com/AWSCloudFormation/latest/UserGuide/aws-properties-appmesh-virtualgateway-virtualgatewayaccesslog.html",
      "Properties": {
        "File": {
          "Type": "VirtualGatewayFileAccessLog",
          "Required": false,
          "Documentation": "http://docs.aws.amazon.com/AWSCloudFormation/latest/UserGuide/aws-properties-appmesh-virtualgateway-virtualgatewayaccesslog.html#cfn-appmesh-virtualgateway-virtualgatewayaccesslog-file",
          "UpdateType": "Mutable"
        }
      }
    },
    "AWS::AppMesh::VirtualGateway.VirtualGatewayTlsValidationContextTrust": {
      "Documentation": "http://docs.aws.amazon.com/AWSCloudFormation/latest/UserGuide/aws-properties-appmesh-virtualgateway-virtualgatewaytlsvalidationcontexttrust.html",
      "Properties": {
        "SDS": {
          "Type": "VirtualGatewayTlsValidationContextSdsTrust",
          "Required": false,
          "Documentation": "http://docs.aws.amazon.com/AWSCloudFormation/latest/UserGuide/aws-properties-appmesh-virtualgateway-virtualgatewaytlsvalidationcontexttrust.html#cfn-appmesh-virtualgateway-virtualgatewaytlsvalidationcontexttrust-sds",
          "UpdateType": "Mutable"
        },
        "ACM": {
          "Type": "VirtualGatewayTlsValidationContextAcmTrust",
          "Required": false,
          "Documentation": "http://docs.aws.amazon.com/AWSCloudFormation/latest/UserGuide/aws-properties-appmesh-virtualgateway-virtualgatewaytlsvalidationcontexttrust.html#cfn-appmesh-virtualgateway-virtualgatewaytlsvalidationcontexttrust-acm",
          "UpdateType": "Mutable"
        },
        "File": {
          "Type": "VirtualGatewayTlsValidationContextFileTrust",
          "Required": false,
          "Documentation": "http://docs.aws.amazon.com/AWSCloudFormation/latest/UserGuide/aws-properties-appmesh-virtualgateway-virtualgatewaytlsvalidationcontexttrust.html#cfn-appmesh-virtualgateway-virtualgatewaytlsvalidationcontexttrust-file",
          "UpdateType": "Mutable"
        }
      }
    },
    "AWS::AppMesh::VirtualGateway.VirtualGatewayListenerTlsSdsCertificate": {
      "Documentation": "http://docs.aws.amazon.com/AWSCloudFormation/latest/UserGuide/aws-properties-appmesh-virtualgateway-virtualgatewaylistenertlssdscertificate.html",
      "Properties": {
        "SecretName": {
          "Required": true,
          "Documentation": "http://docs.aws.amazon.com/AWSCloudFormation/latest/UserGuide/aws-properties-appmesh-virtualgateway-virtualgatewaylistenertlssdscertificate.html#cfn-appmesh-virtualgateway-virtualgatewaylistenertlssdscertificate-secretname",
          "PrimitiveType": "String",
          "UpdateType": "Mutable"
        }
      }
    },
    "AWS::AppMesh::VirtualGateway.VirtualGatewayClientTlsCertificate": {
      "Documentation": "http://docs.aws.amazon.com/AWSCloudFormation/latest/UserGuide/aws-properties-appmesh-virtualgateway-virtualgatewayclienttlscertificate.html",
      "Properties": {
        "SDS": {
          "Type": "VirtualGatewayListenerTlsSdsCertificate",
          "Required": false,
          "Documentation": "http://docs.aws.amazon.com/AWSCloudFormation/latest/UserGuide/aws-properties-appmesh-virtualgateway-virtualgatewayclienttlscertificate.html#cfn-appmesh-virtualgateway-virtualgatewayclienttlscertificate-sds",
          "UpdateType": "Mutable"
        },
        "File": {
          "Type": "VirtualGatewayListenerTlsFileCertificate",
          "Required": false,
          "Documentation": "http://docs.aws.amazon.com/AWSCloudFormation/latest/UserGuide/aws-properties-appmesh-virtualgateway-virtualgatewayclienttlscertificate.html#cfn-appmesh-virtualgateway-virtualgatewayclienttlscertificate-file",
          "UpdateType": "Mutable"
        }
      }
    },
    "AWS::AppMesh::VirtualGateway.JsonFormatRef": {
      "Documentation": "http://docs.aws.amazon.com/AWSCloudFormation/latest/UserGuide/aws-properties-appmesh-virtualgateway-jsonformatref.html",
      "Properties": {
        "Value": {
          "Required": true,
          "Documentation": "http://docs.aws.amazon.com/AWSCloudFormation/latest/UserGuide/aws-properties-appmesh-virtualgateway-jsonformatref.html#cfn-appmesh-virtualgateway-jsonformatref-value",
          "PrimitiveType": "String",
          "UpdateType": "Mutable"
        },
        "Key": {
          "Required": true,
          "Documentation": "http://docs.aws.amazon.com/AWSCloudFormation/latest/UserGuide/aws-properties-appmesh-virtualgateway-jsonformatref.html#cfn-appmesh-virtualgateway-jsonformatref-key",
          "PrimitiveType": "String",
          "UpdateType": "Mutable"
        }
      }
    },
    "AWS::AppMesh::VirtualGateway.VirtualGatewayGrpcConnectionPool": {
      "Documentation": "http://docs.aws.amazon.com/AWSCloudFormation/latest/UserGuide/aws-properties-appmesh-virtualgateway-virtualgatewaygrpcconnectionpool.html",
      "Properties": {
        "MaxRequests": {
          "Required": true,
          "Documentation": "http://docs.aws.amazon.com/AWSCloudFormation/latest/UserGuide/aws-properties-appmesh-virtualgateway-virtualgatewaygrpcconnectionpool.html#cfn-appmesh-virtualgateway-virtualgatewaygrpcconnectionpool-maxrequests",
          "PrimitiveType": "Integer",
          "UpdateType": "Mutable"
        }
      }
    },
    "AWS::AppMesh::VirtualGateway.VirtualGatewayClientPolicy": {
      "Documentation": "http://docs.aws.amazon.com/AWSCloudFormation/latest/UserGuide/aws-properties-appmesh-virtualgateway-virtualgatewayclientpolicy.html",
      "Properties": {
        "TLS": {
          "Type": "VirtualGatewayClientPolicyTls",
          "Required": false,
          "Documentation": "http://docs.aws.amazon.com/AWSCloudFormation/latest/UserGuide/aws-properties-appmesh-virtualgateway-virtualgatewayclientpolicy.html#cfn-appmesh-virtualgateway-virtualgatewayclientpolicy-tls",
          "UpdateType": "Mutable"
        }
      }
    },
    "AWS::AppMesh::VirtualGateway.VirtualGatewayHttpConnectionPool": {
      "Documentation": "http://docs.aws.amazon.com/AWSCloudFormation/latest/UserGuide/aws-properties-appmesh-virtualgateway-virtualgatewayhttpconnectionpool.html",
      "Properties": {
        "MaxConnections": {
          "Required": true,
          "Documentation": "http://docs.aws.amazon.com/AWSCloudFormation/latest/UserGuide/aws-properties-appmesh-virtualgateway-virtualgatewayhttpconnectionpool.html#cfn-appmesh-virtualgateway-virtualgatewayhttpconnectionpool-maxconnections",
          "PrimitiveType": "Integer",
          "UpdateType": "Mutable"
        },
        "MaxPendingRequests": {
          "Required": false,
          "Documentation": "http://docs.aws.amazon.com/AWSCloudFormation/latest/UserGuide/aws-properties-appmesh-virtualgateway-virtualgatewayhttpconnectionpool.html#cfn-appmesh-virtualgateway-virtualgatewayhttpconnectionpool-maxpendingrequests",
          "PrimitiveType": "Integer",
          "UpdateType": "Mutable"
        }
      }
    },
    "AWS::AppMesh::VirtualGateway.VirtualGatewayTlsValidationContextFileTrust": {
      "Documentation": "http://docs.aws.amazon.com/AWSCloudFormation/latest/UserGuide/aws-properties-appmesh-virtualgateway-virtualgatewaytlsvalidationcontextfiletrust.html",
      "Properties": {
        "CertificateChain": {
          "Required": true,
          "Documentation": "http://docs.aws.amazon.com/AWSCloudFormation/latest/UserGuide/aws-properties-appmesh-virtualgateway-virtualgatewaytlsvalidationcontextfiletrust.html#cfn-appmesh-virtualgateway-virtualgatewaytlsvalidationcontextfiletrust-certificatechain",
          "PrimitiveType": "String",
          "UpdateType": "Mutable"
        }
      }
    },
    "AWS::AppMesh::VirtualGateway.VirtualGatewayListenerTlsCertificate": {
      "Documentation": "http://docs.aws.amazon.com/AWSCloudFormation/latest/UserGuide/aws-properties-appmesh-virtualgateway-virtualgatewaylistenertlscertificate.html",
      "Properties": {
        "SDS": {
          "Type": "VirtualGatewayListenerTlsSdsCertificate",
          "Required": false,
          "Documentation": "http://docs.aws.amazon.com/AWSCloudFormation/latest/UserGuide/aws-properties-appmesh-virtualgateway-virtualgatewaylistenertlscertificate.html#cfn-appmesh-virtualgateway-virtualgatewaylistenertlscertificate-sds",
          "UpdateType": "Mutable"
        },
        "ACM": {
          "Type": "VirtualGatewayListenerTlsAcmCertificate",
          "Required": false,
          "Documentation": "http://docs.aws.amazon.com/AWSCloudFormation/latest/UserGuide/aws-properties-appmesh-virtualgateway-virtualgatewaylistenertlscertificate.html#cfn-appmesh-virtualgateway-virtualgatewaylistenertlscertificate-acm",
          "UpdateType": "Mutable"
        },
        "File": {
          "Type": "VirtualGatewayListenerTlsFileCertificate",
          "Required": false,
          "Documentation": "http://docs.aws.amazon.com/AWSCloudFormation/latest/UserGuide/aws-properties-appmesh-virtualgateway-virtualgatewaylistenertlscertificate.html#cfn-appmesh-virtualgateway-virtualgatewaylistenertlscertificate-file",
          "UpdateType": "Mutable"
        }
      }
    },
    "AWS::AppMesh::VirtualGateway.VirtualGatewayListenerTlsValidationContext": {
      "Documentation": "http://docs.aws.amazon.com/AWSCloudFormation/latest/UserGuide/aws-properties-appmesh-virtualgateway-virtualgatewaylistenertlsvalidationcontext.html",
      "Properties": {
        "SubjectAlternativeNames": {
          "Type": "SubjectAlternativeNames",
          "Required": false,
          "Documentation": "http://docs.aws.amazon.com/AWSCloudFormation/latest/UserGuide/aws-properties-appmesh-virtualgateway-virtualgatewaylistenertlsvalidationcontext.html#cfn-appmesh-virtualgateway-virtualgatewaylistenertlsvalidationcontext-subjectalternativenames",
          "UpdateType": "Mutable"
        },
        "Trust": {
          "Type": "VirtualGatewayListenerTlsValidationContextTrust",
          "Required": true,
          "Documentation": "http://docs.aws.amazon.com/AWSCloudFormation/latest/UserGuide/aws-properties-appmesh-virtualgateway-virtualgatewaylistenertlsvalidationcontext.html#cfn-appmesh-virtualgateway-virtualgatewaylistenertlsvalidationcontext-trust",
          "UpdateType": "Mutable"
        }
      }
    },
    "AWS::AppMesh::VirtualGateway.VirtualGatewayFileAccessLog": {
      "Documentation": "http://docs.aws.amazon.com/AWSCloudFormation/latest/UserGuide/aws-properties-appmesh-virtualgateway-virtualgatewayfileaccesslog.html",
      "Properties": {
        "Path": {
          "Required": true,
          "Documentation": "http://docs.aws.amazon.com/AWSCloudFormation/latest/UserGuide/aws-properties-appmesh-virtualgateway-virtualgatewayfileaccesslog.html#cfn-appmesh-virtualgateway-virtualgatewayfileaccesslog-path",
          "PrimitiveType": "String",
          "UpdateType": "Mutable"
        },
        "Format": {
          "Type": "LoggingFormat",
          "Required": false,
          "Documentation": "http://docs.aws.amazon.com/AWSCloudFormation/latest/UserGuide/aws-properties-appmesh-virtualgateway-virtualgatewayfileaccesslog.html#cfn-appmesh-virtualgateway-virtualgatewayfileaccesslog-format",
          "UpdateType": "Mutable"
        }
      }
    },
    "AWS::AppMesh::VirtualGateway.SubjectAlternativeNameMatchers": {
      "Documentation": "http://docs.aws.amazon.com/AWSCloudFormation/latest/UserGuide/aws-properties-appmesh-virtualgateway-subjectalternativenamematchers.html",
      "Properties": {
        "Exact": {
          "PrimitiveItemType": "String",
          "Type": "List",
          "Required": false,
          "Documentation": "http://docs.aws.amazon.com/AWSCloudFormation/latest/UserGuide/aws-properties-appmesh-virtualgateway-subjectalternativenamematchers.html#cfn-appmesh-virtualgateway-subjectalternativenamematchers-exact",
          "UpdateType": "Mutable"
        }
      }
    },
    "AWS::AppMesh::VirtualGateway.VirtualGatewayHttp2ConnectionPool": {
      "Documentation": "http://docs.aws.amazon.com/AWSCloudFormation/latest/UserGuide/aws-properties-appmesh-virtualgateway-virtualgatewayhttp2connectionpool.html",
      "Properties": {
        "MaxRequests": {
          "Required": true,
          "Documentation": "http://docs.aws.amazon.com/AWSCloudFormation/latest/UserGuide/aws-properties-appmesh-virtualgateway-virtualgatewayhttp2connectionpool.html#cfn-appmesh-virtualgateway-virtualgatewayhttp2connectionpool-maxrequests",
          "PrimitiveType": "Integer",
          "UpdateType": "Mutable"
        }
      }
    },
    "AWS::AppMesh::VirtualGateway.VirtualGatewayListenerTlsAcmCertificate": {
      "Documentation": "http://docs.aws.amazon.com/AWSCloudFormation/latest/UserGuide/aws-properties-appmesh-virtualgateway-virtualgatewaylistenertlsacmcertificate.html",
      "Properties": {
        "CertificateArn": {
          "Required": true,
          "Documentation": "http://docs.aws.amazon.com/AWSCloudFormation/latest/UserGuide/aws-properties-appmesh-virtualgateway-virtualgatewaylistenertlsacmcertificate.html#cfn-appmesh-virtualgateway-virtualgatewaylistenertlsacmcertificate-certificatearn",
          "PrimitiveType": "String",
          "UpdateType": "Mutable"
        }
      }
    },
    "AWS::AppMesh::VirtualGateway.VirtualGatewayClientPolicyTls": {
      "Documentation": "http://docs.aws.amazon.com/AWSCloudFormation/latest/UserGuide/aws-properties-appmesh-virtualgateway-virtualgatewayclientpolicytls.html",
      "Properties": {
        "Validation": {
          "Type": "VirtualGatewayTlsValidationContext",
          "Required": true,
          "Documentation": "http://docs.aws.amazon.com/AWSCloudFormation/latest/UserGuide/aws-properties-appmesh-virtualgateway-virtualgatewayclientpolicytls.html#cfn-appmesh-virtualgateway-virtualgatewayclientpolicytls-validation",
          "UpdateType": "Mutable"
        },
        "Enforce": {
          "Required": false,
          "Documentation": "http://docs.aws.amazon.com/AWSCloudFormation/latest/UserGuide/aws-properties-appmesh-virtualgateway-virtualgatewayclientpolicytls.html#cfn-appmesh-virtualgateway-virtualgatewayclientpolicytls-enforce",
          "PrimitiveType": "Boolean",
          "UpdateType": "Mutable"
        },
        "Ports": {
          "PrimitiveItemType": "Integer",
          "Type": "List",
          "Required": false,
          "Documentation": "http://docs.aws.amazon.com/AWSCloudFormation/latest/UserGuide/aws-properties-appmesh-virtualgateway-virtualgatewayclientpolicytls.html#cfn-appmesh-virtualgateway-virtualgatewayclientpolicytls-ports",
          "UpdateType": "Mutable"
        },
        "Certificate": {
          "Type": "VirtualGatewayClientTlsCertificate",
          "Required": false,
          "Documentation": "http://docs.aws.amazon.com/AWSCloudFormation/latest/UserGuide/aws-properties-appmesh-virtualgateway-virtualgatewayclientpolicytls.html#cfn-appmesh-virtualgateway-virtualgatewayclientpolicytls-certificate",
          "UpdateType": "Mutable"
        }
      }
    },
    "AWS::AppMesh::VirtualGateway.VirtualGatewayListener": {
      "Documentation": "http://docs.aws.amazon.com/AWSCloudFormation/latest/UserGuide/aws-properties-appmesh-virtualgateway-virtualgatewaylistener.html",
      "Properties": {
        "ConnectionPool": {
          "Type": "VirtualGatewayConnectionPool",
          "Required": false,
          "Documentation": "http://docs.aws.amazon.com/AWSCloudFormation/latest/UserGuide/aws-properties-appmesh-virtualgateway-virtualgatewaylistener.html#cfn-appmesh-virtualgateway-virtualgatewaylistener-connectionpool",
          "UpdateType": "Mutable"
        },
        "HealthCheck": {
          "Type": "VirtualGatewayHealthCheckPolicy",
          "Required": false,
          "Documentation": "http://docs.aws.amazon.com/AWSCloudFormation/latest/UserGuide/aws-properties-appmesh-virtualgateway-virtualgatewaylistener.html#cfn-appmesh-virtualgateway-virtualgatewaylistener-healthcheck",
          "UpdateType": "Mutable"
        },
        "TLS": {
          "Type": "VirtualGatewayListenerTls",
          "Required": false,
          "Documentation": "http://docs.aws.amazon.com/AWSCloudFormation/latest/UserGuide/aws-properties-appmesh-virtualgateway-virtualgatewaylistener.html#cfn-appmesh-virtualgateway-virtualgatewaylistener-tls",
          "UpdateType": "Mutable"
        },
        "PortMapping": {
          "Type": "VirtualGatewayPortMapping",
          "Required": true,
          "Documentation": "http://docs.aws.amazon.com/AWSCloudFormation/latest/UserGuide/aws-properties-appmesh-virtualgateway-virtualgatewaylistener.html#cfn-appmesh-virtualgateway-virtualgatewaylistener-portmapping",
          "UpdateType": "Mutable"
        }
      }
    },
    "AWS::AppMesh::VirtualGateway.VirtualGatewayTlsValidationContextAcmTrust": {
      "Documentation": "http://docs.aws.amazon.com/AWSCloudFormation/latest/UserGuide/aws-properties-appmesh-virtualgateway-virtualgatewaytlsvalidationcontextacmtrust.html",
      "Properties": {
        "CertificateAuthorityArns": {
          "PrimitiveItemType": "String",
          "Type": "List",
          "Required": true,
          "Documentation": "http://docs.aws.amazon.com/AWSCloudFormation/latest/UserGuide/aws-properties-appmesh-virtualgateway-virtualgatewaytlsvalidationcontextacmtrust.html#cfn-appmesh-virtualgateway-virtualgatewaytlsvalidationcontextacmtrust-certificateauthorityarns",
          "UpdateType": "Mutable"
        }
      }
    },
    "AWS::AppMesh::VirtualGateway.VirtualGatewayConnectionPool": {
      "Documentation": "http://docs.aws.amazon.com/AWSCloudFormation/latest/UserGuide/aws-properties-appmesh-virtualgateway-virtualgatewayconnectionpool.html",
      "Properties": {
        "HTTP2": {
          "Type": "VirtualGatewayHttp2ConnectionPool",
          "Required": false,
          "Documentation": "http://docs.aws.amazon.com/AWSCloudFormation/latest/UserGuide/aws-properties-appmesh-virtualgateway-virtualgatewayconnectionpool.html#cfn-appmesh-virtualgateway-virtualgatewayconnectionpool-http2",
          "UpdateType": "Mutable"
        },
        "HTTP": {
          "Type": "VirtualGatewayHttpConnectionPool",
          "Required": false,
          "Documentation": "http://docs.aws.amazon.com/AWSCloudFormation/latest/UserGuide/aws-properties-appmesh-virtualgateway-virtualgatewayconnectionpool.html#cfn-appmesh-virtualgateway-virtualgatewayconnectionpool-http",
          "UpdateType": "Mutable"
        },
        "GRPC": {
          "Type": "VirtualGatewayGrpcConnectionPool",
          "Required": false,
          "Documentation": "http://docs.aws.amazon.com/AWSCloudFormation/latest/UserGuide/aws-properties-appmesh-virtualgateway-virtualgatewayconnectionpool.html#cfn-appmesh-virtualgateway-virtualgatewayconnectionpool-grpc",
          "UpdateType": "Mutable"
        }
      }
    },
    "Tag": {
      "Documentation": "http://docs.aws.amazon.com/AWSCloudFormation/latest/UserGuide/aws-properties-resource-tags.html",
      "Properties": {
        "Key": {
          "Required": true,
          "Documentation": "http://docs.aws.amazon.com/AWSCloudFormation/latest/UserGuide/aws-properties-resource-tags.html#cfn-resource-tags-key",
          "PrimitiveType": "String",
          "UpdateType": "Mutable"
        },
        "Value": {
          "Required": true,
          "Documentation": "http://docs.aws.amazon.com/AWSCloudFormation/latest/UserGuide/aws-properties-resource-tags.html#cfn-resource-tags-value",
          "PrimitiveType": "String",
          "UpdateType": "Mutable"
        }
      }
    },
    "AWS::AppMesh::VirtualGateway.VirtualGatewayTlsValidationContext": {
      "Documentation": "http://docs.aws.amazon.com/AWSCloudFormation/latest/UserGuide/aws-properties-appmesh-virtualgateway-virtualgatewaytlsvalidationcontext.html",
      "Properties": {
        "SubjectAlternativeNames": {
          "Type": "SubjectAlternativeNames",
          "Required": false,
          "Documentation": "http://docs.aws.amazon.com/AWSCloudFormation/latest/UserGuide/aws-properties-appmesh-virtualgateway-virtualgatewaytlsvalidationcontext.html#cfn-appmesh-virtualgateway-virtualgatewaytlsvalidationcontext-subjectalternativenames",
          "UpdateType": "Mutable"
        },
        "Trust": {
          "Type": "VirtualGatewayTlsValidationContextTrust",
          "Required": true,
          "Documentation": "http://docs.aws.amazon.com/AWSCloudFormation/latest/UserGuide/aws-properties-appmesh-virtualgateway-virtualgatewaytlsvalidationcontext.html#cfn-appmesh-virtualgateway-virtualgatewaytlsvalidationcontext-trust",
          "UpdateType": "Mutable"
        }
      }
    }
  },
  "ResourceType": {
    "AWS::AppMesh::VirtualGateway": {
      "Documentation": "http://docs.aws.amazon.com/AWSCloudFormation/latest/UserGuide/aws-resource-appmesh-virtualgateway.html",
      "Attributes": {
        "Uid": {
          "PrimitiveType": "String"
        },
        "VirtualGatewayName": {
          "PrimitiveType": "String"
        },
        "MeshName": {
          "PrimitiveType": "String"
        },
        "MeshOwner": {
          "PrimitiveType": "String"
        },
        "ResourceOwner": {
          "PrimitiveType": "String"
        },
        "Arn": {
          "PrimitiveType": "String"
        }
      },
      "Properties": {
        "VirtualGatewayName": {
          "Required": false,
          "Documentation": "http://docs.aws.amazon.com/AWSCloudFormation/latest/UserGuide/aws-resource-appmesh-virtualgateway.html#cfn-appmesh-virtualgateway-virtualgatewayname",
          "PrimitiveType": "String",
          "UpdateType": "Immutable"
        },
        "MeshName": {
          "Required": true,
          "Documentation": "http://docs.aws.amazon.com/AWSCloudFormation/latest/UserGuide/aws-resource-appmesh-virtualgateway.html#cfn-appmesh-virtualgateway-meshname",
          "PrimitiveType": "String",
          "UpdateType": "Immutable"
        },
        "MeshOwner": {
          "Required": false,
          "Documentation": "http://docs.aws.amazon.com/AWSCloudFormation/latest/UserGuide/aws-resource-appmesh-virtualgateway.html#cfn-appmesh-virtualgateway-meshowner",
          "PrimitiveType": "String",
          "UpdateType": "Immutable"
        },
        "Spec": {
          "Type": "VirtualGatewaySpec",
          "Required": true,
          "Documentation": "http://docs.aws.amazon.com/AWSCloudFormation/latest/UserGuide/aws-resource-appmesh-virtualgateway.html#cfn-appmesh-virtualgateway-spec",
          "UpdateType": "Mutable"
        },
        "Tags": {
          "Type": "List",
          "Required": false,
          "Documentation": "http://docs.aws.amazon.com/AWSCloudFormation/latest/UserGuide/aws-resource-appmesh-virtualgateway.html#cfn-appmesh-virtualgateway-tags",
          "ItemType": "Tag",
          "UpdateType": "Mutable"
        }
      }
    }
  },
  "ResourceSpecificationVersion": "114.0.0"
}