{
  "PropertyTypes": {
    "AWS::AppMesh::GatewayRoute.HttpGatewayRoute": {
      "Documentation": "http://docs.aws.amazon.com/AWSCloudFormation/latest/UserGuide/aws-properties-appmesh-gatewayroute-httpgatewayroute.html",
      "Properties": {
        "Action": {
          "Type": "HttpGatewayRouteAction",
          "Required": true,
          "Documentation": "http://docs.aws.amazon.com/AWSCloudFormation/latest/UserGuide/aws-properties-appmesh-gatewayroute-httpgatewayroute.html#cfn-appmesh-gatewayroute-httpgatewayroute-action",
          "UpdateType": "Mutable"
        },
        "Match": {
          "Type": "HttpGatewayRouteMatch",
          "Required": true,
          "Documentation": "http://docs.aws.amazon.com/AWSCloudFormation/latest/UserGuide/aws-properties-appmesh-gatewayroute-httpgatewayroute.html#cfn-appmesh-gatewayroute-httpgatewayroute-match",
          "UpdateType": "Mutable"
        }
      }
    },
    "AWS::AppMesh::GatewayRoute.GatewayRouteHostnameMatch": {
      "Documentation": "http://docs.aws.amazon.com/AWSCloudFormation/latest/UserGuide/aws-properties-appmesh-gatewayroute-gatewayroutehostnamematch.html",
      "Properties": {
        "Suffix": {
          "Required": false,
          "Documentation": "http://docs.aws.amazon.com/AWSCloudFormation/latest/UserGuide/aws-properties-appmesh-gatewayroute-gatewayroutehostnamematch.html#cfn-appmesh-gatewayroute-gatewayroutehostnamematch-suffix",
          "PrimitiveType": "String",
          "UpdateType": "Mutable"
        },
        "Exact": {
          "Required": false,
          "Documentation": "http://docs.aws.amazon.com/AWSCloudFormation/latest/UserGuide/aws-properties-appmesh-gatewayroute-gatewayroutehostnamematch.html#cfn-appmesh-gatewayroute-gatewayroutehostnamematch-exact",
          "PrimitiveType": "String",
          "UpdateType": "Mutable"
        }
      }
    },
    "AWS::AppMesh::GatewayRoute.HttpGatewayRouteHeaderMatch": {
      "Documentation": "http://docs.aws.amazon.com/AWSCloudFormation/latest/UserGuide/aws-properties-appmesh-gatewayroute-httpgatewayrouteheadermatch.html",
      "Properties": {
        "Suffix": {
          "Required": false,
          "Documentation": "http://docs.aws.amazon.com/AWSCloudFormation/latest/UserGuide/aws-properties-appmesh-gatewayroute-httpgatewayrouteheadermatch.html#cfn-appmesh-gatewayroute-httpgatewayrouteheadermatch-suffix",
          "PrimitiveType": "String",
          "UpdateType": "Mutable"
        },
        "Regex": {
          "Required": false,
          "Documentation": "http://docs.aws.amazon.com/AWSCloudFormation/latest/UserGuide/aws-properties-appmesh-gatewayroute-httpgatewayrouteheadermatch.html#cfn-appmesh-gatewayroute-httpgatewayrouteheadermatch-regex",
          "PrimitiveType": "String",
          "UpdateType": "Mutable"
        },
        "Exact": {
          "Required": false,
          "Documentation": "http://docs.aws.amazon.com/AWSCloudFormation/latest/UserGuide/aws-properties-appmesh-gatewayroute-httpgatewayrouteheadermatch.html#cfn-appmesh-gatewayroute-httpgatewayrouteheadermatch-exact",
          "PrimitiveType": "String",
          "UpdateType": "Mutable"
        },
        "Prefix": {
          "Required": false,
          "Documentation": "http://docs.aws.amazon.com/AWSCloudFormation/latest/UserGuide/aws-properties-appmesh-gatewayroute-httpgatewayrouteheadermatch.html#cfn-appmesh-gatewayroute-httpgatewayrouteheadermatch-prefix",
          "PrimitiveType": "String",
          "UpdateType": "Mutable"
        },
        "Range": {
          "Type": "GatewayRouteRangeMatch",
          "Required": false,
          "Documentation": "http://docs.aws.amazon.com/AWSCloudFormation/latest/UserGuide/aws-properties-appmesh-gatewayroute-httpgatewayrouteheadermatch.html#cfn-appmesh-gatewayroute-httpgatewayrouteheadermatch-range",
          "UpdateType": "Mutable"
        }
      }
    },
    "AWS::AppMesh::GatewayRoute.QueryParameter": {
      "Documentation": "http://docs.aws.amazon.com/AWSCloudFormation/latest/UserGuide/aws-properties-appmesh-gatewayroute-queryparameter.html",
      "Properties": {
        "Name": {
          "Required": true,
          "Documentation": "http://docs.aws.amazon.com/AWSCloudFormation/latest/UserGuide/aws-properties-appmesh-gatewayroute-queryparameter.html#cfn-appmesh-gatewayroute-queryparameter-name",
          "PrimitiveType": "String",
          "UpdateType": "Mutable"
        },
        "Match": {
          "Type": "HttpQueryParameterMatch",
          "Required": false,
          "Documentation": "http://docs.aws.amazon.com/AWSCloudFormation/latest/UserGuide/aws-properties-appmesh-gatewayroute-queryparameter.html#cfn-appmesh-gatewayroute-queryparameter-match",
          "UpdateType": "Mutable"
        }
      }
    },
    "AWS::AppMesh::GatewayRoute.GatewayRouteSpec": {
      "Documentation": "http://docs.aws.amazon.com/AWSCloudFormation/latest/UserGuide/aws-properties-appmesh-gatewayroute-gatewayroutespec.html",
      "Properties": {
        "HttpRoute": {
          "Type": "HttpGatewayRoute",
          "Required": false,
          "Documentation": "http://docs.aws.amazon.com/AWSCloudFormation/latest/UserGuide/aws-properties-appmesh-gatewayroute-gatewayroutespec.html#cfn-appmesh-gatewayroute-gatewayroutespec-httproute",
          "UpdateType": "Mutable"
        },
        "Priority": {
          "Required": false,
          "Documentation": "http://docs.aws.amazon.com/AWSCloudFormation/latest/UserGuide/aws-properties-appmesh-gatewayroute-gatewayroutespec.html#cfn-appmesh-gatewayroute-gatewayroutespec-priority",
          "PrimitiveType": "Integer",
          "UpdateType": "Mutable"
        },
        "Http2Route": {
          "Type": "HttpGatewayRoute",
          "Required": false,
          "Documentation": "http://docs.aws.amazon.com/AWSCloudFormation/latest/UserGuide/aws-properties-appmesh-gatewayroute-gatewayroutespec.html#cfn-appmesh-gatewayroute-gatewayroutespec-http2route",
          "UpdateType": "Mutable"
        },
        "GrpcRoute": {
          "Type": "GrpcGatewayRoute",
          "Required": false,
          "Documentation": "http://docs.aws.amazon.com/AWSCloudFormation/latest/UserGuide/aws-properties-appmesh-gatewayroute-gatewayroutespec.html#cfn-appmesh-gatewayroute-gatewayroutespec-grpcroute",
          "UpdateType": "Mutable"
        }
      }
    },
    "AWS::AppMesh::GatewayRoute.HttpGatewayRouteRewrite": {
      "Documentation": "http://docs.aws.amazon.com/AWSCloudFormation/latest/UserGuide/aws-properties-appmesh-gatewayroute-httpgatewayrouterewrite.html",
      "Properties": {
        "Path": {
          "Type": "HttpGatewayRoutePathRewrite",
          "Required": false,
          "Documentation": "http://docs.aws.amazon.com/AWSCloudFormation/latest/UserGuide/aws-properties-appmesh-gatewayroute-httpgatewayrouterewrite.html#cfn-appmesh-gatewayroute-httpgatewayrouterewrite-path",
          "UpdateType": "Mutable"
        },
        "Hostname": {
          "Type": "GatewayRouteHostnameRewrite",
          "Required": false,
          "Documentation": "http://docs.aws.amazon.com/AWSCloudFormation/latest/UserGuide/aws-properties-appmesh-gatewayroute-httpgatewayrouterewrite.html#cfn-appmesh-gatewayroute-httpgatewayrouterewrite-hostname",
          "UpdateType": "Mutable"
        },
        "Prefix": {
          "Type": "HttpGatewayRoutePrefixRewrite",
          "Required": false,
          "Documentation": "http://docs.aws.amazon.com/AWSCloudFormation/latest/UserGuide/aws-properties-appmesh-gatewayroute-httpgatewayrouterewrite.html#cfn-appmesh-gatewayroute-httpgatewayrouterewrite-prefix",
          "UpdateType": "Mutable"
        }
      }
    },
    "AWS::AppMesh::GatewayRoute.GrpcGatewayRoute": {
      "Documentation": "http://docs.aws.amazon.com/AWSCloudFormation/latest/UserGuide/aws-properties-appmesh-gatewayroute-grpcgatewayroute.html",
      "Properties": {
        "Action": {
          "Type": "GrpcGatewayRouteAction",
          "Required": true,
          "Documentation": "http://docs.aws.amazon.com/AWSCloudFormation/latest/UserGuide/aws-properties-appmesh-gatewayroute-grpcgatewayroute.html#cfn-appmesh-gatewayroute-grpcgatewayroute-action",
          "UpdateType": "Mutable"
        },
        "Match": {
          "Type": "GrpcGatewayRouteMatch",
          "Required": true,
          "Documentation": "http://docs.aws.amazon.com/AWSCloudFormation/latest/UserGuide/aws-properties-appmesh-gatewayroute-grpcgatewayroute.html#cfn-appmesh-gatewayroute-grpcgatewayroute-match",
          "UpdateType": "Mutable"
        }
      }
    },
    "AWS::AppMesh::GatewayRoute.HttpGatewayRouteMatch": {
      "Documentation": "http://docs.aws.amazon.com/AWSCloudFormation/latest/UserGuide/aws-properties-appmesh-gatewayroute-httpgatewayroutematch.html",
      "Properties": {
        "Path": {
          "Type": "HttpPathMatch",
          "Required": false,
          "Documentation": "http://docs.aws.amazon.com/AWSCloudFormation/latest/UserGuide/aws-properties-appmesh-gatewayroute-httpgatewayroutematch.html#cfn-appmesh-gatewayroute-httpgatewayroutematch-path",
          "UpdateType": "Mutable"
        },
        "Headers": {
          "Type": "List",
          "Required": false,
          "Documentation": "http://docs.aws.amazon.com/AWSCloudFormation/latest/UserGuide/aws-properties-appmesh-gatewayroute-httpgatewayroutematch.html#cfn-appmesh-gatewayroute-httpgatewayroutematch-headers",
          "ItemType": "HttpGatewayRouteHeader",
          "UpdateType": "Mutable"
        },
        "Port": {
          "Required": false,
          "Documentation": "http://docs.aws.amazon.com/AWSCloudFormation/latest/UserGuide/aws-properties-appmesh-gatewayroute-httpgatewayroutematch.html#cfn-appmesh-gatewayroute-httpgatewayroutematch-port",
          "PrimitiveType": "Integer",
          "UpdateType": "Mutable"
        },
        "Hostname": {
          "Type": "GatewayRouteHostnameMatch",
          "Required": false,
          "Documentation": "http://docs.aws.amazon.com/AWSCloudFormation/latest/UserGuide/aws-properties-appmesh-gatewayroute-httpgatewayroutematch.html#cfn-appmesh-gatewayroute-httpgatewayroutematch-hostname",
          "UpdateType": "Mutable"
        },
        "Prefix": {
          "Required": false,
          "Documentation": "http://docs.aws.amazon.com/AWSCloudFormation/latest/UserGuide/aws-properties-appmesh-gatewayroute-httpgatewayroutematch.html#cfn-appmesh-gatewayroute-httpgatewayroutematch-prefix",
          "PrimitiveType": "String",
          "UpdateType": "Mutable"
        },
        "Method": {
          "Required": false,
          "Documentation": "http://docs.aws.amazon.com/AWSCloudFormation/latest/UserGuide/aws-properties-appmesh-gatewayroute-httpgatewayroutematch.html#cfn-appmesh-gatewayroute-httpgatewayroutematch-method",
          "PrimitiveType": "String",
          "UpdateType": "Mutable"
        },
        "QueryParameters": {
          "Type": "List",
          "Required": false,
          "Documentation": "http://docs.aws.amazon.com/AWSCloudFormation/latest/UserGuide/aws-properties-appmesh-gatewayroute-httpgatewayroutematch.html#cfn-appmesh-gatewayroute-httpgatewayroutematch-queryparameters",
          "ItemType": "QueryParameter",
          "UpdateType": "Mutable"
        }
      }
    },
    "AWS::AppMesh::GatewayRoute.GrpcGatewayRouteMetadata": {
      "Documentation": "http://docs.aws.amazon.com/AWSCloudFormation/latest/UserGuide/aws-properties-appmesh-gatewayroute-grpcgatewayroutemetadata.html",
      "Properties": {
        "Invert": {
          "Required": false,
          "Documentation": "http://docs.aws.amazon.com/AWSCloudFormation/latest/UserGuide/aws-properties-appmesh-gatewayroute-grpcgatewayroutemetadata.html#cfn-appmesh-gatewayroute-grpcgatewayroutemetadata-invert",
          "PrimitiveType": "Boolean",
          "UpdateType": "Mutable"
        },
        "Name": {
          "Required": true,
          "Documentation": "http://docs.aws.amazon.com/AWSCloudFormation/latest/UserGuide/aws-properties-appmesh-gatewayroute-grpcgatewayroutemetadata.html#cfn-appmesh-gatewayroute-grpcgatewayroutemetadata-name",
          "PrimitiveType": "String",
          "UpdateType": "Mutable"
        },
        "Match": {
          "Type": "GatewayRouteMetadataMatch",
          "Required": false,
          "Documentation": "http://docs.aws.amazon.com/AWSCloudFormation/latest/UserGuide/aws-properties-appmesh-gatewayroute-grpcgatewayroutemetadata.html#cfn-appmesh-gatewayroute-grpcgatewayroutemetadata-match",
          "UpdateType": "Mutable"
        }
      }
    },
    "AWS::AppMesh::GatewayRoute.GatewayRouteMetadataMatch": {
      "Documentation": "http://docs.aws.amazon.com/AWSCloudFormation/latest/UserGuide/aws-properties-appmesh-gatewayroute-gatewayroutemetadatamatch.html",
      "Properties": {
        "Suffix": {
          "Required": false,
          "Documentation": "http://docs.aws.amazon.com/AWSCloudFormation/latest/UserGuide/aws-properties-appmesh-gatewayroute-gatewayroutemetadatamatch.html#cfn-appmesh-gatewayroute-gatewayroutemetadatamatch-suffix",
          "PrimitiveType": "String",
          "UpdateType": "Mutable"
        },
        "Regex": {
          "Required": false,
          "Documentation": "http://docs.aws.amazon.com/AWSCloudFormation/latest/UserGuide/aws-properties-appmesh-gatewayroute-gatewayroutemetadatamatch.html#cfn-appmesh-gatewayroute-gatewayroutemetadatamatch-regex",
          "PrimitiveType": "String",
          "UpdateType": "Mutable"
        },
        "Exact": {
          "Required": false,
          "Documentation": "http://docs.aws.amazon.com/AWSCloudFormation/latest/UserGuide/aws-properties-appmesh-gatewayroute-gatewayroutemetadatamatch.html#cfn-appmesh-gatewayroute-gatewayroutemetadatamatch-exact",
          "PrimitiveType": "String",
          "UpdateType": "Mutable"
        },
        "Prefix": {
          "Required": false,
          "Documentation": "http://docs.aws.amazon.com/AWSCloudFormation/latest/UserGuide/aws-properties-appmesh-gatewayroute-gatewayroutemetadatamatch.html#cfn-appmesh-gatewayroute-gatewayroutemetadatamatch-prefix",
          "PrimitiveType": "String",
          "UpdateType": "Mutable"
        },
        "Range": {
          "Type": "GatewayRouteRangeMatch",
          "Required": false,
          "Documentation": "http://docs.aws.amazon.com/AWSCloudFormation/latest/UserGuide/aws-properties-appmesh-gatewayroute-gatewayroutemetadatamatch.html#cfn-appmesh-gatewayroute-gatewayroutemetadatamatch-range",
          "UpdateType": "Mutable"
        }
      }
    },
    "AWS::AppMesh::GatewayRoute.GatewayRouteVirtualService": {
      "Documentation": "http://docs.aws.amazon.com/AWSCloudFormation/latest/UserGuide/aws-properties-appmesh-gatewayroute-gatewayroutevirtualservice.html",
      "Properties": {
        "VirtualServiceName": {
          "Required": true,
          "Documentation": "http://docs.aws.amazon.com/AWSCloudFormation/latest/UserGuide/aws-properties-appmesh-gatewayroute-gatewayroutevirtualservice.html#cfn-appmesh-gatewayroute-gatewayroutevirtualservice-virtualservicename",
          "PrimitiveType": "String",
          "UpdateType": "Mutable"
        }
      }
    },
    "AWS::AppMesh::GatewayRoute.HttpPathMatch": {
      "Documentation": "http://docs.aws.amazon.com/AWSCloudFormation/latest/UserGuide/aws-properties-appmesh-gatewayroute-httppathmatch.html",
      "Properties": {
        "Regex": {
          "Required": false,
          "Documentation": "http://docs.aws.amazon.com/AWSCloudFormation/latest/UserGuide/aws-properties-appmesh-gatewayroute-httppathmatch.html#cfn-appmesh-gatewayroute-httppathmatch-regex",
          "PrimitiveType": "String",
          "UpdateType": "Mutable"
        },
        "Exact": {
          "Required": false,
          "Documentation": "http://docs.aws.amazon.com/AWSCloudFormation/latest/UserGuide/aws-properties-appmesh-gatewayroute-httppathmatch.html#cfn-appmesh-gatewayroute-httppathmatch-exact",
          "PrimitiveType": "String",
          "UpdateType": "Mutable"
        }
      }
    },
    "AWS::AppMesh::GatewayRoute.GatewayRouteTarget": {
      "Documentation": "http://docs.aws.amazon.com/AWSCloudFormation/latest/UserGuide/aws-properties-appmesh-gatewayroute-gatewayroutetarget.html",
      "Properties": {
        "Port": {
          "Required": false,
          "Documentation": "http://docs.aws.amazon.com/AWSCloudFormation/latest/UserGuide/aws-properties-appmesh-gatewayroute-gatewayroutetarget.html#cfn-appmesh-gatewayroute-gatewayroutetarget-port",
          "PrimitiveType": "Integer",
          "UpdateType": "Mutable"
        },
        "VirtualService": {
          "Type": "GatewayRouteVirtualService",
          "Required": true,
          "Documentation": "http://docs.aws.amazon.com/AWSCloudFormation/latest/UserGuide/aws-properties-appmesh-gatewayroute-gatewayroutetarget.html#cfn-appmesh-gatewayroute-gatewayroutetarget-virtualservice",
          "UpdateType": "Mutable"
        }
      }
    },
    "AWS::AppMesh::GatewayRoute.HttpGatewayRouteAction": {
      "Documentation": "http://docs.aws.amazon.com/AWSCloudFormation/latest/UserGuide/aws-properties-appmesh-gatewayroute-httpgatewayrouteaction.html",
      "Properties": {
        "Target": {
          "Type": "GatewayRouteTarget",
          "Required": true,
          "Documentation": "http://docs.aws.amazon.com/AWSCloudFormation/latest/UserGuide/aws-properties-appmesh-gatewayroute-httpgatewayrouteaction.html#cfn-appmesh-gatewayroute-httpgatewayrouteaction-target",
          "UpdateType": "Mutable"
        },
        "Rewrite": {
          "Type": "HttpGatewayRouteRewrite",
          "Required": false,
          "Documentation": "http://docs.aws.amazon.com/AWSCloudFormation/latest/UserGuide/aws-properties-appmesh-gatewayroute-httpgatewayrouteaction.html#cfn-appmesh-gatewayroute-httpgatewayrouteaction-rewrite",
          "UpdateType": "Mutable"
        }
      }
    },
    "AWS::AppMesh::GatewayRoute.GrpcGatewayRouteAction": {
      "Documentation": "http://docs.aws.amazon.com/AWSCloudFormation/latest/UserGuide/aws-properties-appmesh-gatewayroute-grpcgatewayrouteaction.html",
      "Properties": {
        "Target": {
          "Type": "GatewayRouteTarget",
          "Required": true,
          "Documentation": "http://docs.aws.amazon.com/AWSCloudFormation/latest/UserGuide/aws-properties-appmesh-gatewayroute-grpcgatewayrouteaction.html#cfn-appmesh-gatewayroute-grpcgatewayrouteaction-target",
          "UpdateType": "Mutable"
        },
        "Rewrite": {
          "Type": "GrpcGatewayRouteRewrite",
          "Required": false,
          "Documentation": "http://docs.aws.amazon.com/AWSCloudFormation/latest/UserGuide/aws-properties-appmesh-gatewayroute-grpcgatewayrouteaction.html#cfn-appmesh-gatewayroute-grpcgatewayrouteaction-rewrite",
          "UpdateType": "Mutable"
        }
      }
    },
    "AWS::AppMesh::GatewayRoute.HttpQueryParameterMatch": {
      "Documentation": "http://docs.aws.amazon.com/AWSCloudFormation/latest/UserGuide/aws-properties-appmesh-gatewayroute-httpqueryparametermatch.html",
      "Properties": {
        "Exact": {
          "Required": false,
          "Documentation": "http://docs.aws.amazon.com/AWSCloudFormation/latest/UserGuide/aws-properties-appmesh-gatewayroute-httpqueryparametermatch.html#cfn-appmesh-gatewayroute-httpqueryparametermatch-exact",
          "PrimitiveType": "String",
          "UpdateType": "Mutable"
        }
      }
    },
    "AWS::AppMesh::GatewayRoute.GatewayRouteRangeMatch": {
      "Documentation": "http://docs.aws.amazon.com/AWSCloudFormation/latest/UserGuide/aws-properties-appmesh-gatewayroute-gatewayrouterangematch.html",
      "Properties": {
        "Start": {
          "Required": true,
          "Documentation": "http://docs.aws.amazon.com/AWSCloudFormation/latest/UserGuide/aws-properties-appmesh-gatewayroute-gatewayrouterangematch.html#cfn-appmesh-gatewayroute-gatewayrouterangematch-start",
          "PrimitiveType": "Integer",
          "UpdateType": "Mutable"
        },
        "End": {
          "Required": true,
          "Documentation": "http://docs.aws.amazon.com/AWSCloudFormation/latest/UserGuide/aws-properties-appmesh-gatewayroute-gatewayrouterangematch.html#cfn-appmesh-gatewayroute-gatewayrouterangematch-end",
          "PrimitiveType": "Integer",
          "UpdateType": "Mutable"
        }
      }
    },
    "AWS::AppMesh::GatewayRoute.GatewayRouteHostnameRewrite": {
      "Documentation": "http://docs.aws.amazon.com/AWSCloudFormation/latest/UserGuide/aws-properties-appmesh-gatewayroute-gatewayroutehostnamerewrite.html",
      "Properties": {
        "DefaultTargetHostname": {
          "Required": false,
          "Documentation": "http://docs.aws.amazon.com/AWSCloudFormation/latest/UserGuide/aws-properties-appmesh-gatewayroute-gatewayroutehostnamerewrite.html#cfn-appmesh-gatewayroute-gatewayroutehostnamerewrite-defaulttargethostname",
          "PrimitiveType": "String",
          "UpdateType": "Mutable"
        }
      }
    },
    "AWS::AppMesh::GatewayRoute.GrpcGatewayRouteRewrite": {
      "Documentation": "http://docs.aws.amazon.com/AWSCloudFormation/latest/UserGuide/aws-properties-appmesh-gatewayroute-grpcgatewayrouterewrite.html",
      "Properties": {
        "Hostname": {
          "Type": "GatewayRouteHostnameRewrite",
          "Required": false,
          "Documentation": "http://docs.aws.amazon.com/AWSCloudFormation/latest/UserGuide/aws-properties-appmesh-gatewayroute-grpcgatewayrouterewrite.html#cfn-appmesh-gatewayroute-grpcgatewayrouterewrite-hostname",
          "UpdateType": "Mutable"
        }
      }
    },
    "Tag": {
      "Documentation": "http://docs.aws.amazon.com/AWSCloudFormation/latest/UserGuide/aws-properties-resource-tags.html",
      "Properties": {
        "Key": {
          "Required": true,
          "Documentation": "http://docs.aws.amazon.com/AWSCloudFormation/latest/UserGuide/aws-properties-resource-tags.html#cfn-resource-tags-key",
          "PrimitiveType": "String",
          "UpdateType": "Mutable"
        },
        "Value": {
          "Required": true,
          "Documentation": "http://docs.aws.amazon.com/AWSCloudFormation/latest/UserGuide/aws-properties-resource-tags.html#cfn-resource-tags-value",
          "PrimitiveType": "String",
          "UpdateType": "Mutable"
        }
      }
    },
    "AWS::AppMesh::GatewayRoute.GrpcGatewayRouteMatch": {
      "Documentation": "http://docs.aws.amazon.com/AWSCloudFormation/latest/UserGuide/aws-properties-appmesh-gatewayroute-grpcgatewayroutematch.html",
      "Properties": {
        "ServiceName": {
          "Required": false,
          "Documentation": "http://docs.aws.amazon.com/AWSCloudFormation/latest/UserGuide/aws-properties-appmesh-gatewayroute-grpcgatewayroutematch.html#cfn-appmesh-gatewayroute-grpcgatewayroutematch-servicename",
          "PrimitiveType": "String",
          "UpdateType": "Mutable"
        },
        "Port": {
          "Required": false,
          "Documentation": "http://docs.aws.amazon.com/AWSCloudFormation/latest/UserGuide/aws-properties-appmesh-gatewayroute-grpcgatewayroutematch.html#cfn-appmesh-gatewayroute-grpcgatewayroutematch-port",
          "PrimitiveType": "Integer",
          "UpdateType": "Mutable"
        },
        "Hostname": {
          "Type": "GatewayRouteHostnameMatch",
          "Required": false,
          "Documentation": "http://docs.aws.amazon.com/AWSCloudFormation/latest/UserGuide/aws-properties-appmesh-gatewayroute-grpcgatewayroutematch.html#cfn-appmesh-gatewayroute-grpcgatewayroutematch-hostname",
          "UpdateType": "Mutable"
        },
        "Metadata": {
          "Type": "List",
          "Required": false,
          "Documentation": "http://docs.aws.amazon.com/AWSCloudFormation/latest/UserGuide/aws-properties-appmesh-gatewayroute-grpcgatewayroutematch.html#cfn-appmesh-gatewayroute-grpcgatewayroutematch-metadata",
          "ItemType": "GrpcGatewayRouteMetadata",
          "UpdateType": "Mutable"
        }
      }
    },
    "AWS::AppMesh::GatewayRoute.HttpGatewayRouteHeader": {
      "Documentation": "http://docs.aws.amazon.com/AWSCloudFormation/latest/UserGuide/aws-properties-appmesh-gatewayroute-httpgatewayrouteheader.html",
      "Properties": {
        "Invert": {
          "Required": false,
          "Documentation": "http://docs.aws.amazon.com/AWSCloudFormation/latest/UserGuide/aws-properties-appmesh-gatewayroute-httpgatewayrouteheader.html#cfn-appmesh-gatewayroute-httpgatewayrouteheader-invert",
          "PrimitiveType": "Boolean",
          "UpdateType": "Mutable"
        },
        "Name": {
          "Required": true,
          "Documentation": "http://docs.aws.amazon.com/AWSCloudFormation/latest/UserGuide/aws-properties-appmesh-gatewayroute-httpgatewayrouteheader.html#cfn-appmesh-gatewayroute-httpgatewayrouteheader-name",
          "PrimitiveType": "String",
          "UpdateType": "Mutable"
        },
        "Match": {
          "Type": "HttpGatewayRouteHeaderMatch",
          "Required": false,
          "Documentation": "http://docs.aws.amazon.com/AWSCloudFormation/latest/UserGuide/aws-properties-appmesh-gatewayroute-httpgatewayrouteheader.html#cfn-appmesh-gatewayroute-httpgatewayrouteheader-match",
          "UpdateType": "Mutable"
        }
      }
    },
    "AWS::AppMesh::GatewayRoute.HttpGatewayRoutePrefixRewrite": {
      "Documentation": "http://docs.aws.amazon.com/AWSCloudFormation/latest/UserGuide/aws-properties-appmesh-gatewayroute-httpgatewayrouteprefixrewrite.html",
      "Properties": {
        "Value": {
          "Required": false,
          "Documentation": "http://docs.aws.amazon.com/AWSCloudFormation/latest/UserGuide/aws-properties-appmesh-gatewayroute-httpgatewayrouteprefixrewrite.html#cfn-appmesh-gatewayroute-httpgatewayrouteprefixrewrite-value",
          "PrimitiveType": "String",
          "UpdateType": "Mutable"
        },
        "DefaultPrefix": {
          "Required": false,
          "Documentation": "http://docs.aws.amazon.com/AWSCloudFormation/latest/UserGuide/aws-properties-appmesh-gatewayroute-httpgatewayrouteprefixrewrite.html#cfn-appmesh-gatewayroute-httpgatewayrouteprefixrewrite-defaultprefix",
          "PrimitiveType": "String",
          "UpdateType": "Mutable"
        }
      }
    },
    "AWS::AppMesh::GatewayRoute.HttpGatewayRoutePathRewrite": {
      "Documentation": "http://docs.aws.amazon.com/AWSCloudFormation/latest/UserGuide/aws-properties-appmesh-gatewayroute-httpgatewayroutepathrewrite.html",
      "Properties": {
        "Exact": {
          "Required": false,
          "Documentation": "http://docs.aws.amazon.com/AWSCloudFormation/latest/UserGuide/aws-properties-appmesh-gatewayroute-httpgatewayroutepathrewrite.html#cfn-appmesh-gatewayroute-httpgatewayroutepathrewrite-exact",
          "PrimitiveType": "String",
          "UpdateType": "Mutable"
        }
      }
    }
  },
  "ResourceType": {
    "AWS::AppMesh::GatewayRoute": {
      "Documentation": "http://docs.aws.amazon.com/AWSCloudFormation/latest/UserGuide/aws-resource-appmesh-gatewayroute.html",
      "Attributes": {
        "Uid": {
          "PrimitiveType": "String"
        },
        "MeshName": {
          "PrimitiveType": "String"
        },
        "VirtualGatewayName": {
          "PrimitiveType": "String"
        },
        "MeshOwner": {
          "PrimitiveType": "String"
        },
        "ResourceOwner": {
          "PrimitiveType": "String"
        },
        "GatewayRouteName": {
          "PrimitiveType": "String"
        },
        "Arn": {
          "PrimitiveType": "String"
        }
      },
      "Properties": {
        "MeshName": {
          "Required": true,
          "Documentation": "http://docs.aws.amazon.com/AWSCloudFormation/latest/UserGuide/aws-resource-appmesh-gatewayroute.html#cfn-appmesh-gatewayroute-meshname",
          "PrimitiveType": "String",
          "UpdateType": "Immutable"
        },
        "VirtualGatewayName": {
          "Required": true,
          "Documentation": "http://docs.aws.amazon.com/AWSCloudFormation/latest/UserGuide/aws-resource-appmesh-gatewayroute.html#cfn-appmesh-gatewayroute-virtualgatewayname",
          "PrimitiveType": "String",
          "UpdateType": "Immutable"
        },
        "MeshOwner": {
          "Required": false,
          "Documentation": "http://docs.aws.amazon.com/AWSCloudFormation/latest/UserGuide/aws-resource-appmesh-gatewayroute.html#cfn-appmesh-gatewayroute-meshowner",
          "PrimitiveType": "String",
          "UpdateType": "Immutable"
        },
        "GatewayRouteName": {
          "Required": false,
          "Documentation": "http://docs.aws.amazon.com/AWSCloudFormation/latest/UserGuide/aws-resource-appmesh-gatewayroute.html#cfn-appmesh-gatewayroute-gatewayroutename",
          "PrimitiveType": "String",
          "UpdateType": "Immutable"
        },
        "Spec": {
          "Type": "GatewayRouteSpec",
          "Required": true,
          "Documentation": "http://docs.aws.amazon.com/AWSCloudFormation/latest/UserGuide/aws-resource-appmesh-gatewayroute.html#cfn-appmesh-gatewayroute-spec",
          "UpdateType": "Mutable"
        },
        "Tags": {
          "Type": "List",
          "Required": false,
          "Documentation": "http://docs.aws.amazon.com/AWSCloudFormation/latest/UserGuide/aws-resource-appmesh-gatewayroute.html#cfn-appmesh-gatewayroute-tags",
          "ItemType": "Tag",
          "UpdateType": "Mutable"
        }
      }
    }
  },
  "ResourceSpecificationVersion": "114.0.0"
}