{
  "ResourceType": {
    "AWS::AppStream::StackUserAssociation": {
      "Documentation": "http://docs.aws.amazon.com/AWSCloudFormation/latest/UserGuide/aws-resource-appstream-stackuserassociation.html",
      "Properties": {
        "SendEmailNotification": {
          "Required": false,
          "Documentation": "http://docs.aws.amazon.com/AWSCloudFormation/latest/UserGuide/aws-resource-appstream-stackuserassociation.html#cfn-appstream-stackuserassociation-sendemailnotification",
          "PrimitiveType": "Boolean",
          "UpdateType": "Immutable"
        },
        "UserName": {
          "Required": true,
          "Documentation": "http://docs.aws.amazon.com/AWSCloudFormation/latest/UserGuide/aws-resource-appstream-stackuserassociation.html#cfn-appstream-stackuserassociation-username",
          "PrimitiveType": "String",
          "UpdateType": "Immutable"
        },
        "StackName": {
          "Required": true,
          "Documentation": "http://docs.aws.amazon.com/AWSCloudFormation/latest/UserGuide/aws-resource-appstream-stackuserassociation.html#cfn-appstream-stackuserassociation-stackname",
          "PrimitiveType": "String",
          "UpdateType": "Immutable"
        },
        "AuthenticationType": {
          "Required": true,
          "Documentation": "http://docs.aws.amazon.com/AWSCloudFormation/latest/UserGuide/aws-resource-appstream-stackuserassociation.html#cfn-appstream-stackuserassociation-authenticationtype",
          "PrimitiveType": "String",
          "UpdateType": "Immutable"
        }
      }
    }
  },
  "ResourceSpecificationVersion": "114.0.0"
}