{
  "ResourceType": {
    "AWS::AppSync::DomainNameApiAssociation": {
      "Documentation": "http://docs.aws.amazon.com/AWSCloudFormation/latest/UserGuide/aws-resource-appsync-domainnameapiassociation.html",
      "Properties": {
        "DomainName": {
          "Documentation": "http://docs.aws.amazon.com/AWSCloudFormation/latest/UserGuide/aws-resource-appsync-domainnameapiassociation.html#cfn-appsync-domainnameapiassociation-domainname",
          "UpdateType": "Immutable",
          "Required": true,
          "PrimitiveType": "String"
        },
        "ApiId": {
          "Documentation": "http://docs.aws.amazon.com/AWSCloudFormation/latest/UserGuide/aws-resource-appsync-domainnameapiassociation.html#cfn-appsync-domainnameapiassociation-apiid",
          "UpdateType": "Mutable",
          "Required": true,
          "PrimitiveType": "String"
        }
      },
      "Attributes": {
        "ApiAssociationIdentifier": {
          "PrimitiveType": "String"
        }
      }
    }
  },
  "ResourceSpecificationVersion": "114.0.0"
}