{
  "PropertyTypes": {
    "AWS::AppSync::Resolver.CachingConfig": {
      "Documentation": "http://docs.aws.amazon.com/AWSCloudFormation/latest/UserGuide/aws-properties-appsync-resolver-cachingconfig.html",
      "Properties": {
        "CachingKeys": {
          "PrimitiveItemType": "String",
          "Type": "List",
          "Required": false,
          "Documentation": "http://docs.aws.amazon.com/AWSCloudFormation/latest/UserGuide/aws-properties-appsync-resolver-cachingconfig.html#cfn-appsync-resolver-cachingconfig-cachingkeys",
          "UpdateType": "Mutable"
        },
        "Ttl": {
          "Required": true,
          "Documentation": "http://docs.aws.amazon.com/AWSCloudFormation/latest/UserGuide/aws-properties-appsync-resolver-cachingconfig.html#cfn-appsync-resolver-cachingconfig-ttl",
          "PrimitiveType": "Double",
          "UpdateType": "Mutable"
        }
      }
    },
    "AWS::AppSync::Resolver.SyncConfig": {
      "Documentation": "http://docs.aws.amazon.com/AWSCloudFormation/latest/UserGuide/aws-properties-appsync-resolver-syncconfig.html",
      "Properties": {
        "ConflictHandler": {
          "Required": false,
          "Documentation": "http://docs.aws.amazon.com/AWSCloudFormation/latest/UserGuide/aws-properties-appsync-resolver-syncconfig.html#cfn-appsync-resolver-syncconfig-conflicthandler",
          "PrimitiveType": "String",
          "UpdateType": "Mutable"
        },
        "ConflictDetection": {
          "Required": true,
          "Documentation": "http://docs.aws.amazon.com/AWSCloudFormation/latest/UserGuide/aws-properties-appsync-resolver-syncconfig.html#cfn-appsync-resolver-syncconfig-conflictdetection",
          "PrimitiveType": "String",
          "UpdateType": "Mutable"
        },
        "LambdaConflictHandlerConfig": {
          "Type": "LambdaConflictHandlerConfig",
          "Required": false,
          "Documentation": "http://docs.aws.amazon.com/AWSCloudFormation/latest/UserGuide/aws-properties-appsync-resolver-syncconfig.html#cfn-appsync-resolver-syncconfig-lambdaconflicthandlerconfig",
          "UpdateType": "Mutable"
        }
      }
    },
    "AWS::AppSync::Resolver.AppSyncRuntime": {
      "Documentation": "http://docs.aws.amazon.com/AWSCloudFormation/latest/UserGuide/aws-properties-appsync-resolver-appsyncruntime.html",
      "Properties": {
        "RuntimeVersion": {
          "Required": true,
          "Documentation": "http://docs.aws.amazon.com/AWSCloudFormation/latest/UserGuide/aws-properties-appsync-resolver-appsyncruntime.html#cfn-appsync-resolver-appsyncruntime-runtimeversion",
          "PrimitiveType": "String",
          "UpdateType": "Mutable"
        },
        "Name": {
          "Required": true,
          "Documentation": "http://docs.aws.amazon.com/AWSCloudFormation/latest/UserGuide/aws-properties-appsync-resolver-appsyncruntime.html#cfn-appsync-resolver-appsyncruntime-name",
          "PrimitiveType": "String",
          "UpdateType": "Mutable"
        }
      }
    },
    "AWS::AppSync::Resolver.PipelineConfig": {
      "Documentation": "http://docs.aws.amazon.com/AWSCloudFormation/latest/UserGuide/aws-properties-appsync-resolver-pipelineconfig.html",
      "Properties": {
        "Functions": {
          "PrimitiveItemType": "String",
          "Type": "List",
          "Required": false,
          "Documentation": "http://docs.aws.amazon.com/AWSCloudFormation/latest/UserGuide/aws-properties-appsync-resolver-pipelineconfig.html#cfn-appsync-resolver-pipelineconfig-functions",
          "UpdateType": "Mutable"
        }
      }
    },
    "AWS::AppSync::Resolver.LambdaConflictHandlerConfig": {
      "Documentation": "http://docs.aws.amazon.com/AWSCloudFormation/latest/UserGuide/aws-properties-appsync-resolver-lambdaconflicthandlerconfig.html",
      "Properties": {
        "LambdaConflictHandlerArn": {
          "Required": false,
          "Documentation": "http://docs.aws.amazon.com/AWSCloudFormation/latest/UserGuide/aws-properties-appsync-resolver-lambdaconflicthandlerconfig.html#cfn-appsync-resolver-lambdaconflicthandlerconfig-lambdaconflicthandlerarn",
          "PrimitiveType": "String",
          "UpdateType": "Mutable"
        }
      }
    }
  },
  "ResourceType": {
    "AWS::AppSync::Resolver": {
      "Documentation": "http://docs.aws.amazon.com/AWSCloudFormation/latest/UserGuide/aws-resource-appsync-resolver.html",
      "Attributes": {
        "TypeName": {
          "PrimitiveType": "String"
        },
        "ResolverArn": {
          "PrimitiveType": "String"
        },
        "FieldName": {
          "PrimitiveType": "String"
        }
      },
      "Properties": {
        "TypeName": {
          "Required": true,
          "Documentation": "http://docs.aws.amazon.com/AWSCloudFormation/latest/UserGuide/aws-resource-appsync-resolver.html#cfn-appsync-resolver-typename",
          "PrimitiveType": "String",
          "UpdateType": "Immutable"
        },
        "PipelineConfig": {
          "Type": "PipelineConfig",
          "Required": false,
          "Documentation": "http://docs.aws.amazon.com/AWSCloudFormation/latest/UserGuide/aws-resource-appsync-resolver.html#cfn-appsync-resolver-pipelineconfig",
          "UpdateType": "Mutable"
        },
        "RequestMappingTemplate": {
          "Required": false,
          "Documentation": "http://docs.aws.amazon.com/AWSCloudFormation/latest/UserGuide/aws-resource-appsync-resolver.html#cfn-appsync-resolver-requestmappingtemplate",
          "PrimitiveType": "String",
          "UpdateType": "Mutable"
        },
        "ResponseMappingTemplate": {
          "Required": false,
          "Documentation": "http://docs.aws.amazon.com/AWSCloudFormation/latest/UserGuide/aws-resource-appsync-resolver.html#cfn-appsync-resolver-responsemappingtemplate",
          "PrimitiveType": "String",
          "UpdateType": "Mutable"
        },
        "MaxBatchSize": {
          "Required": false,
          "Documentation": "http://docs.aws.amazon.com/AWSCloudFormation/latest/UserGuide/aws-resource-appsync-resolver.html#cfn-appsync-resolver-maxbatchsize",
          "PrimitiveType": "Integer",
          "UpdateType": "Mutable"
        },
        "SyncConfig": {
          "Type": "SyncConfig",
          "Required": false,
          "Documentation": "http://docs.aws.amazon.com/AWSCloudFormation/latest/UserGuide/aws-resource-appsync-resolver.html#cfn-appsync-resolver-syncconfig",
          "UpdateType": "Mutable"
        },
        "Code": {
          "Required": false,
          "Documentation": "http://docs.aws.amazon.com/AWSCloudFormation/latest/UserGuide/aws-resource-appsync-resolver.html#cfn-appsync-resolver-code",
          "PrimitiveType": "String",
          "UpdateType": "Mutable"
        },
        "ResponseMappingTemplateS3Location": {
          "Required": false,
          "Documentation": "http://docs.aws.amazon.com/AWSCloudFormation/latest/UserGuide/aws-resource-appsync-resolver.html#cfn-appsync-resolver-responsemappingtemplates3location",
          "PrimitiveType": "String",
          "UpdateType": "Mutable"
        },
        "Runtime": {
          "Type": "AppSyncRuntime",
          "Required": false,
          "Documentation": "http://docs.aws.amazon.com/AWSCloudFormation/latest/UserGuide/aws-resource-appsync-resolver.html#cfn-appsync-resolver-runtime",
          "UpdateType": "Mutable"
        },
        "CodeS3Location": {
          "Required": false,
          "Documentation": "http://docs.aws.amazon.com/AWSCloudFormation/latest/UserGuide/aws-resource-appsync-resolver.html#cfn-appsync-resolver-codes3location",
          "PrimitiveType": "String",
          "UpdateType": "Mutable"
        },
        "DataSourceName": {
          "Required": false,
          "Documentation": "http://docs.aws.amazon.com/AWSCloudFormation/latest/UserGuide/aws-resource-appsync-resolver.html#cfn-appsync-resolver-datasourcename",
          "PrimitiveType": "String",
          "UpdateType": "Mutable"
        },
        "Kind": {
          "Required": false,
          "Documentation": "http://docs.aws.amazon.com/AWSCloudFormation/latest/UserGuide/aws-resource-appsync-resolver.html#cfn-appsync-resolver-kind",
          "PrimitiveType": "String",
          "UpdateType": "Mutable"
        },
        "CachingConfig": {
          "Type": "CachingConfig",
          "Required": false,
          "Documentation": "http://docs.aws.amazon.com/AWSCloudFormation/latest/UserGuide/aws-resource-appsync-resolver.html#cfn-appsync-resolver-cachingconfig",
          "UpdateType": "Mutable"
        },
        "RequestMappingTemplateS3Location": {
          "Required": false,
          "Documentation": "http://docs.aws.amazon.com/AWSCloudFormation/latest/UserGuide/aws-resource-appsync-resolver.html#cfn-appsync-resolver-requestmappingtemplates3location",
          "PrimitiveType": "String",
          "UpdateType": "Mutable"
        },
        "ApiId": {
          "Required": true,
          "Documentation": "http://docs.aws.amazon.com/AWSCloudFormation/latest/UserGuide/aws-resource-appsync-resolver.html#cfn-appsync-resolver-apiid",
          "PrimitiveType": "String",
          "UpdateType": "Immutable"
        },
        "FieldName": {
          "Required": true,
          "Documentation": "http://docs.aws.amazon.com/AWSCloudFormation/latest/UserGuide/aws-resource-appsync-resolver.html#cfn-appsync-resolver-fieldname",
          "PrimitiveType": "String",
          "UpdateType": "Immutable"
        }
      }
    }
  },
  "ResourceSpecificationVersion": "114.0.0"
}