{
  "ResourceType": {
    "AWS::AppStream::ApplicationFleetAssociation": {
      "Documentation": "http://docs.aws.amazon.com/AWSCloudFormation/latest/UserGuide/aws-resource-appstream-applicationfleetassociation.html",
      "Properties": {
        "FleetName": {
          "Documentation": "http://docs.aws.amazon.com/AWSCloudFormation/latest/UserGuide/aws-resource-appstream-applicationfleetassociation.html#cfn-appstream-applicationfleetassociation-fleetname",
          "UpdateType": "Immutable",
          "Required": true,
          "PrimitiveType": "String"
        },
        "ApplicationArn": {
          "Documentation": "http://docs.aws.amazon.com/AWSCloudFormation/latest/UserGuide/aws-resource-appstream-applicationfleetassociation.html#cfn-appstream-applicationfleetassociation-applicationarn",
          "UpdateType": "Immutable",
          "Required": true,
          "PrimitiveType": "String"
        }
      }
    }
  },
  "ResourceSpecificationVersion": "114.0.0"
}