{
  "ResourceType": {
    "AWS::AppSync::DomainName": {
      "Documentation": "http://docs.aws.amazon.com/AWSCloudFormation/latest/UserGuide/aws-resource-appsync-domainname.html",
      "Properties": {
        "Description": {
          "Documentation": "http://docs.aws.amazon.com/AWSCloudFormation/latest/UserGuide/aws-resource-appsync-domainname.html#cfn-appsync-domainname-description",
          "UpdateType": "Mutable",
          "Required": false,
          "PrimitiveType": "String"
        },
        "CertificateArn": {
          "Documentation": "http://docs.aws.amazon.com/AWSCloudFormation/latest/UserGuide/aws-resource-appsync-domainname.html#cfn-appsync-domainname-certificatearn",
          "UpdateType": "Immutable",
          "Required": true,
          "PrimitiveType": "String"
        },
        "DomainName": {
          "Documentation": "http://docs.aws.amazon.com/AWSCloudFormation/latest/UserGuide/aws-resource-appsync-domainname.html#cfn-appsync-domainname-domainname",
          "UpdateType": "Immutable",
          "Required": true,
          "PrimitiveType": "String"
        }
      },
      "Attributes": {
        "AppSyncDomainName": {
          "PrimitiveType": "String"
        },
        "DomainName": {
          "PrimitiveType": "String"
        },
        "HostedZoneId": {
          "PrimitiveType": "String"
        }
      }
    }
  },
  "ResourceSpecificationVersion": "114.0.0"
}