{
  "ResourceType": {
    "AWS::AppStream::ApplicationEntitlementAssociation": {
      "Documentation": "http://docs.aws.amazon.com/AWSCloudFormation/latest/UserGuide/aws-resource-appstream-applicationentitlementassociation.html",
      "Properties": {
        "EntitlementName": {
          "Documentation": "http://docs.aws.amazon.com/AWSCloudFormation/latest/UserGuide/aws-resource-appstream-applicationentitlementassociation.html#cfn-appstream-applicationentitlementassociation-entitlementname",
          "UpdateType": "Immutable",
          "Required": true,
          "PrimitiveType": "String"
        },
        "ApplicationIdentifier": {
          "Documentation": "http://docs.aws.amazon.com/AWSCloudFormation/latest/UserGuide/aws-resource-appstream-applicationentitlementassociation.html#cfn-appstream-applicationentitlementassociation-applicationidentifier",
          "UpdateType": "Immutable",
          "Required": true,
          "PrimitiveType": "String"
        },
        "StackName": {
          "Documentation": "http://docs.aws.amazon.com/AWSCloudFormation/latest/UserGuide/aws-resource-appstream-applicationentitlementassociation.html#cfn-appstream-applicationentitlementassociation-stackname",
          "UpdateType": "Immutable",
          "Required": true,
          "PrimitiveType": "String"
        }
      }
    }
  },
  "ResourceSpecificationVersion": "114.0.0"
}