{
  "PropertyTypes": {
    "Alexa::ASK::Skill.AuthenticationConfiguration": {
      "Documentation": "http://docs.aws.amazon.com/AWSCloudFormation/latest/UserGuide/aws-properties-ask-skill-authenticationconfiguration.html",
      "Properties": {
        "RefreshToken": {
          "Required": true,
          "Documentation": "http://docs.aws.amazon.com/AWSCloudFormation/latest/UserGuide/aws-properties-ask-skill-authenticationconfiguration.html#cfn-ask-skill-authenticationconfiguration-refreshtoken",
          "PrimitiveType": "String",
          "UpdateType": "Mutable"
        },
        "ClientSecret": {
          "Required": true,
          "Documentation": "http://docs.aws.amazon.com/AWSCloudFormation/latest/UserGuide/aws-properties-ask-skill-authenticationconfiguration.html#cfn-ask-skill-authenticationconfiguration-clientsecret",
          "PrimitiveType": "String",
          "UpdateType": "Mutable"
        },
        "ClientId": {
          "Required": true,
          "Documentation": "http://docs.aws.amazon.com/AWSCloudFormation/latest/UserGuide/aws-properties-ask-skill-authenticationconfiguration.html#cfn-ask-skill-authenticationconfiguration-clientid",
          "PrimitiveType": "String",
          "UpdateType": "Mutable"
        }
      }
    },
    "Alexa::ASK::Skill.Overrides": {
      "Documentation": "http://docs.aws.amazon.com/AWSCloudFormation/latest/UserGuide/aws-properties-ask-skill-overrides.html",
      "Properties": {
        "Manifest": {
          "Required": false,
          "Documentation": "http://docs.aws.amazon.com/AWSCloudFormation/latest/UserGuide/aws-properties-ask-skill-overrides.html#cfn-ask-skill-overrides-manifest",
          "PrimitiveType": "Json",
          "UpdateType": "Mutable"
        }
      }
    },
    "Alexa::ASK::Skill.SkillPackage": {
      "Documentation": "http://docs.aws.amazon.com/AWSCloudFormation/latest/UserGuide/aws-properties-ask-skill-skillpackage.html",
      "Properties": {
        "S3BucketRole": {
          "Required": false,
          "Documentation": "http://docs.aws.amazon.com/AWSCloudFormation/latest/UserGuide/aws-properties-ask-skill-skillpackage.html#cfn-ask-skill-skillpackage-s3bucketrole",
          "PrimitiveType": "String",
          "UpdateType": "Mutable"
        },
        "S3ObjectVersion": {
          "Required": false,
          "Documentation": "http://docs.aws.amazon.com/AWSCloudFormation/latest/UserGuide/aws-properties-ask-skill-skillpackage.html#cfn-ask-skill-skillpackage-s3objectversion",
          "PrimitiveType": "String",
          "UpdateType": "Mutable"
        },
        "S3Bucket": {
          "Required": true,
          "Documentation": "http://docs.aws.amazon.com/AWSCloudFormation/latest/UserGuide/aws-properties-ask-skill-skillpackage.html#cfn-ask-skill-skillpackage-s3bucket",
          "PrimitiveType": "String",
          "UpdateType": "Mutable"
        },
        "S3Key": {
          "Required": true,
          "Documentation": "http://docs.aws.amazon.com/AWSCloudFormation/latest/UserGuide/aws-properties-ask-skill-skillpackage.html#cfn-ask-skill-skillpackage-s3key",
          "PrimitiveType": "String",
          "UpdateType": "Mutable"
        },
        "Overrides": {
          "Type": "Overrides",
          "Required": false,
          "Documentation": "http://docs.aws.amazon.com/AWSCloudFormation/latest/UserGuide/aws-properties-ask-skill-skillpackage.html#cfn-ask-skill-skillpackage-overrides",
          "UpdateType": "Mutable"
        }
      }
    }
  },
  "ResourceType": {
    "Alexa::ASK::Skill": {
      "Documentation": "http://docs.aws.amazon.com/AWSCloudFormation/latest/UserGuide/aws-resource-ask-skill.html",
      "Properties": {
        "AuthenticationConfiguration": {
          "Type": "AuthenticationConfiguration",
          "Required": true,
          "Documentation": "http://docs.aws.amazon.com/AWSCloudFormation/latest/UserGuide/aws-resource-ask-skill.html#cfn-ask-skill-authenticationconfiguration",
          "UpdateType": "Mutable"
        },
        "VendorId": {
          "Required": true,
          "Documentation": "http://docs.aws.amazon.com/AWSCloudFormation/latest/UserGuide/aws-resource-ask-skill.html#cfn-ask-skill-vendorid",
          "PrimitiveType": "String",
          "UpdateType": "Immutable"
        },
        "SkillPackage": {
          "Type": "SkillPackage",
          "Required": true,
          "Documentation": "http://docs.aws.amazon.com/AWSCloudFormation/latest/UserGuide/aws-resource-ask-skill.html#cfn-ask-skill-skillpackage",
          "UpdateType": "Mutable"
        }
      }
    }
  },
  "ResourceSpecificationVersion": "114.0.0"
}