{
  "PropertyTypes": {
    "AWS::AuditManager::Assessment.Scope": {
      "Documentation": "http://docs.aws.amazon.com/AWSCloudFormation/latest/UserGuide/aws-properties-auditmanager-assessment-scope.html",
      "Properties": {
        "AwsAccounts": {
          "Documentation": "http://docs.aws.amazon.com/AWSCloudFormation/latest/UserGuide/aws-properties-auditmanager-assessment-scope.html#cfn-auditmanager-assessment-scope-awsaccounts",
          "UpdateType": "Mutable",
          "Required": false,
          "Type": "List",
          "ItemType": "AWSAccount",
          "DuplicatesAllowed": true
        },
        "AwsServices": {
          "Documentation": "http://docs.aws.amazon.com/AWSCloudFormation/latest/UserGuide/aws-properties-auditmanager-assessment-scope.html#cfn-auditmanager-assessment-scope-awsservices",
          "UpdateType": "Mutable",
          "Required": false,
          "Type": "List",
          "ItemType": "AWSService",
          "DuplicatesAllowed": true
        }
      }
    },
    "AWS::AuditManager::Assessment.AWSAccount": {
      "Documentation": "http://docs.aws.amazon.com/AWSCloudFormation/latest/UserGuide/aws-properties-auditmanager-assessment-awsaccount.html",
      "Properties": {
        "Id": {
          "Documentation": "http://docs.aws.amazon.com/AWSCloudFormation/latest/UserGuide/aws-properties-auditmanager-assessment-awsaccount.html#cfn-auditmanager-assessment-awsaccount-id",
          "UpdateType": "Conditional",
          "Required": false,
          "PrimitiveType": "String"
        },
        "EmailAddress": {
          "Documentation": "http://docs.aws.amazon.com/AWSCloudFormation/latest/UserGuide/aws-properties-auditmanager-assessment-awsaccount.html#cfn-auditmanager-assessment-awsaccount-emailaddress",
          "UpdateType": "Conditional",
          "Required": false,
          "PrimitiveType": "String"
        },
        "Name": {
          "Documentation": "http://docs.aws.amazon.com/AWSCloudFormation/latest/UserGuide/aws-properties-auditmanager-assessment-awsaccount.html#cfn-auditmanager-assessment-awsaccount-name",
          "UpdateType": "Conditional",
          "Required": false,
          "PrimitiveType": "String"
        }
      }
    },
    "AWS::AuditManager::Assessment.Role": {
      "Documentation": "http://docs.aws.amazon.com/AWSCloudFormation/latest/UserGuide/aws-properties-auditmanager-assessment-role.html",
      "Properties": {
        "RoleType": {
          "Documentation": "http://docs.aws.amazon.com/AWSCloudFormation/latest/UserGuide/aws-properties-auditmanager-assessment-role.html#cfn-auditmanager-assessment-role-roletype",
          "UpdateType": "Mutable",
          "Required": false,
          "PrimitiveType": "String"
        },
        "RoleArn": {
          "Documentation": "http://docs.aws.amazon.com/AWSCloudFormation/latest/UserGuide/aws-properties-auditmanager-assessment-role.html#cfn-auditmanager-assessment-role-rolearn",
          "UpdateType": "Mutable",
          "Required": false,
          "PrimitiveType": "String"
        }
      }
    },
    "AWS::AuditManager::Assessment.Delegation": {
      "Documentation": "http://docs.aws.amazon.com/AWSCloudFormation/latest/UserGuide/aws-properties-auditmanager-assessment-delegation.html",
      "Properties": {
        "Status": {
          "Documentation": "http://docs.aws.amazon.com/AWSCloudFormation/latest/UserGuide/aws-properties-auditmanager-assessment-delegation.html#cfn-auditmanager-assessment-delegation-status",
          "UpdateType": "Mutable",
          "Required": false,
          "PrimitiveType": "String"
        },
        "Comment": {
          "Documentation": "http://docs.aws.amazon.com/AWSCloudFormation/latest/UserGuide/aws-properties-auditmanager-assessment-delegation.html#cfn-auditmanager-assessment-delegation-comment",
          "UpdateType": "Mutable",
          "Required": false,
          "PrimitiveType": "String"
        },
        "CreatedBy": {
          "Documentation": "http://docs.aws.amazon.com/AWSCloudFormation/latest/UserGuide/aws-properties-auditmanager-assessment-delegation.html#cfn-auditmanager-assessment-delegation-createdby",
          "UpdateType": "Mutable",
          "Required": false,
          "PrimitiveType": "String"
        },
        "RoleType": {
          "Documentation": "http://docs.aws.amazon.com/AWSCloudFormation/latest/UserGuide/aws-properties-auditmanager-assessment-delegation.html#cfn-auditmanager-assessment-delegation-roletype",
          "UpdateType": "Mutable",
          "Required": false,
          "PrimitiveType": "String"
        },
        "AssessmentId": {
          "Documentation": "http://docs.aws.amazon.com/AWSCloudFormation/latest/UserGuide/aws-properties-auditmanager-assessment-delegation.html#cfn-auditmanager-assessment-delegation-assessmentid",
          "UpdateType": "Mutable",
          "Required": false,
          "PrimitiveType": "String"
        },
        "CreationTime": {
          "Documentation": "http://docs.aws.amazon.com/AWSCloudFormation/latest/UserGuide/aws-properties-auditmanager-assessment-delegation.html#cfn-auditmanager-assessment-delegation-creationtime",
          "UpdateType": "Mutable",
          "Required": false,
          "PrimitiveType": "Double"
        },
        "LastUpdated": {
          "Documentation": "http://docs.aws.amazon.com/AWSCloudFormation/latest/UserGuide/aws-properties-auditmanager-assessment-delegation.html#cfn-auditmanager-assessment-delegation-lastupdated",
          "UpdateType": "Mutable",
          "Required": false,
          "PrimitiveType": "Double"
        },
        "Id": {
          "Documentation": "http://docs.aws.amazon.com/AWSCloudFormation/latest/UserGuide/aws-properties-auditmanager-assessment-delegation.html#cfn-auditmanager-assessment-delegation-id",
          "UpdateType": "Mutable",
          "Required": false,
          "PrimitiveType": "String"
        },
        "AssessmentName": {
          "Documentation": "http://docs.aws.amazon.com/AWSCloudFormation/latest/UserGuide/aws-properties-auditmanager-assessment-delegation.html#cfn-auditmanager-assessment-delegation-assessmentname",
          "UpdateType": "Mutable",
          "Required": false,
          "PrimitiveType": "String"
        },
        "RoleArn": {
          "Documentation": "http://docs.aws.amazon.com/AWSCloudFormation/latest/UserGuide/aws-properties-auditmanager-assessment-delegation.html#cfn-auditmanager-assessment-delegation-rolearn",
          "UpdateType": "Mutable",
          "Required": false,
          "PrimitiveType": "String"
        },
        "ControlSetId": {
          "Documentation": "http://docs.aws.amazon.com/AWSCloudFormation/latest/UserGuide/aws-properties-auditmanager-assessment-delegation.html#cfn-auditmanager-assessment-delegation-controlsetid",
          "UpdateType": "Mutable",
          "Required": false,
          "PrimitiveType": "String"
        }
      }
    },
    "Tag": {
      "Documentation": "http://docs.aws.amazon.com/AWSCloudFormation/latest/UserGuide/aws-properties-resource-tags.html",
      "Properties": {
        "Value": {
          "Documentation": "http://docs.aws.amazon.com/AWSCloudFormation/latest/UserGuide/aws-properties-resource-tags.html#cfn-resource-tags-value",
          "UpdateType": "Mutable",
          "Required": true,
          "PrimitiveType": "String"
        },
        "Key": {
          "Documentation": "http://docs.aws.amazon.com/AWSCloudFormation/latest/UserGuide/aws-properties-resource-tags.html#cfn-resource-tags-key",
          "UpdateType": "Mutable",
          "Required": true,
          "PrimitiveType": "String"
        }
      }
    },
    "AWS::AuditManager::Assessment.AWSService": {
      "Documentation": "http://docs.aws.amazon.com/AWSCloudFormation/latest/UserGuide/aws-properties-auditmanager-assessment-awsservice.html",
      "Properties": {
        "ServiceName": {
          "Documentation": "http://docs.aws.amazon.com/AWSCloudFormation/latest/UserGuide/aws-properties-auditmanager-assessment-awsservice.html#cfn-auditmanager-assessment-awsservice-servicename",
          "UpdateType": "Mutable",
          "Required": false,
          "PrimitiveType": "String"
        }
      }
    },
    "AWS::AuditManager::Assessment.AssessmentReportsDestination": {
      "Documentation": "http://docs.aws.amazon.com/AWSCloudFormation/latest/UserGuide/aws-properties-auditmanager-assessment-assessmentreportsdestination.html",
      "Properties": {
        "Destination": {
          "Documentation": "http://docs.aws.amazon.com/AWSCloudFormation/latest/UserGuide/aws-properties-auditmanager-assessment-assessmentreportsdestination.html#cfn-auditmanager-assessment-assessmentreportsdestination-destination",
          "UpdateType": "Mutable",
          "Required": false,
          "PrimitiveType": "String"
        },
        "DestinationType": {
          "Documentation": "http://docs.aws.amazon.com/AWSCloudFormation/latest/UserGuide/aws-properties-auditmanager-assessment-assessmentreportsdestination.html#cfn-auditmanager-assessment-assessmentreportsdestination-destinationtype",
          "UpdateType": "Mutable",
          "Required": false,
          "PrimitiveType": "String"
        }
      }
    }
  },
  "ResourceType": {
    "AWS::AuditManager::Assessment": {
      "Documentation": "http://docs.aws.amazon.com/AWSCloudFormation/latest/UserGuide/aws-resource-auditmanager-assessment.html",
      "Properties": {
        "Status": {
          "Documentation": "http://docs.aws.amazon.com/AWSCloudFormation/latest/UserGuide/aws-resource-auditmanager-assessment.html#cfn-auditmanager-assessment-status",
          "UpdateType": "Mutable",
          "Required": false,
          "PrimitiveType": "String"
        },
        "AssessmentReportsDestination": {
          "Documentation": "http://docs.aws.amazon.com/AWSCloudFormation/latest/UserGuide/aws-resource-auditmanager-assessment.html#cfn-auditmanager-assessment-assessmentreportsdestination",
          "UpdateType": "Mutable",
          "Required": false,
          "Type": "AssessmentReportsDestination"
        },
        "Delegations": {
          "Documentation": "http://docs.aws.amazon.com/AWSCloudFormation/latest/UserGuide/aws-resource-auditmanager-assessment.html#cfn-auditmanager-assessment-delegations",
          "UpdateType": "Mutable",
          "Required": false,
          "Type": "List",
          "ItemType": "Delegation",
          "DuplicatesAllowed": true
        },
        "Description": {
          "Documentation": "http://docs.aws.amazon.com/AWSCloudFormation/latest/UserGuide/aws-resource-auditmanager-assessment.html#cfn-auditmanager-assessment-description",
          "UpdateType": "Mutable",
          "Required": false,
          "PrimitiveType": "String"
        },
        "Scope": {
          "Documentation": "http://docs.aws.amazon.com/AWSCloudFormation/latest/UserGuide/aws-resource-auditmanager-assessment.html#cfn-auditmanager-assessment-scope",
          "UpdateType": "Mutable",
          "Required": false,
          "Type": "Scope"
        },
        "AwsAccount": {
          "Documentation": "http://docs.aws.amazon.com/AWSCloudFormation/latest/UserGuide/aws-resource-auditmanager-assessment.html#cfn-auditmanager-assessment-awsaccount",
          "UpdateType": "Immutable",
          "Required": false,
          "Type": "AWSAccount"
        },
        "Roles": {
          "Documentation": "http://docs.aws.amazon.com/AWSCloudFormation/latest/UserGuide/aws-resource-auditmanager-assessment.html#cfn-auditmanager-assessment-roles",
          "UpdateType": "Mutable",
          "Required": false,
          "Type": "List",
          "ItemType": "Role",
          "DuplicatesAllowed": true
        },
        "FrameworkId": {
          "Documentation": "http://docs.aws.amazon.com/AWSCloudFormation/latest/UserGuide/aws-resource-auditmanager-assessment.html#cfn-auditmanager-assessment-frameworkid",
          "UpdateType": "Immutable",
          "Required": false,
          "PrimitiveType": "String"
        },
        "Tags": {
          "Documentation": "http://docs.aws.amazon.com/AWSCloudFormation/latest/UserGuide/aws-resource-auditmanager-assessment.html#cfn-auditmanager-assessment-tags",
          "UpdateType": "Mutable",
          "Required": false,
          "Type": "List",
          "ItemType": "Tag",
          "DuplicatesAllowed": true
        },
        "Name": {
          "Documentation": "http://docs.aws.amazon.com/AWSCloudFormation/latest/UserGuide/aws-resource-auditmanager-assessment.html#cfn-auditmanager-assessment-name",
          "UpdateType": "Mutable",
          "Required": false,
          "PrimitiveType": "String"
        }
      },
      "Attributes": {
        "AssessmentId": {
          "PrimitiveType": "String"
        },
        "CreationTime": {
          "PrimitiveType": "Double"
        },
        "Arn": {
          "PrimitiveType": "String"
        }
      }
    }
  },
  "ResourceSpecificationVersion": "114.0.0"
}