{
  "ResourceType": {
    "AWS::AutoScaling::ScheduledAction": {
      "Documentation": "http://docs.aws.amazon.com/AWSCloudFormation/latest/UserGuide/aws-resource-autoscaling-scheduledaction.html",
      "Properties": {
        "MinSize": {
          "Documentation": "http://docs.aws.amazon.com/AWSCloudFormation/latest/UserGuide/aws-resource-autoscaling-scheduledaction.html#cfn-autoscaling-scheduledaction-minsize",
          "UpdateType": "Mutable",
          "Required": false,
          "PrimitiveType": "Integer"
        },
        "Recurrence": {
          "Documentation": "http://docs.aws.amazon.com/AWSCloudFormation/latest/UserGuide/aws-resource-autoscaling-scheduledaction.html#cfn-autoscaling-scheduledaction-recurrence",
          "UpdateType": "Mutable",
          "Required": false,
          "PrimitiveType": "String"
        },
        "TimeZone": {
          "Documentation": "http://docs.aws.amazon.com/AWSCloudFormation/latest/UserGuide/aws-resource-autoscaling-scheduledaction.html#cfn-autoscaling-scheduledaction-timezone",
          "UpdateType": "Mutable",
          "Required": false,
          "PrimitiveType": "String"
        },
        "EndTime": {
          "Documentation": "http://docs.aws.amazon.com/AWSCloudFormation/latest/UserGuide/aws-resource-autoscaling-scheduledaction.html#cfn-autoscaling-scheduledaction-endtime",
          "UpdateType": "Mutable",
          "Required": false,
          "PrimitiveType": "String"
        },
        "AutoScalingGroupName": {
          "Documentation": "http://docs.aws.amazon.com/AWSCloudFormation/latest/UserGuide/aws-resource-autoscaling-scheduledaction.html#cfn-autoscaling-scheduledaction-autoscalinggroupname",
          "UpdateType": "Immutable",
          "Required": true,
          "PrimitiveType": "String"
        },
        "StartTime": {
          "Documentation": "http://docs.aws.amazon.com/AWSCloudFormation/latest/UserGuide/aws-resource-autoscaling-scheduledaction.html#cfn-autoscaling-scheduledaction-starttime",
          "UpdateType": "Mutable",
          "Required": false,
          "PrimitiveType": "String"
        },
        "DesiredCapacity": {
          "Documentation": "http://docs.aws.amazon.com/AWSCloudFormation/latest/UserGuide/aws-resource-autoscaling-scheduledaction.html#cfn-autoscaling-scheduledaction-desiredcapacity",
          "UpdateType": "Mutable",
          "Required": false,
          "PrimitiveType": "Integer"
        },
        "MaxSize": {
          "Documentation": "http://docs.aws.amazon.com/AWSCloudFormation/latest/UserGuide/aws-resource-autoscaling-scheduledaction.html#cfn-autoscaling-scheduledaction-maxsize",
          "UpdateType": "Mutable",
          "Required": false,
          "PrimitiveType": "Integer"
        }
      },
      "Attributes": {
        "ScheduledActionName": {
          "PrimitiveType": "String"
        }
      }
    }
  },
  "ResourceSpecificationVersion": "114.0.0"
}