{
  "PropertyTypes": {
    "AWS::AutoScaling::AutoScalingGroup.AcceleratorCountRequest": {
      "Documentation": "http://docs.aws.amazon.com/AWSCloudFormation/latest/UserGuide/aws-properties-autoscaling-autoscalinggroup-acceleratorcountrequest.html",
      "Properties": {
        "Max": {
          "Documentation": "http://docs.aws.amazon.com/AWSCloudFormation/latest/UserGuide/aws-properties-autoscaling-autoscalinggroup-acceleratorcountrequest.html#cfn-autoscaling-autoscalinggroup-acceleratorcountrequest-max",
          "PrimitiveType": "Integer",
          "Required": false,
          "UpdateType": "Mutable"
        },
        "Min": {
          "Documentation": "http://docs.aws.amazon.com/AWSCloudFormation/latest/UserGuide/aws-properties-autoscaling-autoscalinggroup-acceleratorcountrequest.html#cfn-autoscaling-autoscalinggroup-acceleratorcountrequest-min",
          "PrimitiveType": "Integer",
          "Required": false,
          "UpdateType": "Mutable"
        }
      }
    },
    "AWS::AutoScaling::AutoScalingGroup.AcceleratorTotalMemoryMiBRequest": {
      "Documentation": "http://docs.aws.amazon.com/AWSCloudFormation/latest/UserGuide/aws-properties-autoscaling-autoscalinggroup-acceleratortotalmemorymibrequest.html",
      "Properties": {
        "Max": {
          "Documentation": "http://docs.aws.amazon.com/AWSCloudFormation/latest/UserGuide/aws-properties-autoscaling-autoscalinggroup-acceleratortotalmemorymibrequest.html#cfn-autoscaling-autoscalinggroup-acceleratortotalmemorymibrequest-max",
          "PrimitiveType": "Integer",
          "Required": false,
          "UpdateType": "Mutable"
        },
        "Min": {
          "Documentation": "http://docs.aws.amazon.com/AWSCloudFormation/latest/UserGuide/aws-properties-autoscaling-autoscalinggroup-acceleratortotalmemorymibrequest.html#cfn-autoscaling-autoscalinggroup-acceleratortotalmemorymibrequest-min",
          "PrimitiveType": "Integer",
          "Required": false,
          "UpdateType": "Mutable"
        }
      }
    },
    "AWS::AutoScaling::AutoScalingGroup.BaselineEbsBandwidthMbpsRequest": {
      "Documentation": "http://docs.aws.amazon.com/AWSCloudFormation/latest/UserGuide/aws-properties-autoscaling-autoscalinggroup-baselineebsbandwidthmbpsrequest.html",
      "Properties": {
        "Max": {
          "Documentation": "http://docs.aws.amazon.com/AWSCloudFormation/latest/UserGuide/aws-properties-autoscaling-autoscalinggroup-baselineebsbandwidthmbpsrequest.html#cfn-autoscaling-autoscalinggroup-baselineebsbandwidthmbpsrequest-max",
          "PrimitiveType": "Integer",
          "Required": false,
          "UpdateType": "Mutable"
        },
        "Min": {
          "Documentation": "http://docs.aws.amazon.com/AWSCloudFormation/latest/UserGuide/aws-properties-autoscaling-autoscalinggroup-baselineebsbandwidthmbpsrequest.html#cfn-autoscaling-autoscalinggroup-baselineebsbandwidthmbpsrequest-min",
          "PrimitiveType": "Integer",
          "Required": false,
          "UpdateType": "Mutable"
        }
      }
    },
    "AWS::AutoScaling::AutoScalingGroup.InstanceRequirements": {
      "Documentation": "http://docs.aws.amazon.com/AWSCloudFormation/latest/UserGuide/cfn-as-mixedinstancespolicy-instancerequirements.html",
      "Properties": {
        "AcceleratorCount": {
          "Documentation": "http://docs.aws.amazon.com/AWSCloudFormation/latest/UserGuide/cfn-as-mixedinstancespolicy-instancerequirements.html#cfn-autoscaling-autoscalinggroup-instancerequirements-acceleratorcount",
          "Required": false,
          "Type": "AcceleratorCountRequest",
          "UpdateType": "Mutable"
        },
        "AcceleratorManufacturers": {
          "Documentation": "http://docs.aws.amazon.com/AWSCloudFormation/latest/UserGuide/cfn-as-mixedinstancespolicy-instancerequirements.html#cfn-autoscaling-autoscalinggroup-instancerequirements-acceleratormanufacturers",
          "DuplicatesAllowed": false,
          "PrimitiveItemType": "String",
          "Required": false,
          "Type": "List",
          "UpdateType": "Mutable"
        },
        "AcceleratorNames": {
          "Documentation": "http://docs.aws.amazon.com/AWSCloudFormation/latest/UserGuide/cfn-as-mixedinstancespolicy-instancerequirements.html#cfn-autoscaling-autoscalinggroup-instancerequirements-acceleratornames",
          "DuplicatesAllowed": false,
          "PrimitiveItemType": "String",
          "Required": false,
          "Type": "List",
          "UpdateType": "Mutable"
        },
        "AcceleratorTotalMemoryMiB": {
          "Documentation": "http://docs.aws.amazon.com/AWSCloudFormation/latest/UserGuide/cfn-as-mixedinstancespolicy-instancerequirements.html#cfn-autoscaling-autoscalinggroup-instancerequirements-acceleratortotalmemorymib",
          "Required": false,
          "Type": "AcceleratorTotalMemoryMiBRequest",
          "UpdateType": "Mutable"
        },
        "AcceleratorTypes": {
          "Documentation": "http://docs.aws.amazon.com/AWSCloudFormation/latest/UserGuide/cfn-as-mixedinstancespolicy-instancerequirements.html#cfn-autoscaling-autoscalinggroup-instancerequirements-acceleratortypes",
          "DuplicatesAllowed": false,
          "PrimitiveItemType": "String",
          "Required": false,
          "Type": "List",
          "UpdateType": "Mutable"
        },
        "AllowedInstanceTypes": {
          "Documentation": "http://docs.aws.amazon.com/AWSCloudFormation/latest/UserGuide/cfn-as-mixedinstancespolicy-instancerequirements.html#cfn-autoscaling-autoscalinggroup-instancerequirements-allowedinstancetypes",
          "DuplicatesAllowed": false,
          "PrimitiveItemType": "String",
          "Required": false,
          "Type": "List",
          "UpdateType": "Mutable"
        },
        "BareMetal": {
          "Documentation": "http://docs.aws.amazon.com/AWSCloudFormation/latest/UserGuide/cfn-as-mixedinstancespolicy-instancerequirements.html#cfn-autoscaling-autoscalinggroup-instancerequirements-baremetal",
          "PrimitiveType": "String",
          "Required": false,
          "UpdateType": "Mutable"
        },
        "BaselineEbsBandwidthMbps": {
          "Documentation": "http://docs.aws.amazon.com/AWSCloudFormation/latest/UserGuide/cfn-as-mixedinstancespolicy-instancerequirements.html#cfn-autoscaling-autoscalinggroup-instancerequirements-baselineebsbandwidthmbps",
          "Required": false,
          "Type": "BaselineEbsBandwidthMbpsRequest",
          "UpdateType": "Mutable"
        },
        "BurstablePerformance": {
          "Documentation": "http://docs.aws.amazon.com/AWSCloudFormation/latest/UserGuide/cfn-as-mixedinstancespolicy-instancerequirements.html#cfn-autoscaling-autoscalinggroup-instancerequirements-burstableperformance",
          "PrimitiveType": "String",
          "Required": false,
          "UpdateType": "Mutable"
        },
        "CpuManufacturers": {
          "Documentation": "http://docs.aws.amazon.com/AWSCloudFormation/latest/UserGuide/cfn-as-mixedinstancespolicy-instancerequirements.html#cfn-autoscaling-autoscalinggroup-instancerequirements-cpumanufacturers",
          "DuplicatesAllowed": false,
          "PrimitiveItemType": "String",
          "Required": false,
          "Type": "List",
          "UpdateType": "Mutable"
        },
        "ExcludedInstanceTypes": {
          "Documentation": "http://docs.aws.amazon.com/AWSCloudFormation/latest/UserGuide/cfn-as-mixedinstancespolicy-instancerequirements.html#cfn-autoscaling-autoscalinggroup-instancerequirements-excludedinstancetypes",
          "DuplicatesAllowed": false,
          "PrimitiveItemType": "String",
          "Required": false,
          "Type": "List",
          "UpdateType": "Mutable"
        },
        "InstanceGenerations": {
          "Documentation": "http://docs.aws.amazon.com/AWSCloudFormation/latest/UserGuide/cfn-as-mixedinstancespolicy-instancerequirements.html#cfn-autoscaling-autoscalinggroup-instancerequirements-instancegenerations",
          "DuplicatesAllowed": false,
          "PrimitiveItemType": "String",
          "Required": false,
          "Type": "List",
          "UpdateType": "Mutable"
        },
        "LocalStorage": {
          "Documentation": "http://docs.aws.amazon.com/AWSCloudFormation/latest/UserGuide/cfn-as-mixedinstancespolicy-instancerequirements.html#cfn-autoscaling-autoscalinggroup-instancerequirements-localstorage",
          "PrimitiveType": "String",
          "Required": false,
          "UpdateType": "Mutable"
        },
        "LocalStorageTypes": {
          "Documentation": "http://docs.aws.amazon.com/AWSCloudFormation/latest/UserGuide/cfn-as-mixedinstancespolicy-instancerequirements.html#cfn-autoscaling-autoscalinggroup-instancerequirements-localstoragetypes",
          "DuplicatesAllowed": false,
          "PrimitiveItemType": "String",
          "Required": false,
          "Type": "List",
          "UpdateType": "Mutable"
        },
        "MemoryGiBPerVCpu": {
          "Documentation": "http://docs.aws.amazon.com/AWSCloudFormation/latest/UserGuide/cfn-as-mixedinstancespolicy-instancerequirements.html#cfn-autoscaling-autoscalinggroup-instancerequirements-memorygibpervcpu",
          "Required": false,
          "Type": "MemoryGiBPerVCpuRequest",
          "UpdateType": "Mutable"
        },
        "MemoryMiB": {
          "Documentation": "http://docs.aws.amazon.com/AWSCloudFormation/latest/UserGuide/cfn-as-mixedinstancespolicy-instancerequirements.html#cfn-autoscaling-autoscalinggroup-instancerequirements-memorymib",
          "Required": false,
          "Type": "MemoryMiBRequest",
          "UpdateType": "Mutable"
        },
        "NetworkBandwidthGbps": {
          "Documentation": "http://docs.aws.amazon.com/AWSCloudFormation/latest/UserGuide/cfn-as-mixedinstancespolicy-instancerequirements.html#cfn-autoscaling-autoscalinggroup-instancerequirements-networkbandwidthgbps",
          "Required": false,
          "Type": "NetworkBandwidthGbpsRequest",
          "UpdateType": "Mutable"
        },
        "NetworkInterfaceCount": {
          "Documentation": "http://docs.aws.amazon.com/AWSCloudFormation/latest/UserGuide/cfn-as-mixedinstancespolicy-instancerequirements.html#cfn-autoscaling-autoscalinggroup-instancerequirements-networkinterfacecount",
          "Required": false,
          "Type": "NetworkInterfaceCountRequest",
          "UpdateType": "Mutable"
        },
        "OnDemandMaxPricePercentageOverLowestPrice": {
          "Documentation": "http://docs.aws.amazon.com/AWSCloudFormation/latest/UserGuide/cfn-as-mixedinstancespolicy-instancerequirements.html#cfn-autoscaling-autoscalinggroup-instancerequirements-ondemandmaxpricepercentageoverlowestprice",
          "PrimitiveType": "Integer",
          "Required": false,
          "UpdateType": "Mutable"
        },
        "RequireHibernateSupport": {
          "Documentation": "http://docs.aws.amazon.com/AWSCloudFormation/latest/UserGuide/cfn-as-mixedinstancespolicy-instancerequirements.html#cfn-autoscaling-autoscalinggroup-instancerequirements-requirehibernatesupport",
          "PrimitiveType": "Boolean",
          "Required": false,
          "UpdateType": "Mutable"
        },
        "SpotMaxPricePercentageOverLowestPrice": {
          "Documentation": "http://docs.aws.amazon.com/AWSCloudFormation/latest/UserGuide/cfn-as-mixedinstancespolicy-instancerequirements.html#cfn-autoscaling-autoscalinggroup-instancerequirements-spotmaxpricepercentageoverlowestprice",
          "PrimitiveType": "Integer",
          "Required": false,
          "UpdateType": "Mutable"
        },
        "TotalLocalStorageGB": {
          "Documentation": "http://docs.aws.amazon.com/AWSCloudFormation/latest/UserGuide/cfn-as-mixedinstancespolicy-instancerequirements.html#cfn-autoscaling-autoscalinggroup-instancerequirements-totallocalstoragegb",
          "Required": false,
          "Type": "TotalLocalStorageGBRequest",
          "UpdateType": "Mutable"
        },
        "VCpuCount": {
          "Documentation": "http://docs.aws.amazon.com/AWSCloudFormation/latest/UserGuide/cfn-as-mixedinstancespolicy-instancerequirements.html#cfn-autoscaling-autoscalinggroup-instancerequirements-vcpucount",
          "Required": false,
          "Type": "VCpuCountRequest",
          "UpdateType": "Mutable"
        }
      }
    },
    "AWS::AutoScaling::AutoScalingGroup.InstancesDistribution": {
      "Documentation": "http://docs.aws.amazon.com/AWSCloudFormation/latest/UserGuide/cfn-as-mixedinstancespolicy-instancesdistribution.html",
      "Properties": {
        "OnDemandAllocationStrategy": {
          "Documentation": "http://docs.aws.amazon.com/AWSCloudFormation/latest/UserGuide/cfn-as-mixedinstancespolicy-instancesdistribution.html#cfn-autoscaling-autoscalinggroup-instancesdistribution-ondemandallocationstrategy",
          "PrimitiveType": "String",
          "Required": false,
          "UpdateType": "Mutable"
        },
        "OnDemandBaseCapacity": {
          "Documentation": "http://docs.aws.amazon.com/AWSCloudFormation/latest/UserGuide/cfn-as-mixedinstancespolicy-instancesdistribution.html#cfn-autoscaling-autoscalinggroup-instancesdistribution-ondemandbasecapacity",
          "PrimitiveType": "Integer",
          "Required": false,
          "UpdateType": "Mutable"
        },
        "OnDemandPercentageAboveBaseCapacity": {
          "Documentation": "http://docs.aws.amazon.com/AWSCloudFormation/latest/UserGuide/cfn-as-mixedinstancespolicy-instancesdistribution.html#cfn-autoscaling-autoscalinggroup-instancesdistribution-ondemandpercentageabovebasecapacity",
          "PrimitiveType": "Integer",
          "Required": false,
          "UpdateType": "Mutable"
        },
        "SpotAllocationStrategy": {
          "Documentation": "http://docs.aws.amazon.com/AWSCloudFormation/latest/UserGuide/cfn-as-mixedinstancespolicy-instancesdistribution.html#cfn-autoscaling-autoscalinggroup-instancesdistribution-spotallocationstrategy",
          "PrimitiveType": "String",
          "Required": false,
          "UpdateType": "Mutable"
        },
        "SpotInstancePools": {
          "Documentation": "http://docs.aws.amazon.com/AWSCloudFormation/latest/UserGuide/cfn-as-mixedinstancespolicy-instancesdistribution.html#cfn-autoscaling-autoscalinggroup-instancesdistribution-spotinstancepools",
          "PrimitiveType": "Integer",
          "Required": false,
          "UpdateType": "Mutable"
        },
        "SpotMaxPrice": {
          "Documentation": "http://docs.aws.amazon.com/AWSCloudFormation/latest/UserGuide/cfn-as-mixedinstancespolicy-instancesdistribution.html#cfn-autoscaling-autoscalinggroup-instancesdistribution-spotmaxprice",
          "PrimitiveType": "String",
          "Required": false,
          "UpdateType": "Mutable"
        }
      }
    },
    "AWS::AutoScaling::AutoScalingGroup.LaunchTemplate": {
      "Documentation": "http://docs.aws.amazon.com/AWSCloudFormation/latest/UserGuide/cfn-as-mixedinstancespolicy-launchtemplate.html",
      "Properties": {
        "LaunchTemplateSpecification": {
          "Documentation": "http://docs.aws.amazon.com/AWSCloudFormation/latest/UserGuide/cfn-as-mixedinstancespolicy-launchtemplate.html#cfn-as-group-launchtemplate",
          "Required": true,
          "Type": "LaunchTemplateSpecification",
          "UpdateType": "Mutable"
        },
        "Overrides": {
          "Documentation": "http://docs.aws.amazon.com/AWSCloudFormation/latest/UserGuide/cfn-as-mixedinstancespolicy-launchtemplate.html#cfn-as-mixedinstancespolicy-overrides",
          "DuplicatesAllowed": false,
          "ItemType": "LaunchTemplateOverrides",
          "Required": false,
          "Type": "List",
          "UpdateType": "Mutable"
        }
      }
    },
    "AWS::AutoScaling::AutoScalingGroup.LaunchTemplateOverrides": {
      "Documentation": "http://docs.aws.amazon.com/AWSCloudFormation/latest/UserGuide/cfn-as-mixedinstancespolicy-launchtemplateoverrides.html",
      "Properties": {
        "InstanceRequirements": {
          "Documentation": "http://docs.aws.amazon.com/AWSCloudFormation/latest/UserGuide/cfn-as-mixedinstancespolicy-launchtemplateoverrides.html#cfn-as-mixedinstancespolicy-instancerequirements",
          "Required": false,
          "Type": "InstanceRequirements",
          "UpdateType": "Mutable"
        },
        "InstanceType": {
          "Documentation": "http://docs.aws.amazon.com/AWSCloudFormation/latest/UserGuide/cfn-as-mixedinstancespolicy-launchtemplateoverrides.html#cfn-autoscaling-autoscalinggroup-launchtemplateoverrides-instancetype",
          "PrimitiveType": "String",
          "Required": false,
          "UpdateType": "Mutable"
        },
        "LaunchTemplateSpecification": {
          "Documentation": "http://docs.aws.amazon.com/AWSCloudFormation/latest/UserGuide/cfn-as-mixedinstancespolicy-launchtemplateoverrides.html#cfn-autoscaling-autoscalinggroup-launchtemplateoverrides-launchtemplatespecification",
          "Required": false,
          "Type": "LaunchTemplateSpecification",
          "UpdateType": "Mutable"
        },
        "WeightedCapacity": {
          "Documentation": "http://docs.aws.amazon.com/AWSCloudFormation/latest/UserGuide/cfn-as-mixedinstancespolicy-launchtemplateoverrides.html#cfn-autoscaling-autoscalinggroup-launchtemplateoverrides-weightedcapacity",
          "PrimitiveType": "String",
          "Required": false,
          "UpdateType": "Mutable"
        }
      }
    },
    "AWS::AutoScaling::AutoScalingGroup.LaunchTemplateSpecification": {
      "Documentation": "http://docs.aws.amazon.com/AWSCloudFormation/latest/UserGuide/aws-properties-autoscaling-autoscalinggroup-launchtemplatespecification.html",
      "Properties": {
        "LaunchTemplateId": {
          "Documentation": "http://docs.aws.amazon.com/AWSCloudFormation/latest/UserGuide/aws-properties-autoscaling-autoscalinggroup-launchtemplatespecification.html#cfn-autoscaling-autoscalinggroup-launchtemplatespecification-launchtemplateid",
          "PrimitiveType": "String",
          "Required": false,
          "UpdateType": "Mutable"
        },
        "LaunchTemplateName": {
          "Documentation": "http://docs.aws.amazon.com/AWSCloudFormation/latest/UserGuide/aws-properties-autoscaling-autoscalinggroup-launchtemplatespecification.html#cfn-autoscaling-autoscalinggroup-launchtemplatespecification-launchtemplatename",
          "PrimitiveType": "String",
          "Required": false,
          "UpdateType": "Mutable"
        },
        "Version": {
          "Documentation": "http://docs.aws.amazon.com/AWSCloudFormation/latest/UserGuide/aws-properties-autoscaling-autoscalinggroup-launchtemplatespecification.html#cfn-autoscaling-autoscalinggroup-launchtemplatespecification-version",
          "PrimitiveType": "String",
          "Required": true,
          "UpdateType": "Mutable"
        }
      }
    },
    "AWS::AutoScaling::AutoScalingGroup.LifecycleHookSpecification": {
      "Documentation": "http://docs.aws.amazon.com/AWSCloudFormation/latest/UserGuide/aws-properties-autoscaling-autoscalinggroup-lifecyclehookspecification.html",
      "Properties": {
        "DefaultResult": {
          "Documentation": "http://docs.aws.amazon.com/AWSCloudFormation/latest/UserGuide/aws-properties-autoscaling-autoscalinggroup-lifecyclehookspecification.html#cfn-autoscaling-autoscalinggroup-lifecyclehookspecification-defaultresult",
          "PrimitiveType": "String",
          "Required": false,
          "UpdateType": "Mutable"
        },
        "HeartbeatTimeout": {
          "Documentation": "http://docs.aws.amazon.com/AWSCloudFormation/latest/UserGuide/aws-properties-autoscaling-autoscalinggroup-lifecyclehookspecification.html#cfn-autoscaling-autoscalinggroup-lifecyclehookspecification-heartbeattimeout",
          "PrimitiveType": "Integer",
          "Required": false,
          "UpdateType": "Mutable"
        },
        "LifecycleHookName": {
          "Documentation": "http://docs.aws.amazon.com/AWSCloudFormation/latest/UserGuide/aws-properties-autoscaling-autoscalinggroup-lifecyclehookspecification.html#cfn-autoscaling-autoscalinggroup-lifecyclehookspecification-lifecyclehookname",
          "PrimitiveType": "String",
          "Required": true,
          "UpdateType": "Mutable"
        },
        "LifecycleTransition": {
          "Documentation": "http://docs.aws.amazon.com/AWSCloudFormation/latest/UserGuide/aws-properties-autoscaling-autoscalinggroup-lifecyclehookspecification.html#cfn-autoscaling-autoscalinggroup-lifecyclehookspecification-lifecycletransition",
          "PrimitiveType": "String",
          "Required": true,
          "UpdateType": "Mutable"
        },
        "NotificationMetadata": {
          "Documentation": "http://docs.aws.amazon.com/AWSCloudFormation/latest/UserGuide/aws-properties-autoscaling-autoscalinggroup-lifecyclehookspecification.html#cfn-autoscaling-autoscalinggroup-lifecyclehookspecification-notificationmetadata",
          "PrimitiveType": "String",
          "Required": false,
          "UpdateType": "Mutable"
        },
        "NotificationTargetARN": {
          "Documentation": "http://docs.aws.amazon.com/AWSCloudFormation/latest/UserGuide/aws-properties-autoscaling-autoscalinggroup-lifecyclehookspecification.html#cfn-autoscaling-autoscalinggroup-lifecyclehookspecification-notificationtargetarn",
          "PrimitiveType": "String",
          "Required": false,
          "UpdateType": "Mutable"
        },
        "RoleARN": {
          "Documentation": "http://docs.aws.amazon.com/AWSCloudFormation/latest/UserGuide/aws-properties-autoscaling-autoscalinggroup-lifecyclehookspecification.html#cfn-autoscaling-autoscalinggroup-lifecyclehookspecification-rolearn",
          "PrimitiveType": "String",
          "Required": false,
          "UpdateType": "Mutable"
        }
      }
    },
    "AWS::AutoScaling::AutoScalingGroup.MemoryGiBPerVCpuRequest": {
      "Documentation": "http://docs.aws.amazon.com/AWSCloudFormation/latest/UserGuide/aws-properties-autoscaling-autoscalinggroup-memorygibpervcpurequest.html",
      "Properties": {
        "Max": {
          "Documentation": "http://docs.aws.amazon.com/AWSCloudFormation/latest/UserGuide/aws-properties-autoscaling-autoscalinggroup-memorygibpervcpurequest.html#cfn-autoscaling-autoscalinggroup-memorygibpervcpurequest-max",
          "PrimitiveType": "Integer",
          "Required": false,
          "UpdateType": "Mutable"
        },
        "Min": {
          "Documentation": "http://docs.aws.amazon.com/AWSCloudFormation/latest/UserGuide/aws-properties-autoscaling-autoscalinggroup-memorygibpervcpurequest.html#cfn-autoscaling-autoscalinggroup-memorygibpervcpurequest-min",
          "PrimitiveType": "Integer",
          "Required": false,
          "UpdateType": "Mutable"
        }
      }
    },
    "AWS::AutoScaling::AutoScalingGroup.MemoryMiBRequest": {
      "Documentation": "http://docs.aws.amazon.com/AWSCloudFormation/latest/UserGuide/aws-properties-autoscaling-autoscalinggroup-memorymibrequest.html",
      "Properties": {
        "Max": {
          "Documentation": "http://docs.aws.amazon.com/AWSCloudFormation/latest/UserGuide/aws-properties-autoscaling-autoscalinggroup-memorymibrequest.html#cfn-autoscaling-autoscalinggroup-memorymibrequest-max",
          "PrimitiveType": "Integer",
          "Required": false,
          "UpdateType": "Mutable"
        },
        "Min": {
          "Documentation": "http://docs.aws.amazon.com/AWSCloudFormation/latest/UserGuide/aws-properties-autoscaling-autoscalinggroup-memorymibrequest.html#cfn-autoscaling-autoscalinggroup-memorymibrequest-min",
          "PrimitiveType": "Integer",
          "Required": false,
          "UpdateType": "Mutable"
        }
      }
    },
    "AWS::AutoScaling::AutoScalingGroup.MetricsCollection": {
      "Documentation": "http://docs.aws.amazon.com/AWSCloudFormation/latest/UserGuide/aws-properties-as-metricscollection.html",
      "Properties": {
        "Granularity": {
          "Documentation": "http://docs.aws.amazon.com/AWSCloudFormation/latest/UserGuide/aws-properties-as-metricscollection.html#cfn-as-metricscollection-granularity",
          "PrimitiveType": "String",
          "Required": true,
          "UpdateType": "Mutable"
        },
        "Metrics": {
          "Documentation": "http://docs.aws.amazon.com/AWSCloudFormation/latest/UserGuide/aws-properties-as-metricscollection.html#cfn-as-metricscollection-metrics",
          "DuplicatesAllowed": true,
          "PrimitiveItemType": "String",
          "Required": false,
          "Type": "List",
          "UpdateType": "Mutable"
        }
      }
    },
    "AWS::AutoScaling::AutoScalingGroup.MixedInstancesPolicy": {
      "Documentation": "http://docs.aws.amazon.com/AWSCloudFormation/latest/UserGuide/cfn-as-group-mixedinstancespolicy.html",
      "Properties": {
        "InstancesDistribution": {
          "Documentation": "http://docs.aws.amazon.com/AWSCloudFormation/latest/UserGuide/cfn-as-group-mixedinstancespolicy.html#cfn-as-mixedinstancespolicy-instancesdistribution",
          "Required": false,
          "Type": "InstancesDistribution",
          "UpdateType": "Mutable"
        },
        "LaunchTemplate": {
          "Documentation": "http://docs.aws.amazon.com/AWSCloudFormation/latest/UserGuide/cfn-as-group-mixedinstancespolicy.html#cfn-as-mixedinstancespolicy-launchtemplate",
          "Required": true,
          "Type": "LaunchTemplate",
          "UpdateType": "Mutable"
        }
      }
    },
    "AWS::AutoScaling::AutoScalingGroup.NetworkBandwidthGbpsRequest": {
      "Documentation": "http://docs.aws.amazon.com/AWSCloudFormation/latest/UserGuide/aws-properties-autoscaling-autoscalinggroup-networkbandwidthgbpsrequest.html",
      "Properties": {
        "Max": {
          "Documentation": "http://docs.aws.amazon.com/AWSCloudFormation/latest/UserGuide/aws-properties-autoscaling-autoscalinggroup-networkbandwidthgbpsrequest.html#cfn-autoscaling-autoscalinggroup-networkbandwidthgbpsrequest-max",
          "PrimitiveType": "Double",
          "Required": false,
          "UpdateType": "Mutable"
        },
        "Min": {
          "Documentation": "http://docs.aws.amazon.com/AWSCloudFormation/latest/UserGuide/aws-properties-autoscaling-autoscalinggroup-networkbandwidthgbpsrequest.html#cfn-autoscaling-autoscalinggroup-networkbandwidthgbpsrequest-min",
          "PrimitiveType": "Double",
          "Required": false,
          "UpdateType": "Mutable"
        }
      }
    },
    "AWS::AutoScaling::AutoScalingGroup.NetworkInterfaceCountRequest": {
      "Documentation": "http://docs.aws.amazon.com/AWSCloudFormation/latest/UserGuide/aws-properties-autoscaling-autoscalinggroup-networkinterfacecountrequest.html",
      "Properties": {
        "Max": {
          "Documentation": "http://docs.aws.amazon.com/AWSCloudFormation/latest/UserGuide/aws-properties-autoscaling-autoscalinggroup-networkinterfacecountrequest.html#cfn-autoscaling-autoscalinggroup-networkinterfacecountrequest-max",
          "PrimitiveType": "Integer",
          "Required": false,
          "UpdateType": "Mutable"
        },
        "Min": {
          "Documentation": "http://docs.aws.amazon.com/AWSCloudFormation/latest/UserGuide/aws-properties-autoscaling-autoscalinggroup-networkinterfacecountrequest.html#cfn-autoscaling-autoscalinggroup-networkinterfacecountrequest-min",
          "PrimitiveType": "Integer",
          "Required": false,
          "UpdateType": "Mutable"
        }
      }
    },
    "AWS::AutoScaling::AutoScalingGroup.NotificationConfiguration": {
      "Documentation": "http://docs.aws.amazon.com/AWSCloudFormation/latest/UserGuide/aws-properties-as-notificationconfigurations.html",
      "Properties": {
        "NotificationTypes": {
          "Documentation": "http://docs.aws.amazon.com/AWSCloudFormation/latest/UserGuide/aws-properties-as-notificationconfigurations.html#cfn-as-group-notificationconfigurations-notificationtypes",
          "DuplicatesAllowed": true,
          "PrimitiveItemType": "String",
          "Required": false,
          "Type": "List",
          "UpdateType": "Mutable"
        },
        "TopicARN": {
          "Documentation": "http://docs.aws.amazon.com/AWSCloudFormation/latest/UserGuide/aws-properties-as-notificationconfigurations.html#cfn-autoscaling-autoscalinggroup-notificationconfigurations-topicarn",
          "PrimitiveType": "String",
          "Required": true,
          "UpdateType": "Mutable"
        }
      }
    },
    "AWS::AutoScaling::AutoScalingGroup.TagProperty": {
      "Documentation": "http://docs.aws.amazon.com/AWSCloudFormation/latest/UserGuide/aws-properties-as-tags.html",
      "Properties": {
        "Key": {
          "Documentation": "http://docs.aws.amazon.com/AWSCloudFormation/latest/UserGuide/aws-properties-as-tags.html#cfn-as-tags-Key",
          "PrimitiveType": "String",
          "Required": true,
          "UpdateType": "Mutable"
        },
        "PropagateAtLaunch": {
          "Documentation": "http://docs.aws.amazon.com/AWSCloudFormation/latest/UserGuide/aws-properties-as-tags.html#cfn-as-tags-PropagateAtLaunch",
          "PrimitiveType": "Boolean",
          "Required": true,
          "UpdateType": "Mutable"
        },
        "Value": {
          "Documentation": "http://docs.aws.amazon.com/AWSCloudFormation/latest/UserGuide/aws-properties-as-tags.html#cfn-as-tags-Value",
          "PrimitiveType": "String",
          "Required": true,
          "UpdateType": "Mutable"
        }
      }
    },
    "AWS::AutoScaling::AutoScalingGroup.TotalLocalStorageGBRequest": {
      "Documentation": "http://docs.aws.amazon.com/AWSCloudFormation/latest/UserGuide/aws-properties-autoscaling-autoscalinggroup-totallocalstoragegbrequest.html",
      "Properties": {
        "Max": {
          "Documentation": "http://docs.aws.amazon.com/AWSCloudFormation/latest/UserGuide/aws-properties-autoscaling-autoscalinggroup-totallocalstoragegbrequest.html#cfn-autoscaling-autoscalinggroup-totallocalstoragegbrequest-max",
          "PrimitiveType": "Integer",
          "Required": false,
          "UpdateType": "Mutable"
        },
        "Min": {
          "Documentation": "http://docs.aws.amazon.com/AWSCloudFormation/latest/UserGuide/aws-properties-autoscaling-autoscalinggroup-totallocalstoragegbrequest.html#cfn-autoscaling-autoscalinggroup-totallocalstoragegbrequest-min",
          "PrimitiveType": "Integer",
          "Required": false,
          "UpdateType": "Mutable"
        }
      }
    },
    "AWS::AutoScaling::AutoScalingGroup.VCpuCountRequest": {
      "Documentation": "http://docs.aws.amazon.com/AWSCloudFormation/latest/UserGuide/aws-properties-autoscaling-autoscalinggroup-vcpucountrequest.html",
      "Properties": {
        "Max": {
          "Documentation": "http://docs.aws.amazon.com/AWSCloudFormation/latest/UserGuide/aws-properties-autoscaling-autoscalinggroup-vcpucountrequest.html#cfn-autoscaling-autoscalinggroup-vcpucountrequest-max",
          "PrimitiveType": "Integer",
          "Required": false,
          "UpdateType": "Mutable"
        },
        "Min": {
          "Documentation": "http://docs.aws.amazon.com/AWSCloudFormation/latest/UserGuide/aws-properties-autoscaling-autoscalinggroup-vcpucountrequest.html#cfn-autoscaling-autoscalinggroup-vcpucountrequest-min",
          "PrimitiveType": "Integer",
          "Required": false,
          "UpdateType": "Mutable"
        }
      }
    }
  },
  "ResourceType": {
    "AWS::AutoScaling::AutoScalingGroup": {
      "Attributes": {
        "LaunchConfigurationName": {
          "PrimitiveType": "String"
        },
        "LaunchTemplateSpecification": {
          "PrimitiveType": "String"
        },
        "MixedInstancesPolicy": {
          "PrimitiveType": "String"
        },
        "PlacementGroup": {
          "PrimitiveType": "String"
        },
        "VPCZoneIdentifier": {
          "PrimitiveType": "String"
        }
      },
      "Documentation": "http://docs.aws.amazon.com/AWSCloudFormation/latest/UserGuide/aws-properties-as-group.html",
      "Properties": {
        "AutoScalingGroupName": {
          "Documentation": "http://docs.aws.amazon.com/AWSCloudFormation/latest/UserGuide/aws-properties-as-group.html#cfn-autoscaling-autoscalinggroup-autoscalinggroupname",
          "PrimitiveType": "String",
          "Required": false,
          "UpdateType": "Immutable"
        },
        "AvailabilityZones": {
          "Documentation": "http://docs.aws.amazon.com/AWSCloudFormation/latest/UserGuide/aws-properties-as-group.html#cfn-as-group-availabilityzones",
          "DuplicatesAllowed": true,
          "PrimitiveItemType": "String",
          "Required": false,
          "Type": "List",
          "UpdateType": "Mutable"
        },
        "CapacityRebalance": {
          "Documentation": "http://docs.aws.amazon.com/AWSCloudFormation/latest/UserGuide/aws-properties-as-group.html#cfn-as-group-capacityrebalance",
          "PrimitiveType": "Boolean",
          "Required": false,
          "UpdateType": "Mutable"
        },
        "Context": {
          "Documentation": "http://docs.aws.amazon.com/AWSCloudFormation/latest/UserGuide/aws-properties-as-group.html#cfn-as-group-context",
          "PrimitiveType": "String",
          "Required": false,
          "UpdateType": "Mutable"
        },
        "Cooldown": {
          "Documentation": "http://docs.aws.amazon.com/AWSCloudFormation/latest/UserGuide/aws-properties-as-group.html#cfn-as-group-cooldown",
          "PrimitiveType": "String",
          "Required": false,
          "UpdateType": "Mutable"
        },
        "DefaultInstanceWarmup": {
          "Documentation": "http://docs.aws.amazon.com/AWSCloudFormation/latest/UserGuide/aws-properties-as-group.html#cfn-as-group-defaultinstancewarmup",
          "PrimitiveType": "Integer",
          "Required": false,
          "UpdateType": "Mutable"
        },
        "DesiredCapacity": {
          "Documentation": "http://docs.aws.amazon.com/AWSCloudFormation/latest/UserGuide/aws-properties-as-group.html#cfn-as-group-desiredcapacity",
          "PrimitiveType": "String",
          "Required": false,
          "UpdateType": "Mutable"
        },
        "DesiredCapacityType": {
          "Documentation": "http://docs.aws.amazon.com/AWSCloudFormation/latest/UserGuide/aws-properties-as-group.html#cfn-as-group-desiredcapacitytype",
          "PrimitiveType": "String",
          "Required": false,
          "UpdateType": "Mutable"
        },
        "HealthCheckGracePeriod": {
          "Documentation": "http://docs.aws.amazon.com/AWSCloudFormation/latest/UserGuide/aws-properties-as-group.html#cfn-as-group-healthcheckgraceperiod",
          "PrimitiveType": "Integer",
          "Required": false,
          "UpdateType": "Mutable"
        },
        "HealthCheckType": {
          "Documentation": "http://docs.aws.amazon.com/AWSCloudFormation/latest/UserGuide/aws-properties-as-group.html#cfn-as-group-healthchecktype",
          "PrimitiveType": "String",
          "Required": false,
          "UpdateType": "Mutable"
        },
        "InstanceId": {
          "Documentation": "http://docs.aws.amazon.com/AWSCloudFormation/latest/UserGuide/aws-properties-as-group.html#cfn-as-group-instanceid",
          "PrimitiveType": "String",
          "Required": false,
          "UpdateType": "Immutable"
        },
        "LaunchConfigurationName": {
          "Documentation": "http://docs.aws.amazon.com/AWSCloudFormation/latest/UserGuide/aws-properties-as-group.html#cfn-as-group-launchconfigurationname",
          "PrimitiveType": "String",
          "Required": false,
          "UpdateType": "Mutable"
        },
        "LaunchTemplate": {
          "Documentation": "http://docs.aws.amazon.com/AWSCloudFormation/latest/UserGuide/aws-properties-as-group.html#cfn-as-group-launchtemplate",
          "Required": false,
          "Type": "LaunchTemplateSpecification",
          "UpdateType": "Mutable"
        },
        "LifecycleHookSpecificationList": {
          "Documentation": "http://docs.aws.amazon.com/AWSCloudFormation/latest/UserGuide/aws-properties-as-group.html#cfn-autoscaling-autoscalinggroup-lifecyclehookspecificationlist",
          "DuplicatesAllowed": true,
          "ItemType": "LifecycleHookSpecification",
          "Required": false,
          "Type": "List",
          "UpdateType": "Mutable"
        },
        "LoadBalancerNames": {
          "Documentation": "http://docs.aws.amazon.com/AWSCloudFormation/latest/UserGuide/aws-properties-as-group.html#cfn-as-group-loadbalancernames",
          "DuplicatesAllowed": false,
          "PrimitiveItemType": "String",
          "Required": false,
          "Type": "List",
          "UpdateType": "Mutable"
        },
        "MaxInstanceLifetime": {
          "Documentation": "http://docs.aws.amazon.com/AWSCloudFormation/latest/UserGuide/aws-properties-as-group.html#cfn-as-group-maxinstancelifetime",
          "PrimitiveType": "Integer",
          "Required": false,
          "UpdateType": "Mutable"
        },
        "MaxSize": {
          "Documentation": "http://docs.aws.amazon.com/AWSCloudFormation/latest/UserGuide/aws-properties-as-group.html#cfn-as-group-maxsize",
          "PrimitiveType": "String",
          "Required": true,
          "UpdateType": "Mutable"
        },
        "MetricsCollection": {
          "Documentation": "http://docs.aws.amazon.com/AWSCloudFormation/latest/UserGuide/aws-properties-as-group.html#cfn-as-group-metricscollection",
          "DuplicatesAllowed": true,
          "ItemType": "MetricsCollection",
          "Required": false,
          "Type": "List",
          "UpdateType": "Mutable"
        },
        "MinSize": {
          "Documentation": "http://docs.aws.amazon.com/AWSCloudFormation/latest/UserGuide/aws-properties-as-group.html#cfn-as-group-minsize",
          "PrimitiveType": "String",
          "Required": true,
          "UpdateType": "Mutable"
        },
        "MixedInstancesPolicy": {
          "Documentation": "http://docs.aws.amazon.com/AWSCloudFormation/latest/UserGuide/aws-properties-as-group.html#cfn-as-group-mixedinstancespolicy",
          "Required": false,
          "Type": "MixedInstancesPolicy",
          "UpdateType": "Mutable"
        },
        "NewInstancesProtectedFromScaleIn": {
          "Documentation": "http://docs.aws.amazon.com/AWSCloudFormation/latest/UserGuide/aws-properties-as-group.html#cfn-as-group-newinstancesprotectedfromscalein",
          "PrimitiveType": "Boolean",
          "Required": false,
          "UpdateType": "Mutable"
        },
        "NotificationConfigurations": {
          "Documentation": "http://docs.aws.amazon.com/AWSCloudFormation/latest/UserGuide/aws-properties-as-group.html#cfn-as-group-notificationconfigurations",
          "DuplicatesAllowed": true,
          "ItemType": "NotificationConfiguration",
          "Required": false,
          "Type": "List",
          "UpdateType": "Mutable"
        },
        "PlacementGroup": {
          "Documentation": "http://docs.aws.amazon.com/AWSCloudFormation/latest/UserGuide/aws-properties-as-group.html#cfn-as-group-placementgroup",
          "PrimitiveType": "String",
          "Required": false,
          "UpdateType": "Mutable"
        },
        "ServiceLinkedRoleARN": {
          "Documentation": "http://docs.aws.amazon.com/AWSCloudFormation/latest/UserGuide/aws-properties-as-group.html#cfn-autoscaling-autoscalinggroup-servicelinkedrolearn",
          "PrimitiveType": "String",
          "Required": false,
          "UpdateType": "Mutable"
        },
        "Tags": {
          "Documentation": "http://docs.aws.amazon.com/AWSCloudFormation/latest/UserGuide/aws-properties-as-group.html#cfn-as-group-tags",
          "DuplicatesAllowed": true,
          "ItemType": "TagProperty",
          "Required": false,
          "Type": "List",
          "UpdateType": "Mutable"
        },
        "TargetGroupARNs": {
          "Documentation": "http://docs.aws.amazon.com/AWSCloudFormation/latest/UserGuide/aws-properties-as-group.html#cfn-as-group-targetgrouparns",
          "DuplicatesAllowed": false,
          "PrimitiveItemType": "String",
          "Required": false,
          "Type": "List",
          "UpdateType": "Mutable"
        },
        "TerminationPolicies": {
          "Documentation": "http://docs.aws.amazon.com/AWSCloudFormation/latest/UserGuide/aws-properties-as-group.html#cfn-as-group-termpolicy",
          "DuplicatesAllowed": false,
          "PrimitiveItemType": "String",
          "Required": false,
          "Type": "List",
          "UpdateType": "Mutable"
        },
        "VPCZoneIdentifier": {
          "Documentation": "http://docs.aws.amazon.com/AWSCloudFormation/latest/UserGuide/aws-properties-as-group.html#cfn-as-group-vpczoneidentifier",
          "DuplicatesAllowed": true,
          "PrimitiveItemType": "String",
          "Required": false,
          "Type": "List",
          "UpdateType": "Mutable"
        }
      }
    }
  },
  "ResourceSpecificationVersion": "114.0.0"
}