{
  "PropertyTypes": {
    "AWS::AutoScalingPlans::ScalingPlan.TargetTrackingConfiguration": {
      "Documentation": "http://docs.aws.amazon.com/AWSCloudFormation/latest/UserGuide/aws-properties-autoscalingplans-scalingplan-targettrackingconfiguration.html",
      "Properties": {
        "ScaleOutCooldown": {
          "Required": false,
          "Documentation": "http://docs.aws.amazon.com/AWSCloudFormation/latest/UserGuide/aws-properties-autoscalingplans-scalingplan-targettrackingconfiguration.html#cfn-autoscalingplans-scalingplan-targettrackingconfiguration-scaleoutcooldown",
          "PrimitiveType": "Integer",
          "UpdateType": "Mutable"
        },
        "TargetValue": {
          "Required": true,
          "Documentation": "http://docs.aws.amazon.com/AWSCloudFormation/latest/UserGuide/aws-properties-autoscalingplans-scalingplan-targettrackingconfiguration.html#cfn-autoscalingplans-scalingplan-targettrackingconfiguration-targetvalue",
          "PrimitiveType": "Double",
          "UpdateType": "Mutable"
        },
        "PredefinedScalingMetricSpecification": {
          "Type": "PredefinedScalingMetricSpecification",
          "Required": false,
          "Documentation": "http://docs.aws.amazon.com/AWSCloudFormation/latest/UserGuide/aws-properties-autoscalingplans-scalingplan-targettrackingconfiguration.html#cfn-autoscalingplans-scalingplan-targettrackingconfiguration-predefinedscalingmetricspecification",
          "UpdateType": "Mutable"
        },
        "DisableScaleIn": {
          "Required": false,
          "Documentation": "http://docs.aws.amazon.com/AWSCloudFormation/latest/UserGuide/aws-properties-autoscalingplans-scalingplan-targettrackingconfiguration.html#cfn-autoscalingplans-scalingplan-targettrackingconfiguration-disablescalein",
          "PrimitiveType": "Boolean",
          "UpdateType": "Mutable"
        },
        "ScaleInCooldown": {
          "Required": false,
          "Documentation": "http://docs.aws.amazon.com/AWSCloudFormation/latest/UserGuide/aws-properties-autoscalingplans-scalingplan-targettrackingconfiguration.html#cfn-autoscalingplans-scalingplan-targettrackingconfiguration-scaleincooldown",
          "PrimitiveType": "Integer",
          "UpdateType": "Mutable"
        },
        "EstimatedInstanceWarmup": {
          "Required": false,
          "Documentation": "http://docs.aws.amazon.com/AWSCloudFormation/latest/UserGuide/aws-properties-autoscalingplans-scalingplan-targettrackingconfiguration.html#cfn-autoscalingplans-scalingplan-targettrackingconfiguration-estimatedinstancewarmup",
          "PrimitiveType": "Integer",
          "UpdateType": "Mutable"
        },
        "CustomizedScalingMetricSpecification": {
          "Type": "CustomizedScalingMetricSpecification",
          "Required": false,
          "Documentation": "http://docs.aws.amazon.com/AWSCloudFormation/latest/UserGuide/aws-properties-autoscalingplans-scalingplan-targettrackingconfiguration.html#cfn-autoscalingplans-scalingplan-targettrackingconfiguration-customizedscalingmetricspecification",
          "UpdateType": "Mutable"
        }
      }
    },
    "AWS::AutoScalingPlans::ScalingPlan.CustomizedLoadMetricSpecification": {
      "Documentation": "http://docs.aws.amazon.com/AWSCloudFormation/latest/UserGuide/aws-properties-autoscalingplans-scalingplan-customizedloadmetricspecification.html",
      "Properties": {
        "MetricName": {
          "Required": true,
          "Documentation": "http://docs.aws.amazon.com/AWSCloudFormation/latest/UserGuide/aws-properties-autoscalingplans-scalingplan-customizedloadmetricspecification.html#cfn-autoscalingplans-scalingplan-customizedloadmetricspecification-metricname",
          "PrimitiveType": "String",
          "UpdateType": "Mutable"
        },
        "Statistic": {
          "Required": true,
          "Documentation": "http://docs.aws.amazon.com/AWSCloudFormation/latest/UserGuide/aws-properties-autoscalingplans-scalingplan-customizedloadmetricspecification.html#cfn-autoscalingplans-scalingplan-customizedloadmetricspecification-statistic",
          "PrimitiveType": "String",
          "UpdateType": "Mutable"
        },
        "Dimensions": {
          "Type": "List",
          "Required": false,
          "Documentation": "http://docs.aws.amazon.com/AWSCloudFormation/latest/UserGuide/aws-properties-autoscalingplans-scalingplan-customizedloadmetricspecification.html#cfn-autoscalingplans-scalingplan-customizedloadmetricspecification-dimensions",
          "ItemType": "MetricDimension",
          "UpdateType": "Mutable"
        },
        "Unit": {
          "Required": false,
          "Documentation": "http://docs.aws.amazon.com/AWSCloudFormation/latest/UserGuide/aws-properties-autoscalingplans-scalingplan-customizedloadmetricspecification.html#cfn-autoscalingplans-scalingplan-customizedloadmetricspecification-unit",
          "PrimitiveType": "String",
          "UpdateType": "Mutable"
        },
        "Namespace": {
          "Required": true,
          "Documentation": "http://docs.aws.amazon.com/AWSCloudFormation/latest/UserGuide/aws-properties-autoscalingplans-scalingplan-customizedloadmetricspecification.html#cfn-autoscalingplans-scalingplan-customizedloadmetricspecification-namespace",
          "PrimitiveType": "String",
          "UpdateType": "Mutable"
        }
      }
    },
    "AWS::AutoScalingPlans::ScalingPlan.ScalingInstruction": {
      "Documentation": "http://docs.aws.amazon.com/AWSCloudFormation/latest/UserGuide/aws-properties-autoscalingplans-scalingplan-scalinginstruction.html",
      "Properties": {
        "DisableDynamicScaling": {
          "Required": false,
          "Documentation": "http://docs.aws.amazon.com/AWSCloudFormation/latest/UserGuide/aws-properties-autoscalingplans-scalingplan-scalinginstruction.html#cfn-autoscalingplans-scalingplan-scalinginstruction-disabledynamicscaling",
          "PrimitiveType": "Boolean",
          "UpdateType": "Mutable"
        },
        "ServiceNamespace": {
          "Required": true,
          "Documentation": "http://docs.aws.amazon.com/AWSCloudFormation/latest/UserGuide/aws-properties-autoscalingplans-scalingplan-scalinginstruction.html#cfn-autoscalingplans-scalingplan-scalinginstruction-servicenamespace",
          "PrimitiveType": "String",
          "UpdateType": "Mutable"
        },
        "PredictiveScalingMaxCapacityBehavior": {
          "Required": false,
          "Documentation": "http://docs.aws.amazon.com/AWSCloudFormation/latest/UserGuide/aws-properties-autoscalingplans-scalingplan-scalinginstruction.html#cfn-autoscalingplans-scalingplan-scalinginstruction-predictivescalingmaxcapacitybehavior",
          "PrimitiveType": "String",
          "UpdateType": "Mutable"
        },
        "ScalableDimension": {
          "Required": true,
          "Documentation": "http://docs.aws.amazon.com/AWSCloudFormation/latest/UserGuide/aws-properties-autoscalingplans-scalingplan-scalinginstruction.html#cfn-autoscalingplans-scalingplan-scalinginstruction-scalabledimension",
          "PrimitiveType": "String",
          "UpdateType": "Mutable"
        },
        "ScalingPolicyUpdateBehavior": {
          "Required": false,
          "Documentation": "http://docs.aws.amazon.com/AWSCloudFormation/latest/UserGuide/aws-properties-autoscalingplans-scalingplan-scalinginstruction.html#cfn-autoscalingplans-scalingplan-scalinginstruction-scalingpolicyupdatebehavior",
          "PrimitiveType": "String",
          "UpdateType": "Mutable"
        },
        "MinCapacity": {
          "Required": true,
          "Documentation": "http://docs.aws.amazon.com/AWSCloudFormation/latest/UserGuide/aws-properties-autoscalingplans-scalingplan-scalinginstruction.html#cfn-autoscalingplans-scalingplan-scalinginstruction-mincapacity",
          "PrimitiveType": "Integer",
          "UpdateType": "Mutable"
        },
        "TargetTrackingConfigurations": {
          "Type": "List",
          "Required": true,
          "Documentation": "http://docs.aws.amazon.com/AWSCloudFormation/latest/UserGuide/aws-properties-autoscalingplans-scalingplan-scalinginstruction.html#cfn-autoscalingplans-scalingplan-scalinginstruction-targettrackingconfigurations",
          "ItemType": "TargetTrackingConfiguration",
          "UpdateType": "Mutable"
        },
        "PredictiveScalingMaxCapacityBuffer": {
          "Required": false,
          "Documentation": "http://docs.aws.amazon.com/AWSCloudFormation/latest/UserGuide/aws-properties-autoscalingplans-scalingplan-scalinginstruction.html#cfn-autoscalingplans-scalingplan-scalinginstruction-predictivescalingmaxcapacitybuffer",
          "PrimitiveType": "Integer",
          "UpdateType": "Mutable"
        },
        "CustomizedLoadMetricSpecification": {
          "Type": "CustomizedLoadMetricSpecification",
          "Required": false,
          "Documentation": "http://docs.aws.amazon.com/AWSCloudFormation/latest/UserGuide/aws-properties-autoscalingplans-scalingplan-scalinginstruction.html#cfn-autoscalingplans-scalingplan-scalinginstruction-customizedloadmetricspecification",
          "UpdateType": "Mutable"
        },
        "PredefinedLoadMetricSpecification": {
          "Type": "PredefinedLoadMetricSpecification",
          "Required": false,
          "Documentation": "http://docs.aws.amazon.com/AWSCloudFormation/latest/UserGuide/aws-properties-autoscalingplans-scalingplan-scalinginstruction.html#cfn-autoscalingplans-scalingplan-scalinginstruction-predefinedloadmetricspecification",
          "UpdateType": "Mutable"
        },
        "ResourceId": {
          "Required": true,
          "Documentation": "http://docs.aws.amazon.com/AWSCloudFormation/latest/UserGuide/aws-properties-autoscalingplans-scalingplan-scalinginstruction.html#cfn-autoscalingplans-scalingplan-scalinginstruction-resourceid",
          "PrimitiveType": "String",
          "UpdateType": "Mutable"
        },
        "ScheduledActionBufferTime": {
          "Required": false,
          "Documentation": "http://docs.aws.amazon.com/AWSCloudFormation/latest/UserGuide/aws-properties-autoscalingplans-scalingplan-scalinginstruction.html#cfn-autoscalingplans-scalingplan-scalinginstruction-scheduledactionbuffertime",
          "PrimitiveType": "Integer",
          "UpdateType": "Mutable"
        },
        "MaxCapacity": {
          "Required": true,
          "Documentation": "http://docs.aws.amazon.com/AWSCloudFormation/latest/UserGuide/aws-properties-autoscalingplans-scalingplan-scalinginstruction.html#cfn-autoscalingplans-scalingplan-scalinginstruction-maxcapacity",
          "PrimitiveType": "Integer",
          "UpdateType": "Mutable"
        },
        "PredictiveScalingMode": {
          "Required": false,
          "Documentation": "http://docs.aws.amazon.com/AWSCloudFormation/latest/UserGuide/aws-properties-autoscalingplans-scalingplan-scalinginstruction.html#cfn-autoscalingplans-scalingplan-scalinginstruction-predictivescalingmode",
          "PrimitiveType": "String",
          "UpdateType": "Mutable"
        }
      }
    },
    "AWS::AutoScalingPlans::ScalingPlan.ApplicationSource": {
      "Documentation": "http://docs.aws.amazon.com/AWSCloudFormation/latest/UserGuide/aws-properties-autoscalingplans-scalingplan-applicationsource.html",
      "Properties": {
        "CloudFormationStackARN": {
          "Required": false,
          "Documentation": "http://docs.aws.amazon.com/AWSCloudFormation/latest/UserGuide/aws-properties-autoscalingplans-scalingplan-applicationsource.html#cfn-autoscalingplans-scalingplan-applicationsource-cloudformationstackarn",
          "PrimitiveType": "String",
          "UpdateType": "Mutable"
        },
        "TagFilters": {
          "Type": "List",
          "Required": false,
          "Documentation": "http://docs.aws.amazon.com/AWSCloudFormation/latest/UserGuide/aws-properties-autoscalingplans-scalingplan-applicationsource.html#cfn-autoscalingplans-scalingplan-applicationsource-tagfilters",
          "ItemType": "TagFilter",
          "UpdateType": "Mutable"
        }
      }
    },
    "AWS::AutoScalingPlans::ScalingPlan.PredefinedScalingMetricSpecification": {
      "Documentation": "http://docs.aws.amazon.com/AWSCloudFormation/latest/UserGuide/aws-properties-autoscalingplans-scalingplan-predefinedscalingmetricspecification.html",
      "Properties": {
        "ResourceLabel": {
          "Required": false,
          "Documentation": "http://docs.aws.amazon.com/AWSCloudFormation/latest/UserGuide/aws-properties-autoscalingplans-scalingplan-predefinedscalingmetricspecification.html#cfn-autoscalingplans-scalingplan-predefinedscalingmetricspecification-resourcelabel",
          "PrimitiveType": "String",
          "UpdateType": "Mutable"
        },
        "PredefinedScalingMetricType": {
          "Required": true,
          "Documentation": "http://docs.aws.amazon.com/AWSCloudFormation/latest/UserGuide/aws-properties-autoscalingplans-scalingplan-predefinedscalingmetricspecification.html#cfn-autoscalingplans-scalingplan-predefinedscalingmetricspecification-predefinedscalingmetrictype",
          "PrimitiveType": "String",
          "UpdateType": "Mutable"
        }
      }
    },
    "AWS::AutoScalingPlans::ScalingPlan.MetricDimension": {
      "Documentation": "http://docs.aws.amazon.com/AWSCloudFormation/latest/UserGuide/aws-properties-autoscalingplans-scalingplan-metricdimension.html",
      "Properties": {
        "Value": {
          "Required": true,
          "Documentation": "http://docs.aws.amazon.com/AWSCloudFormation/latest/UserGuide/aws-properties-autoscalingplans-scalingplan-metricdimension.html#cfn-autoscalingplans-scalingplan-metricdimension-value",
          "PrimitiveType": "String",
          "UpdateType": "Mutable"
        },
        "Name": {
          "Required": true,
          "Documentation": "http://docs.aws.amazon.com/AWSCloudFormation/latest/UserGuide/aws-properties-autoscalingplans-scalingplan-metricdimension.html#cfn-autoscalingplans-scalingplan-metricdimension-name",
          "PrimitiveType": "String",
          "UpdateType": "Mutable"
        }
      }
    },
    "AWS::AutoScalingPlans::ScalingPlan.CustomizedScalingMetricSpecification": {
      "Documentation": "http://docs.aws.amazon.com/AWSCloudFormation/latest/UserGuide/aws-properties-autoscalingplans-scalingplan-customizedscalingmetricspecification.html",
      "Properties": {
        "MetricName": {
          "Required": true,
          "Documentation": "http://docs.aws.amazon.com/AWSCloudFormation/latest/UserGuide/aws-properties-autoscalingplans-scalingplan-customizedscalingmetricspecification.html#cfn-autoscalingplans-scalingplan-customizedscalingmetricspecification-metricname",
          "PrimitiveType": "String",
          "UpdateType": "Mutable"
        },
        "Statistic": {
          "Required": true,
          "Documentation": "http://docs.aws.amazon.com/AWSCloudFormation/latest/UserGuide/aws-properties-autoscalingplans-scalingplan-customizedscalingmetricspecification.html#cfn-autoscalingplans-scalingplan-customizedscalingmetricspecification-statistic",
          "PrimitiveType": "String",
          "UpdateType": "Mutable"
        },
        "Dimensions": {
          "Type": "List",
          "Required": false,
          "Documentation": "http://docs.aws.amazon.com/AWSCloudFormation/latest/UserGuide/aws-properties-autoscalingplans-scalingplan-customizedscalingmetricspecification.html#cfn-autoscalingplans-scalingplan-customizedscalingmetricspecification-dimensions",
          "ItemType": "MetricDimension",
          "UpdateType": "Mutable"
        },
        "Unit": {
          "Required": false,
          "Documentation": "http://docs.aws.amazon.com/AWSCloudFormation/latest/UserGuide/aws-properties-autoscalingplans-scalingplan-customizedscalingmetricspecification.html#cfn-autoscalingplans-scalingplan-customizedscalingmetricspecification-unit",
          "PrimitiveType": "String",
          "UpdateType": "Mutable"
        },
        "Namespace": {
          "Required": true,
          "Documentation": "http://docs.aws.amazon.com/AWSCloudFormation/latest/UserGuide/aws-properties-autoscalingplans-scalingplan-customizedscalingmetricspecification.html#cfn-autoscalingplans-scalingplan-customizedscalingmetricspecification-namespace",
          "PrimitiveType": "String",
          "UpdateType": "Mutable"
        }
      }
    },
    "AWS::AutoScalingPlans::ScalingPlan.PredefinedLoadMetricSpecification": {
      "Documentation": "http://docs.aws.amazon.com/AWSCloudFormation/latest/UserGuide/aws-properties-autoscalingplans-scalingplan-predefinedloadmetricspecification.html",
      "Properties": {
        "PredefinedLoadMetricType": {
          "Required": true,
          "Documentation": "http://docs.aws.amazon.com/AWSCloudFormation/latest/UserGuide/aws-properties-autoscalingplans-scalingplan-predefinedloadmetricspecification.html#cfn-autoscalingplans-scalingplan-predefinedloadmetricspecification-predefinedloadmetrictype",
          "PrimitiveType": "String",
          "UpdateType": "Mutable"
        },
        "ResourceLabel": {
          "Required": false,
          "Documentation": "http://docs.aws.amazon.com/AWSCloudFormation/latest/UserGuide/aws-properties-autoscalingplans-scalingplan-predefinedloadmetricspecification.html#cfn-autoscalingplans-scalingplan-predefinedloadmetricspecification-resourcelabel",
          "PrimitiveType": "String",
          "UpdateType": "Mutable"
        }
      }
    },
    "AWS::AutoScalingPlans::ScalingPlan.TagFilter": {
      "Documentation": "http://docs.aws.amazon.com/AWSCloudFormation/latest/UserGuide/aws-properties-autoscalingplans-scalingplan-tagfilter.html",
      "Properties": {
        "Values": {
          "PrimitiveItemType": "String",
          "Type": "List",
          "Required": false,
          "Documentation": "http://docs.aws.amazon.com/AWSCloudFormation/latest/UserGuide/aws-properties-autoscalingplans-scalingplan-tagfilter.html#cfn-autoscalingplans-scalingplan-tagfilter-values",
          "UpdateType": "Mutable"
        },
        "Key": {
          "Required": true,
          "Documentation": "http://docs.aws.amazon.com/AWSCloudFormation/latest/UserGuide/aws-properties-autoscalingplans-scalingplan-tagfilter.html#cfn-autoscalingplans-scalingplan-tagfilter-key",
          "PrimitiveType": "String",
          "UpdateType": "Mutable"
        }
      }
    }
  },
  "ResourceType": {
    "AWS::AutoScalingPlans::ScalingPlan": {
      "Documentation": "http://docs.aws.amazon.com/AWSCloudFormation/latest/UserGuide/aws-resource-autoscalingplans-scalingplan.html",
      "Attributes": {
        "ScalingPlanName": {
          "PrimitiveType": "String"
        },
        "ScalingPlanVersion": {
          "PrimitiveType": "String"
        }
      },
      "Properties": {
        "ApplicationSource": {
          "Type": "ApplicationSource",
          "Required": true,
          "Documentation": "http://docs.aws.amazon.com/AWSCloudFormation/latest/UserGuide/aws-resource-autoscalingplans-scalingplan.html#cfn-autoscalingplans-scalingplan-applicationsource",
          "UpdateType": "Mutable"
        },
        "ScalingInstructions": {
          "Type": "List",
          "Required": true,
          "Documentation": "http://docs.aws.amazon.com/AWSCloudFormation/latest/UserGuide/aws-resource-autoscalingplans-scalingplan.html#cfn-autoscalingplans-scalingplan-scalinginstructions",
          "ItemType": "ScalingInstruction",
          "UpdateType": "Mutable"
        }
      }
    }
  },
  "ResourceSpecificationVersion": "114.0.0"
}