{
  "PropertyTypes": {
    "AWS::AutoScaling::WarmPool.InstanceReusePolicy": {
      "Documentation": "http://docs.aws.amazon.com/AWSCloudFormation/latest/UserGuide/aws-properties-autoscaling-warmpool-instancereusepolicy.html",
      "Properties": {
        "ReuseOnScaleIn": {
          "Documentation": "http://docs.aws.amazon.com/AWSCloudFormation/latest/UserGuide/aws-properties-autoscaling-warmpool-instancereusepolicy.html#cfn-autoscaling-warmpool-instancereusepolicy-reuseonscalein",
          "UpdateType": "Mutable",
          "Required": false,
          "PrimitiveType": "Boolean"
        }
      }
    }
  },
  "ResourceType": {
    "AWS::AutoScaling::WarmPool": {
      "Documentation": "http://docs.aws.amazon.com/AWSCloudFormation/latest/UserGuide/aws-resource-autoscaling-warmpool.html",
      "Properties": {
        "MinSize": {
          "Documentation": "http://docs.aws.amazon.com/AWSCloudFormation/latest/UserGuide/aws-resource-autoscaling-warmpool.html#cfn-autoscaling-warmpool-minsize",
          "UpdateType": "Mutable",
          "Required": false,
          "PrimitiveType": "Integer"
        },
        "MaxGroupPreparedCapacity": {
          "Documentation": "http://docs.aws.amazon.com/AWSCloudFormation/latest/UserGuide/aws-resource-autoscaling-warmpool.html#cfn-autoscaling-warmpool-maxgrouppreparedcapacity",
          "UpdateType": "Mutable",
          "Required": false,
          "PrimitiveType": "Integer"
        },
        "AutoScalingGroupName": {
          "Documentation": "http://docs.aws.amazon.com/AWSCloudFormation/latest/UserGuide/aws-resource-autoscaling-warmpool.html#cfn-autoscaling-warmpool-autoscalinggroupname",
          "UpdateType": "Immutable",
          "Required": true,
          "PrimitiveType": "String"
        },
        "PoolState": {
          "Documentation": "http://docs.aws.amazon.com/AWSCloudFormation/latest/UserGuide/aws-resource-autoscaling-warmpool.html#cfn-autoscaling-warmpool-poolstate",
          "UpdateType": "Mutable",
          "Required": false,
          "PrimitiveType": "String"
        },
        "InstanceReusePolicy": {
          "Documentation": "http://docs.aws.amazon.com/AWSCloudFormation/latest/UserGuide/aws-resource-autoscaling-warmpool.html#cfn-autoscaling-warmpool-instancereusepolicy",
          "UpdateType": "Mutable",
          "Required": false,
          "Type": "InstanceReusePolicy"
        }
      }
    }
  },
  "ResourceSpecificationVersion": "114.0.0"
}