{
  "PropertyTypes": {
    "AWS::AutoScaling::ScalingPolicy.StepAdjustment": {
      "Documentation": "http://docs.aws.amazon.com/AWSCloudFormation/latest/UserGuide/aws-properties-autoscaling-scalingpolicy-stepadjustment.html",
      "Properties": {
        "MetricIntervalUpperBound": {
          "Documentation": "http://docs.aws.amazon.com/AWSCloudFormation/latest/UserGuide/aws-properties-autoscaling-scalingpolicy-stepadjustment.html#cfn-autoscaling-scalingpolicy-stepadjustment-metricintervalupperbound",
          "UpdateType": "Mutable",
          "Required": false,
          "PrimitiveType": "Double"
        },
        "MetricIntervalLowerBound": {
          "Documentation": "http://docs.aws.amazon.com/AWSCloudFormation/latest/UserGuide/aws-properties-autoscaling-scalingpolicy-stepadjustment.html#cfn-autoscaling-scalingpolicy-stepadjustment-metricintervallowerbound",
          "UpdateType": "Mutable",
          "Required": false,
          "PrimitiveType": "Double"
        },
        "ScalingAdjustment": {
          "Documentation": "http://docs.aws.amazon.com/AWSCloudFormation/latest/UserGuide/aws-properties-autoscaling-scalingpolicy-stepadjustment.html#cfn-autoscaling-scalingpolicy-stepadjustment-scalingadjustment",
          "UpdateType": "Mutable",
          "Required": true,
          "PrimitiveType": "Integer"
        }
      }
    },
    "AWS::AutoScaling::ScalingPolicy.PredictiveScalingMetricSpecification": {
      "Documentation": "http://docs.aws.amazon.com/AWSCloudFormation/latest/UserGuide/aws-properties-autoscaling-scalingpolicy-predictivescalingmetricspecification.html",
      "Properties": {
        "CustomizedLoadMetricSpecification": {
          "Documentation": "http://docs.aws.amazon.com/AWSCloudFormation/latest/UserGuide/aws-properties-autoscaling-scalingpolicy-predictivescalingmetricspecification.html#cfn-autoscaling-scalingpolicy-predictivescalingmetricspecification-customizedloadmetricspecification",
          "UpdateType": "Mutable",
          "Required": false,
          "Type": "PredictiveScalingCustomizedLoadMetric"
        },
        "PredefinedLoadMetricSpecification": {
          "Documentation": "http://docs.aws.amazon.com/AWSCloudFormation/latest/UserGuide/aws-properties-autoscaling-scalingpolicy-predictivescalingmetricspecification.html#cfn-autoscaling-scalingpolicy-predictivescalingmetricspecification-predefinedloadmetricspecification",
          "UpdateType": "Mutable",
          "Required": false,
          "Type": "PredictiveScalingPredefinedLoadMetric"
        },
        "TargetValue": {
          "Documentation": "http://docs.aws.amazon.com/AWSCloudFormation/latest/UserGuide/aws-properties-autoscaling-scalingpolicy-predictivescalingmetricspecification.html#cfn-autoscaling-scalingpolicy-predictivescalingmetricspecification-targetvalue",
          "UpdateType": "Mutable",
          "Required": true,
          "PrimitiveType": "Double"
        },
        "PredefinedScalingMetricSpecification": {
          "Documentation": "http://docs.aws.amazon.com/AWSCloudFormation/latest/UserGuide/aws-properties-autoscaling-scalingpolicy-predictivescalingmetricspecification.html#cfn-autoscaling-scalingpolicy-predictivescalingmetricspecification-predefinedscalingmetricspecification",
          "UpdateType": "Mutable",
          "Required": false,
          "Type": "PredictiveScalingPredefinedScalingMetric"
        },
        "CustomizedCapacityMetricSpecification": {
          "Documentation": "http://docs.aws.amazon.com/AWSCloudFormation/latest/UserGuide/aws-properties-autoscaling-scalingpolicy-predictivescalingmetricspecification.html#cfn-autoscaling-scalingpolicy-predictivescalingmetricspecification-customizedcapacitymetricspecification",
          "UpdateType": "Mutable",
          "Required": false,
          "Type": "PredictiveScalingCustomizedCapacityMetric"
        },
        "CustomizedScalingMetricSpecification": {
          "Documentation": "http://docs.aws.amazon.com/AWSCloudFormation/latest/UserGuide/aws-properties-autoscaling-scalingpolicy-predictivescalingmetricspecification.html#cfn-autoscaling-scalingpolicy-predictivescalingmetricspecification-customizedscalingmetricspecification",
          "UpdateType": "Mutable",
          "Required": false,
          "Type": "PredictiveScalingCustomizedScalingMetric"
        },
        "PredefinedMetricPairSpecification": {
          "Documentation": "http://docs.aws.amazon.com/AWSCloudFormation/latest/UserGuide/aws-properties-autoscaling-scalingpolicy-predictivescalingmetricspecification.html#cfn-autoscaling-scalingpolicy-predictivescalingmetricspecification-predefinedmetricpairspecification",
          "UpdateType": "Mutable",
          "Required": false,
          "Type": "PredictiveScalingPredefinedMetricPair"
        }
      }
    },
    "AWS::AutoScaling::ScalingPolicy.PredictiveScalingPredefinedLoadMetric": {
      "Documentation": "http://docs.aws.amazon.com/AWSCloudFormation/latest/UserGuide/aws-properties-autoscaling-scalingpolicy-predictivescalingpredefinedloadmetric.html",
      "Properties": {
        "PredefinedMetricType": {
          "Documentation": "http://docs.aws.amazon.com/AWSCloudFormation/latest/UserGuide/aws-properties-autoscaling-scalingpolicy-predictivescalingpredefinedloadmetric.html#cfn-autoscaling-scalingpolicy-predictivescalingpredefinedloadmetric-predefinedmetrictype",
          "UpdateType": "Mutable",
          "Required": true,
          "PrimitiveType": "String"
        },
        "ResourceLabel": {
          "Documentation": "http://docs.aws.amazon.com/AWSCloudFormation/latest/UserGuide/aws-properties-autoscaling-scalingpolicy-predictivescalingpredefinedloadmetric.html#cfn-autoscaling-scalingpolicy-predictivescalingpredefinedloadmetric-resourcelabel",
          "UpdateType": "Mutable",
          "Required": false,
          "PrimitiveType": "String"
        }
      }
    },
    "AWS::AutoScaling::ScalingPolicy.PredictiveScalingCustomizedCapacityMetric": {
      "Documentation": "http://docs.aws.amazon.com/AWSCloudFormation/latest/UserGuide/aws-properties-autoscaling-scalingpolicy-predictivescalingcustomizedcapacitymetric.html",
      "Properties": {
        "MetricDataQueries": {
          "Documentation": "http://docs.aws.amazon.com/AWSCloudFormation/latest/UserGuide/aws-properties-autoscaling-scalingpolicy-predictivescalingcustomizedcapacitymetric.html#cfn-autoscaling-scalingpolicy-predictivescalingcustomizedcapacitymetric-metricdataqueries",
          "UpdateType": "Mutable",
          "Required": true,
          "Type": "List",
          "ItemType": "MetricDataQuery",
          "DuplicatesAllowed": false
        }
      }
    },
    "AWS::AutoScaling::ScalingPolicy.PredictiveScalingCustomizedLoadMetric": {
      "Documentation": "http://docs.aws.amazon.com/AWSCloudFormation/latest/UserGuide/aws-properties-autoscaling-scalingpolicy-predictivescalingcustomizedloadmetric.html",
      "Properties": {
        "MetricDataQueries": {
          "Documentation": "http://docs.aws.amazon.com/AWSCloudFormation/latest/UserGuide/aws-properties-autoscaling-scalingpolicy-predictivescalingcustomizedloadmetric.html#cfn-autoscaling-scalingpolicy-predictivescalingcustomizedloadmetric-metricdataqueries",
          "UpdateType": "Mutable",
          "Required": true,
          "Type": "List",
          "ItemType": "MetricDataQuery",
          "DuplicatesAllowed": false
        }
      }
    },
    "AWS::AutoScaling::ScalingPolicy.MetricStat": {
      "Documentation": "http://docs.aws.amazon.com/AWSCloudFormation/latest/UserGuide/aws-properties-autoscaling-scalingpolicy-metricstat.html",
      "Properties": {
        "Stat": {
          "Documentation": "http://docs.aws.amazon.com/AWSCloudFormation/latest/UserGuide/aws-properties-autoscaling-scalingpolicy-metricstat.html#cfn-autoscaling-scalingpolicy-metricstat-stat",
          "UpdateType": "Mutable",
          "Required": true,
          "PrimitiveType": "String"
        },
        "Metric": {
          "Documentation": "http://docs.aws.amazon.com/AWSCloudFormation/latest/UserGuide/aws-properties-autoscaling-scalingpolicy-metricstat.html#cfn-autoscaling-scalingpolicy-metricstat-metric",
          "UpdateType": "Mutable",
          "Required": true,
          "Type": "Metric"
        },
        "Unit": {
          "Documentation": "http://docs.aws.amazon.com/AWSCloudFormation/latest/UserGuide/aws-properties-autoscaling-scalingpolicy-metricstat.html#cfn-autoscaling-scalingpolicy-metricstat-unit",
          "UpdateType": "Mutable",
          "Required": false,
          "PrimitiveType": "String"
        }
      }
    },
    "AWS::AutoScaling::ScalingPolicy.Metric": {
      "Documentation": "http://docs.aws.amazon.com/AWSCloudFormation/latest/UserGuide/aws-properties-autoscaling-scalingpolicy-metric.html",
      "Properties": {
        "MetricName": {
          "Documentation": "http://docs.aws.amazon.com/AWSCloudFormation/latest/UserGuide/aws-properties-autoscaling-scalingpolicy-metric.html#cfn-autoscaling-scalingpolicy-metric-metricname",
          "UpdateType": "Mutable",
          "Required": true,
          "PrimitiveType": "String"
        },
        "Dimensions": {
          "Documentation": "http://docs.aws.amazon.com/AWSCloudFormation/latest/UserGuide/aws-properties-autoscaling-scalingpolicy-metric.html#cfn-autoscaling-scalingpolicy-metric-dimensions",
          "UpdateType": "Mutable",
          "Required": false,
          "Type": "List",
          "ItemType": "MetricDimension",
          "DuplicatesAllowed": false
        },
        "Namespace": {
          "Documentation": "http://docs.aws.amazon.com/AWSCloudFormation/latest/UserGuide/aws-properties-autoscaling-scalingpolicy-metric.html#cfn-autoscaling-scalingpolicy-metric-namespace",
          "UpdateType": "Mutable",
          "Required": true,
          "PrimitiveType": "String"
        }
      }
    },
    "AWS::AutoScaling::ScalingPolicy.MetricDataQuery": {
      "Documentation": "http://docs.aws.amazon.com/AWSCloudFormation/latest/UserGuide/aws-properties-autoscaling-scalingpolicy-metricdataquery.html",
      "Properties": {
        "ReturnData": {
          "Documentation": "http://docs.aws.amazon.com/AWSCloudFormation/latest/UserGuide/aws-properties-autoscaling-scalingpolicy-metricdataquery.html#cfn-autoscaling-scalingpolicy-metricdataquery-returndata",
          "UpdateType": "Mutable",
          "Required": false,
          "PrimitiveType": "Boolean"
        },
        "Expression": {
          "Documentation": "http://docs.aws.amazon.com/AWSCloudFormation/latest/UserGuide/aws-properties-autoscaling-scalingpolicy-metricdataquery.html#cfn-autoscaling-scalingpolicy-metricdataquery-expression",
          "UpdateType": "Mutable",
          "Required": false,
          "PrimitiveType": "String"
        },
        "Label": {
          "Documentation": "http://docs.aws.amazon.com/AWSCloudFormation/latest/UserGuide/aws-properties-autoscaling-scalingpolicy-metricdataquery.html#cfn-autoscaling-scalingpolicy-metricdataquery-label",
          "UpdateType": "Mutable",
          "Required": false,
          "PrimitiveType": "String"
        },
        "MetricStat": {
          "Documentation": "http://docs.aws.amazon.com/AWSCloudFormation/latest/UserGuide/aws-properties-autoscaling-scalingpolicy-metricdataquery.html#cfn-autoscaling-scalingpolicy-metricdataquery-metricstat",
          "UpdateType": "Mutable",
          "Required": false,
          "Type": "MetricStat"
        },
        "Id": {
          "Documentation": "http://docs.aws.amazon.com/AWSCloudFormation/latest/UserGuide/aws-properties-autoscaling-scalingpolicy-metricdataquery.html#cfn-autoscaling-scalingpolicy-metricdataquery-id",
          "UpdateType": "Mutable",
          "Required": true,
          "PrimitiveType": "String"
        }
      }
    },
    "AWS::AutoScaling::ScalingPolicy.PredefinedMetricSpecification": {
      "Documentation": "http://docs.aws.amazon.com/AWSCloudFormation/latest/UserGuide/aws-properties-autoscaling-scalingpolicy-predefinedmetricspecification.html",
      "Properties": {
        "PredefinedMetricType": {
          "Documentation": "http://docs.aws.amazon.com/AWSCloudFormation/latest/UserGuide/aws-properties-autoscaling-scalingpolicy-predefinedmetricspecification.html#cfn-autoscaling-scalingpolicy-predefinedmetricspecification-predefinedmetrictype",
          "UpdateType": "Mutable",
          "Required": true,
          "PrimitiveType": "String"
        },
        "ResourceLabel": {
          "Documentation": "http://docs.aws.amazon.com/AWSCloudFormation/latest/UserGuide/aws-properties-autoscaling-scalingpolicy-predefinedmetricspecification.html#cfn-autoscaling-scalingpolicy-predefinedmetricspecification-resourcelabel",
          "UpdateType": "Mutable",
          "Required": false,
          "PrimitiveType": "String"
        }
      }
    },
    "AWS::AutoScaling::ScalingPolicy.CustomizedMetricSpecification": {
      "Documentation": "http://docs.aws.amazon.com/AWSCloudFormation/latest/UserGuide/aws-properties-autoscaling-scalingpolicy-customizedmetricspecification.html",
      "Properties": {
        "MetricName": {
          "Documentation": "http://docs.aws.amazon.com/AWSCloudFormation/latest/UserGuide/aws-properties-autoscaling-scalingpolicy-customizedmetricspecification.html#cfn-autoscaling-scalingpolicy-customizedmetricspecification-metricname",
          "UpdateType": "Mutable",
          "Required": true,
          "PrimitiveType": "String"
        },
        "Statistic": {
          "Documentation": "http://docs.aws.amazon.com/AWSCloudFormation/latest/UserGuide/aws-properties-autoscaling-scalingpolicy-customizedmetricspecification.html#cfn-autoscaling-scalingpolicy-customizedmetricspecification-statistic",
          "UpdateType": "Mutable",
          "Required": true,
          "PrimitiveType": "String"
        },
        "Dimensions": {
          "Documentation": "http://docs.aws.amazon.com/AWSCloudFormation/latest/UserGuide/aws-properties-autoscaling-scalingpolicy-customizedmetricspecification.html#cfn-autoscaling-scalingpolicy-customizedmetricspecification-dimensions",
          "UpdateType": "Mutable",
          "Required": false,
          "Type": "List",
          "ItemType": "MetricDimension",
          "DuplicatesAllowed": false
        },
        "Unit": {
          "Documentation": "http://docs.aws.amazon.com/AWSCloudFormation/latest/UserGuide/aws-properties-autoscaling-scalingpolicy-customizedmetricspecification.html#cfn-autoscaling-scalingpolicy-customizedmetricspecification-unit",
          "UpdateType": "Mutable",
          "Required": false,
          "PrimitiveType": "String"
        },
        "Namespace": {
          "Documentation": "http://docs.aws.amazon.com/AWSCloudFormation/latest/UserGuide/aws-properties-autoscaling-scalingpolicy-customizedmetricspecification.html#cfn-autoscaling-scalingpolicy-customizedmetricspecification-namespace",
          "UpdateType": "Mutable",
          "Required": true,
          "PrimitiveType": "String"
        }
      }
    },
    "AWS::AutoScaling::ScalingPolicy.PredictiveScalingPredefinedMetricPair": {
      "Documentation": "http://docs.aws.amazon.com/AWSCloudFormation/latest/UserGuide/aws-properties-autoscaling-scalingpolicy-predictivescalingpredefinedmetricpair.html",
      "Properties": {
        "PredefinedMetricType": {
          "Documentation": "http://docs.aws.amazon.com/AWSCloudFormation/latest/UserGuide/aws-properties-autoscaling-scalingpolicy-predictivescalingpredefinedmetricpair.html#cfn-autoscaling-scalingpolicy-predictivescalingpredefinedmetricpair-predefinedmetrictype",
          "UpdateType": "Mutable",
          "Required": true,
          "PrimitiveType": "String"
        },
        "ResourceLabel": {
          "Documentation": "http://docs.aws.amazon.com/AWSCloudFormation/latest/UserGuide/aws-properties-autoscaling-scalingpolicy-predictivescalingpredefinedmetricpair.html#cfn-autoscaling-scalingpolicy-predictivescalingpredefinedmetricpair-resourcelabel",
          "UpdateType": "Mutable",
          "Required": false,
          "PrimitiveType": "String"
        }
      }
    },
    "AWS::AutoScaling::ScalingPolicy.PredictiveScalingConfiguration": {
      "Documentation": "http://docs.aws.amazon.com/AWSCloudFormation/latest/UserGuide/aws-properties-autoscaling-scalingpolicy-predictivescalingconfiguration.html",
      "Properties": {
        "MaxCapacityBreachBehavior": {
          "Documentation": "http://docs.aws.amazon.com/AWSCloudFormation/latest/UserGuide/aws-properties-autoscaling-scalingpolicy-predictivescalingconfiguration.html#cfn-autoscaling-scalingpolicy-predictivescalingconfiguration-maxcapacitybreachbehavior",
          "UpdateType": "Mutable",
          "Required": false,
          "PrimitiveType": "String"
        },
        "MaxCapacityBuffer": {
          "Documentation": "http://docs.aws.amazon.com/AWSCloudFormation/latest/UserGuide/aws-properties-autoscaling-scalingpolicy-predictivescalingconfiguration.html#cfn-autoscaling-scalingpolicy-predictivescalingconfiguration-maxcapacitybuffer",
          "UpdateType": "Mutable",
          "Required": false,
          "PrimitiveType": "Integer"
        },
        "Mode": {
          "Documentation": "http://docs.aws.amazon.com/AWSCloudFormation/latest/UserGuide/aws-properties-autoscaling-scalingpolicy-predictivescalingconfiguration.html#cfn-autoscaling-scalingpolicy-predictivescalingconfiguration-mode",
          "UpdateType": "Mutable",
          "Required": false,
          "PrimitiveType": "String"
        },
        "MetricSpecifications": {
          "Documentation": "http://docs.aws.amazon.com/AWSCloudFormation/latest/UserGuide/aws-properties-autoscaling-scalingpolicy-predictivescalingconfiguration.html#cfn-autoscaling-scalingpolicy-predictivescalingconfiguration-metricspecifications",
          "UpdateType": "Mutable",
          "Required": true,
          "Type": "List",
          "ItemType": "PredictiveScalingMetricSpecification",
          "DuplicatesAllowed": false
        },
        "SchedulingBufferTime": {
          "Documentation": "http://docs.aws.amazon.com/AWSCloudFormation/latest/UserGuide/aws-properties-autoscaling-scalingpolicy-predictivescalingconfiguration.html#cfn-autoscaling-scalingpolicy-predictivescalingconfiguration-schedulingbuffertime",
          "UpdateType": "Mutable",
          "Required": false,
          "PrimitiveType": "Integer"
        }
      }
    },
    "AWS::AutoScaling::ScalingPolicy.PredictiveScalingPredefinedScalingMetric": {
      "Documentation": "http://docs.aws.amazon.com/AWSCloudFormation/latest/UserGuide/aws-properties-autoscaling-scalingpolicy-predictivescalingpredefinedscalingmetric.html",
      "Properties": {
        "PredefinedMetricType": {
          "Documentation": "http://docs.aws.amazon.com/AWSCloudFormation/latest/UserGuide/aws-properties-autoscaling-scalingpolicy-predictivescalingpredefinedscalingmetric.html#cfn-autoscaling-scalingpolicy-predictivescalingpredefinedscalingmetric-predefinedmetrictype",
          "UpdateType": "Mutable",
          "Required": true,
          "PrimitiveType": "String"
        },
        "ResourceLabel": {
          "Documentation": "http://docs.aws.amazon.com/AWSCloudFormation/latest/UserGuide/aws-properties-autoscaling-scalingpolicy-predictivescalingpredefinedscalingmetric.html#cfn-autoscaling-scalingpolicy-predictivescalingpredefinedscalingmetric-resourcelabel",
          "UpdateType": "Mutable",
          "Required": false,
          "PrimitiveType": "String"
        }
      }
    },
    "AWS::AutoScaling::ScalingPolicy.TargetTrackingConfiguration": {
      "Documentation": "http://docs.aws.amazon.com/AWSCloudFormation/latest/UserGuide/aws-properties-autoscaling-scalingpolicy-targettrackingconfiguration.html",
      "Properties": {
        "TargetValue": {
          "Documentation": "http://docs.aws.amazon.com/AWSCloudFormation/latest/UserGuide/aws-properties-autoscaling-scalingpolicy-targettrackingconfiguration.html#cfn-autoscaling-scalingpolicy-targettrackingconfiguration-targetvalue",
          "UpdateType": "Mutable",
          "Required": true,
          "PrimitiveType": "Double"
        },
        "CustomizedMetricSpecification": {
          "Documentation": "http://docs.aws.amazon.com/AWSCloudFormation/latest/UserGuide/aws-properties-autoscaling-scalingpolicy-targettrackingconfiguration.html#cfn-autoscaling-scalingpolicy-targettrackingconfiguration-customizedmetricspecification",
          "UpdateType": "Mutable",
          "Required": false,
          "Type": "CustomizedMetricSpecification"
        },
        "DisableScaleIn": {
          "Documentation": "http://docs.aws.amazon.com/AWSCloudFormation/latest/UserGuide/aws-properties-autoscaling-scalingpolicy-targettrackingconfiguration.html#cfn-autoscaling-scalingpolicy-targettrackingconfiguration-disablescalein",
          "UpdateType": "Mutable",
          "Required": false,
          "PrimitiveType": "Boolean"
        },
        "PredefinedMetricSpecification": {
          "Documentation": "http://docs.aws.amazon.com/AWSCloudFormation/latest/UserGuide/aws-properties-autoscaling-scalingpolicy-targettrackingconfiguration.html#cfn-autoscaling-scalingpolicy-targettrackingconfiguration-predefinedmetricspecification",
          "UpdateType": "Mutable",
          "Required": false,
          "Type": "PredefinedMetricSpecification"
        }
      }
    },
    "AWS::AutoScaling::ScalingPolicy.MetricDimension": {
      "Documentation": "http://docs.aws.amazon.com/AWSCloudFormation/latest/UserGuide/aws-properties-autoscaling-scalingpolicy-metricdimension.html",
      "Properties": {
        "Value": {
          "Documentation": "http://docs.aws.amazon.com/AWSCloudFormation/latest/UserGuide/aws-properties-autoscaling-scalingpolicy-metricdimension.html#cfn-autoscaling-scalingpolicy-metricdimension-value",
          "UpdateType": "Mutable",
          "Required": true,
          "PrimitiveType": "String"
        },
        "Name": {
          "Documentation": "http://docs.aws.amazon.com/AWSCloudFormation/latest/UserGuide/aws-properties-autoscaling-scalingpolicy-metricdimension.html#cfn-autoscaling-scalingpolicy-metricdimension-name",
          "UpdateType": "Mutable",
          "Required": true,
          "PrimitiveType": "String"
        }
      }
    },
    "AWS::AutoScaling::ScalingPolicy.PredictiveScalingCustomizedScalingMetric": {
      "Documentation": "http://docs.aws.amazon.com/AWSCloudFormation/latest/UserGuide/aws-properties-autoscaling-scalingpolicy-predictivescalingcustomizedscalingmetric.html",
      "Properties": {
        "MetricDataQueries": {
          "Documentation": "http://docs.aws.amazon.com/AWSCloudFormation/latest/UserGuide/aws-properties-autoscaling-scalingpolicy-predictivescalingcustomizedscalingmetric.html#cfn-autoscaling-scalingpolicy-predictivescalingcustomizedscalingmetric-metricdataqueries",
          "UpdateType": "Mutable",
          "Required": true,
          "Type": "List",
          "ItemType": "MetricDataQuery",
          "DuplicatesAllowed": false
        }
      }
    }
  },
  "ResourceType": {
    "AWS::AutoScaling::ScalingPolicy": {
      "Documentation": "http://docs.aws.amazon.com/AWSCloudFormation/latest/UserGuide/aws-resource-autoscaling-scalingpolicy.html",
      "Properties": {
        "MetricAggregationType": {
          "Documentation": "http://docs.aws.amazon.com/AWSCloudFormation/latest/UserGuide/aws-resource-autoscaling-scalingpolicy.html#cfn-autoscaling-scalingpolicy-metricaggregationtype",
          "UpdateType": "Mutable",
          "Required": false,
          "PrimitiveType": "String"
        },
        "PolicyType": {
          "Documentation": "http://docs.aws.amazon.com/AWSCloudFormation/latest/UserGuide/aws-resource-autoscaling-scalingpolicy.html#cfn-autoscaling-scalingpolicy-policytype",
          "UpdateType": "Mutable",
          "Required": false,
          "PrimitiveType": "String"
        },
        "PredictiveScalingConfiguration": {
          "Documentation": "http://docs.aws.amazon.com/AWSCloudFormation/latest/UserGuide/aws-resource-autoscaling-scalingpolicy.html#cfn-autoscaling-scalingpolicy-predictivescalingconfiguration",
          "UpdateType": "Mutable",
          "Required": false,
          "Type": "PredictiveScalingConfiguration"
        },
        "ScalingAdjustment": {
          "Documentation": "http://docs.aws.amazon.com/AWSCloudFormation/latest/UserGuide/aws-resource-autoscaling-scalingpolicy.html#cfn-autoscaling-scalingpolicy-scalingadjustment",
          "UpdateType": "Mutable",
          "Required": false,
          "PrimitiveType": "Integer"
        },
        "Cooldown": {
          "Documentation": "http://docs.aws.amazon.com/AWSCloudFormation/latest/UserGuide/aws-resource-autoscaling-scalingpolicy.html#cfn-autoscaling-scalingpolicy-cooldown",
          "UpdateType": "Mutable",
          "Required": false,
          "PrimitiveType": "String"
        },
        "StepAdjustments": {
          "Documentation": "http://docs.aws.amazon.com/AWSCloudFormation/latest/UserGuide/aws-resource-autoscaling-scalingpolicy.html#cfn-autoscaling-scalingpolicy-stepadjustments",
          "UpdateType": "Mutable",
          "Required": false,
          "Type": "List",
          "ItemType": "StepAdjustment",
          "DuplicatesAllowed": false
        },
        "AutoScalingGroupName": {
          "Documentation": "http://docs.aws.amazon.com/AWSCloudFormation/latest/UserGuide/aws-resource-autoscaling-scalingpolicy.html#cfn-autoscaling-scalingpolicy-autoscalinggroupname",
          "UpdateType": "Immutable",
          "Required": true,
          "PrimitiveType": "String"
        },
        "MinAdjustmentMagnitude": {
          "Documentation": "http://docs.aws.amazon.com/AWSCloudFormation/latest/UserGuide/aws-resource-autoscaling-scalingpolicy.html#cfn-autoscaling-scalingpolicy-minadjustmentmagnitude",
          "UpdateType": "Mutable",
          "Required": false,
          "PrimitiveType": "Integer"
        },
        "TargetTrackingConfiguration": {
          "Documentation": "http://docs.aws.amazon.com/AWSCloudFormation/latest/UserGuide/aws-resource-autoscaling-scalingpolicy.html#cfn-autoscaling-scalingpolicy-targettrackingconfiguration",
          "UpdateType": "Mutable",
          "Required": false,
          "Type": "TargetTrackingConfiguration"
        },
        "EstimatedInstanceWarmup": {
          "Documentation": "http://docs.aws.amazon.com/AWSCloudFormation/latest/UserGuide/aws-resource-autoscaling-scalingpolicy.html#cfn-autoscaling-scalingpolicy-estimatedinstancewarmup",
          "UpdateType": "Mutable",
          "Required": false,
          "PrimitiveType": "Integer"
        },
        "AdjustmentType": {
          "Documentation": "http://docs.aws.amazon.com/AWSCloudFormation/latest/UserGuide/aws-resource-autoscaling-scalingpolicy.html#cfn-autoscaling-scalingpolicy-adjustmenttype",
          "UpdateType": "Mutable",
          "Required": false,
          "PrimitiveType": "String"
        }
      },
      "Attributes": {
        "PolicyName": {
          "PrimitiveType": "String"
        },
        "Arn": {
          "PrimitiveType": "String"
        }
      }
    }
  },
  "ResourceSpecificationVersion": "114.0.0"
}