{
  "PropertyTypes": {
    "AWS::Backup::Framework.ControlInputParameter": {
      "Documentation": "http://docs.aws.amazon.com/AWSCloudFormation/latest/UserGuide/aws-properties-backup-framework-controlinputparameter.html",
      "Properties": {
        "ParameterValue": {
          "Documentation": "http://docs.aws.amazon.com/AWSCloudFormation/latest/UserGuide/aws-properties-backup-framework-controlinputparameter.html#cfn-backup-framework-controlinputparameter-parametervalue",
          "UpdateType": "Mutable",
          "Required": true,
          "PrimitiveType": "String"
        },
        "ParameterName": {
          "Documentation": "http://docs.aws.amazon.com/AWSCloudFormation/latest/UserGuide/aws-properties-backup-framework-controlinputparameter.html#cfn-backup-framework-controlinputparameter-parametername",
          "UpdateType": "Mutable",
          "Required": true,
          "PrimitiveType": "String"
        }
      }
    },
    "AWS::Backup::Framework.ControlScope": {
      "Documentation": "http://docs.aws.amazon.com/AWSCloudFormation/latest/UserGuide/aws-properties-backup-framework-controlscope.html",
      "Properties": {
        "ComplianceResourceTypes": {
          "Documentation": "http://docs.aws.amazon.com/AWSCloudFormation/latest/UserGuide/aws-properties-backup-framework-controlscope.html#cfn-backup-framework-controlscope-complianceresourcetypes",
          "UpdateType": "Mutable",
          "Required": false,
          "Type": "List",
          "PrimitiveItemType": "String",
          "DuplicatesAllowed": true
        },
        "Tags": {
          "Documentation": "http://docs.aws.amazon.com/AWSCloudFormation/latest/UserGuide/aws-properties-backup-framework-controlscope.html#cfn-backup-framework-controlscope-tags",
          "UpdateType": "Mutable",
          "Required": false,
          "Type": "List",
          "ItemType": "Tag",
          "DuplicatesAllowed": true
        },
        "ComplianceResourceIds": {
          "Documentation": "http://docs.aws.amazon.com/AWSCloudFormation/latest/UserGuide/aws-properties-backup-framework-controlscope.html#cfn-backup-framework-controlscope-complianceresourceids",
          "UpdateType": "Mutable",
          "Required": false,
          "Type": "List",
          "PrimitiveItemType": "String",
          "DuplicatesAllowed": true
        }
      }
    },
    "Tag": {
      "Documentation": "http://docs.aws.amazon.com/AWSCloudFormation/latest/UserGuide/aws-properties-resource-tags.html",
      "Properties": {
        "Value": {
          "Documentation": "http://docs.aws.amazon.com/AWSCloudFormation/latest/UserGuide/aws-properties-resource-tags.html#cfn-resource-tags-value",
          "UpdateType": "Mutable",
          "Required": true,
          "PrimitiveType": "String"
        },
        "Key": {
          "Documentation": "http://docs.aws.amazon.com/AWSCloudFormation/latest/UserGuide/aws-properties-resource-tags.html#cfn-resource-tags-key",
          "UpdateType": "Mutable",
          "Required": true,
          "PrimitiveType": "String"
        }
      }
    },
    "AWS::Backup::Framework.FrameworkControl": {
      "Documentation": "http://docs.aws.amazon.com/AWSCloudFormation/latest/UserGuide/aws-properties-backup-framework-frameworkcontrol.html",
      "Properties": {
        "ControlName": {
          "Documentation": "http://docs.aws.amazon.com/AWSCloudFormation/latest/UserGuide/aws-properties-backup-framework-frameworkcontrol.html#cfn-backup-framework-frameworkcontrol-controlname",
          "UpdateType": "Mutable",
          "Required": true,
          "PrimitiveType": "String"
        },
        "ControlInputParameters": {
          "Documentation": "http://docs.aws.amazon.com/AWSCloudFormation/latest/UserGuide/aws-properties-backup-framework-frameworkcontrol.html#cfn-backup-framework-frameworkcontrol-controlinputparameters",
          "UpdateType": "Mutable",
          "Required": false,
          "Type": "List",
          "ItemType": "ControlInputParameter",
          "DuplicatesAllowed": false
        },
        "ControlScope": {
          "Documentation": "http://docs.aws.amazon.com/AWSCloudFormation/latest/UserGuide/aws-properties-backup-framework-frameworkcontrol.html#cfn-backup-framework-frameworkcontrol-controlscope",
          "UpdateType": "Mutable",
          "Required": false,
          "Type": "ControlScope"
        }
      }
    }
  },
  "ResourceType": {
    "AWS::Backup::Framework": {
      "Documentation": "http://docs.aws.amazon.com/AWSCloudFormation/latest/UserGuide/aws-resource-backup-framework.html",
      "Properties": {
        "FrameworkControls": {
          "Documentation": "http://docs.aws.amazon.com/AWSCloudFormation/latest/UserGuide/aws-resource-backup-framework.html#cfn-backup-framework-frameworkcontrols",
          "UpdateType": "Mutable",
          "Required": true,
          "Type": "List",
          "ItemType": "FrameworkControl",
          "DuplicatesAllowed": false
        },
        "FrameworkName": {
          "Documentation": "http://docs.aws.amazon.com/AWSCloudFormation/latest/UserGuide/aws-resource-backup-framework.html#cfn-backup-framework-frameworkname",
          "UpdateType": "Immutable",
          "Required": false,
          "PrimitiveType": "String"
        },
        "FrameworkTags": {
          "Documentation": "http://docs.aws.amazon.com/AWSCloudFormation/latest/UserGuide/aws-resource-backup-framework.html#cfn-backup-framework-frameworktags",
          "UpdateType": "Mutable",
          "Required": false,
          "Type": "List",
          "ItemType": "Tag",
          "DuplicatesAllowed": true
        },
        "FrameworkDescription": {
          "Documentation": "http://docs.aws.amazon.com/AWSCloudFormation/latest/UserGuide/aws-resource-backup-framework.html#cfn-backup-framework-frameworkdescription",
          "UpdateType": "Mutable",
          "Required": false,
          "PrimitiveType": "String"
        }
      },
      "Attributes": {
        "CreationTime": {
          "PrimitiveType": "String"
        },
        "FrameworkStatus": {
          "PrimitiveType": "String"
        },
        "DeploymentStatus": {
          "PrimitiveType": "String"
        },
        "FrameworkArn": {
          "PrimitiveType": "String"
        }
      }
    }
  },
  "ResourceSpecificationVersion": "114.0.0"
}