{
  "PropertyTypes": {
    "AWS::Backup::BackupSelection.Conditions": {
      "Documentation": "http://docs.aws.amazon.com/AWSCloudFormation/latest/UserGuide/aws-properties-backup-backupselection-conditions.html",
      "Properties": {
        "StringEquals": {
          "Documentation": "http://docs.aws.amazon.com/AWSCloudFormation/latest/UserGuide/aws-properties-backup-backupselection-conditions.html#cfn-backup-backupselection-conditions-stringequals",
          "UpdateType": "Immutable",
          "Required": false,
          "Type": "List",
          "ItemType": "ConditionParameter",
          "DuplicatesAllowed": true
        },
        "StringNotLike": {
          "Documentation": "http://docs.aws.amazon.com/AWSCloudFormation/latest/UserGuide/aws-properties-backup-backupselection-conditions.html#cfn-backup-backupselection-conditions-stringnotlike",
          "UpdateType": "Immutable",
          "Required": false,
          "Type": "List",
          "ItemType": "ConditionParameter",
          "DuplicatesAllowed": true
        },
        "StringLike": {
          "Documentation": "http://docs.aws.amazon.com/AWSCloudFormation/latest/UserGuide/aws-properties-backup-backupselection-conditions.html#cfn-backup-backupselection-conditions-stringlike",
          "UpdateType": "Immutable",
          "Required": false,
          "Type": "List",
          "ItemType": "ConditionParameter",
          "DuplicatesAllowed": true
        },
        "StringNotEquals": {
          "Documentation": "http://docs.aws.amazon.com/AWSCloudFormation/latest/UserGuide/aws-properties-backup-backupselection-conditions.html#cfn-backup-backupselection-conditions-stringnotequals",
          "UpdateType": "Immutable",
          "Required": false,
          "Type": "List",
          "ItemType": "ConditionParameter",
          "DuplicatesAllowed": true
        }
      }
    },
    "AWS::Backup::BackupSelection.ConditionParameter": {
      "Documentation": "http://docs.aws.amazon.com/AWSCloudFormation/latest/UserGuide/aws-properties-backup-backupselection-conditionparameter.html",
      "Properties": {
        "ConditionValue": {
          "Documentation": "http://docs.aws.amazon.com/AWSCloudFormation/latest/UserGuide/aws-properties-backup-backupselection-conditionparameter.html#cfn-backup-backupselection-conditionparameter-conditionvalue",
          "UpdateType": "Immutable",
          "Required": false,
          "PrimitiveType": "String"
        },
        "ConditionKey": {
          "Documentation": "http://docs.aws.amazon.com/AWSCloudFormation/latest/UserGuide/aws-properties-backup-backupselection-conditionparameter.html#cfn-backup-backupselection-conditionparameter-conditionkey",
          "UpdateType": "Immutable",
          "Required": false,
          "PrimitiveType": "String"
        }
      }
    },
    "AWS::Backup::BackupSelection.BackupSelectionResourceType": {
      "Documentation": "http://docs.aws.amazon.com/AWSCloudFormation/latest/UserGuide/aws-properties-backup-backupselection-backupselectionresourcetype.html",
      "Properties": {
        "ListOfTags": {
          "Documentation": "http://docs.aws.amazon.com/AWSCloudFormation/latest/UserGuide/aws-properties-backup-backupselection-backupselectionresourcetype.html#cfn-backup-backupselection-backupselectionresourcetype-listoftags",
          "UpdateType": "Immutable",
          "Required": false,
          "Type": "List",
          "ItemType": "ConditionResourceType",
          "DuplicatesAllowed": true
        },
        "NotResources": {
          "Documentation": "http://docs.aws.amazon.com/AWSCloudFormation/latest/UserGuide/aws-properties-backup-backupselection-backupselectionresourcetype.html#cfn-backup-backupselection-backupselectionresourcetype-notresources",
          "UpdateType": "Immutable",
          "Required": false,
          "Type": "List",
          "PrimitiveItemType": "String",
          "DuplicatesAllowed": true
        },
        "SelectionName": {
          "Documentation": "http://docs.aws.amazon.com/AWSCloudFormation/latest/UserGuide/aws-properties-backup-backupselection-backupselectionresourcetype.html#cfn-backup-backupselection-backupselectionresourcetype-selectionname",
          "UpdateType": "Immutable",
          "Required": true,
          "PrimitiveType": "String"
        },
        "IamRoleArn": {
          "Documentation": "http://docs.aws.amazon.com/AWSCloudFormation/latest/UserGuide/aws-properties-backup-backupselection-backupselectionresourcetype.html#cfn-backup-backupselection-backupselectionresourcetype-iamrolearn",
          "UpdateType": "Immutable",
          "Required": true,
          "PrimitiveType": "String"
        },
        "Resources": {
          "Documentation": "http://docs.aws.amazon.com/AWSCloudFormation/latest/UserGuide/aws-properties-backup-backupselection-backupselectionresourcetype.html#cfn-backup-backupselection-backupselectionresourcetype-resources",
          "UpdateType": "Immutable",
          "Required": false,
          "Type": "List",
          "PrimitiveItemType": "String",
          "DuplicatesAllowed": true
        },
        "Conditions": {
          "Documentation": "http://docs.aws.amazon.com/AWSCloudFormation/latest/UserGuide/aws-properties-backup-backupselection-backupselectionresourcetype.html#cfn-backup-backupselection-backupselectionresourcetype-conditions",
          "UpdateType": "Immutable",
          "Required": false,
          "Type": "Conditions"
        }
      }
    },
    "AWS::Backup::BackupSelection.ConditionResourceType": {
      "Documentation": "http://docs.aws.amazon.com/AWSCloudFormation/latest/UserGuide/aws-properties-backup-backupselection-conditionresourcetype.html",
      "Properties": {
        "ConditionValue": {
          "Documentation": "http://docs.aws.amazon.com/AWSCloudFormation/latest/UserGuide/aws-properties-backup-backupselection-conditionresourcetype.html#cfn-backup-backupselection-conditionresourcetype-conditionvalue",
          "UpdateType": "Immutable",
          "Required": true,
          "PrimitiveType": "String"
        },
        "ConditionKey": {
          "Documentation": "http://docs.aws.amazon.com/AWSCloudFormation/latest/UserGuide/aws-properties-backup-backupselection-conditionresourcetype.html#cfn-backup-backupselection-conditionresourcetype-conditionkey",
          "UpdateType": "Immutable",
          "Required": true,
          "PrimitiveType": "String"
        },
        "ConditionType": {
          "Documentation": "http://docs.aws.amazon.com/AWSCloudFormation/latest/UserGuide/aws-properties-backup-backupselection-conditionresourcetype.html#cfn-backup-backupselection-conditionresourcetype-conditiontype",
          "UpdateType": "Immutable",
          "Required": true,
          "PrimitiveType": "String"
        }
      }
    }
  },
  "ResourceType": {
    "AWS::Backup::BackupSelection": {
      "Documentation": "http://docs.aws.amazon.com/AWSCloudFormation/latest/UserGuide/aws-resource-backup-backupselection.html",
      "Properties": {
        "BackupSelection": {
          "Documentation": "http://docs.aws.amazon.com/AWSCloudFormation/latest/UserGuide/aws-resource-backup-backupselection.html#cfn-backup-backupselection-backupselection",
          "UpdateType": "Immutable",
          "Required": true,
          "Type": "BackupSelectionResourceType"
        },
        "BackupPlanId": {
          "Documentation": "http://docs.aws.amazon.com/AWSCloudFormation/latest/UserGuide/aws-resource-backup-backupselection.html#cfn-backup-backupselection-backupplanid",
          "UpdateType": "Immutable",
          "Required": true,
          "PrimitiveType": "String"
        }
      },
      "Attributes": {
        "BackupPlanId": {
          "PrimitiveType": "String"
        },
        "Id": {
          "PrimitiveType": "String"
        },
        "SelectionId": {
          "PrimitiveType": "String"
        }
      }
    }
  },
  "ResourceSpecificationVersion": "114.0.0"
}