{
  "PropertyTypes": {
    "AWS::Batch::ComputeEnvironment.ComputeResources": {
      "Documentation": "http://docs.aws.amazon.com/AWSCloudFormation/latest/UserGuide/aws-properties-batch-computeenvironment-computeresources.html",
      "Properties": {
        "SpotIamFleetRole": {
          "Documentation": "http://docs.aws.amazon.com/AWSCloudFormation/latest/UserGuide/aws-properties-batch-computeenvironment-computeresources.html#cfn-batch-computeenvironment-computeresources-spotiamfleetrole",
          "UpdateType": "Immutable",
          "Required": false,
          "PrimitiveType": "String"
        },
        "MaxvCpus": {
          "Documentation": "http://docs.aws.amazon.com/AWSCloudFormation/latest/UserGuide/aws-properties-batch-computeenvironment-computeresources.html#cfn-batch-computeenvironment-computeresources-maxvcpus",
          "UpdateType": "Mutable",
          "Required": true,
          "PrimitiveType": "Integer"
        },
        "Ec2Configuration": {
          "Documentation": "http://docs.aws.amazon.com/AWSCloudFormation/latest/UserGuide/aws-properties-batch-computeenvironment-computeresources.html#cfn-batch-computeenvironment-computeresources-ec2configuration",
          "UpdateType": "Conditional",
          "Required": false,
          "Type": "List",
          "ItemType": "Ec2ConfigurationObject",
          "DuplicatesAllowed": true
        },
        "BidPercentage": {
          "Documentation": "http://docs.aws.amazon.com/AWSCloudFormation/latest/UserGuide/aws-properties-batch-computeenvironment-computeresources.html#cfn-batch-computeenvironment-computeresources-bidpercentage",
          "UpdateType": "Conditional",
          "Required": false,
          "PrimitiveType": "Integer"
        },
        "SecurityGroupIds": {
          "Documentation": "http://docs.aws.amazon.com/AWSCloudFormation/latest/UserGuide/aws-properties-batch-computeenvironment-computeresources.html#cfn-batch-computeenvironment-computeresources-securitygroupids",
          "UpdateType": "Conditional",
          "Required": false,
          "Type": "List",
          "PrimitiveItemType": "String",
          "DuplicatesAllowed": true
        },
        "AllocationStrategy": {
          "Documentation": "http://docs.aws.amazon.com/AWSCloudFormation/latest/UserGuide/aws-properties-batch-computeenvironment-computeresources.html#cfn-batch-computeenvironment-computeresources-allocationstrategy",
          "UpdateType": "Conditional",
          "Required": false,
          "PrimitiveType": "String"
        },
        "Subnets": {
          "Documentation": "http://docs.aws.amazon.com/AWSCloudFormation/latest/UserGuide/aws-properties-batch-computeenvironment-computeresources.html#cfn-batch-computeenvironment-computeresources-subnets",
          "UpdateType": "Conditional",
          "Required": true,
          "Type": "List",
          "PrimitiveItemType": "String",
          "DuplicatesAllowed": true
        },
        "Type": {
          "Documentation": "http://docs.aws.amazon.com/AWSCloudFormation/latest/UserGuide/aws-properties-batch-computeenvironment-computeresources.html#cfn-batch-computeenvironment-computeresources-type",
          "UpdateType": "Conditional",
          "Required": true,
          "PrimitiveType": "String"
        },
        "MinvCpus": {
          "Documentation": "http://docs.aws.amazon.com/AWSCloudFormation/latest/UserGuide/aws-properties-batch-computeenvironment-computeresources.html#cfn-batch-computeenvironment-computeresources-minvcpus",
          "UpdateType": "Mutable",
          "Required": false,
          "PrimitiveType": "Integer"
        },
        "UpdateToLatestImageVersion": {
          "Documentation": "http://docs.aws.amazon.com/AWSCloudFormation/latest/UserGuide/aws-properties-batch-computeenvironment-computeresources.html#cfn-batch-computeenvironment-computeresources-updatetolatestimageversion",
          "UpdateType": "Mutable",
          "Required": false,
          "PrimitiveType": "Boolean"
        },
        "LaunchTemplate": {
          "Documentation": "http://docs.aws.amazon.com/AWSCloudFormation/latest/UserGuide/aws-properties-batch-computeenvironment-computeresources.html#cfn-batch-computeenvironment-computeresources-launchtemplate",
          "UpdateType": "Conditional",
          "Required": false,
          "Type": "LaunchTemplateSpecification"
        },
        "ImageId": {
          "Documentation": "http://docs.aws.amazon.com/AWSCloudFormation/latest/UserGuide/aws-properties-batch-computeenvironment-computeresources.html#cfn-batch-computeenvironment-computeresources-imageid",
          "UpdateType": "Conditional",
          "Required": false,
          "PrimitiveType": "String"
        },
        "InstanceRole": {
          "Documentation": "http://docs.aws.amazon.com/AWSCloudFormation/latest/UserGuide/aws-properties-batch-computeenvironment-computeresources.html#cfn-batch-computeenvironment-computeresources-instancerole",
          "UpdateType": "Conditional",
          "Required": false,
          "PrimitiveType": "String"
        },
        "InstanceTypes": {
          "Documentation": "http://docs.aws.amazon.com/AWSCloudFormation/latest/UserGuide/aws-properties-batch-computeenvironment-computeresources.html#cfn-batch-computeenvironment-computeresources-instancetypes",
          "UpdateType": "Conditional",
          "Required": false,
          "Type": "List",
          "PrimitiveItemType": "String",
          "DuplicatesAllowed": true
        },
        "Ec2KeyPair": {
          "Documentation": "http://docs.aws.amazon.com/AWSCloudFormation/latest/UserGuide/aws-properties-batch-computeenvironment-computeresources.html#cfn-batch-computeenvironment-computeresources-ec2keypair",
          "UpdateType": "Conditional",
          "Required": false,
          "PrimitiveType": "String"
        },
        "PlacementGroup": {
          "Documentation": "http://docs.aws.amazon.com/AWSCloudFormation/latest/UserGuide/aws-properties-batch-computeenvironment-computeresources.html#cfn-batch-computeenvironment-computeresources-placementgroup",
          "UpdateType": "Conditional",
          "Required": false,
          "PrimitiveType": "String"
        },
        "Tags": {
          "Documentation": "http://docs.aws.amazon.com/AWSCloudFormation/latest/UserGuide/aws-properties-batch-computeenvironment-computeresources.html#cfn-batch-computeenvironment-computeresources-tags",
          "UpdateType": "Conditional",
          "Required": false,
          "Type": "Map",
          "PrimitiveItemType": "String"
        },
        "DesiredvCpus": {
          "Documentation": "http://docs.aws.amazon.com/AWSCloudFormation/latest/UserGuide/aws-properties-batch-computeenvironment-computeresources.html#cfn-batch-computeenvironment-computeresources-desiredvcpus",
          "UpdateType": "Mutable",
          "Required": false,
          "PrimitiveType": "Integer"
        }
      }
    },
    "AWS::Batch::ComputeEnvironment.UpdatePolicy": {
      "Documentation": "http://docs.aws.amazon.com/AWSCloudFormation/latest/UserGuide/aws-properties-batch-computeenvironment-updatepolicy.html",
      "Properties": {
        "JobExecutionTimeoutMinutes": {
          "Documentation": "http://docs.aws.amazon.com/AWSCloudFormation/latest/UserGuide/aws-properties-batch-computeenvironment-updatepolicy.html#cfn-batch-computeenvironment-updatepolicy-jobexecutiontimeoutminutes",
          "UpdateType": "Mutable",
          "Required": false,
          "PrimitiveType": "Integer"
        },
        "TerminateJobsOnUpdate": {
          "Documentation": "http://docs.aws.amazon.com/AWSCloudFormation/latest/UserGuide/aws-properties-batch-computeenvironment-updatepolicy.html#cfn-batch-computeenvironment-updatepolicy-terminatejobsonupdate",
          "UpdateType": "Mutable",
          "Required": false,
          "PrimitiveType": "Boolean"
        }
      }
    },
    "AWS::Batch::ComputeEnvironment.Ec2ConfigurationObject": {
      "Documentation": "http://docs.aws.amazon.com/AWSCloudFormation/latest/UserGuide/aws-properties-batch-computeenvironment-ec2configurationobject.html",
      "Properties": {
        "ImageIdOverride": {
          "Documentation": "http://docs.aws.amazon.com/AWSCloudFormation/latest/UserGuide/aws-properties-batch-computeenvironment-ec2configurationobject.html#cfn-batch-computeenvironment-ec2configurationobject-imageidoverride",
          "UpdateType": "Conditional",
          "Required": false,
          "PrimitiveType": "String"
        },
        "ImageKubernetesVersion": {
          "Documentation": "http://docs.aws.amazon.com/AWSCloudFormation/latest/UserGuide/aws-properties-batch-computeenvironment-ec2configurationobject.html#cfn-batch-computeenvironment-ec2configurationobject-imagekubernetesversion",
          "UpdateType": "Conditional",
          "Required": false,
          "PrimitiveType": "String"
        },
        "ImageType": {
          "Documentation": "http://docs.aws.amazon.com/AWSCloudFormation/latest/UserGuide/aws-properties-batch-computeenvironment-ec2configurationobject.html#cfn-batch-computeenvironment-ec2configurationobject-imagetype",
          "UpdateType": "Conditional",
          "Required": true,
          "PrimitiveType": "String"
        }
      }
    },
    "AWS::Batch::ComputeEnvironment.LaunchTemplateSpecification": {
      "Documentation": "http://docs.aws.amazon.com/AWSCloudFormation/latest/UserGuide/aws-properties-batch-computeenvironment-launchtemplatespecification.html",
      "Properties": {
        "LaunchTemplateName": {
          "Documentation": "http://docs.aws.amazon.com/AWSCloudFormation/latest/UserGuide/aws-properties-batch-computeenvironment-launchtemplatespecification.html#cfn-batch-computeenvironment-launchtemplatespecification-launchtemplatename",
          "UpdateType": "Conditional",
          "Required": false,
          "PrimitiveType": "String"
        },
        "Version": {
          "Documentation": "http://docs.aws.amazon.com/AWSCloudFormation/latest/UserGuide/aws-properties-batch-computeenvironment-launchtemplatespecification.html#cfn-batch-computeenvironment-launchtemplatespecification-version",
          "UpdateType": "Conditional",
          "Required": false,
          "PrimitiveType": "String"
        },
        "LaunchTemplateId": {
          "Documentation": "http://docs.aws.amazon.com/AWSCloudFormation/latest/UserGuide/aws-properties-batch-computeenvironment-launchtemplatespecification.html#cfn-batch-computeenvironment-launchtemplatespecification-launchtemplateid",
          "UpdateType": "Conditional",
          "Required": false,
          "PrimitiveType": "String"
        }
      }
    },
    "AWS::Batch::ComputeEnvironment.EksConfiguration": {
      "Documentation": "http://docs.aws.amazon.com/AWSCloudFormation/latest/UserGuide/aws-properties-batch-computeenvironment-eksconfiguration.html",
      "Properties": {
        "EksClusterArn": {
          "Documentation": "http://docs.aws.amazon.com/AWSCloudFormation/latest/UserGuide/aws-properties-batch-computeenvironment-eksconfiguration.html#cfn-batch-computeenvironment-eksconfiguration-eksclusterarn",
          "UpdateType": "Immutable",
          "Required": true,
          "PrimitiveType": "String"
        },
        "KubernetesNamespace": {
          "Documentation": "http://docs.aws.amazon.com/AWSCloudFormation/latest/UserGuide/aws-properties-batch-computeenvironment-eksconfiguration.html#cfn-batch-computeenvironment-eksconfiguration-kubernetesnamespace",
          "UpdateType": "Immutable",
          "Required": true,
          "PrimitiveType": "String"
        }
      }
    }
  },
  "ResourceType": {
    "AWS::Batch::ComputeEnvironment": {
      "Documentation": "http://docs.aws.amazon.com/AWSCloudFormation/latest/UserGuide/aws-resource-batch-computeenvironment.html",
      "Properties": {
        "UnmanagedvCpus": {
          "Documentation": "http://docs.aws.amazon.com/AWSCloudFormation/latest/UserGuide/aws-resource-batch-computeenvironment.html#cfn-batch-computeenvironment-unmanagedvcpus",
          "UpdateType": "Mutable",
          "Required": false,
          "PrimitiveType": "Integer"
        },
        "Type": {
          "Documentation": "http://docs.aws.amazon.com/AWSCloudFormation/latest/UserGuide/aws-resource-batch-computeenvironment.html#cfn-batch-computeenvironment-type",
          "UpdateType": "Immutable",
          "Required": true,
          "PrimitiveType": "String"
        },
        "ReplaceComputeEnvironment": {
          "Documentation": "http://docs.aws.amazon.com/AWSCloudFormation/latest/UserGuide/aws-resource-batch-computeenvironment.html#cfn-batch-computeenvironment-replacecomputeenvironment",
          "UpdateType": "Mutable",
          "Required": false,
          "PrimitiveType": "Boolean"
        },
        "ServiceRole": {
          "Documentation": "http://docs.aws.amazon.com/AWSCloudFormation/latest/UserGuide/aws-resource-batch-computeenvironment.html#cfn-batch-computeenvironment-servicerole",
          "UpdateType": "Mutable",
          "Required": false,
          "PrimitiveType": "String"
        },
        "UpdatePolicy": {
          "Documentation": "http://docs.aws.amazon.com/AWSCloudFormation/latest/UserGuide/aws-resource-batch-computeenvironment.html#cfn-batch-computeenvironment-updatepolicy",
          "UpdateType": "Mutable",
          "Required": false,
          "Type": "UpdatePolicy"
        },
        "EksConfiguration": {
          "Documentation": "http://docs.aws.amazon.com/AWSCloudFormation/latest/UserGuide/aws-resource-batch-computeenvironment.html#cfn-batch-computeenvironment-eksconfiguration",
          "UpdateType": "Immutable",
          "Required": false,
          "Type": "EksConfiguration"
        },
        "ComputeEnvironmentName": {
          "Documentation": "http://docs.aws.amazon.com/AWSCloudFormation/latest/UserGuide/aws-resource-batch-computeenvironment.html#cfn-batch-computeenvironment-computeenvironmentname",
          "UpdateType": "Immutable",
          "Required": false,
          "PrimitiveType": "String"
        },
        "ComputeResources": {
          "Documentation": "http://docs.aws.amazon.com/AWSCloudFormation/latest/UserGuide/aws-resource-batch-computeenvironment.html#cfn-batch-computeenvironment-computeresources",
          "UpdateType": "Mutable",
          "Required": false,
          "Type": "ComputeResources"
        },
        "State": {
          "Documentation": "http://docs.aws.amazon.com/AWSCloudFormation/latest/UserGuide/aws-resource-batch-computeenvironment.html#cfn-batch-computeenvironment-state",
          "UpdateType": "Mutable",
          "Required": false,
          "PrimitiveType": "String"
        },
        "Tags": {
          "Documentation": "http://docs.aws.amazon.com/AWSCloudFormation/latest/UserGuide/aws-resource-batch-computeenvironment.html#cfn-batch-computeenvironment-tags",
          "UpdateType": "Immutable",
          "Required": false,
          "Type": "Map",
          "PrimitiveItemType": "String"
        }
      },
      "Attributes": {
        "ComputeEnvironmentArn": {
          "PrimitiveType": "String"
        }
      }
    }
  },
  "ResourceSpecificationVersion": "114.0.0"
}