{
  "PropertyTypes": {
    "AWS::Budgets::BudgetsAction.Definition": {
      "Documentation": "http://docs.aws.amazon.com/AWSCloudFormation/latest/UserGuide/aws-properties-budgets-budgetsaction-definition.html",
      "Properties": {
        "SsmActionDefinition": {
          "Documentation": "http://docs.aws.amazon.com/AWSCloudFormation/latest/UserGuide/aws-properties-budgets-budgetsaction-definition.html#cfn-budgets-budgetsaction-definition-ssmactiondefinition",
          "UpdateType": "Mutable",
          "Required": false,
          "Type": "SsmActionDefinition"
        },
        "IamActionDefinition": {
          "Documentation": "http://docs.aws.amazon.com/AWSCloudFormation/latest/UserGuide/aws-properties-budgets-budgetsaction-definition.html#cfn-budgets-budgetsaction-definition-iamactiondefinition",
          "UpdateType": "Mutable",
          "Required": false,
          "Type": "IamActionDefinition"
        },
        "ScpActionDefinition": {
          "Documentation": "http://docs.aws.amazon.com/AWSCloudFormation/latest/UserGuide/aws-properties-budgets-budgetsaction-definition.html#cfn-budgets-budgetsaction-definition-scpactiondefinition",
          "UpdateType": "Mutable",
          "Required": false,
          "Type": "ScpActionDefinition"
        }
      }
    },
    "AWS::Budgets::BudgetsAction.IamActionDefinition": {
      "Documentation": "http://docs.aws.amazon.com/AWSCloudFormation/latest/UserGuide/aws-properties-budgets-budgetsaction-iamactiondefinition.html",
      "Properties": {
        "PolicyArn": {
          "Documentation": "http://docs.aws.amazon.com/AWSCloudFormation/latest/UserGuide/aws-properties-budgets-budgetsaction-iamactiondefinition.html#cfn-budgets-budgetsaction-iamactiondefinition-policyarn",
          "UpdateType": "Mutable",
          "Required": true,
          "PrimitiveType": "String"
        },
        "Groups": {
          "Documentation": "http://docs.aws.amazon.com/AWSCloudFormation/latest/UserGuide/aws-properties-budgets-budgetsaction-iamactiondefinition.html#cfn-budgets-budgetsaction-iamactiondefinition-groups",
          "UpdateType": "Mutable",
          "Required": false,
          "Type": "List",
          "PrimitiveItemType": "String",
          "DuplicatesAllowed": true
        },
        "Roles": {
          "Documentation": "http://docs.aws.amazon.com/AWSCloudFormation/latest/UserGuide/aws-properties-budgets-budgetsaction-iamactiondefinition.html#cfn-budgets-budgetsaction-iamactiondefinition-roles",
          "UpdateType": "Mutable",
          "Required": false,
          "Type": "List",
          "PrimitiveItemType": "String",
          "DuplicatesAllowed": true
        },
        "Users": {
          "Documentation": "http://docs.aws.amazon.com/AWSCloudFormation/latest/UserGuide/aws-properties-budgets-budgetsaction-iamactiondefinition.html#cfn-budgets-budgetsaction-iamactiondefinition-users",
          "UpdateType": "Mutable",
          "Required": false,
          "Type": "List",
          "PrimitiveItemType": "String",
          "DuplicatesAllowed": true
        }
      }
    },
    "AWS::Budgets::BudgetsAction.ActionThreshold": {
      "Documentation": "http://docs.aws.amazon.com/AWSCloudFormation/latest/UserGuide/aws-properties-budgets-budgetsaction-actionthreshold.html",
      "Properties": {
        "Type": {
          "Documentation": "http://docs.aws.amazon.com/AWSCloudFormation/latest/UserGuide/aws-properties-budgets-budgetsaction-actionthreshold.html#cfn-budgets-budgetsaction-actionthreshold-type",
          "UpdateType": "Mutable",
          "Required": true,
          "PrimitiveType": "String"
        },
        "Value": {
          "Documentation": "http://docs.aws.amazon.com/AWSCloudFormation/latest/UserGuide/aws-properties-budgets-budgetsaction-actionthreshold.html#cfn-budgets-budgetsaction-actionthreshold-value",
          "UpdateType": "Mutable",
          "Required": true,
          "PrimitiveType": "Double"
        }
      }
    },
    "AWS::Budgets::BudgetsAction.ScpActionDefinition": {
      "Documentation": "http://docs.aws.amazon.com/AWSCloudFormation/latest/UserGuide/aws-properties-budgets-budgetsaction-scpactiondefinition.html",
      "Properties": {
        "TargetIds": {
          "Documentation": "http://docs.aws.amazon.com/AWSCloudFormation/latest/UserGuide/aws-properties-budgets-budgetsaction-scpactiondefinition.html#cfn-budgets-budgetsaction-scpactiondefinition-targetids",
          "UpdateType": "Mutable",
          "Required": true,
          "Type": "List",
          "PrimitiveItemType": "String",
          "DuplicatesAllowed": true
        },
        "PolicyId": {
          "Documentation": "http://docs.aws.amazon.com/AWSCloudFormation/latest/UserGuide/aws-properties-budgets-budgetsaction-scpactiondefinition.html#cfn-budgets-budgetsaction-scpactiondefinition-policyid",
          "UpdateType": "Mutable",
          "Required": true,
          "PrimitiveType": "String"
        }
      }
    },
    "AWS::Budgets::BudgetsAction.Subscriber": {
      "Documentation": "http://docs.aws.amazon.com/AWSCloudFormation/latest/UserGuide/aws-properties-budgets-budgetsaction-subscriber.html",
      "Properties": {
        "Type": {
          "Documentation": "http://docs.aws.amazon.com/AWSCloudFormation/latest/UserGuide/aws-properties-budgets-budgetsaction-subscriber.html#cfn-budgets-budgetsaction-subscriber-type",
          "UpdateType": "Mutable",
          "Required": true,
          "PrimitiveType": "String"
        },
        "Address": {
          "Documentation": "http://docs.aws.amazon.com/AWSCloudFormation/latest/UserGuide/aws-properties-budgets-budgetsaction-subscriber.html#cfn-budgets-budgetsaction-subscriber-address",
          "UpdateType": "Mutable",
          "Required": true,
          "PrimitiveType": "String"
        }
      }
    },
    "AWS::Budgets::BudgetsAction.SsmActionDefinition": {
      "Documentation": "http://docs.aws.amazon.com/AWSCloudFormation/latest/UserGuide/aws-properties-budgets-budgetsaction-ssmactiondefinition.html",
      "Properties": {
        "Region": {
          "Documentation": "http://docs.aws.amazon.com/AWSCloudFormation/latest/UserGuide/aws-properties-budgets-budgetsaction-ssmactiondefinition.html#cfn-budgets-budgetsaction-ssmactiondefinition-region",
          "UpdateType": "Mutable",
          "Required": true,
          "PrimitiveType": "String"
        },
        "InstanceIds": {
          "Documentation": "http://docs.aws.amazon.com/AWSCloudFormation/latest/UserGuide/aws-properties-budgets-budgetsaction-ssmactiondefinition.html#cfn-budgets-budgetsaction-ssmactiondefinition-instanceids",
          "UpdateType": "Mutable",
          "Required": true,
          "Type": "List",
          "PrimitiveItemType": "String",
          "DuplicatesAllowed": true
        },
        "Subtype": {
          "Documentation": "http://docs.aws.amazon.com/AWSCloudFormation/latest/UserGuide/aws-properties-budgets-budgetsaction-ssmactiondefinition.html#cfn-budgets-budgetsaction-ssmactiondefinition-subtype",
          "UpdateType": "Mutable",
          "Required": true,
          "PrimitiveType": "String"
        }
      }
    }
  },
  "ResourceType": {
    "AWS::Budgets::BudgetsAction": {
      "Documentation": "http://docs.aws.amazon.com/AWSCloudFormation/latest/UserGuide/aws-resource-budgets-budgetsaction.html",
      "Properties": {
        "ExecutionRoleArn": {
          "Documentation": "http://docs.aws.amazon.com/AWSCloudFormation/latest/UserGuide/aws-resource-budgets-budgetsaction.html#cfn-budgets-budgetsaction-executionrolearn",
          "UpdateType": "Mutable",
          "Required": true,
          "PrimitiveType": "String"
        },
        "ActionType": {
          "Documentation": "http://docs.aws.amazon.com/AWSCloudFormation/latest/UserGuide/aws-resource-budgets-budgetsaction.html#cfn-budgets-budgetsaction-actiontype",
          "UpdateType": "Immutable",
          "Required": true,
          "PrimitiveType": "String"
        },
        "NotificationType": {
          "Documentation": "http://docs.aws.amazon.com/AWSCloudFormation/latest/UserGuide/aws-resource-budgets-budgetsaction.html#cfn-budgets-budgetsaction-notificationtype",
          "UpdateType": "Mutable",
          "Required": true,
          "PrimitiveType": "String"
        },
        "ActionThreshold": {
          "Documentation": "http://docs.aws.amazon.com/AWSCloudFormation/latest/UserGuide/aws-resource-budgets-budgetsaction.html#cfn-budgets-budgetsaction-actionthreshold",
          "UpdateType": "Mutable",
          "Required": true,
          "Type": "ActionThreshold"
        },
        "Definition": {
          "Documentation": "http://docs.aws.amazon.com/AWSCloudFormation/latest/UserGuide/aws-resource-budgets-budgetsaction.html#cfn-budgets-budgetsaction-definition",
          "UpdateType": "Mutable",
          "Required": true,
          "Type": "Definition"
        },
        "ApprovalModel": {
          "Documentation": "http://docs.aws.amazon.com/AWSCloudFormation/latest/UserGuide/aws-resource-budgets-budgetsaction.html#cfn-budgets-budgetsaction-approvalmodel",
          "UpdateType": "Mutable",
          "Required": false,
          "PrimitiveType": "String"
        },
        "Subscribers": {
          "Documentation": "http://docs.aws.amazon.com/AWSCloudFormation/latest/UserGuide/aws-resource-budgets-budgetsaction.html#cfn-budgets-budgetsaction-subscribers",
          "UpdateType": "Mutable",
          "Required": true,
          "Type": "List",
          "ItemType": "Subscriber",
          "DuplicatesAllowed": true
        },
        "BudgetName": {
          "Documentation": "http://docs.aws.amazon.com/AWSCloudFormation/latest/UserGuide/aws-resource-budgets-budgetsaction.html#cfn-budgets-budgetsaction-budgetname",
          "UpdateType": "Immutable",
          "Required": true,
          "PrimitiveType": "String"
        }
      },
      "Attributes": {
        "ActionId": {
          "PrimitiveType": "String"
        }
      }
    }
  },
  "ResourceSpecificationVersion": "114.0.0"
}