{
  "PropertyTypes": {
    "AWS::CloudFront::CachePolicy.CachePolicyConfig": {
      "Documentation": "http://docs.aws.amazon.com/AWSCloudFormation/latest/UserGuide/aws-properties-cloudfront-cachepolicy-cachepolicyconfig.html",
      "Properties": {
        "Comment": {
          "Documentation": "http://docs.aws.amazon.com/AWSCloudFormation/latest/UserGuide/aws-properties-cloudfront-cachepolicy-cachepolicyconfig.html#cfn-cloudfront-cachepolicy-cachepolicyconfig-comment",
          "UpdateType": "Mutable",
          "Required": false,
          "PrimitiveType": "String"
        },
        "MinTTL": {
          "Documentation": "http://docs.aws.amazon.com/AWSCloudFormation/latest/UserGuide/aws-properties-cloudfront-cachepolicy-cachepolicyconfig.html#cfn-cloudfront-cachepolicy-cachepolicyconfig-minttl",
          "UpdateType": "Mutable",
          "Required": true,
          "PrimitiveType": "Double"
        },
        "MaxTTL": {
          "Documentation": "http://docs.aws.amazon.com/AWSCloudFormation/latest/UserGuide/aws-properties-cloudfront-cachepolicy-cachepolicyconfig.html#cfn-cloudfront-cachepolicy-cachepolicyconfig-maxttl",
          "UpdateType": "Mutable",
          "Required": true,
          "PrimitiveType": "Double"
        },
        "ParametersInCacheKeyAndForwardedToOrigin": {
          "Documentation": "http://docs.aws.amazon.com/AWSCloudFormation/latest/UserGuide/aws-properties-cloudfront-cachepolicy-cachepolicyconfig.html#cfn-cloudfront-cachepolicy-cachepolicyconfig-parametersincachekeyandforwardedtoorigin",
          "UpdateType": "Mutable",
          "Required": true,
          "Type": "ParametersInCacheKeyAndForwardedToOrigin"
        },
        "DefaultTTL": {
          "Documentation": "http://docs.aws.amazon.com/AWSCloudFormation/latest/UserGuide/aws-properties-cloudfront-cachepolicy-cachepolicyconfig.html#cfn-cloudfront-cachepolicy-cachepolicyconfig-defaultttl",
          "UpdateType": "Mutable",
          "Required": true,
          "PrimitiveType": "Double"
        },
        "Name": {
          "Documentation": "http://docs.aws.amazon.com/AWSCloudFormation/latest/UserGuide/aws-properties-cloudfront-cachepolicy-cachepolicyconfig.html#cfn-cloudfront-cachepolicy-cachepolicyconfig-name",
          "UpdateType": "Mutable",
          "Required": true,
          "PrimitiveType": "String"
        }
      }
    },
    "AWS::CloudFront::CachePolicy.CookiesConfig": {
      "Documentation": "http://docs.aws.amazon.com/AWSCloudFormation/latest/UserGuide/aws-properties-cloudfront-cachepolicy-cookiesconfig.html",
      "Properties": {
        "Cookies": {
          "Documentation": "http://docs.aws.amazon.com/AWSCloudFormation/latest/UserGuide/aws-properties-cloudfront-cachepolicy-cookiesconfig.html#cfn-cloudfront-cachepolicy-cookiesconfig-cookies",
          "UpdateType": "Mutable",
          "Required": false,
          "Type": "List",
          "PrimitiveItemType": "String",
          "DuplicatesAllowed": true
        },
        "CookieBehavior": {
          "Documentation": "http://docs.aws.amazon.com/AWSCloudFormation/latest/UserGuide/aws-properties-cloudfront-cachepolicy-cookiesconfig.html#cfn-cloudfront-cachepolicy-cookiesconfig-cookiebehavior",
          "UpdateType": "Mutable",
          "Required": true,
          "PrimitiveType": "String"
        }
      }
    },
    "AWS::CloudFront::CachePolicy.HeadersConfig": {
      "Documentation": "http://docs.aws.amazon.com/AWSCloudFormation/latest/UserGuide/aws-properties-cloudfront-cachepolicy-headersconfig.html",
      "Properties": {
        "Headers": {
          "Documentation": "http://docs.aws.amazon.com/AWSCloudFormation/latest/UserGuide/aws-properties-cloudfront-cachepolicy-headersconfig.html#cfn-cloudfront-cachepolicy-headersconfig-headers",
          "UpdateType": "Mutable",
          "Required": false,
          "Type": "List",
          "PrimitiveItemType": "String",
          "DuplicatesAllowed": true
        },
        "HeaderBehavior": {
          "Documentation": "http://docs.aws.amazon.com/AWSCloudFormation/latest/UserGuide/aws-properties-cloudfront-cachepolicy-headersconfig.html#cfn-cloudfront-cachepolicy-headersconfig-headerbehavior",
          "UpdateType": "Mutable",
          "Required": true,
          "PrimitiveType": "String"
        }
      }
    },
    "AWS::CloudFront::CachePolicy.ParametersInCacheKeyAndForwardedToOrigin": {
      "Documentation": "http://docs.aws.amazon.com/AWSCloudFormation/latest/UserGuide/aws-properties-cloudfront-cachepolicy-parametersincachekeyandforwardedtoorigin.html",
      "Properties": {
        "EnableAcceptEncodingBrotli": {
          "Documentation": "http://docs.aws.amazon.com/AWSCloudFormation/latest/UserGuide/aws-properties-cloudfront-cachepolicy-parametersincachekeyandforwardedtoorigin.html#cfn-cloudfront-cachepolicy-parametersincachekeyandforwardedtoorigin-enableacceptencodingbrotli",
          "UpdateType": "Mutable",
          "Required": false,
          "PrimitiveType": "Boolean"
        },
        "HeadersConfig": {
          "Documentation": "http://docs.aws.amazon.com/AWSCloudFormation/latest/UserGuide/aws-properties-cloudfront-cachepolicy-parametersincachekeyandforwardedtoorigin.html#cfn-cloudfront-cachepolicy-parametersincachekeyandforwardedtoorigin-headersconfig",
          "UpdateType": "Mutable",
          "Required": true,
          "Type": "HeadersConfig"
        },
        "CookiesConfig": {
          "Documentation": "http://docs.aws.amazon.com/AWSCloudFormation/latest/UserGuide/aws-properties-cloudfront-cachepolicy-parametersincachekeyandforwardedtoorigin.html#cfn-cloudfront-cachepolicy-parametersincachekeyandforwardedtoorigin-cookiesconfig",
          "UpdateType": "Mutable",
          "Required": true,
          "Type": "CookiesConfig"
        },
        "EnableAcceptEncodingGzip": {
          "Documentation": "http://docs.aws.amazon.com/AWSCloudFormation/latest/UserGuide/aws-properties-cloudfront-cachepolicy-parametersincachekeyandforwardedtoorigin.html#cfn-cloudfront-cachepolicy-parametersincachekeyandforwardedtoorigin-enableacceptencodinggzip",
          "UpdateType": "Mutable",
          "Required": true,
          "PrimitiveType": "Boolean"
        },
        "QueryStringsConfig": {
          "Documentation": "http://docs.aws.amazon.com/AWSCloudFormation/latest/UserGuide/aws-properties-cloudfront-cachepolicy-parametersincachekeyandforwardedtoorigin.html#cfn-cloudfront-cachepolicy-parametersincachekeyandforwardedtoorigin-querystringsconfig",
          "UpdateType": "Mutable",
          "Required": true,
          "Type": "QueryStringsConfig"
        }
      }
    },
    "AWS::CloudFront::CachePolicy.QueryStringsConfig": {
      "Documentation": "http://docs.aws.amazon.com/AWSCloudFormation/latest/UserGuide/aws-properties-cloudfront-cachepolicy-querystringsconfig.html",
      "Properties": {
        "QueryStrings": {
          "Documentation": "http://docs.aws.amazon.com/AWSCloudFormation/latest/UserGuide/aws-properties-cloudfront-cachepolicy-querystringsconfig.html#cfn-cloudfront-cachepolicy-querystringsconfig-querystrings",
          "UpdateType": "Mutable",
          "Required": false,
          "Type": "List",
          "PrimitiveItemType": "String",
          "DuplicatesAllowed": true
        },
        "QueryStringBehavior": {
          "Documentation": "http://docs.aws.amazon.com/AWSCloudFormation/latest/UserGuide/aws-properties-cloudfront-cachepolicy-querystringsconfig.html#cfn-cloudfront-cachepolicy-querystringsconfig-querystringbehavior",
          "UpdateType": "Mutable",
          "Required": true,
          "PrimitiveType": "String"
        }
      }
    }
  },
  "ResourceType": {
    "AWS::CloudFront::CachePolicy": {
      "Documentation": "http://docs.aws.amazon.com/AWSCloudFormation/latest/UserGuide/aws-resource-cloudfront-cachepolicy.html",
      "Properties": {
        "CachePolicyConfig": {
          "Documentation": "http://docs.aws.amazon.com/AWSCloudFormation/latest/UserGuide/aws-resource-cloudfront-cachepolicy.html#cfn-cloudfront-cachepolicy-cachepolicyconfig",
          "UpdateType": "Mutable",
          "Required": true,
          "Type": "CachePolicyConfig"
        }
      },
      "Attributes": {
        "LastModifiedTime": {
          "PrimitiveType": "String"
        },
        "Id": {
          "PrimitiveType": "String"
        }
      }
    }
  },
  "ResourceSpecificationVersion": "114.0.0"
}