{
  "ResourceType": {
    "AWS::CloudWatch::Dashboard": {
      "Documentation": "http://docs.aws.amazon.com/AWSCloudFormation/latest/UserGuide/aws-resource-cloudwatch-dashboard.html",
      "Properties": {
        "DashboardName": {
          "Required": false,
          "Documentation": "http://docs.aws.amazon.com/AWSCloudFormation/latest/UserGuide/aws-resource-cloudwatch-dashboard.html#cfn-cloudwatch-dashboard-dashboardname",
          "PrimitiveType": "String",
          "UpdateType": "Immutable"
        },
        "DashboardBody": {
          "Required": true,
          "Documentation": "http://docs.aws.amazon.com/AWSCloudFormation/latest/UserGuide/aws-resource-cloudwatch-dashboard.html#cfn-cloudwatch-dashboard-dashboardbody",
          "PrimitiveType": "String",
          "UpdateType": "Mutable"
        }
      }
    }
  },
  "ResourceSpecificationVersion": "114.0.0"
}