{
  "PropertyTypes": {
    "AWS::CloudWatch::Alarm.Dimension": {
      "Documentation": "http://docs.aws.amazon.com/AWSCloudFormation/latest/UserGuide/aws-properties-cw-dimension.html",
      "Properties": {
        "Name": {
          "Documentation": "http://docs.aws.amazon.com/AWSCloudFormation/latest/UserGuide/aws-properties-cw-dimension.html#cfn-cloudwatch-alarm-dimension-name",
          "PrimitiveType": "String",
          "Required": true,
          "UpdateType": "Mutable"
        },
        "Value": {
          "Documentation": "http://docs.aws.amazon.com/AWSCloudFormation/latest/UserGuide/aws-properties-cw-dimension.html#cfn-cloudwatch-alarm-dimension-value",
          "PrimitiveType": "String",
          "Required": true,
          "UpdateType": "Mutable"
        }
      }
    },
    "AWS::CloudWatch::Alarm.Metric": {
      "Documentation": "http://docs.aws.amazon.com/AWSCloudFormation/latest/UserGuide/aws-properties-cloudwatch-alarm-metric.html",
      "Properties": {
        "Dimensions": {
          "Documentation": "http://docs.aws.amazon.com/AWSCloudFormation/latest/UserGuide/aws-properties-cloudwatch-alarm-metric.html#cfn-cloudwatch-alarm-metric-dimensions",
          "DuplicatesAllowed": true,
          "ItemType": "Dimension",
          "Required": false,
          "Type": "List",
          "UpdateType": "Mutable"
        },
        "MetricName": {
          "Documentation": "http://docs.aws.amazon.com/AWSCloudFormation/latest/UserGuide/aws-properties-cloudwatch-alarm-metric.html#cfn-cloudwatch-alarm-metric-metricname",
          "PrimitiveType": "String",
          "Required": false,
          "UpdateType": "Mutable"
        },
        "Namespace": {
          "Documentation": "http://docs.aws.amazon.com/AWSCloudFormation/latest/UserGuide/aws-properties-cloudwatch-alarm-metric.html#cfn-cloudwatch-alarm-metric-namespace",
          "PrimitiveType": "String",
          "Required": false,
          "UpdateType": "Mutable"
        }
      }
    },
    "AWS::CloudWatch::Alarm.MetricDataQuery": {
      "Documentation": "http://docs.aws.amazon.com/AWSCloudFormation/latest/UserGuide/aws-properties-cloudwatch-alarm-metricdataquery.html",
      "Properties": {
        "AccountId": {
          "Documentation": "http://docs.aws.amazon.com/AWSCloudFormation/latest/UserGuide/aws-properties-cloudwatch-alarm-metricdataquery.html#cfn-cloudwatch-alarm-metricdataquery-accountid",
          "PrimitiveType": "String",
          "Required": false,
          "UpdateType": "Mutable"
        },
        "Expression": {
          "Documentation": "http://docs.aws.amazon.com/AWSCloudFormation/latest/UserGuide/aws-properties-cloudwatch-alarm-metricdataquery.html#cfn-cloudwatch-alarm-metricdataquery-expression",
          "PrimitiveType": "String",
          "Required": false,
          "UpdateType": "Mutable"
        },
        "Id": {
          "Documentation": "http://docs.aws.amazon.com/AWSCloudFormation/latest/UserGuide/aws-properties-cloudwatch-alarm-metricdataquery.html#cfn-cloudwatch-alarm-metricdataquery-id",
          "PrimitiveType": "String",
          "Required": true,
          "UpdateType": "Mutable"
        },
        "Label": {
          "Documentation": "http://docs.aws.amazon.com/AWSCloudFormation/latest/UserGuide/aws-properties-cloudwatch-alarm-metricdataquery.html#cfn-cloudwatch-alarm-metricdataquery-label",
          "PrimitiveType": "String",
          "Required": false,
          "UpdateType": "Mutable"
        },
        "MetricStat": {
          "Documentation": "http://docs.aws.amazon.com/AWSCloudFormation/latest/UserGuide/aws-properties-cloudwatch-alarm-metricdataquery.html#cfn-cloudwatch-alarm-metricdataquery-metricstat",
          "Required": false,
          "Type": "MetricStat",
          "UpdateType": "Mutable"
        },
        "Period": {
          "Documentation": "http://docs.aws.amazon.com/AWSCloudFormation/latest/UserGuide/aws-properties-cloudwatch-alarm-metricdataquery.html#cfn-cloudwatch-alarm-metricdataquery-period",
          "PrimitiveType": "Integer",
          "Required": false,
          "UpdateType": "Mutable"
        },
        "ReturnData": {
          "Documentation": "http://docs.aws.amazon.com/AWSCloudFormation/latest/UserGuide/aws-properties-cloudwatch-alarm-metricdataquery.html#cfn-cloudwatch-alarm-metricdataquery-returndata",
          "PrimitiveType": "Boolean",
          "Required": false,
          "UpdateType": "Mutable"
        }
      }
    },
    "AWS::CloudWatch::Alarm.MetricStat": {
      "Documentation": "http://docs.aws.amazon.com/AWSCloudFormation/latest/UserGuide/aws-properties-cloudwatch-alarm-metricstat.html",
      "Properties": {
        "Metric": {
          "Documentation": "http://docs.aws.amazon.com/AWSCloudFormation/latest/UserGuide/aws-properties-cloudwatch-alarm-metricstat.html#cfn-cloudwatch-alarm-metricstat-metric",
          "Required": true,
          "Type": "Metric",
          "UpdateType": "Mutable"
        },
        "Period": {
          "Documentation": "http://docs.aws.amazon.com/AWSCloudFormation/latest/UserGuide/aws-properties-cloudwatch-alarm-metricstat.html#cfn-cloudwatch-alarm-metricstat-period",
          "PrimitiveType": "Integer",
          "Required": true,
          "UpdateType": "Mutable"
        },
        "Stat": {
          "Documentation": "http://docs.aws.amazon.com/AWSCloudFormation/latest/UserGuide/aws-properties-cloudwatch-alarm-metricstat.html#cfn-cloudwatch-alarm-metricstat-stat",
          "PrimitiveType": "String",
          "Required": true,
          "UpdateType": "Mutable"
        },
        "Unit": {
          "Documentation": "http://docs.aws.amazon.com/AWSCloudFormation/latest/UserGuide/aws-properties-cloudwatch-alarm-metricstat.html#cfn-cloudwatch-alarm-metricstat-unit",
          "PrimitiveType": "String",
          "Required": false,
          "UpdateType": "Mutable"
        }
      }
    }
  },
  "ResourceType": {
    "AWS::CloudWatch::Alarm": {
      "Attributes": {
        "Arn": {
          "PrimitiveType": "String"
        }
      },
      "Documentation": "http://docs.aws.amazon.com/AWSCloudFormation/latest/UserGuide/aws-resource-cloudwatch-alarm.html",
      "Properties": {
        "ActionsEnabled": {
          "Documentation": "http://docs.aws.amazon.com/AWSCloudFormation/latest/UserGuide/aws-resource-cloudwatch-alarm.html#cfn-cloudwatch-alarms-actionsenabled",
          "PrimitiveType": "Boolean",
          "Required": false,
          "UpdateType": "Mutable"
        },
        "AlarmActions": {
          "Documentation": "http://docs.aws.amazon.com/AWSCloudFormation/latest/UserGuide/aws-resource-cloudwatch-alarm.html#cfn-cloudwatch-alarms-alarmactions",
          "DuplicatesAllowed": true,
          "PrimitiveItemType": "String",
          "Required": false,
          "Type": "List",
          "UpdateType": "Mutable"
        },
        "AlarmDescription": {
          "Documentation": "http://docs.aws.amazon.com/AWSCloudFormation/latest/UserGuide/aws-resource-cloudwatch-alarm.html#cfn-cloudwatch-alarms-alarmdescription",
          "PrimitiveType": "String",
          "Required": false,
          "UpdateType": "Mutable"
        },
        "AlarmName": {
          "Documentation": "http://docs.aws.amazon.com/AWSCloudFormation/latest/UserGuide/aws-resource-cloudwatch-alarm.html#cfn-cloudwatch-alarms-alarmname",
          "PrimitiveType": "String",
          "Required": false,
          "UpdateType": "Immutable"
        },
        "ComparisonOperator": {
          "Documentation": "http://docs.aws.amazon.com/AWSCloudFormation/latest/UserGuide/aws-resource-cloudwatch-alarm.html#cfn-cloudwatch-alarms-comparisonoperator",
          "PrimitiveType": "String",
          "Required": true,
          "UpdateType": "Mutable"
        },
        "DatapointsToAlarm": {
          "Documentation": "http://docs.aws.amazon.com/AWSCloudFormation/latest/UserGuide/aws-resource-cloudwatch-alarm.html#cfn-cloudwatch-alarm-datapointstoalarm",
          "PrimitiveType": "Integer",
          "Required": false,
          "UpdateType": "Mutable"
        },
        "Dimensions": {
          "Documentation": "http://docs.aws.amazon.com/AWSCloudFormation/latest/UserGuide/aws-resource-cloudwatch-alarm.html#cfn-cloudwatch-alarms-dimension",
          "DuplicatesAllowed": true,
          "ItemType": "Dimension",
          "Required": false,
          "Type": "List",
          "UpdateType": "Mutable"
        },
        "EvaluateLowSampleCountPercentile": {
          "Documentation": "http://docs.aws.amazon.com/AWSCloudFormation/latest/UserGuide/aws-resource-cloudwatch-alarm.html#cfn-cloudwatch-alarms-evaluatelowsamplecountpercentile",
          "PrimitiveType": "String",
          "Required": false,
          "UpdateType": "Mutable"
        },
        "EvaluationPeriods": {
          "Documentation": "http://docs.aws.amazon.com/AWSCloudFormation/latest/UserGuide/aws-resource-cloudwatch-alarm.html#cfn-cloudwatch-alarms-evaluationperiods",
          "PrimitiveType": "Integer",
          "Required": true,
          "UpdateType": "Mutable"
        },
        "ExtendedStatistic": {
          "Documentation": "http://docs.aws.amazon.com/AWSCloudFormation/latest/UserGuide/aws-resource-cloudwatch-alarm.html#cfn-cloudwatch-alarms-extendedstatistic",
          "PrimitiveType": "String",
          "Required": false,
          "UpdateType": "Mutable"
        },
        "InsufficientDataActions": {
          "Documentation": "http://docs.aws.amazon.com/AWSCloudFormation/latest/UserGuide/aws-resource-cloudwatch-alarm.html#cfn-cloudwatch-alarms-insufficientdataactions",
          "DuplicatesAllowed": true,
          "PrimitiveItemType": "String",
          "Required": false,
          "Type": "List",
          "UpdateType": "Mutable"
        },
        "MetricName": {
          "Documentation": "http://docs.aws.amazon.com/AWSCloudFormation/latest/UserGuide/aws-resource-cloudwatch-alarm.html#cfn-cloudwatch-alarms-metricname",
          "PrimitiveType": "String",
          "Required": false,
          "UpdateType": "Mutable"
        },
        "Metrics": {
          "Documentation": "http://docs.aws.amazon.com/AWSCloudFormation/latest/UserGuide/aws-resource-cloudwatch-alarm.html#cfn-cloudwatch-alarm-metrics",
          "DuplicatesAllowed": false,
          "ItemType": "MetricDataQuery",
          "Required": false,
          "Type": "List",
          "UpdateType": "Mutable"
        },
        "Namespace": {
          "Documentation": "http://docs.aws.amazon.com/AWSCloudFormation/latest/UserGuide/aws-resource-cloudwatch-alarm.html#cfn-cloudwatch-alarms-namespace",
          "PrimitiveType": "String",
          "Required": false,
          "UpdateType": "Mutable"
        },
        "OKActions": {
          "Documentation": "http://docs.aws.amazon.com/AWSCloudFormation/latest/UserGuide/aws-resource-cloudwatch-alarm.html#cfn-cloudwatch-alarms-okactions",
          "DuplicatesAllowed": true,
          "PrimitiveItemType": "String",
          "Required": false,
          "Type": "List",
          "UpdateType": "Mutable"
        },
        "Period": {
          "Documentation": "http://docs.aws.amazon.com/AWSCloudFormation/latest/UserGuide/aws-resource-cloudwatch-alarm.html#cfn-cloudwatch-alarms-period",
          "PrimitiveType": "Integer",
          "Required": false,
          "UpdateType": "Mutable"
        },
        "Statistic": {
          "Documentation": "http://docs.aws.amazon.com/AWSCloudFormation/latest/UserGuide/aws-resource-cloudwatch-alarm.html#cfn-cloudwatch-alarms-statistic",
          "PrimitiveType": "String",
          "Required": false,
          "UpdateType": "Mutable"
        },
        "Threshold": {
          "Documentation": "http://docs.aws.amazon.com/AWSCloudFormation/latest/UserGuide/aws-resource-cloudwatch-alarm.html#cfn-cloudwatch-alarms-threshold",
          "PrimitiveType": "Double",
          "Required": false,
          "UpdateType": "Mutable"
        },
        "ThresholdMetricId": {
          "Documentation": "http://docs.aws.amazon.com/AWSCloudFormation/latest/UserGuide/aws-resource-cloudwatch-alarm.html#cfn-cloudwatch-alarms-dynamic-threshold",
          "PrimitiveType": "String",
          "Required": false,
          "UpdateType": "Mutable"
        },
        "TreatMissingData": {
          "Documentation": "http://docs.aws.amazon.com/AWSCloudFormation/latest/UserGuide/aws-resource-cloudwatch-alarm.html#cfn-cloudwatch-alarms-treatmissingdata",
          "PrimitiveType": "String",
          "Required": false,
          "UpdateType": "Mutable"
        },
        "Unit": {
          "Documentation": "http://docs.aws.amazon.com/AWSCloudFormation/latest/UserGuide/aws-resource-cloudwatch-alarm.html#cfn-cloudwatch-alarms-unit",
          "PrimitiveType": "String",
          "Required": false,
          "UpdateType": "Mutable"
        }
      }
    }
  },
  "ResourceSpecificationVersion": "114.0.0"
}