{
  "PropertyTypes": {
    "AWS::CloudFront::StreamingDistribution.S3Origin": {
      "Documentation": "http://docs.aws.amazon.com/AWSCloudFormation/latest/UserGuide/aws-properties-cloudfront-streamingdistribution-s3origin.html",
      "Properties": {
        "DomainName": {
          "Required": true,
          "Documentation": "http://docs.aws.amazon.com/AWSCloudFormation/latest/UserGuide/aws-properties-cloudfront-streamingdistribution-s3origin.html#cfn-cloudfront-streamingdistribution-s3origin-domainname",
          "PrimitiveType": "String",
          "UpdateType": "Mutable"
        },
        "OriginAccessIdentity": {
          "Required": true,
          "Documentation": "http://docs.aws.amazon.com/AWSCloudFormation/latest/UserGuide/aws-properties-cloudfront-streamingdistribution-s3origin.html#cfn-cloudfront-streamingdistribution-s3origin-originaccessidentity",
          "PrimitiveType": "String",
          "UpdateType": "Mutable"
        }
      }
    },
    "AWS::CloudFront::StreamingDistribution.Logging": {
      "Documentation": "http://docs.aws.amazon.com/AWSCloudFormation/latest/UserGuide/aws-properties-cloudfront-streamingdistribution-logging.html",
      "Properties": {
        "Bucket": {
          "Required": true,
          "Documentation": "http://docs.aws.amazon.com/AWSCloudFormation/latest/UserGuide/aws-properties-cloudfront-streamingdistribution-logging.html#cfn-cloudfront-streamingdistribution-logging-bucket",
          "PrimitiveType": "String",
          "UpdateType": "Mutable"
        },
        "Enabled": {
          "Required": true,
          "Documentation": "http://docs.aws.amazon.com/AWSCloudFormation/latest/UserGuide/aws-properties-cloudfront-streamingdistribution-logging.html#cfn-cloudfront-streamingdistribution-logging-enabled",
          "PrimitiveType": "Boolean",
          "UpdateType": "Mutable"
        },
        "Prefix": {
          "Required": true,
          "Documentation": "http://docs.aws.amazon.com/AWSCloudFormation/latest/UserGuide/aws-properties-cloudfront-streamingdistribution-logging.html#cfn-cloudfront-streamingdistribution-logging-prefix",
          "PrimitiveType": "String",
          "UpdateType": "Mutable"
        }
      }
    },
    "AWS::CloudFront::StreamingDistribution.TrustedSigners": {
      "Documentation": "http://docs.aws.amazon.com/AWSCloudFormation/latest/UserGuide/aws-properties-cloudfront-streamingdistribution-trustedsigners.html",
      "Properties": {
        "Enabled": {
          "Required": true,
          "Documentation": "http://docs.aws.amazon.com/AWSCloudFormation/latest/UserGuide/aws-properties-cloudfront-streamingdistribution-trustedsigners.html#cfn-cloudfront-streamingdistribution-trustedsigners-enabled",
          "PrimitiveType": "Boolean",
          "UpdateType": "Mutable"
        },
        "AwsAccountNumbers": {
          "PrimitiveItemType": "String",
          "Type": "List",
          "Required": false,
          "Documentation": "http://docs.aws.amazon.com/AWSCloudFormation/latest/UserGuide/aws-properties-cloudfront-streamingdistribution-trustedsigners.html#cfn-cloudfront-streamingdistribution-trustedsigners-awsaccountnumbers",
          "UpdateType": "Mutable"
        }
      }
    },
    "Tag": {
      "Documentation": "http://docs.aws.amazon.com/AWSCloudFormation/latest/UserGuide/aws-properties-resource-tags.html",
      "Properties": {
        "Key": {
          "Required": true,
          "Documentation": "http://docs.aws.amazon.com/AWSCloudFormation/latest/UserGuide/aws-properties-resource-tags.html#cfn-resource-tags-key",
          "PrimitiveType": "String",
          "UpdateType": "Mutable"
        },
        "Value": {
          "Required": true,
          "Documentation": "http://docs.aws.amazon.com/AWSCloudFormation/latest/UserGuide/aws-properties-resource-tags.html#cfn-resource-tags-value",
          "PrimitiveType": "String",
          "UpdateType": "Mutable"
        }
      }
    },
    "AWS::CloudFront::StreamingDistribution.StreamingDistributionConfig": {
      "Documentation": "http://docs.aws.amazon.com/AWSCloudFormation/latest/UserGuide/aws-properties-cloudfront-streamingdistribution-streamingdistributionconfig.html",
      "Properties": {
        "Logging": {
          "Type": "Logging",
          "Required": false,
          "Documentation": "http://docs.aws.amazon.com/AWSCloudFormation/latest/UserGuide/aws-properties-cloudfront-streamingdistribution-streamingdistributionconfig.html#cfn-cloudfront-streamingdistribution-streamingdistributionconfig-logging",
          "UpdateType": "Mutable"
        },
        "Comment": {
          "Required": true,
          "Documentation": "http://docs.aws.amazon.com/AWSCloudFormation/latest/UserGuide/aws-properties-cloudfront-streamingdistribution-streamingdistributionconfig.html#cfn-cloudfront-streamingdistribution-streamingdistributionconfig-comment",
          "PrimitiveType": "String",
          "UpdateType": "Mutable"
        },
        "PriceClass": {
          "Required": false,
          "Documentation": "http://docs.aws.amazon.com/AWSCloudFormation/latest/UserGuide/aws-properties-cloudfront-streamingdistribution-streamingdistributionconfig.html#cfn-cloudfront-streamingdistribution-streamingdistributionconfig-priceclass",
          "PrimitiveType": "String",
          "UpdateType": "Mutable"
        },
        "S3Origin": {
          "Type": "S3Origin",
          "Required": true,
          "Documentation": "http://docs.aws.amazon.com/AWSCloudFormation/latest/UserGuide/aws-properties-cloudfront-streamingdistribution-streamingdistributionconfig.html#cfn-cloudfront-streamingdistribution-streamingdistributionconfig-s3origin",
          "UpdateType": "Mutable"
        },
        "Enabled": {
          "Required": true,
          "Documentation": "http://docs.aws.amazon.com/AWSCloudFormation/latest/UserGuide/aws-properties-cloudfront-streamingdistribution-streamingdistributionconfig.html#cfn-cloudfront-streamingdistribution-streamingdistributionconfig-enabled",
          "PrimitiveType": "Boolean",
          "UpdateType": "Mutable"
        },
        "Aliases": {
          "PrimitiveItemType": "String",
          "Type": "List",
          "Required": false,
          "Documentation": "http://docs.aws.amazon.com/AWSCloudFormation/latest/UserGuide/aws-properties-cloudfront-streamingdistribution-streamingdistributionconfig.html#cfn-cloudfront-streamingdistribution-streamingdistributionconfig-aliases",
          "UpdateType": "Mutable"
        },
        "TrustedSigners": {
          "Type": "TrustedSigners",
          "Required": true,
          "Documentation": "http://docs.aws.amazon.com/AWSCloudFormation/latest/UserGuide/aws-properties-cloudfront-streamingdistribution-streamingdistributionconfig.html#cfn-cloudfront-streamingdistribution-streamingdistributionconfig-trustedsigners",
          "UpdateType": "Mutable"
        }
      }
    }
  },
  "ResourceType": {
    "AWS::CloudFront::StreamingDistribution": {
      "Documentation": "http://docs.aws.amazon.com/AWSCloudFormation/latest/UserGuide/aws-resource-cloudfront-streamingdistribution.html",
      "Attributes": {
        "DomainName": {
          "PrimitiveType": "String"
        }
      },
      "Properties": {
        "StreamingDistributionConfig": {
          "Type": "StreamingDistributionConfig",
          "Required": true,
          "Documentation": "http://docs.aws.amazon.com/AWSCloudFormation/latest/UserGuide/aws-resource-cloudfront-streamingdistribution.html#cfn-cloudfront-streamingdistribution-streamingdistributionconfig",
          "UpdateType": "Mutable"
        },
        "Tags": {
          "Type": "List",
          "Required": true,
          "Documentation": "http://docs.aws.amazon.com/AWSCloudFormation/latest/UserGuide/aws-resource-cloudfront-streamingdistribution.html#cfn-cloudfront-streamingdistribution-tags",
          "ItemType": "Tag",
          "UpdateType": "Mutable"
        }
      }
    }
  },
  "ResourceSpecificationVersion": "114.0.0"
}