{
  "PropertyTypes": {
    "AWS::CloudFormation::TypeActivation.LoggingConfig": {
      "Documentation": "http://docs.aws.amazon.com/AWSCloudFormation/latest/UserGuide/aws-properties-cloudformation-typeactivation-loggingconfig.html",
      "Properties": {
        "LogGroupName": {
          "Documentation": "http://docs.aws.amazon.com/AWSCloudFormation/latest/UserGuide/aws-properties-cloudformation-typeactivation-loggingconfig.html#cfn-cloudformation-typeactivation-loggingconfig-loggroupname",
          "UpdateType": "Immutable",
          "Required": false,
          "PrimitiveType": "String"
        },
        "LogRoleArn": {
          "Documentation": "http://docs.aws.amazon.com/AWSCloudFormation/latest/UserGuide/aws-properties-cloudformation-typeactivation-loggingconfig.html#cfn-cloudformation-typeactivation-loggingconfig-logrolearn",
          "UpdateType": "Immutable",
          "Required": false,
          "PrimitiveType": "String"
        }
      }
    }
  },
  "ResourceType": {
    "AWS::CloudFormation::TypeActivation": {
      "Documentation": "http://docs.aws.amazon.com/AWSCloudFormation/latest/UserGuide/aws-resource-cloudformation-typeactivation.html",
      "Properties": {
        "MajorVersion": {
          "Documentation": "http://docs.aws.amazon.com/AWSCloudFormation/latest/UserGuide/aws-resource-cloudformation-typeactivation.html#cfn-cloudformation-typeactivation-majorversion",
          "UpdateType": "Mutable",
          "Required": false,
          "PrimitiveType": "String"
        },
        "ExecutionRoleArn": {
          "Documentation": "http://docs.aws.amazon.com/AWSCloudFormation/latest/UserGuide/aws-resource-cloudformation-typeactivation.html#cfn-cloudformation-typeactivation-executionrolearn",
          "UpdateType": "Immutable",
          "Required": false,
          "PrimitiveType": "String"
        },
        "TypeName": {
          "Documentation": "http://docs.aws.amazon.com/AWSCloudFormation/latest/UserGuide/aws-resource-cloudformation-typeactivation.html#cfn-cloudformation-typeactivation-typename",
          "UpdateType": "Immutable",
          "Required": false,
          "PrimitiveType": "String"
        },
        "Type": {
          "Documentation": "http://docs.aws.amazon.com/AWSCloudFormation/latest/UserGuide/aws-resource-cloudformation-typeactivation.html#cfn-cloudformation-typeactivation-type",
          "UpdateType": "Immutable",
          "Required": false,
          "PrimitiveType": "String"
        },
        "PublicTypeArn": {
          "Documentation": "http://docs.aws.amazon.com/AWSCloudFormation/latest/UserGuide/aws-resource-cloudformation-typeactivation.html#cfn-cloudformation-typeactivation-publictypearn",
          "UpdateType": "Immutable",
          "Required": false,
          "PrimitiveType": "String"
        },
        "AutoUpdate": {
          "Documentation": "http://docs.aws.amazon.com/AWSCloudFormation/latest/UserGuide/aws-resource-cloudformation-typeactivation.html#cfn-cloudformation-typeactivation-autoupdate",
          "UpdateType": "Mutable",
          "Required": false,
          "PrimitiveType": "Boolean"
        },
        "LoggingConfig": {
          "Documentation": "http://docs.aws.amazon.com/AWSCloudFormation/latest/UserGuide/aws-resource-cloudformation-typeactivation.html#cfn-cloudformation-typeactivation-loggingconfig",
          "UpdateType": "Immutable",
          "Required": false,
          "Type": "LoggingConfig"
        },
        "PublisherId": {
          "Documentation": "http://docs.aws.amazon.com/AWSCloudFormation/latest/UserGuide/aws-resource-cloudformation-typeactivation.html#cfn-cloudformation-typeactivation-publisherid",
          "UpdateType": "Immutable",
          "Required": false,
          "PrimitiveType": "String"
        },
        "VersionBump": {
          "Documentation": "http://docs.aws.amazon.com/AWSCloudFormation/latest/UserGuide/aws-resource-cloudformation-typeactivation.html#cfn-cloudformation-typeactivation-versionbump",
          "UpdateType": "Mutable",
          "Required": false,
          "PrimitiveType": "String"
        },
        "TypeNameAlias": {
          "Documentation": "http://docs.aws.amazon.com/AWSCloudFormation/latest/UserGuide/aws-resource-cloudformation-typeactivation.html#cfn-cloudformation-typeactivation-typenamealias",
          "UpdateType": "Immutable",
          "Required": false,
          "PrimitiveType": "String"
        }
      },
      "Attributes": {
        "Arn": {
          "PrimitiveType": "String"
        }
      }
    }
  },
  "ResourceSpecificationVersion": "114.0.0"
}