{
  "PropertyTypes": {
    "AWS::CloudTrail::EventDataStore.AdvancedEventSelector": {
      "Documentation": "http://docs.aws.amazon.com/AWSCloudFormation/latest/UserGuide/aws-properties-cloudtrail-eventdatastore-advancedeventselector.html",
      "Properties": {
        "FieldSelectors": {
          "Documentation": "http://docs.aws.amazon.com/AWSCloudFormation/latest/UserGuide/aws-properties-cloudtrail-eventdatastore-advancedeventselector.html#cfn-cloudtrail-eventdatastore-advancedeventselector-fieldselectors",
          "UpdateType": "Mutable",
          "Required": true,
          "Type": "List",
          "ItemType": "AdvancedFieldSelector",
          "DuplicatesAllowed": false
        },
        "Name": {
          "Documentation": "http://docs.aws.amazon.com/AWSCloudFormation/latest/UserGuide/aws-properties-cloudtrail-eventdatastore-advancedeventselector.html#cfn-cloudtrail-eventdatastore-advancedeventselector-name",
          "UpdateType": "Mutable",
          "Required": false,
          "PrimitiveType": "String"
        }
      }
    },
    "Tag": {
      "Documentation": "http://docs.aws.amazon.com/AWSCloudFormation/latest/UserGuide/aws-properties-resource-tags.html",
      "Properties": {
        "Value": {
          "Documentation": "http://docs.aws.amazon.com/AWSCloudFormation/latest/UserGuide/aws-properties-resource-tags.html#cfn-resource-tags-value",
          "UpdateType": "Mutable",
          "Required": true,
          "PrimitiveType": "String"
        },
        "Key": {
          "Documentation": "http://docs.aws.amazon.com/AWSCloudFormation/latest/UserGuide/aws-properties-resource-tags.html#cfn-resource-tags-key",
          "UpdateType": "Mutable",
          "Required": true,
          "PrimitiveType": "String"
        }
      }
    },
    "AWS::CloudTrail::EventDataStore.AdvancedFieldSelector": {
      "Documentation": "http://docs.aws.amazon.com/AWSCloudFormation/latest/UserGuide/aws-properties-cloudtrail-eventdatastore-advancedfieldselector.html",
      "Properties": {
        "Field": {
          "Documentation": "http://docs.aws.amazon.com/AWSCloudFormation/latest/UserGuide/aws-properties-cloudtrail-eventdatastore-advancedfieldselector.html#cfn-cloudtrail-eventdatastore-advancedfieldselector-field",
          "UpdateType": "Mutable",
          "Required": true,
          "PrimitiveType": "String"
        },
        "Equals": {
          "Documentation": "http://docs.aws.amazon.com/AWSCloudFormation/latest/UserGuide/aws-properties-cloudtrail-eventdatastore-advancedfieldselector.html#cfn-cloudtrail-eventdatastore-advancedfieldselector-equals",
          "UpdateType": "Mutable",
          "Required": false,
          "Type": "List",
          "PrimitiveItemType": "String",
          "DuplicatesAllowed": false
        },
        "NotStartsWith": {
          "Documentation": "http://docs.aws.amazon.com/AWSCloudFormation/latest/UserGuide/aws-properties-cloudtrail-eventdatastore-advancedfieldselector.html#cfn-cloudtrail-eventdatastore-advancedfieldselector-notstartswith",
          "UpdateType": "Mutable",
          "Required": false,
          "Type": "List",
          "PrimitiveItemType": "String",
          "DuplicatesAllowed": false
        },
        "NotEndsWith": {
          "Documentation": "http://docs.aws.amazon.com/AWSCloudFormation/latest/UserGuide/aws-properties-cloudtrail-eventdatastore-advancedfieldselector.html#cfn-cloudtrail-eventdatastore-advancedfieldselector-notendswith",
          "UpdateType": "Mutable",
          "Required": false,
          "Type": "List",
          "PrimitiveItemType": "String",
          "DuplicatesAllowed": false
        },
        "StartsWith": {
          "Documentation": "http://docs.aws.amazon.com/AWSCloudFormation/latest/UserGuide/aws-properties-cloudtrail-eventdatastore-advancedfieldselector.html#cfn-cloudtrail-eventdatastore-advancedfieldselector-startswith",
          "UpdateType": "Mutable",
          "Required": false,
          "Type": "List",
          "PrimitiveItemType": "String",
          "DuplicatesAllowed": false
        },
        "EndsWith": {
          "Documentation": "http://docs.aws.amazon.com/AWSCloudFormation/latest/UserGuide/aws-properties-cloudtrail-eventdatastore-advancedfieldselector.html#cfn-cloudtrail-eventdatastore-advancedfieldselector-endswith",
          "UpdateType": "Mutable",
          "Required": false,
          "Type": "List",
          "PrimitiveItemType": "String",
          "DuplicatesAllowed": false
        },
        "NotEquals": {
          "Documentation": "http://docs.aws.amazon.com/AWSCloudFormation/latest/UserGuide/aws-properties-cloudtrail-eventdatastore-advancedfieldselector.html#cfn-cloudtrail-eventdatastore-advancedfieldselector-notequals",
          "UpdateType": "Mutable",
          "Required": false,
          "Type": "List",
          "PrimitiveItemType": "String",
          "DuplicatesAllowed": false
        }
      }
    }
  },
  "ResourceType": {
    "AWS::CloudTrail::EventDataStore": {
      "Documentation": "http://docs.aws.amazon.com/AWSCloudFormation/latest/UserGuide/aws-resource-cloudtrail-eventdatastore.html",
      "Properties": {
        "OrganizationEnabled": {
          "Documentation": "http://docs.aws.amazon.com/AWSCloudFormation/latest/UserGuide/aws-resource-cloudtrail-eventdatastore.html#cfn-cloudtrail-eventdatastore-organizationenabled",
          "UpdateType": "Mutable",
          "Required": false,
          "PrimitiveType": "Boolean"
        },
        "KmsKeyId": {
          "Documentation": "http://docs.aws.amazon.com/AWSCloudFormation/latest/UserGuide/aws-resource-cloudtrail-eventdatastore.html#cfn-cloudtrail-eventdatastore-kmskeyid",
          "UpdateType": "Mutable",
          "Required": false,
          "PrimitiveType": "String"
        },
        "AdvancedEventSelectors": {
          "Documentation": "http://docs.aws.amazon.com/AWSCloudFormation/latest/UserGuide/aws-resource-cloudtrail-eventdatastore.html#cfn-cloudtrail-eventdatastore-advancedeventselectors",
          "UpdateType": "Mutable",
          "Required": false,
          "Type": "List",
          "ItemType": "AdvancedEventSelector",
          "DuplicatesAllowed": false
        },
        "TerminationProtectionEnabled": {
          "Documentation": "http://docs.aws.amazon.com/AWSCloudFormation/latest/UserGuide/aws-resource-cloudtrail-eventdatastore.html#cfn-cloudtrail-eventdatastore-terminationprotectionenabled",
          "UpdateType": "Mutable",
          "Required": false,
          "PrimitiveType": "Boolean"
        },
        "MultiRegionEnabled": {
          "Documentation": "http://docs.aws.amazon.com/AWSCloudFormation/latest/UserGuide/aws-resource-cloudtrail-eventdatastore.html#cfn-cloudtrail-eventdatastore-multiregionenabled",
          "UpdateType": "Mutable",
          "Required": false,
          "PrimitiveType": "Boolean"
        },
        "RetentionPeriod": {
          "Documentation": "http://docs.aws.amazon.com/AWSCloudFormation/latest/UserGuide/aws-resource-cloudtrail-eventdatastore.html#cfn-cloudtrail-eventdatastore-retentionperiod",
          "UpdateType": "Mutable",
          "Required": false,
          "PrimitiveType": "Integer"
        },
        "Tags": {
          "Documentation": "http://docs.aws.amazon.com/AWSCloudFormation/latest/UserGuide/aws-resource-cloudtrail-eventdatastore.html#cfn-cloudtrail-eventdatastore-tags",
          "UpdateType": "Mutable",
          "Required": false,
          "Type": "List",
          "ItemType": "Tag",
          "DuplicatesAllowed": true
        },
        "Name": {
          "Documentation": "http://docs.aws.amazon.com/AWSCloudFormation/latest/UserGuide/aws-resource-cloudtrail-eventdatastore.html#cfn-cloudtrail-eventdatastore-name",
          "UpdateType": "Mutable",
          "Required": false,
          "PrimitiveType": "String"
        }
      },
      "Attributes": {
        "Status": {
          "PrimitiveType": "String"
        },
        "UpdatedTimestamp": {
          "PrimitiveType": "String"
        },
        "EventDataStoreArn": {
          "PrimitiveType": "String"
        },
        "CreatedTimestamp": {
          "PrimitiveType": "String"
        }
      }
    }
  },
  "ResourceSpecificationVersion": "114.0.0"
}