{
  "PropertyTypes": {
    "AWS::CloudFront::OriginAccessControl.OriginAccessControlConfig": {
      "Documentation": "http://docs.aws.amazon.com/AWSCloudFormation/latest/UserGuide/aws-properties-cloudfront-originaccesscontrol-originaccesscontrolconfig.html",
      "Properties": {
        "SigningBehavior": {
          "Documentation": "http://docs.aws.amazon.com/AWSCloudFormation/latest/UserGuide/aws-properties-cloudfront-originaccesscontrol-originaccesscontrolconfig.html#cfn-cloudfront-originaccesscontrol-originaccesscontrolconfig-signingbehavior",
          "UpdateType": "Mutable",
          "Required": true,
          "PrimitiveType": "String"
        },
        "Description": {
          "Documentation": "http://docs.aws.amazon.com/AWSCloudFormation/latest/UserGuide/aws-properties-cloudfront-originaccesscontrol-originaccesscontrolconfig.html#cfn-cloudfront-originaccesscontrol-originaccesscontrolconfig-description",
          "UpdateType": "Mutable",
          "Required": false,
          "PrimitiveType": "String"
        },
        "OriginAccessControlOriginType": {
          "Documentation": "http://docs.aws.amazon.com/AWSCloudFormation/latest/UserGuide/aws-properties-cloudfront-originaccesscontrol-originaccesscontrolconfig.html#cfn-cloudfront-originaccesscontrol-originaccesscontrolconfig-originaccesscontrolorigintype",
          "UpdateType": "Mutable",
          "Required": true,
          "PrimitiveType": "String"
        },
        "SigningProtocol": {
          "Documentation": "http://docs.aws.amazon.com/AWSCloudFormation/latest/UserGuide/aws-properties-cloudfront-originaccesscontrol-originaccesscontrolconfig.html#cfn-cloudfront-originaccesscontrol-originaccesscontrolconfig-signingprotocol",
          "UpdateType": "Mutable",
          "Required": true,
          "PrimitiveType": "String"
        },
        "Name": {
          "Documentation": "http://docs.aws.amazon.com/AWSCloudFormation/latest/UserGuide/aws-properties-cloudfront-originaccesscontrol-originaccesscontrolconfig.html#cfn-cloudfront-originaccesscontrol-originaccesscontrolconfig-name",
          "UpdateType": "Mutable",
          "Required": true,
          "PrimitiveType": "String"
        }
      }
    }
  },
  "ResourceType": {
    "AWS::CloudFront::OriginAccessControl": {
      "Documentation": "http://docs.aws.amazon.com/AWSCloudFormation/latest/UserGuide/aws-resource-cloudfront-originaccesscontrol.html",
      "Properties": {
        "OriginAccessControlConfig": {
          "Documentation": "http://docs.aws.amazon.com/AWSCloudFormation/latest/UserGuide/aws-resource-cloudfront-originaccesscontrol.html#cfn-cloudfront-originaccesscontrol-originaccesscontrolconfig",
          "UpdateType": "Mutable",
          "Required": true,
          "Type": "OriginAccessControlConfig"
        }
      },
      "Attributes": {
        "Id": {
          "PrimitiveType": "String"
        }
      }
    }
  },
  "ResourceSpecificationVersion": "114.0.0"
}