{
  "PropertyTypes": {
    "AWS::CloudFront::ContinuousDeploymentPolicy.TrafficConfig": {
      "Documentation": "http://docs.aws.amazon.com/AWSCloudFormation/latest/UserGuide/aws-properties-cloudfront-continuousdeploymentpolicy-trafficconfig.html",
      "Properties": {
        "SingleWeightConfig": {
          "Documentation": "http://docs.aws.amazon.com/AWSCloudFormation/latest/UserGuide/aws-properties-cloudfront-continuousdeploymentpolicy-trafficconfig.html#cfn-cloudfront-continuousdeploymentpolicy-trafficconfig-singleweightconfig",
          "UpdateType": "Mutable",
          "Required": false,
          "Type": "SingleWeightConfig"
        },
        "Type": {
          "Documentation": "http://docs.aws.amazon.com/AWSCloudFormation/latest/UserGuide/aws-properties-cloudfront-continuousdeploymentpolicy-trafficconfig.html#cfn-cloudfront-continuousdeploymentpolicy-trafficconfig-type",
          "UpdateType": "Mutable",
          "Required": true,
          "PrimitiveType": "String"
        },
        "SingleHeaderConfig": {
          "Documentation": "http://docs.aws.amazon.com/AWSCloudFormation/latest/UserGuide/aws-properties-cloudfront-continuousdeploymentpolicy-trafficconfig.html#cfn-cloudfront-continuousdeploymentpolicy-trafficconfig-singleheaderconfig",
          "UpdateType": "Mutable",
          "Required": false,
          "Type": "SingleHeaderConfig"
        }
      }
    },
    "AWS::CloudFront::ContinuousDeploymentPolicy.SingleWeightConfig": {
      "Documentation": "http://docs.aws.amazon.com/AWSCloudFormation/latest/UserGuide/aws-properties-cloudfront-continuousdeploymentpolicy-singleweightconfig.html",
      "Properties": {
        "SessionStickinessConfig": {
          "Documentation": "http://docs.aws.amazon.com/AWSCloudFormation/latest/UserGuide/aws-properties-cloudfront-continuousdeploymentpolicy-singleweightconfig.html#cfn-cloudfront-continuousdeploymentpolicy-singleweightconfig-sessionstickinessconfig",
          "UpdateType": "Mutable",
          "Required": false,
          "Type": "SessionStickinessConfig"
        },
        "Weight": {
          "Documentation": "http://docs.aws.amazon.com/AWSCloudFormation/latest/UserGuide/aws-properties-cloudfront-continuousdeploymentpolicy-singleweightconfig.html#cfn-cloudfront-continuousdeploymentpolicy-singleweightconfig-weight",
          "UpdateType": "Mutable",
          "Required": true,
          "PrimitiveType": "Double"
        }
      }
    },
    "AWS::CloudFront::ContinuousDeploymentPolicy.ContinuousDeploymentPolicyConfig": {
      "Documentation": "http://docs.aws.amazon.com/AWSCloudFormation/latest/UserGuide/aws-properties-cloudfront-continuousdeploymentpolicy-continuousdeploymentpolicyconfig.html",
      "Properties": {
        "Enabled": {
          "Documentation": "http://docs.aws.amazon.com/AWSCloudFormation/latest/UserGuide/aws-properties-cloudfront-continuousdeploymentpolicy-continuousdeploymentpolicyconfig.html#cfn-cloudfront-continuousdeploymentpolicy-continuousdeploymentpolicyconfig-enabled",
          "UpdateType": "Mutable",
          "Required": true,
          "PrimitiveType": "Boolean"
        },
        "StagingDistributionDnsNames": {
          "Documentation": "http://docs.aws.amazon.com/AWSCloudFormation/latest/UserGuide/aws-properties-cloudfront-continuousdeploymentpolicy-continuousdeploymentpolicyconfig.html#cfn-cloudfront-continuousdeploymentpolicy-continuousdeploymentpolicyconfig-stagingdistributiondnsnames",
          "UpdateType": "Mutable",
          "Required": true,
          "Type": "List",
          "PrimitiveItemType": "String",
          "DuplicatesAllowed": false
        },
        "TrafficConfig": {
          "Documentation": "http://docs.aws.amazon.com/AWSCloudFormation/latest/UserGuide/aws-properties-cloudfront-continuousdeploymentpolicy-continuousdeploymentpolicyconfig.html#cfn-cloudfront-continuousdeploymentpolicy-continuousdeploymentpolicyconfig-trafficconfig",
          "UpdateType": "Mutable",
          "Required": false,
          "Type": "TrafficConfig"
        }
      }
    },
    "AWS::CloudFront::ContinuousDeploymentPolicy.SingleHeaderConfig": {
      "Documentation": "http://docs.aws.amazon.com/AWSCloudFormation/latest/UserGuide/aws-properties-cloudfront-continuousdeploymentpolicy-singleheaderconfig.html",
      "Properties": {
        "Header": {
          "Documentation": "http://docs.aws.amazon.com/AWSCloudFormation/latest/UserGuide/aws-properties-cloudfront-continuousdeploymentpolicy-singleheaderconfig.html#cfn-cloudfront-continuousdeploymentpolicy-singleheaderconfig-header",
          "UpdateType": "Mutable",
          "Required": true,
          "PrimitiveType": "String"
        },
        "Value": {
          "Documentation": "http://docs.aws.amazon.com/AWSCloudFormation/latest/UserGuide/aws-properties-cloudfront-continuousdeploymentpolicy-singleheaderconfig.html#cfn-cloudfront-continuousdeploymentpolicy-singleheaderconfig-value",
          "UpdateType": "Mutable",
          "Required": true,
          "PrimitiveType": "String"
        }
      }
    },
    "AWS::CloudFront::ContinuousDeploymentPolicy.SessionStickinessConfig": {
      "Documentation": "http://docs.aws.amazon.com/AWSCloudFormation/latest/UserGuide/aws-properties-cloudfront-continuousdeploymentpolicy-sessionstickinessconfig.html",
      "Properties": {
        "IdleTTL": {
          "Documentation": "http://docs.aws.amazon.com/AWSCloudFormation/latest/UserGuide/aws-properties-cloudfront-continuousdeploymentpolicy-sessionstickinessconfig.html#cfn-cloudfront-continuousdeploymentpolicy-sessionstickinessconfig-idlettl",
          "UpdateType": "Mutable",
          "Required": true,
          "PrimitiveType": "Integer"
        },
        "MaximumTTL": {
          "Documentation": "http://docs.aws.amazon.com/AWSCloudFormation/latest/UserGuide/aws-properties-cloudfront-continuousdeploymentpolicy-sessionstickinessconfig.html#cfn-cloudfront-continuousdeploymentpolicy-sessionstickinessconfig-maximumttl",
          "UpdateType": "Mutable",
          "Required": true,
          "PrimitiveType": "Integer"
        }
      }
    }
  },
  "ResourceType": {
    "AWS::CloudFront::ContinuousDeploymentPolicy": {
      "Documentation": "http://docs.aws.amazon.com/AWSCloudFormation/latest/UserGuide/aws-resource-cloudfront-continuousdeploymentpolicy.html",
      "Properties": {
        "ContinuousDeploymentPolicyConfig": {
          "Documentation": "http://docs.aws.amazon.com/AWSCloudFormation/latest/UserGuide/aws-resource-cloudfront-continuousdeploymentpolicy.html#cfn-cloudfront-continuousdeploymentpolicy-continuousdeploymentpolicyconfig",
          "UpdateType": "Mutable",
          "Required": true,
          "Type": "ContinuousDeploymentPolicyConfig"
        }
      },
      "Attributes": {
        "LastModifiedTime": {
          "PrimitiveType": "String"
        },
        "Id": {
          "PrimitiveType": "String"
        }
      }
    }
  },
  "ResourceSpecificationVersion": "114.0.0"
}