{
  "ResourceType": {
    "AWS::CloudFormation::ModuleVersion": {
      "Documentation": "http://docs.aws.amazon.com/AWSCloudFormation/latest/UserGuide/aws-resource-cloudformation-moduleversion.html",
      "Properties": {
        "ModulePackage": {
          "Documentation": "http://docs.aws.amazon.com/AWSCloudFormation/latest/UserGuide/aws-resource-cloudformation-moduleversion.html#cfn-cloudformation-moduleversion-modulepackage",
          "UpdateType": "Immutable",
          "Required": true,
          "PrimitiveType": "String"
        },
        "ModuleName": {
          "Documentation": "http://docs.aws.amazon.com/AWSCloudFormation/latest/UserGuide/aws-resource-cloudformation-moduleversion.html#cfn-cloudformation-moduleversion-modulename",
          "UpdateType": "Immutable",
          "Required": true,
          "PrimitiveType": "String"
        }
      },
      "Attributes": {
        "TimeCreated": {
          "PrimitiveType": "String"
        },
        "VersionId": {
          "PrimitiveType": "String"
        },
        "Description": {
          "PrimitiveType": "String"
        },
        "Schema": {
          "PrimitiveType": "String"
        },
        "IsDefaultVersion": {
          "PrimitiveType": "Boolean"
        },
        "Visibility": {
          "PrimitiveType": "String"
        },
        "Arn": {
          "PrimitiveType": "String"
        },
        "DocumentationUrl": {
          "PrimitiveType": "String"
        }
      }
    }
  },
  "ResourceSpecificationVersion": "114.0.0"
}