{
  "ResourceType": {
    "AWS::CloudTrail::ResourcePolicy": {
      "Documentation": "http://docs.aws.amazon.com/AWSCloudFormation/latest/UserGuide/aws-resource-cloudtrail-resourcepolicy.html",
      "Properties": {
        "ResourceArn": {
          "Documentation": "http://docs.aws.amazon.com/AWSCloudFormation/latest/UserGuide/aws-resource-cloudtrail-resourcepolicy.html#cfn-cloudtrail-resourcepolicy-resourcearn",
          "UpdateType": "Immutable",
          "Required": true,
          "PrimitiveType": "String"
        },
        "ResourcePolicy": {
          "Documentation": "http://docs.aws.amazon.com/AWSCloudFormation/latest/UserGuide/aws-resource-cloudtrail-resourcepolicy.html#cfn-cloudtrail-resourcepolicy-resourcepolicy",
          "UpdateType": "Mutable",
          "Required": true,
          "PrimitiveType": "Json"
        }
      }
    }
  },
  "ResourceSpecificationVersion": "114.0.0"
}