{
  "PropertyTypes": {
    "Tag": {
      "Documentation": "http://docs.aws.amazon.com/AWSCloudFormation/latest/UserGuide/aws-properties-resource-tags.html",
      "Properties": {
        "Key": {
          "Required": true,
          "Documentation": "http://docs.aws.amazon.com/AWSCloudFormation/latest/UserGuide/aws-properties-resource-tags.html#cfn-resource-tags-key",
          "PrimitiveType": "String",
          "UpdateType": "Mutable"
        },
        "Value": {
          "Required": true,
          "Documentation": "http://docs.aws.amazon.com/AWSCloudFormation/latest/UserGuide/aws-properties-resource-tags.html#cfn-resource-tags-value",
          "PrimitiveType": "String",
          "UpdateType": "Mutable"
        }
      }
    },
    "AWS::CloudWatch::InsightRule.Tags": {
      "Type": "List",
      "Required": false,
      "Documentation": "http://docs.aws.amazon.com/AWSCloudFormation/latest/UserGuide/aws-properties-cloudwatch-insightrule-tags.html",
      "ItemType": "Tag",
      "UpdateType": "Mutable"
    }
  },
  "ResourceType": {
    "AWS::CloudWatch::InsightRule": {
      "Documentation": "http://docs.aws.amazon.com/AWSCloudFormation/latest/UserGuide/aws-resource-cloudwatch-insightrule.html",
      "Attributes": {
        "Arn": {
          "PrimitiveType": "String"
        },
        "RuleName": {
          "PrimitiveType": "String"
        }
      },
      "Properties": {
        "RuleState": {
          "Required": true,
          "Documentation": "http://docs.aws.amazon.com/AWSCloudFormation/latest/UserGuide/aws-resource-cloudwatch-insightrule.html#cfn-cloudwatch-insightrule-rulestate",
          "PrimitiveType": "String",
          "UpdateType": "Mutable"
        },
        "RuleBody": {
          "Required": true,
          "Documentation": "http://docs.aws.amazon.com/AWSCloudFormation/latest/UserGuide/aws-resource-cloudwatch-insightrule.html#cfn-cloudwatch-insightrule-rulebody",
          "PrimitiveType": "String",
          "UpdateType": "Mutable"
        },
        "RuleName": {
          "Required": true,
          "Documentation": "http://docs.aws.amazon.com/AWSCloudFormation/latest/UserGuide/aws-resource-cloudwatch-insightrule.html#cfn-cloudwatch-insightrule-rulename",
          "PrimitiveType": "String",
          "UpdateType": "Immutable"
        },
        "Tags": {
          "Type": "Tags",
          "Required": false,
          "Documentation": "http://docs.aws.amazon.com/AWSCloudFormation/latest/UserGuide/aws-resource-cloudwatch-insightrule.html#cfn-cloudwatch-insightrule-tags",
          "UpdateType": "Mutable"
        }
      }
    }
  },
  "ResourceSpecificationVersion": "114.0.0"
}