{
  "PropertyTypes": {
    "AWS::CloudFront::KeyGroup.KeyGroupConfig": {
      "Documentation": "http://docs.aws.amazon.com/AWSCloudFormation/latest/UserGuide/aws-properties-cloudfront-keygroup-keygroupconfig.html",
      "Properties": {
        "Comment": {
          "Documentation": "http://docs.aws.amazon.com/AWSCloudFormation/latest/UserGuide/aws-properties-cloudfront-keygroup-keygroupconfig.html#cfn-cloudfront-keygroup-keygroupconfig-comment",
          "UpdateType": "Mutable",
          "Required": false,
          "PrimitiveType": "String"
        },
        "Items": {
          "Documentation": "http://docs.aws.amazon.com/AWSCloudFormation/latest/UserGuide/aws-properties-cloudfront-keygroup-keygroupconfig.html#cfn-cloudfront-keygroup-keygroupconfig-items",
          "UpdateType": "Mutable",
          "Required": true,
          "Type": "List",
          "PrimitiveItemType": "String",
          "DuplicatesAllowed": true
        },
        "Name": {
          "Documentation": "http://docs.aws.amazon.com/AWSCloudFormation/latest/UserGuide/aws-properties-cloudfront-keygroup-keygroupconfig.html#cfn-cloudfront-keygroup-keygroupconfig-name",
          "UpdateType": "Mutable",
          "Required": true,
          "PrimitiveType": "String"
        }
      }
    }
  },
  "ResourceType": {
    "AWS::CloudFront::KeyGroup": {
      "Documentation": "http://docs.aws.amazon.com/AWSCloudFormation/latest/UserGuide/aws-resource-cloudfront-keygroup.html",
      "Properties": {
        "KeyGroupConfig": {
          "Documentation": "http://docs.aws.amazon.com/AWSCloudFormation/latest/UserGuide/aws-resource-cloudfront-keygroup.html#cfn-cloudfront-keygroup-keygroupconfig",
          "UpdateType": "Mutable",
          "Required": true,
          "Type": "KeyGroupConfig"
        }
      },
      "Attributes": {
        "LastModifiedTime": {
          "PrimitiveType": "String"
        },
        "Id": {
          "PrimitiveType": "String"
        }
      }
    }
  },
  "ResourceSpecificationVersion": "114.0.0"
}