{
  "PropertyTypes": {
    "AWS::CloudFront::Distribution.OriginGroup": {
      "Documentation": "http://docs.aws.amazon.com/AWSCloudFormation/latest/UserGuide/aws-properties-cloudfront-distribution-origingroup.html",
      "Properties": {
        "Id": {
          "Documentation": "http://docs.aws.amazon.com/AWSCloudFormation/latest/UserGuide/aws-properties-cloudfront-distribution-origingroup.html#cfn-cloudfront-distribution-origingroup-id",
          "UpdateType": "Mutable",
          "Required": true,
          "PrimitiveType": "String"
        },
        "FailoverCriteria": {
          "Documentation": "http://docs.aws.amazon.com/AWSCloudFormation/latest/UserGuide/aws-properties-cloudfront-distribution-origingroup.html#cfn-cloudfront-distribution-origingroup-failovercriteria",
          "UpdateType": "Mutable",
          "Required": true,
          "Type": "OriginGroupFailoverCriteria"
        },
        "Members": {
          "Documentation": "http://docs.aws.amazon.com/AWSCloudFormation/latest/UserGuide/aws-properties-cloudfront-distribution-origingroup.html#cfn-cloudfront-distribution-origingroup-members",
          "UpdateType": "Mutable",
          "Required": true,
          "Type": "OriginGroupMembers"
        }
      }
    },
    "AWS::CloudFront::Distribution.FunctionAssociation": {
      "Documentation": "http://docs.aws.amazon.com/AWSCloudFormation/latest/UserGuide/aws-properties-cloudfront-distribution-functionassociation.html",
      "Properties": {
        "FunctionARN": {
          "Documentation": "http://docs.aws.amazon.com/AWSCloudFormation/latest/UserGuide/aws-properties-cloudfront-distribution-functionassociation.html#cfn-cloudfront-distribution-functionassociation-functionarn",
          "UpdateType": "Mutable",
          "Required": false,
          "PrimitiveType": "String"
        },
        "EventType": {
          "Documentation": "http://docs.aws.amazon.com/AWSCloudFormation/latest/UserGuide/aws-properties-cloudfront-distribution-functionassociation.html#cfn-cloudfront-distribution-functionassociation-eventtype",
          "UpdateType": "Mutable",
          "Required": false,
          "PrimitiveType": "String"
        }
      }
    },
    "AWS::CloudFront::Distribution.LambdaFunctionAssociation": {
      "Documentation": "http://docs.aws.amazon.com/AWSCloudFormation/latest/UserGuide/aws-properties-cloudfront-distribution-lambdafunctionassociation.html",
      "Properties": {
        "IncludeBody": {
          "Documentation": "http://docs.aws.amazon.com/AWSCloudFormation/latest/UserGuide/aws-properties-cloudfront-distribution-lambdafunctionassociation.html#cfn-cloudfront-distribution-lambdafunctionassociation-includebody",
          "UpdateType": "Mutable",
          "Required": false,
          "PrimitiveType": "Boolean"
        },
        "EventType": {
          "Documentation": "http://docs.aws.amazon.com/AWSCloudFormation/latest/UserGuide/aws-properties-cloudfront-distribution-lambdafunctionassociation.html#cfn-cloudfront-distribution-lambdafunctionassociation-eventtype",
          "UpdateType": "Mutable",
          "Required": false,
          "PrimitiveType": "String"
        },
        "LambdaFunctionARN": {
          "Documentation": "http://docs.aws.amazon.com/AWSCloudFormation/latest/UserGuide/aws-properties-cloudfront-distribution-lambdafunctionassociation.html#cfn-cloudfront-distribution-lambdafunctionassociation-lambdafunctionarn",
          "UpdateType": "Mutable",
          "Required": false,
          "PrimitiveType": "String"
        }
      }
    },
    "AWS::CloudFront::Distribution.OriginGroupFailoverCriteria": {
      "Documentation": "http://docs.aws.amazon.com/AWSCloudFormation/latest/UserGuide/aws-properties-cloudfront-distribution-origingroupfailovercriteria.html",
      "Properties": {
        "StatusCodes": {
          "Documentation": "http://docs.aws.amazon.com/AWSCloudFormation/latest/UserGuide/aws-properties-cloudfront-distribution-origingroupfailovercriteria.html#cfn-cloudfront-distribution-origingroupfailovercriteria-statuscodes",
          "UpdateType": "Mutable",
          "Required": true,
          "Type": "StatusCodes"
        }
      }
    },
    "AWS::CloudFront::Distribution.OriginCustomHeader": {
      "Documentation": "http://docs.aws.amazon.com/AWSCloudFormation/latest/UserGuide/aws-properties-cloudfront-distribution-origincustomheader.html",
      "Properties": {
        "HeaderValue": {
          "Documentation": "http://docs.aws.amazon.com/AWSCloudFormation/latest/UserGuide/aws-properties-cloudfront-distribution-origincustomheader.html#cfn-cloudfront-distribution-origincustomheader-headervalue",
          "UpdateType": "Mutable",
          "Required": true,
          "PrimitiveType": "String"
        },
        "HeaderName": {
          "Documentation": "http://docs.aws.amazon.com/AWSCloudFormation/latest/UserGuide/aws-properties-cloudfront-distribution-origincustomheader.html#cfn-cloudfront-distribution-origincustomheader-headername",
          "UpdateType": "Mutable",
          "Required": true,
          "PrimitiveType": "String"
        }
      }
    },
    "AWS::CloudFront::Distribution.LegacyCustomOrigin": {
      "Documentation": "http://docs.aws.amazon.com/AWSCloudFormation/latest/UserGuide/aws-properties-cloudfront-distribution-legacycustomorigin.html",
      "Properties": {
        "HTTPSPort": {
          "Documentation": "http://docs.aws.amazon.com/AWSCloudFormation/latest/UserGuide/aws-properties-cloudfront-distribution-legacycustomorigin.html#cfn-cloudfront-distribution-legacycustomorigin-httpsport",
          "UpdateType": "Mutable",
          "Required": false,
          "PrimitiveType": "Integer"
        },
        "OriginSSLProtocols": {
          "Documentation": "http://docs.aws.amazon.com/AWSCloudFormation/latest/UserGuide/aws-properties-cloudfront-distribution-legacycustomorigin.html#cfn-cloudfront-distribution-legacycustomorigin-originsslprotocols",
          "UpdateType": "Mutable",
          "Required": true,
          "Type": "List",
          "PrimitiveItemType": "String",
          "DuplicatesAllowed": true
        },
        "DNSName": {
          "Documentation": "http://docs.aws.amazon.com/AWSCloudFormation/latest/UserGuide/aws-properties-cloudfront-distribution-legacycustomorigin.html#cfn-cloudfront-distribution-legacycustomorigin-dnsname",
          "UpdateType": "Mutable",
          "Required": true,
          "PrimitiveType": "String"
        },
        "HTTPPort": {
          "Documentation": "http://docs.aws.amazon.com/AWSCloudFormation/latest/UserGuide/aws-properties-cloudfront-distribution-legacycustomorigin.html#cfn-cloudfront-distribution-legacycustomorigin-httpport",
          "UpdateType": "Mutable",
          "Required": false,
          "PrimitiveType": "Integer"
        },
        "OriginProtocolPolicy": {
          "Documentation": "http://docs.aws.amazon.com/AWSCloudFormation/latest/UserGuide/aws-properties-cloudfront-distribution-legacycustomorigin.html#cfn-cloudfront-distribution-legacycustomorigin-originprotocolpolicy",
          "UpdateType": "Mutable",
          "Required": true,
          "PrimitiveType": "String"
        }
      }
    },
    "AWS::CloudFront::Distribution.StatusCodes": {
      "Documentation": "http://docs.aws.amazon.com/AWSCloudFormation/latest/UserGuide/aws-properties-cloudfront-distribution-statuscodes.html",
      "Properties": {
        "Quantity": {
          "Documentation": "http://docs.aws.amazon.com/AWSCloudFormation/latest/UserGuide/aws-properties-cloudfront-distribution-statuscodes.html#cfn-cloudfront-distribution-statuscodes-quantity",
          "UpdateType": "Mutable",
          "Required": true,
          "PrimitiveType": "Integer"
        },
        "Items": {
          "Documentation": "http://docs.aws.amazon.com/AWSCloudFormation/latest/UserGuide/aws-properties-cloudfront-distribution-statuscodes.html#cfn-cloudfront-distribution-statuscodes-items",
          "UpdateType": "Mutable",
          "Required": true,
          "Type": "List",
          "PrimitiveItemType": "Integer",
          "DuplicatesAllowed": true
        }
      }
    },
    "AWS::CloudFront::Distribution.OriginGroupMembers": {
      "Documentation": "http://docs.aws.amazon.com/AWSCloudFormation/latest/UserGuide/aws-properties-cloudfront-distribution-origingroupmembers.html",
      "Properties": {
        "Quantity": {
          "Documentation": "http://docs.aws.amazon.com/AWSCloudFormation/latest/UserGuide/aws-properties-cloudfront-distribution-origingroupmembers.html#cfn-cloudfront-distribution-origingroupmembers-quantity",
          "UpdateType": "Mutable",
          "Required": true,
          "PrimitiveType": "Integer"
        },
        "Items": {
          "Documentation": "http://docs.aws.amazon.com/AWSCloudFormation/latest/UserGuide/aws-properties-cloudfront-distribution-origingroupmembers.html#cfn-cloudfront-distribution-origingroupmembers-items",
          "UpdateType": "Mutable",
          "Required": true,
          "Type": "List",
          "ItemType": "OriginGroupMember",
          "DuplicatesAllowed": true
        }
      }
    },
    "AWS::CloudFront::Distribution.ViewerCertificate": {
      "Documentation": "http://docs.aws.amazon.com/AWSCloudFormation/latest/UserGuide/aws-properties-cloudfront-distribution-viewercertificate.html",
      "Properties": {
        "IamCertificateId": {
          "Documentation": "http://docs.aws.amazon.com/AWSCloudFormation/latest/UserGuide/aws-properties-cloudfront-distribution-viewercertificate.html#cfn-cloudfront-distribution-viewercertificate-iamcertificateid",
          "UpdateType": "Mutable",
          "Required": false,
          "PrimitiveType": "String"
        },
        "SslSupportMethod": {
          "Documentation": "http://docs.aws.amazon.com/AWSCloudFormation/latest/UserGuide/aws-properties-cloudfront-distribution-viewercertificate.html#cfn-cloudfront-distribution-viewercertificate-sslsupportmethod",
          "UpdateType": "Mutable",
          "Required": false,
          "PrimitiveType": "String"
        },
        "MinimumProtocolVersion": {
          "Documentation": "http://docs.aws.amazon.com/AWSCloudFormation/latest/UserGuide/aws-properties-cloudfront-distribution-viewercertificate.html#cfn-cloudfront-distribution-viewercertificate-minimumprotocolversion",
          "UpdateType": "Mutable",
          "Required": false,
          "PrimitiveType": "String"
        },
        "CloudFrontDefaultCertificate": {
          "Documentation": "http://docs.aws.amazon.com/AWSCloudFormation/latest/UserGuide/aws-properties-cloudfront-distribution-viewercertificate.html#cfn-cloudfront-distribution-viewercertificate-cloudfrontdefaultcertificate",
          "UpdateType": "Mutable",
          "Required": false,
          "PrimitiveType": "Boolean"
        },
        "AcmCertificateArn": {
          "Documentation": "http://docs.aws.amazon.com/AWSCloudFormation/latest/UserGuide/aws-properties-cloudfront-distribution-viewercertificate.html#cfn-cloudfront-distribution-viewercertificate-acmcertificatearn",
          "UpdateType": "Mutable",
          "Required": false,
          "PrimitiveType": "String"
        }
      }
    },
    "AWS::CloudFront::Distribution.DefaultCacheBehavior": {
      "Documentation": "http://docs.aws.amazon.com/AWSCloudFormation/latest/UserGuide/aws-properties-cloudfront-distribution-defaultcachebehavior.html",
      "Properties": {
        "Compress": {
          "Documentation": "http://docs.aws.amazon.com/AWSCloudFormation/latest/UserGuide/aws-properties-cloudfront-distribution-defaultcachebehavior.html#cfn-cloudfront-distribution-defaultcachebehavior-compress",
          "UpdateType": "Mutable",
          "Required": false,
          "PrimitiveType": "Boolean"
        },
        "FunctionAssociations": {
          "Documentation": "http://docs.aws.amazon.com/AWSCloudFormation/latest/UserGuide/aws-properties-cloudfront-distribution-defaultcachebehavior.html#cfn-cloudfront-distribution-defaultcachebehavior-functionassociations",
          "UpdateType": "Mutable",
          "Required": false,
          "Type": "List",
          "ItemType": "FunctionAssociation",
          "DuplicatesAllowed": true
        },
        "LambdaFunctionAssociations": {
          "Documentation": "http://docs.aws.amazon.com/AWSCloudFormation/latest/UserGuide/aws-properties-cloudfront-distribution-defaultcachebehavior.html#cfn-cloudfront-distribution-defaultcachebehavior-lambdafunctionassociations",
          "UpdateType": "Mutable",
          "Required": false,
          "Type": "List",
          "ItemType": "LambdaFunctionAssociation",
          "DuplicatesAllowed": true
        },
        "TargetOriginId": {
          "Documentation": "http://docs.aws.amazon.com/AWSCloudFormation/latest/UserGuide/aws-properties-cloudfront-distribution-defaultcachebehavior.html#cfn-cloudfront-distribution-defaultcachebehavior-targetoriginid",
          "UpdateType": "Mutable",
          "Required": true,
          "PrimitiveType": "String"
        },
        "ViewerProtocolPolicy": {
          "Documentation": "http://docs.aws.amazon.com/AWSCloudFormation/latest/UserGuide/aws-properties-cloudfront-distribution-defaultcachebehavior.html#cfn-cloudfront-distribution-defaultcachebehavior-viewerprotocolpolicy",
          "UpdateType": "Mutable",
          "Required": true,
          "PrimitiveType": "String"
        },
        "ResponseHeadersPolicyId": {
          "Documentation": "http://docs.aws.amazon.com/AWSCloudFormation/latest/UserGuide/aws-properties-cloudfront-distribution-defaultcachebehavior.html#cfn-cloudfront-distribution-defaultcachebehavior-responseheaderspolicyid",
          "UpdateType": "Mutable",
          "Required": false,
          "PrimitiveType": "String"
        },
        "RealtimeLogConfigArn": {
          "Documentation": "http://docs.aws.amazon.com/AWSCloudFormation/latest/UserGuide/aws-properties-cloudfront-distribution-defaultcachebehavior.html#cfn-cloudfront-distribution-defaultcachebehavior-realtimelogconfigarn",
          "UpdateType": "Mutable",
          "Required": false,
          "PrimitiveType": "String"
        },
        "TrustedSigners": {
          "Documentation": "http://docs.aws.amazon.com/AWSCloudFormation/latest/UserGuide/aws-properties-cloudfront-distribution-defaultcachebehavior.html#cfn-cloudfront-distribution-defaultcachebehavior-trustedsigners",
          "UpdateType": "Mutable",
          "Required": false,
          "Type": "List",
          "PrimitiveItemType": "String",
          "DuplicatesAllowed": true
        },
        "DefaultTTL": {
          "Documentation": "http://docs.aws.amazon.com/AWSCloudFormation/latest/UserGuide/aws-properties-cloudfront-distribution-defaultcachebehavior.html#cfn-cloudfront-distribution-defaultcachebehavior-defaultttl",
          "UpdateType": "Mutable",
          "Required": false,
          "PrimitiveType": "Double"
        },
        "FieldLevelEncryptionId": {
          "Documentation": "http://docs.aws.amazon.com/AWSCloudFormation/latest/UserGuide/aws-properties-cloudfront-distribution-defaultcachebehavior.html#cfn-cloudfront-distribution-defaultcachebehavior-fieldlevelencryptionid",
          "UpdateType": "Mutable",
          "Required": false,
          "PrimitiveType": "String"
        },
        "TrustedKeyGroups": {
          "Documentation": "http://docs.aws.amazon.com/AWSCloudFormation/latest/UserGuide/aws-properties-cloudfront-distribution-defaultcachebehavior.html#cfn-cloudfront-distribution-defaultcachebehavior-trustedkeygroups",
          "UpdateType": "Mutable",
          "Required": false,
          "Type": "List",
          "PrimitiveItemType": "String",
          "DuplicatesAllowed": true
        },
        "AllowedMethods": {
          "Documentation": "http://docs.aws.amazon.com/AWSCloudFormation/latest/UserGuide/aws-properties-cloudfront-distribution-defaultcachebehavior.html#cfn-cloudfront-distribution-defaultcachebehavior-allowedmethods",
          "UpdateType": "Mutable",
          "Required": false,
          "Type": "List",
          "PrimitiveItemType": "String",
          "DuplicatesAllowed": true
        },
        "CachedMethods": {
          "Documentation": "http://docs.aws.amazon.com/AWSCloudFormation/latest/UserGuide/aws-properties-cloudfront-distribution-defaultcachebehavior.html#cfn-cloudfront-distribution-defaultcachebehavior-cachedmethods",
          "UpdateType": "Mutable",
          "Required": false,
          "Type": "List",
          "PrimitiveItemType": "String",
          "DuplicatesAllowed": true
        },
        "SmoothStreaming": {
          "Documentation": "http://docs.aws.amazon.com/AWSCloudFormation/latest/UserGuide/aws-properties-cloudfront-distribution-defaultcachebehavior.html#cfn-cloudfront-distribution-defaultcachebehavior-smoothstreaming",
          "UpdateType": "Mutable",
          "Required": false,
          "PrimitiveType": "Boolean"
        },
        "ForwardedValues": {
          "Documentation": "http://docs.aws.amazon.com/AWSCloudFormation/latest/UserGuide/aws-properties-cloudfront-distribution-defaultcachebehavior.html#cfn-cloudfront-distribution-defaultcachebehavior-forwardedvalues",
          "UpdateType": "Mutable",
          "Required": false,
          "Type": "ForwardedValues"
        },
        "OriginRequestPolicyId": {
          "Documentation": "http://docs.aws.amazon.com/AWSCloudFormation/latest/UserGuide/aws-properties-cloudfront-distribution-defaultcachebehavior.html#cfn-cloudfront-distribution-defaultcachebehavior-originrequestpolicyid",
          "UpdateType": "Mutable",
          "Required": false,
          "PrimitiveType": "String"
        },
        "MinTTL": {
          "Documentation": "http://docs.aws.amazon.com/AWSCloudFormation/latest/UserGuide/aws-properties-cloudfront-distribution-defaultcachebehavior.html#cfn-cloudfront-distribution-defaultcachebehavior-minttl",
          "UpdateType": "Mutable",
          "Required": false,
          "PrimitiveType": "Double"
        },
        "CachePolicyId": {
          "Documentation": "http://docs.aws.amazon.com/AWSCloudFormation/latest/UserGuide/aws-properties-cloudfront-distribution-defaultcachebehavior.html#cfn-cloudfront-distribution-defaultcachebehavior-cachepolicyid",
          "UpdateType": "Mutable",
          "Required": false,
          "PrimitiveType": "String"
        },
        "MaxTTL": {
          "Documentation": "http://docs.aws.amazon.com/AWSCloudFormation/latest/UserGuide/aws-properties-cloudfront-distribution-defaultcachebehavior.html#cfn-cloudfront-distribution-defaultcachebehavior-maxttl",
          "UpdateType": "Mutable",
          "Required": false,
          "PrimitiveType": "Double"
        }
      }
    },
    "AWS::CloudFront::Distribution.Restrictions": {
      "Documentation": "http://docs.aws.amazon.com/AWSCloudFormation/latest/UserGuide/aws-properties-cloudfront-distribution-restrictions.html",
      "Properties": {
        "GeoRestriction": {
          "Documentation": "http://docs.aws.amazon.com/AWSCloudFormation/latest/UserGuide/aws-properties-cloudfront-distribution-restrictions.html#cfn-cloudfront-distribution-restrictions-georestriction",
          "UpdateType": "Mutable",
          "Required": true,
          "Type": "GeoRestriction"
        }
      }
    },
    "AWS::CloudFront::Distribution.CustomOriginConfig": {
      "Documentation": "http://docs.aws.amazon.com/AWSCloudFormation/latest/UserGuide/aws-properties-cloudfront-distribution-customoriginconfig.html",
      "Properties": {
        "OriginReadTimeout": {
          "Documentation": "http://docs.aws.amazon.com/AWSCloudFormation/latest/UserGuide/aws-properties-cloudfront-distribution-customoriginconfig.html#cfn-cloudfront-distribution-customoriginconfig-originreadtimeout",
          "UpdateType": "Mutable",
          "Required": false,
          "PrimitiveType": "Integer"
        },
        "HTTPSPort": {
          "Documentation": "http://docs.aws.amazon.com/AWSCloudFormation/latest/UserGuide/aws-properties-cloudfront-distribution-customoriginconfig.html#cfn-cloudfront-distribution-customoriginconfig-httpsport",
          "UpdateType": "Mutable",
          "Required": false,
          "PrimitiveType": "Integer"
        },
        "OriginKeepaliveTimeout": {
          "Documentation": "http://docs.aws.amazon.com/AWSCloudFormation/latest/UserGuide/aws-properties-cloudfront-distribution-customoriginconfig.html#cfn-cloudfront-distribution-customoriginconfig-originkeepalivetimeout",
          "UpdateType": "Mutable",
          "Required": false,
          "PrimitiveType": "Integer"
        },
        "OriginSSLProtocols": {
          "Documentation": "http://docs.aws.amazon.com/AWSCloudFormation/latest/UserGuide/aws-properties-cloudfront-distribution-customoriginconfig.html#cfn-cloudfront-distribution-customoriginconfig-originsslprotocols",
          "UpdateType": "Mutable",
          "Required": false,
          "Type": "List",
          "PrimitiveItemType": "String",
          "DuplicatesAllowed": true
        },
        "HTTPPort": {
          "Documentation": "http://docs.aws.amazon.com/AWSCloudFormation/latest/UserGuide/aws-properties-cloudfront-distribution-customoriginconfig.html#cfn-cloudfront-distribution-customoriginconfig-httpport",
          "UpdateType": "Mutable",
          "Required": false,
          "PrimitiveType": "Integer"
        },
        "OriginProtocolPolicy": {
          "Documentation": "http://docs.aws.amazon.com/AWSCloudFormation/latest/UserGuide/aws-properties-cloudfront-distribution-customoriginconfig.html#cfn-cloudfront-distribution-customoriginconfig-originprotocolpolicy",
          "UpdateType": "Mutable",
          "Required": true,
          "PrimitiveType": "String"
        }
      }
    },
    "AWS::CloudFront::Distribution.Origin": {
      "Documentation": "http://docs.aws.amazon.com/AWSCloudFormation/latest/UserGuide/aws-properties-cloudfront-distribution-origin.html",
      "Properties": {
        "ConnectionTimeout": {
          "Documentation": "http://docs.aws.amazon.com/AWSCloudFormation/latest/UserGuide/aws-properties-cloudfront-distribution-origin.html#cfn-cloudfront-distribution-origin-connectiontimeout",
          "UpdateType": "Mutable",
          "Required": false,
          "PrimitiveType": "Integer"
        },
        "OriginAccessControlId": {
          "Documentation": "http://docs.aws.amazon.com/AWSCloudFormation/latest/UserGuide/aws-properties-cloudfront-distribution-origin.html#cfn-cloudfront-distribution-origin-originaccesscontrolid",
          "UpdateType": "Mutable",
          "Required": false,
          "PrimitiveType": "String"
        },
        "ConnectionAttempts": {
          "Documentation": "http://docs.aws.amazon.com/AWSCloudFormation/latest/UserGuide/aws-properties-cloudfront-distribution-origin.html#cfn-cloudfront-distribution-origin-connectionattempts",
          "UpdateType": "Mutable",
          "Required": false,
          "PrimitiveType": "Integer"
        },
        "OriginCustomHeaders": {
          "Documentation": "http://docs.aws.amazon.com/AWSCloudFormation/latest/UserGuide/aws-properties-cloudfront-distribution-origin.html#cfn-cloudfront-distribution-origin-origincustomheaders",
          "UpdateType": "Mutable",
          "Required": false,
          "Type": "List",
          "ItemType": "OriginCustomHeader",
          "DuplicatesAllowed": true
        },
        "DomainName": {
          "Documentation": "http://docs.aws.amazon.com/AWSCloudFormation/latest/UserGuide/aws-properties-cloudfront-distribution-origin.html#cfn-cloudfront-distribution-origin-domainname",
          "UpdateType": "Mutable",
          "Required": true,
          "PrimitiveType": "String"
        },
        "OriginShield": {
          "Documentation": "http://docs.aws.amazon.com/AWSCloudFormation/latest/UserGuide/aws-properties-cloudfront-distribution-origin.html#cfn-cloudfront-distribution-origin-originshield",
          "UpdateType": "Mutable",
          "Required": false,
          "Type": "OriginShield"
        },
        "S3OriginConfig": {
          "Documentation": "http://docs.aws.amazon.com/AWSCloudFormation/latest/UserGuide/aws-properties-cloudfront-distribution-origin.html#cfn-cloudfront-distribution-origin-s3originconfig",
          "UpdateType": "Mutable",
          "Required": false,
          "Type": "S3OriginConfig"
        },
        "OriginPath": {
          "Documentation": "http://docs.aws.amazon.com/AWSCloudFormation/latest/UserGuide/aws-properties-cloudfront-distribution-origin.html#cfn-cloudfront-distribution-origin-originpath",
          "UpdateType": "Mutable",
          "Required": false,
          "PrimitiveType": "String"
        },
        "Id": {
          "Documentation": "http://docs.aws.amazon.com/AWSCloudFormation/latest/UserGuide/aws-properties-cloudfront-distribution-origin.html#cfn-cloudfront-distribution-origin-id",
          "UpdateType": "Mutable",
          "Required": true,
          "PrimitiveType": "String"
        },
        "CustomOriginConfig": {
          "Documentation": "http://docs.aws.amazon.com/AWSCloudFormation/latest/UserGuide/aws-properties-cloudfront-distribution-origin.html#cfn-cloudfront-distribution-origin-customoriginconfig",
          "UpdateType": "Mutable",
          "Required": false,
          "Type": "CustomOriginConfig"
        }
      }
    },
    "AWS::CloudFront::Distribution.OriginShield": {
      "Documentation": "http://docs.aws.amazon.com/AWSCloudFormation/latest/UserGuide/aws-properties-cloudfront-distribution-originshield.html",
      "Properties": {
        "OriginShieldRegion": {
          "Documentation": "http://docs.aws.amazon.com/AWSCloudFormation/latest/UserGuide/aws-properties-cloudfront-distribution-originshield.html#cfn-cloudfront-distribution-originshield-originshieldregion",
          "UpdateType": "Mutable",
          "Required": false,
          "PrimitiveType": "String"
        },
        "Enabled": {
          "Documentation": "http://docs.aws.amazon.com/AWSCloudFormation/latest/UserGuide/aws-properties-cloudfront-distribution-originshield.html#cfn-cloudfront-distribution-originshield-enabled",
          "UpdateType": "Mutable",
          "Required": false,
          "PrimitiveType": "Boolean"
        }
      }
    },
    "AWS::CloudFront::Distribution.CustomErrorResponse": {
      "Documentation": "http://docs.aws.amazon.com/AWSCloudFormation/latest/UserGuide/aws-properties-cloudfront-distribution-customerrorresponse.html",
      "Properties": {
        "ResponseCode": {
          "Documentation": "http://docs.aws.amazon.com/AWSCloudFormation/latest/UserGuide/aws-properties-cloudfront-distribution-customerrorresponse.html#cfn-cloudfront-distribution-customerrorresponse-responsecode",
          "UpdateType": "Mutable",
          "Required": false,
          "PrimitiveType": "Integer"
        },
        "ErrorCachingMinTTL": {
          "Documentation": "http://docs.aws.amazon.com/AWSCloudFormation/latest/UserGuide/aws-properties-cloudfront-distribution-customerrorresponse.html#cfn-cloudfront-distribution-customerrorresponse-errorcachingminttl",
          "UpdateType": "Mutable",
          "Required": false,
          "PrimitiveType": "Double"
        },
        "ErrorCode": {
          "Documentation": "http://docs.aws.amazon.com/AWSCloudFormation/latest/UserGuide/aws-properties-cloudfront-distribution-customerrorresponse.html#cfn-cloudfront-distribution-customerrorresponse-errorcode",
          "UpdateType": "Mutable",
          "Required": true,
          "PrimitiveType": "Integer"
        },
        "ResponsePagePath": {
          "Documentation": "http://docs.aws.amazon.com/AWSCloudFormation/latest/UserGuide/aws-properties-cloudfront-distribution-customerrorresponse.html#cfn-cloudfront-distribution-customerrorresponse-responsepagepath",
          "UpdateType": "Mutable",
          "Required": false,
          "PrimitiveType": "String"
        }
      }
    },
    "AWS::CloudFront::Distribution.ForwardedValues": {
      "Documentation": "http://docs.aws.amazon.com/AWSCloudFormation/latest/UserGuide/aws-properties-cloudfront-distribution-forwardedvalues.html",
      "Properties": {
        "Cookies": {
          "Documentation": "http://docs.aws.amazon.com/AWSCloudFormation/latest/UserGuide/aws-properties-cloudfront-distribution-forwardedvalues.html#cfn-cloudfront-distribution-forwardedvalues-cookies",
          "UpdateType": "Mutable",
          "Required": false,
          "Type": "Cookies"
        },
        "Headers": {
          "Documentation": "http://docs.aws.amazon.com/AWSCloudFormation/latest/UserGuide/aws-properties-cloudfront-distribution-forwardedvalues.html#cfn-cloudfront-distribution-forwardedvalues-headers",
          "UpdateType": "Mutable",
          "Required": false,
          "Type": "List",
          "PrimitiveItemType": "String",
          "DuplicatesAllowed": true
        },
        "QueryString": {
          "Documentation": "http://docs.aws.amazon.com/AWSCloudFormation/latest/UserGuide/aws-properties-cloudfront-distribution-forwardedvalues.html#cfn-cloudfront-distribution-forwardedvalues-querystring",
          "UpdateType": "Mutable",
          "Required": true,
          "PrimitiveType": "Boolean"
        },
        "QueryStringCacheKeys": {
          "Documentation": "http://docs.aws.amazon.com/AWSCloudFormation/latest/UserGuide/aws-properties-cloudfront-distribution-forwardedvalues.html#cfn-cloudfront-distribution-forwardedvalues-querystringcachekeys",
          "UpdateType": "Mutable",
          "Required": false,
          "Type": "List",
          "PrimitiveItemType": "String",
          "DuplicatesAllowed": true
        }
      }
    },
    "AWS::CloudFront::Distribution.OriginGroupMember": {
      "Documentation": "http://docs.aws.amazon.com/AWSCloudFormation/latest/UserGuide/aws-properties-cloudfront-distribution-origingroupmember.html",
      "Properties": {
        "OriginId": {
          "Documentation": "http://docs.aws.amazon.com/AWSCloudFormation/latest/UserGuide/aws-properties-cloudfront-distribution-origingroupmember.html#cfn-cloudfront-distribution-origingroupmember-originid",
          "UpdateType": "Mutable",
          "Required": true,
          "PrimitiveType": "String"
        }
      }
    },
    "AWS::CloudFront::Distribution.DistributionConfig": {
      "Documentation": "http://docs.aws.amazon.com/AWSCloudFormation/latest/UserGuide/aws-properties-cloudfront-distribution-distributionconfig.html",
      "Properties": {
        "Logging": {
          "Documentation": "http://docs.aws.amazon.com/AWSCloudFormation/latest/UserGuide/aws-properties-cloudfront-distribution-distributionconfig.html#cfn-cloudfront-distribution-distributionconfig-logging",
          "UpdateType": "Mutable",
          "Required": false,
          "Type": "Logging"
        },
        "Comment": {
          "Documentation": "http://docs.aws.amazon.com/AWSCloudFormation/latest/UserGuide/aws-properties-cloudfront-distribution-distributionconfig.html#cfn-cloudfront-distribution-distributionconfig-comment",
          "UpdateType": "Mutable",
          "Required": false,
          "PrimitiveType": "String"
        },
        "DefaultRootObject": {
          "Documentation": "http://docs.aws.amazon.com/AWSCloudFormation/latest/UserGuide/aws-properties-cloudfront-distribution-distributionconfig.html#cfn-cloudfront-distribution-distributionconfig-defaultrootobject",
          "UpdateType": "Mutable",
          "Required": false,
          "PrimitiveType": "String"
        },
        "Origins": {
          "Documentation": "http://docs.aws.amazon.com/AWSCloudFormation/latest/UserGuide/aws-properties-cloudfront-distribution-distributionconfig.html#cfn-cloudfront-distribution-distributionconfig-origins",
          "UpdateType": "Mutable",
          "Required": false,
          "Type": "List",
          "ItemType": "Origin",
          "DuplicatesAllowed": true
        },
        "ViewerCertificate": {
          "Documentation": "http://docs.aws.amazon.com/AWSCloudFormation/latest/UserGuide/aws-properties-cloudfront-distribution-distributionconfig.html#cfn-cloudfront-distribution-distributionconfig-viewercertificate",
          "UpdateType": "Mutable",
          "Required": false,
          "Type": "ViewerCertificate"
        },
        "PriceClass": {
          "Documentation": "http://docs.aws.amazon.com/AWSCloudFormation/latest/UserGuide/aws-properties-cloudfront-distribution-distributionconfig.html#cfn-cloudfront-distribution-distributionconfig-priceclass",
          "UpdateType": "Mutable",
          "Required": false,
          "PrimitiveType": "String"
        },
        "CustomOrigin": {
          "Documentation": "http://docs.aws.amazon.com/AWSCloudFormation/latest/UserGuide/aws-properties-cloudfront-distribution-distributionconfig.html#cfn-cloudfront-distribution-distributionconfig-customorigin",
          "UpdateType": "Mutable",
          "Required": false,
          "Type": "LegacyCustomOrigin"
        },
        "S3Origin": {
          "Documentation": "http://docs.aws.amazon.com/AWSCloudFormation/latest/UserGuide/aws-properties-cloudfront-distribution-distributionconfig.html#cfn-cloudfront-distribution-distributionconfig-s3origin",
          "UpdateType": "Mutable",
          "Required": false,
          "Type": "LegacyS3Origin"
        },
        "DefaultCacheBehavior": {
          "Documentation": "http://docs.aws.amazon.com/AWSCloudFormation/latest/UserGuide/aws-properties-cloudfront-distribution-distributionconfig.html#cfn-cloudfront-distribution-distributionconfig-defaultcachebehavior",
          "UpdateType": "Mutable",
          "Required": true,
          "Type": "DefaultCacheBehavior"
        },
        "Staging": {
          "Documentation": "http://docs.aws.amazon.com/AWSCloudFormation/latest/UserGuide/aws-properties-cloudfront-distribution-distributionconfig.html#cfn-cloudfront-distribution-distributionconfig-staging",
          "UpdateType": "Mutable",
          "Required": false,
          "PrimitiveType": "Boolean"
        },
        "CustomErrorResponses": {
          "Documentation": "http://docs.aws.amazon.com/AWSCloudFormation/latest/UserGuide/aws-properties-cloudfront-distribution-distributionconfig.html#cfn-cloudfront-distribution-distributionconfig-customerrorresponses",
          "UpdateType": "Mutable",
          "Required": false,
          "Type": "List",
          "ItemType": "CustomErrorResponse",
          "DuplicatesAllowed": true
        },
        "ContinuousDeploymentPolicyId": {
          "Documentation": "http://docs.aws.amazon.com/AWSCloudFormation/latest/UserGuide/aws-properties-cloudfront-distribution-distributionconfig.html#cfn-cloudfront-distribution-distributionconfig-continuousdeploymentpolicyid",
          "UpdateType": "Mutable",
          "Required": false,
          "PrimitiveType": "String"
        },
        "OriginGroups": {
          "Documentation": "http://docs.aws.amazon.com/AWSCloudFormation/latest/UserGuide/aws-properties-cloudfront-distribution-distributionconfig.html#cfn-cloudfront-distribution-distributionconfig-origingroups",
          "UpdateType": "Mutable",
          "Required": false,
          "Type": "OriginGroups"
        },
        "Enabled": {
          "Documentation": "http://docs.aws.amazon.com/AWSCloudFormation/latest/UserGuide/aws-properties-cloudfront-distribution-distributionconfig.html#cfn-cloudfront-distribution-distributionconfig-enabled",
          "UpdateType": "Mutable",
          "Required": true,
          "PrimitiveType": "Boolean"
        },
        "Aliases": {
          "Documentation": "http://docs.aws.amazon.com/AWSCloudFormation/latest/UserGuide/aws-properties-cloudfront-distribution-distributionconfig.html#cfn-cloudfront-distribution-distributionconfig-aliases",
          "UpdateType": "Mutable",
          "Required": false,
          "Type": "List",
          "PrimitiveItemType": "String",
          "DuplicatesAllowed": true
        },
        "IPV6Enabled": {
          "Documentation": "http://docs.aws.amazon.com/AWSCloudFormation/latest/UserGuide/aws-properties-cloudfront-distribution-distributionconfig.html#cfn-cloudfront-distribution-distributionconfig-ipv6enabled",
          "UpdateType": "Mutable",
          "Required": false,
          "PrimitiveType": "Boolean"
        },
        "CNAMEs": {
          "Documentation": "http://docs.aws.amazon.com/AWSCloudFormation/latest/UserGuide/aws-properties-cloudfront-distribution-distributionconfig.html#cfn-cloudfront-distribution-distributionconfig-cnames",
          "UpdateType": "Mutable",
          "Required": false,
          "Type": "List",
          "PrimitiveItemType": "String",
          "DuplicatesAllowed": true
        },
        "WebACLId": {
          "Documentation": "http://docs.aws.amazon.com/AWSCloudFormation/latest/UserGuide/aws-properties-cloudfront-distribution-distributionconfig.html#cfn-cloudfront-distribution-distributionconfig-webaclid",
          "UpdateType": "Mutable",
          "Required": false,
          "PrimitiveType": "String"
        },
        "HttpVersion": {
          "Documentation": "http://docs.aws.amazon.com/AWSCloudFormation/latest/UserGuide/aws-properties-cloudfront-distribution-distributionconfig.html#cfn-cloudfront-distribution-distributionconfig-httpversion",
          "UpdateType": "Mutable",
          "Required": false,
          "PrimitiveType": "String"
        },
        "Restrictions": {
          "Documentation": "http://docs.aws.amazon.com/AWSCloudFormation/latest/UserGuide/aws-properties-cloudfront-distribution-distributionconfig.html#cfn-cloudfront-distribution-distributionconfig-restrictions",
          "UpdateType": "Mutable",
          "Required": false,
          "Type": "Restrictions"
        },
        "CacheBehaviors": {
          "Documentation": "http://docs.aws.amazon.com/AWSCloudFormation/latest/UserGuide/aws-properties-cloudfront-distribution-distributionconfig.html#cfn-cloudfront-distribution-distributionconfig-cachebehaviors",
          "UpdateType": "Mutable",
          "Required": false,
          "Type": "List",
          "ItemType": "CacheBehavior",
          "DuplicatesAllowed": true
        }
      }
    },
    "AWS::CloudFront::Distribution.Logging": {
      "Documentation": "http://docs.aws.amazon.com/AWSCloudFormation/latest/UserGuide/aws-properties-cloudfront-distribution-logging.html",
      "Properties": {
        "IncludeCookies": {
          "Documentation": "http://docs.aws.amazon.com/AWSCloudFormation/latest/UserGuide/aws-properties-cloudfront-distribution-logging.html#cfn-cloudfront-distribution-logging-includecookies",
          "UpdateType": "Mutable",
          "Required": false,
          "PrimitiveType": "Boolean"
        },
        "Bucket": {
          "Documentation": "http://docs.aws.amazon.com/AWSCloudFormation/latest/UserGuide/aws-properties-cloudfront-distribution-logging.html#cfn-cloudfront-distribution-logging-bucket",
          "UpdateType": "Mutable",
          "Required": true,
          "PrimitiveType": "String"
        },
        "Prefix": {
          "Documentation": "http://docs.aws.amazon.com/AWSCloudFormation/latest/UserGuide/aws-properties-cloudfront-distribution-logging.html#cfn-cloudfront-distribution-logging-prefix",
          "UpdateType": "Mutable",
          "Required": false,
          "PrimitiveType": "String"
        }
      }
    },
    "AWS::CloudFront::Distribution.OriginGroups": {
      "Documentation": "http://docs.aws.amazon.com/AWSCloudFormation/latest/UserGuide/aws-properties-cloudfront-distribution-origingroups.html",
      "Properties": {
        "Quantity": {
          "Documentation": "http://docs.aws.amazon.com/AWSCloudFormation/latest/UserGuide/aws-properties-cloudfront-distribution-origingroups.html#cfn-cloudfront-distribution-origingroups-quantity",
          "UpdateType": "Mutable",
          "Required": true,
          "PrimitiveType": "Integer"
        },
        "Items": {
          "Documentation": "http://docs.aws.amazon.com/AWSCloudFormation/latest/UserGuide/aws-properties-cloudfront-distribution-origingroups.html#cfn-cloudfront-distribution-origingroups-items",
          "UpdateType": "Mutable",
          "Required": false,
          "Type": "List",
          "ItemType": "OriginGroup",
          "DuplicatesAllowed": true
        }
      }
    },
    "AWS::CloudFront::Distribution.CacheBehavior": {
      "Documentation": "http://docs.aws.amazon.com/AWSCloudFormation/latest/UserGuide/aws-properties-cloudfront-distribution-cachebehavior.html",
      "Properties": {
        "Compress": {
          "Documentation": "http://docs.aws.amazon.com/AWSCloudFormation/latest/UserGuide/aws-properties-cloudfront-distribution-cachebehavior.html#cfn-cloudfront-distribution-cachebehavior-compress",
          "UpdateType": "Mutable",
          "Required": false,
          "PrimitiveType": "Boolean"
        },
        "FunctionAssociations": {
          "Documentation": "http://docs.aws.amazon.com/AWSCloudFormation/latest/UserGuide/aws-properties-cloudfront-distribution-cachebehavior.html#cfn-cloudfront-distribution-cachebehavior-functionassociations",
          "UpdateType": "Mutable",
          "Required": false,
          "Type": "List",
          "ItemType": "FunctionAssociation",
          "DuplicatesAllowed": true
        },
        "LambdaFunctionAssociations": {
          "Documentation": "http://docs.aws.amazon.com/AWSCloudFormation/latest/UserGuide/aws-properties-cloudfront-distribution-cachebehavior.html#cfn-cloudfront-distribution-cachebehavior-lambdafunctionassociations",
          "UpdateType": "Mutable",
          "Required": false,
          "Type": "List",
          "ItemType": "LambdaFunctionAssociation",
          "DuplicatesAllowed": true
        },
        "TargetOriginId": {
          "Documentation": "http://docs.aws.amazon.com/AWSCloudFormation/latest/UserGuide/aws-properties-cloudfront-distribution-cachebehavior.html#cfn-cloudfront-distribution-cachebehavior-targetoriginid",
          "UpdateType": "Mutable",
          "Required": true,
          "PrimitiveType": "String"
        },
        "ViewerProtocolPolicy": {
          "Documentation": "http://docs.aws.amazon.com/AWSCloudFormation/latest/UserGuide/aws-properties-cloudfront-distribution-cachebehavior.html#cfn-cloudfront-distribution-cachebehavior-viewerprotocolpolicy",
          "UpdateType": "Mutable",
          "Required": true,
          "PrimitiveType": "String"
        },
        "ResponseHeadersPolicyId": {
          "Documentation": "http://docs.aws.amazon.com/AWSCloudFormation/latest/UserGuide/aws-properties-cloudfront-distribution-cachebehavior.html#cfn-cloudfront-distribution-cachebehavior-responseheaderspolicyid",
          "UpdateType": "Mutable",
          "Required": false,
          "PrimitiveType": "String"
        },
        "RealtimeLogConfigArn": {
          "Documentation": "http://docs.aws.amazon.com/AWSCloudFormation/latest/UserGuide/aws-properties-cloudfront-distribution-cachebehavior.html#cfn-cloudfront-distribution-cachebehavior-realtimelogconfigarn",
          "UpdateType": "Mutable",
          "Required": false,
          "PrimitiveType": "String"
        },
        "TrustedSigners": {
          "Documentation": "http://docs.aws.amazon.com/AWSCloudFormation/latest/UserGuide/aws-properties-cloudfront-distribution-cachebehavior.html#cfn-cloudfront-distribution-cachebehavior-trustedsigners",
          "UpdateType": "Mutable",
          "Required": false,
          "Type": "List",
          "PrimitiveItemType": "String",
          "DuplicatesAllowed": true
        },
        "DefaultTTL": {
          "Documentation": "http://docs.aws.amazon.com/AWSCloudFormation/latest/UserGuide/aws-properties-cloudfront-distribution-cachebehavior.html#cfn-cloudfront-distribution-cachebehavior-defaultttl",
          "UpdateType": "Mutable",
          "Required": false,
          "PrimitiveType": "Double"
        },
        "FieldLevelEncryptionId": {
          "Documentation": "http://docs.aws.amazon.com/AWSCloudFormation/latest/UserGuide/aws-properties-cloudfront-distribution-cachebehavior.html#cfn-cloudfront-distribution-cachebehavior-fieldlevelencryptionid",
          "UpdateType": "Mutable",
          "Required": false,
          "PrimitiveType": "String"
        },
        "TrustedKeyGroups": {
          "Documentation": "http://docs.aws.amazon.com/AWSCloudFormation/latest/UserGuide/aws-properties-cloudfront-distribution-cachebehavior.html#cfn-cloudfront-distribution-cachebehavior-trustedkeygroups",
          "UpdateType": "Mutable",
          "Required": false,
          "Type": "List",
          "PrimitiveItemType": "String",
          "DuplicatesAllowed": true
        },
        "AllowedMethods": {
          "Documentation": "http://docs.aws.amazon.com/AWSCloudFormation/latest/UserGuide/aws-properties-cloudfront-distribution-cachebehavior.html#cfn-cloudfront-distribution-cachebehavior-allowedmethods",
          "UpdateType": "Mutable",
          "Required": false,
          "Type": "List",
          "PrimitiveItemType": "String",
          "DuplicatesAllowed": true
        },
        "PathPattern": {
          "Documentation": "http://docs.aws.amazon.com/AWSCloudFormation/latest/UserGuide/aws-properties-cloudfront-distribution-cachebehavior.html#cfn-cloudfront-distribution-cachebehavior-pathpattern",
          "UpdateType": "Mutable",
          "Required": true,
          "PrimitiveType": "String"
        },
        "CachedMethods": {
          "Documentation": "http://docs.aws.amazon.com/AWSCloudFormation/latest/UserGuide/aws-properties-cloudfront-distribution-cachebehavior.html#cfn-cloudfront-distribution-cachebehavior-cachedmethods",
          "UpdateType": "Mutable",
          "Required": false,
          "Type": "List",
          "PrimitiveItemType": "String",
          "DuplicatesAllowed": true
        },
        "SmoothStreaming": {
          "Documentation": "http://docs.aws.amazon.com/AWSCloudFormation/latest/UserGuide/aws-properties-cloudfront-distribution-cachebehavior.html#cfn-cloudfront-distribution-cachebehavior-smoothstreaming",
          "UpdateType": "Mutable",
          "Required": false,
          "PrimitiveType": "Boolean"
        },
        "ForwardedValues": {
          "Documentation": "http://docs.aws.amazon.com/AWSCloudFormation/latest/UserGuide/aws-properties-cloudfront-distribution-cachebehavior.html#cfn-cloudfront-distribution-cachebehavior-forwardedvalues",
          "UpdateType": "Mutable",
          "Required": false,
          "Type": "ForwardedValues"
        },
        "OriginRequestPolicyId": {
          "Documentation": "http://docs.aws.amazon.com/AWSCloudFormation/latest/UserGuide/aws-properties-cloudfront-distribution-cachebehavior.html#cfn-cloudfront-distribution-cachebehavior-originrequestpolicyid",
          "UpdateType": "Mutable",
          "Required": false,
          "PrimitiveType": "String"
        },
        "MinTTL": {
          "Documentation": "http://docs.aws.amazon.com/AWSCloudFormation/latest/UserGuide/aws-properties-cloudfront-distribution-cachebehavior.html#cfn-cloudfront-distribution-cachebehavior-minttl",
          "UpdateType": "Mutable",
          "Required": false,
          "PrimitiveType": "Double"
        },
        "CachePolicyId": {
          "Documentation": "http://docs.aws.amazon.com/AWSCloudFormation/latest/UserGuide/aws-properties-cloudfront-distribution-cachebehavior.html#cfn-cloudfront-distribution-cachebehavior-cachepolicyid",
          "UpdateType": "Mutable",
          "Required": false,
          "PrimitiveType": "String"
        },
        "MaxTTL": {
          "Documentation": "http://docs.aws.amazon.com/AWSCloudFormation/latest/UserGuide/aws-properties-cloudfront-distribution-cachebehavior.html#cfn-cloudfront-distribution-cachebehavior-maxttl",
          "UpdateType": "Mutable",
          "Required": false,
          "PrimitiveType": "Double"
        }
      }
    },
    "AWS::CloudFront::Distribution.S3OriginConfig": {
      "Documentation": "http://docs.aws.amazon.com/AWSCloudFormation/latest/UserGuide/aws-properties-cloudfront-distribution-s3originconfig.html",
      "Properties": {
        "OriginAccessIdentity": {
          "Documentation": "http://docs.aws.amazon.com/AWSCloudFormation/latest/UserGuide/aws-properties-cloudfront-distribution-s3originconfig.html#cfn-cloudfront-distribution-s3originconfig-originaccessidentity",
          "UpdateType": "Mutable",
          "Required": false,
          "PrimitiveType": "String"
        }
      }
    },
    "AWS::CloudFront::Distribution.Cookies": {
      "Documentation": "http://docs.aws.amazon.com/AWSCloudFormation/latest/UserGuide/aws-properties-cloudfront-distribution-cookies.html",
      "Properties": {
        "WhitelistedNames": {
          "Documentation": "http://docs.aws.amazon.com/AWSCloudFormation/latest/UserGuide/aws-properties-cloudfront-distribution-cookies.html#cfn-cloudfront-distribution-cookies-whitelistednames",
          "UpdateType": "Mutable",
          "Required": false,
          "Type": "List",
          "PrimitiveItemType": "String",
          "DuplicatesAllowed": true
        },
        "Forward": {
          "Documentation": "http://docs.aws.amazon.com/AWSCloudFormation/latest/UserGuide/aws-properties-cloudfront-distribution-cookies.html#cfn-cloudfront-distribution-cookies-forward",
          "UpdateType": "Mutable",
          "Required": true,
          "PrimitiveType": "String"
        }
      }
    },
    "AWS::CloudFront::Distribution.GeoRestriction": {
      "Documentation": "http://docs.aws.amazon.com/AWSCloudFormation/latest/UserGuide/aws-properties-cloudfront-distribution-georestriction.html",
      "Properties": {
        "Locations": {
          "Documentation": "http://docs.aws.amazon.com/AWSCloudFormation/latest/UserGuide/aws-properties-cloudfront-distribution-georestriction.html#cfn-cloudfront-distribution-georestriction-locations",
          "UpdateType": "Mutable",
          "Required": false,
          "Type": "List",
          "PrimitiveItemType": "String",
          "DuplicatesAllowed": true
        },
        "RestrictionType": {
          "Documentation": "http://docs.aws.amazon.com/AWSCloudFormation/latest/UserGuide/aws-properties-cloudfront-distribution-georestriction.html#cfn-cloudfront-distribution-georestriction-restrictiontype",
          "UpdateType": "Mutable",
          "Required": true,
          "PrimitiveType": "String"
        }
      }
    },
    "AWS::CloudFront::Distribution.LegacyS3Origin": {
      "Documentation": "http://docs.aws.amazon.com/AWSCloudFormation/latest/UserGuide/aws-properties-cloudfront-distribution-legacys3origin.html",
      "Properties": {
        "OriginAccessIdentity": {
          "Documentation": "http://docs.aws.amazon.com/AWSCloudFormation/latest/UserGuide/aws-properties-cloudfront-distribution-legacys3origin.html#cfn-cloudfront-distribution-legacys3origin-originaccessidentity",
          "UpdateType": "Mutable",
          "Required": false,
          "PrimitiveType": "String"
        },
        "DNSName": {
          "Documentation": "http://docs.aws.amazon.com/AWSCloudFormation/latest/UserGuide/aws-properties-cloudfront-distribution-legacys3origin.html#cfn-cloudfront-distribution-legacys3origin-dnsname",
          "UpdateType": "Mutable",
          "Required": true,
          "PrimitiveType": "String"
        }
      }
    },
    "Tag": {
      "Documentation": "http://docs.aws.amazon.com/AWSCloudFormation/latest/UserGuide/aws-properties-resource-tags.html",
      "Properties": {
        "Value": {
          "Documentation": "http://docs.aws.amazon.com/AWSCloudFormation/latest/UserGuide/aws-properties-resource-tags.html#cfn-resource-tags-value",
          "UpdateType": "Mutable",
          "Required": true,
          "PrimitiveType": "String"
        },
        "Key": {
          "Documentation": "http://docs.aws.amazon.com/AWSCloudFormation/latest/UserGuide/aws-properties-resource-tags.html#cfn-resource-tags-key",
          "UpdateType": "Mutable",
          "Required": true,
          "PrimitiveType": "String"
        }
      }
    }
  },
  "ResourceType": {
    "AWS::CloudFront::Distribution": {
      "Documentation": "http://docs.aws.amazon.com/AWSCloudFormation/latest/UserGuide/aws-resource-cloudfront-distribution.html",
      "Properties": {
        "DistributionConfig": {
          "Documentation": "http://docs.aws.amazon.com/AWSCloudFormation/latest/UserGuide/aws-resource-cloudfront-distribution.html#cfn-cloudfront-distribution-distributionconfig",
          "UpdateType": "Mutable",
          "Required": true,
          "Type": "DistributionConfig"
        },
        "Tags": {
          "Documentation": "http://docs.aws.amazon.com/AWSCloudFormation/latest/UserGuide/aws-resource-cloudfront-distribution.html#cfn-cloudfront-distribution-tags",
          "UpdateType": "Mutable",
          "Required": false,
          "Type": "List",
          "ItemType": "Tag",
          "DuplicatesAllowed": true
        }
      },
      "Attributes": {
        "DomainName": {
          "PrimitiveType": "String"
        },
        "Id": {
          "PrimitiveType": "String"
        }
      }
    }
  },
  "ResourceSpecificationVersion": "114.0.0"
}