{
  "PropertyTypes": {
    "AWS::CloudWatch::AnomalyDetector.Dimension": {
      "Documentation": "http://docs.aws.amazon.com/AWSCloudFormation/latest/UserGuide/aws-properties-cloudwatch-anomalydetector-dimension.html",
      "Properties": {
        "Value": {
          "Required": true,
          "Documentation": "http://docs.aws.amazon.com/AWSCloudFormation/latest/UserGuide/aws-properties-cloudwatch-anomalydetector-dimension.html#cfn-cloudwatch-anomalydetector-dimension-value",
          "PrimitiveType": "String",
          "UpdateType": "Immutable"
        },
        "Name": {
          "Required": true,
          "Documentation": "http://docs.aws.amazon.com/AWSCloudFormation/latest/UserGuide/aws-properties-cloudwatch-anomalydetector-dimension.html#cfn-cloudwatch-anomalydetector-dimension-name",
          "PrimitiveType": "String",
          "UpdateType": "Immutable"
        }
      }
    },
    "AWS::CloudWatch::AnomalyDetector.MetricMathAnomalyDetector": {
      "Documentation": "http://docs.aws.amazon.com/AWSCloudFormation/latest/UserGuide/aws-properties-cloudwatch-anomalydetector-metricmathanomalydetector.html",
      "Properties": {
        "MetricDataQueries": {
          "Type": "List",
          "Required": false,
          "Documentation": "http://docs.aws.amazon.com/AWSCloudFormation/latest/UserGuide/aws-properties-cloudwatch-anomalydetector-metricmathanomalydetector.html#cfn-cloudwatch-anomalydetector-metricmathanomalydetector-metricdataqueries",
          "ItemType": "MetricDataQuery",
          "UpdateType": "Immutable"
        }
      }
    },
    "AWS::CloudWatch::AnomalyDetector.MetricDataQuery": {
      "Documentation": "http://docs.aws.amazon.com/AWSCloudFormation/latest/UserGuide/aws-properties-cloudwatch-anomalydetector-metricdataquery.html",
      "Properties": {
        "AccountId": {
          "Required": false,
          "Documentation": "http://docs.aws.amazon.com/AWSCloudFormation/latest/UserGuide/aws-properties-cloudwatch-anomalydetector-metricdataquery.html#cfn-cloudwatch-anomalydetector-metricdataquery-accountid",
          "PrimitiveType": "String",
          "UpdateType": "Immutable"
        },
        "ReturnData": {
          "Required": false,
          "Documentation": "http://docs.aws.amazon.com/AWSCloudFormation/latest/UserGuide/aws-properties-cloudwatch-anomalydetector-metricdataquery.html#cfn-cloudwatch-anomalydetector-metricdataquery-returndata",
          "PrimitiveType": "Boolean",
          "UpdateType": "Mutable"
        },
        "Expression": {
          "Required": false,
          "Documentation": "http://docs.aws.amazon.com/AWSCloudFormation/latest/UserGuide/aws-properties-cloudwatch-anomalydetector-metricdataquery.html#cfn-cloudwatch-anomalydetector-metricdataquery-expression",
          "PrimitiveType": "String",
          "UpdateType": "Immutable"
        },
        "MetricStat": {
          "Type": "MetricStat",
          "Required": false,
          "Documentation": "http://docs.aws.amazon.com/AWSCloudFormation/latest/UserGuide/aws-properties-cloudwatch-anomalydetector-metricdataquery.html#cfn-cloudwatch-anomalydetector-metricdataquery-metricstat",
          "UpdateType": "Immutable"
        },
        "Label": {
          "Required": false,
          "Documentation": "http://docs.aws.amazon.com/AWSCloudFormation/latest/UserGuide/aws-properties-cloudwatch-anomalydetector-metricdataquery.html#cfn-cloudwatch-anomalydetector-metricdataquery-label",
          "PrimitiveType": "String",
          "UpdateType": "Mutable"
        },
        "Period": {
          "Required": false,
          "Documentation": "http://docs.aws.amazon.com/AWSCloudFormation/latest/UserGuide/aws-properties-cloudwatch-anomalydetector-metricdataquery.html#cfn-cloudwatch-anomalydetector-metricdataquery-period",
          "PrimitiveType": "Integer",
          "UpdateType": "Immutable"
        },
        "Id": {
          "Required": true,
          "Documentation": "http://docs.aws.amazon.com/AWSCloudFormation/latest/UserGuide/aws-properties-cloudwatch-anomalydetector-metricdataquery.html#cfn-cloudwatch-anomalydetector-metricdataquery-id",
          "PrimitiveType": "String",
          "UpdateType": "Immutable"
        }
      }
    },
    "AWS::CloudWatch::AnomalyDetector.MetricStat": {
      "Documentation": "http://docs.aws.amazon.com/AWSCloudFormation/latest/UserGuide/aws-properties-cloudwatch-anomalydetector-metricstat.html",
      "Properties": {
        "Stat": {
          "Required": true,
          "Documentation": "http://docs.aws.amazon.com/AWSCloudFormation/latest/UserGuide/aws-properties-cloudwatch-anomalydetector-metricstat.html#cfn-cloudwatch-anomalydetector-metricstat-stat",
          "PrimitiveType": "String",
          "UpdateType": "Immutable"
        },
        "Period": {
          "Required": true,
          "Documentation": "http://docs.aws.amazon.com/AWSCloudFormation/latest/UserGuide/aws-properties-cloudwatch-anomalydetector-metricstat.html#cfn-cloudwatch-anomalydetector-metricstat-period",
          "PrimitiveType": "Integer",
          "UpdateType": "Immutable"
        },
        "Metric": {
          "Type": "Metric",
          "Required": true,
          "Documentation": "http://docs.aws.amazon.com/AWSCloudFormation/latest/UserGuide/aws-properties-cloudwatch-anomalydetector-metricstat.html#cfn-cloudwatch-anomalydetector-metricstat-metric",
          "UpdateType": "Immutable"
        },
        "Unit": {
          "Required": false,
          "Documentation": "http://docs.aws.amazon.com/AWSCloudFormation/latest/UserGuide/aws-properties-cloudwatch-anomalydetector-metricstat.html#cfn-cloudwatch-anomalydetector-metricstat-unit",
          "PrimitiveType": "String",
          "UpdateType": "Immutable"
        }
      }
    },
    "AWS::CloudWatch::AnomalyDetector.Range": {
      "Documentation": "http://docs.aws.amazon.com/AWSCloudFormation/latest/UserGuide/aws-properties-cloudwatch-anomalydetector-range.html",
      "Properties": {
        "EndTime": {
          "Required": true,
          "Documentation": "http://docs.aws.amazon.com/AWSCloudFormation/latest/UserGuide/aws-properties-cloudwatch-anomalydetector-range.html#cfn-cloudwatch-anomalydetector-range-endtime",
          "PrimitiveType": "String",
          "UpdateType": "Mutable"
        },
        "StartTime": {
          "Required": true,
          "Documentation": "http://docs.aws.amazon.com/AWSCloudFormation/latest/UserGuide/aws-properties-cloudwatch-anomalydetector-range.html#cfn-cloudwatch-anomalydetector-range-starttime",
          "PrimitiveType": "String",
          "UpdateType": "Mutable"
        }
      }
    },
    "AWS::CloudWatch::AnomalyDetector.Configuration": {
      "Documentation": "http://docs.aws.amazon.com/AWSCloudFormation/latest/UserGuide/aws-properties-cloudwatch-anomalydetector-configuration.html",
      "Properties": {
        "MetricTimeZone": {
          "Required": false,
          "Documentation": "http://docs.aws.amazon.com/AWSCloudFormation/latest/UserGuide/aws-properties-cloudwatch-anomalydetector-configuration.html#cfn-cloudwatch-anomalydetector-configuration-metrictimezone",
          "PrimitiveType": "String",
          "UpdateType": "Mutable"
        },
        "ExcludedTimeRanges": {
          "Type": "List",
          "Required": false,
          "Documentation": "http://docs.aws.amazon.com/AWSCloudFormation/latest/UserGuide/aws-properties-cloudwatch-anomalydetector-configuration.html#cfn-cloudwatch-anomalydetector-configuration-excludedtimeranges",
          "ItemType": "Range",
          "UpdateType": "Mutable"
        }
      }
    },
    "AWS::CloudWatch::AnomalyDetector.SingleMetricAnomalyDetector": {
      "Documentation": "http://docs.aws.amazon.com/AWSCloudFormation/latest/UserGuide/aws-properties-cloudwatch-anomalydetector-singlemetricanomalydetector.html",
      "Properties": {
        "MetricName": {
          "Required": false,
          "Documentation": "http://docs.aws.amazon.com/AWSCloudFormation/latest/UserGuide/aws-properties-cloudwatch-anomalydetector-singlemetricanomalydetector.html#cfn-cloudwatch-anomalydetector-singlemetricanomalydetector-metricname",
          "PrimitiveType": "String",
          "UpdateType": "Immutable"
        },
        "Stat": {
          "Required": false,
          "Documentation": "http://docs.aws.amazon.com/AWSCloudFormation/latest/UserGuide/aws-properties-cloudwatch-anomalydetector-singlemetricanomalydetector.html#cfn-cloudwatch-anomalydetector-singlemetricanomalydetector-stat",
          "PrimitiveType": "String",
          "UpdateType": "Immutable"
        },
        "Dimensions": {
          "Type": "List",
          "Required": false,
          "Documentation": "http://docs.aws.amazon.com/AWSCloudFormation/latest/UserGuide/aws-properties-cloudwatch-anomalydetector-singlemetricanomalydetector.html#cfn-cloudwatch-anomalydetector-singlemetricanomalydetector-dimensions",
          "ItemType": "Dimension",
          "UpdateType": "Immutable"
        },
        "Namespace": {
          "Required": false,
          "Documentation": "http://docs.aws.amazon.com/AWSCloudFormation/latest/UserGuide/aws-properties-cloudwatch-anomalydetector-singlemetricanomalydetector.html#cfn-cloudwatch-anomalydetector-singlemetricanomalydetector-namespace",
          "PrimitiveType": "String",
          "UpdateType": "Immutable"
        }
      }
    },
    "AWS::CloudWatch::AnomalyDetector.Metric": {
      "Documentation": "http://docs.aws.amazon.com/AWSCloudFormation/latest/UserGuide/aws-properties-cloudwatch-anomalydetector-metric.html",
      "Properties": {
        "MetricName": {
          "Required": true,
          "Documentation": "http://docs.aws.amazon.com/AWSCloudFormation/latest/UserGuide/aws-properties-cloudwatch-anomalydetector-metric.html#cfn-cloudwatch-anomalydetector-metric-metricname",
          "PrimitiveType": "String",
          "UpdateType": "Immutable"
        },
        "Dimensions": {
          "Type": "List",
          "Required": false,
          "Documentation": "http://docs.aws.amazon.com/AWSCloudFormation/latest/UserGuide/aws-properties-cloudwatch-anomalydetector-metric.html#cfn-cloudwatch-anomalydetector-metric-dimensions",
          "ItemType": "Dimension",
          "UpdateType": "Immutable"
        },
        "Namespace": {
          "Required": true,
          "Documentation": "http://docs.aws.amazon.com/AWSCloudFormation/latest/UserGuide/aws-properties-cloudwatch-anomalydetector-metric.html#cfn-cloudwatch-anomalydetector-metric-namespace",
          "PrimitiveType": "String",
          "UpdateType": "Immutable"
        }
      }
    },
    "AWS::CloudWatch::AnomalyDetector.MetricDataQueries": {
      "Type": "List",
      "Required": false,
      "Documentation": "http://docs.aws.amazon.com/AWSCloudFormation/latest/UserGuide/aws-properties-cloudwatch-anomalydetector-metricdataqueries.html",
      "ItemType": "MetricDataQuery",
      "UpdateType": "Immutable"
    }
  },
  "ResourceType": {
    "AWS::CloudWatch::AnomalyDetector": {
      "Documentation": "http://docs.aws.amazon.com/AWSCloudFormation/latest/UserGuide/aws-resource-cloudwatch-anomalydetector.html",
      "Properties": {
        "MetricName": {
          "Required": false,
          "Documentation": "http://docs.aws.amazon.com/AWSCloudFormation/latest/UserGuide/aws-resource-cloudwatch-anomalydetector.html#cfn-cloudwatch-anomalydetector-metricname",
          "PrimitiveType": "String",
          "UpdateType": "Immutable"
        },
        "Stat": {
          "Required": false,
          "Documentation": "http://docs.aws.amazon.com/AWSCloudFormation/latest/UserGuide/aws-resource-cloudwatch-anomalydetector.html#cfn-cloudwatch-anomalydetector-stat",
          "PrimitiveType": "String",
          "UpdateType": "Immutable"
        },
        "Configuration": {
          "Type": "Configuration",
          "Required": false,
          "Documentation": "http://docs.aws.amazon.com/AWSCloudFormation/latest/UserGuide/aws-resource-cloudwatch-anomalydetector.html#cfn-cloudwatch-anomalydetector-configuration",
          "UpdateType": "Mutable"
        },
        "MetricMathAnomalyDetector": {
          "Type": "MetricMathAnomalyDetector",
          "Required": false,
          "Documentation": "http://docs.aws.amazon.com/AWSCloudFormation/latest/UserGuide/aws-resource-cloudwatch-anomalydetector.html#cfn-cloudwatch-anomalydetector-metricmathanomalydetector",
          "UpdateType": "Immutable"
        },
        "Dimensions": {
          "Type": "List",
          "Required": false,
          "Documentation": "http://docs.aws.amazon.com/AWSCloudFormation/latest/UserGuide/aws-resource-cloudwatch-anomalydetector.html#cfn-cloudwatch-anomalydetector-dimensions",
          "ItemType": "Dimension",
          "UpdateType": "Immutable"
        },
        "Namespace": {
          "Required": false,
          "Documentation": "http://docs.aws.amazon.com/AWSCloudFormation/latest/UserGuide/aws-resource-cloudwatch-anomalydetector.html#cfn-cloudwatch-anomalydetector-namespace",
          "PrimitiveType": "String",
          "UpdateType": "Immutable"
        },
        "SingleMetricAnomalyDetector": {
          "Type": "SingleMetricAnomalyDetector",
          "Required": false,
          "Documentation": "http://docs.aws.amazon.com/AWSCloudFormation/latest/UserGuide/aws-resource-cloudwatch-anomalydetector.html#cfn-cloudwatch-anomalydetector-singlemetricanomalydetector",
          "UpdateType": "Immutable"
        }
      }
    }
  },
  "ResourceSpecificationVersion": "114.0.0"
}