{
  "PropertyTypes": {
    "AWS::CloudFormation::StackSet.Parameter": {
      "Documentation": "http://docs.aws.amazon.com/AWSCloudFormation/latest/UserGuide/aws-properties-cloudformation-stackset-parameter.html",
      "Properties": {
        "ParameterValue": {
          "Documentation": "http://docs.aws.amazon.com/AWSCloudFormation/latest/UserGuide/aws-properties-cloudformation-stackset-parameter.html#cfn-cloudformation-stackset-parameter-parametervalue",
          "UpdateType": "Mutable",
          "Required": true,
          "PrimitiveType": "String"
        },
        "ParameterKey": {
          "Documentation": "http://docs.aws.amazon.com/AWSCloudFormation/latest/UserGuide/aws-properties-cloudformation-stackset-parameter.html#cfn-cloudformation-stackset-parameter-parameterkey",
          "UpdateType": "Mutable",
          "Required": true,
          "PrimitiveType": "String"
        }
      }
    },
    "AWS::CloudFormation::StackSet.StackInstances": {
      "Documentation": "http://docs.aws.amazon.com/AWSCloudFormation/latest/UserGuide/aws-properties-cloudformation-stackset-stackinstances.html",
      "Properties": {
        "ParameterOverrides": {
          "Documentation": "http://docs.aws.amazon.com/AWSCloudFormation/latest/UserGuide/aws-properties-cloudformation-stackset-stackinstances.html#cfn-cloudformation-stackset-stackinstances-parameteroverrides",
          "UpdateType": "Mutable",
          "Required": false,
          "Type": "List",
          "ItemType": "Parameter",
          "DuplicatesAllowed": false
        },
        "DeploymentTargets": {
          "Documentation": "http://docs.aws.amazon.com/AWSCloudFormation/latest/UserGuide/aws-properties-cloudformation-stackset-stackinstances.html#cfn-cloudformation-stackset-stackinstances-deploymenttargets",
          "UpdateType": "Mutable",
          "Required": true,
          "Type": "DeploymentTargets"
        },
        "Regions": {
          "Documentation": "http://docs.aws.amazon.com/AWSCloudFormation/latest/UserGuide/aws-properties-cloudformation-stackset-stackinstances.html#cfn-cloudformation-stackset-stackinstances-regions",
          "UpdateType": "Mutable",
          "Required": true,
          "Type": "List",
          "PrimitiveItemType": "String",
          "DuplicatesAllowed": false
        }
      }
    },
    "AWS::CloudFormation::StackSet.DeploymentTargets": {
      "Documentation": "http://docs.aws.amazon.com/AWSCloudFormation/latest/UserGuide/aws-properties-cloudformation-stackset-deploymenttargets.html",
      "Properties": {
        "AccountFilterType": {
          "Documentation": "http://docs.aws.amazon.com/AWSCloudFormation/latest/UserGuide/aws-properties-cloudformation-stackset-deploymenttargets.html#cfn-cloudformation-stackset-deploymenttargets-accountfiltertype",
          "UpdateType": "Mutable",
          "Required": false,
          "PrimitiveType": "String"
        },
        "Accounts": {
          "Documentation": "http://docs.aws.amazon.com/AWSCloudFormation/latest/UserGuide/aws-properties-cloudformation-stackset-deploymenttargets.html#cfn-cloudformation-stackset-deploymenttargets-accounts",
          "UpdateType": "Mutable",
          "Required": false,
          "Type": "List",
          "PrimitiveItemType": "String",
          "DuplicatesAllowed": false
        },
        "OrganizationalUnitIds": {
          "Documentation": "http://docs.aws.amazon.com/AWSCloudFormation/latest/UserGuide/aws-properties-cloudformation-stackset-deploymenttargets.html#cfn-cloudformation-stackset-deploymenttargets-organizationalunitids",
          "UpdateType": "Mutable",
          "Required": false,
          "Type": "List",
          "PrimitiveItemType": "String",
          "DuplicatesAllowed": false
        }
      }
    },
    "AWS::CloudFormation::StackSet.OperationPreferences": {
      "Documentation": "http://docs.aws.amazon.com/AWSCloudFormation/latest/UserGuide/aws-properties-cloudformation-stackset-operationpreferences.html",
      "Properties": {
        "MaxConcurrentPercentage": {
          "Documentation": "http://docs.aws.amazon.com/AWSCloudFormation/latest/UserGuide/aws-properties-cloudformation-stackset-operationpreferences.html#cfn-cloudformation-stackset-operationpreferences-maxconcurrentpercentage",
          "UpdateType": "Mutable",
          "Required": false,
          "PrimitiveType": "Integer"
        },
        "RegionConcurrencyType": {
          "Documentation": "http://docs.aws.amazon.com/AWSCloudFormation/latest/UserGuide/aws-properties-cloudformation-stackset-operationpreferences.html#cfn-cloudformation-stackset-operationpreferences-regionconcurrencytype",
          "UpdateType": "Mutable",
          "Required": false,
          "PrimitiveType": "String"
        },
        "MaxConcurrentCount": {
          "Documentation": "http://docs.aws.amazon.com/AWSCloudFormation/latest/UserGuide/aws-properties-cloudformation-stackset-operationpreferences.html#cfn-cloudformation-stackset-operationpreferences-maxconcurrentcount",
          "UpdateType": "Mutable",
          "Required": false,
          "PrimitiveType": "Integer"
        },
        "FailureTolerancePercentage": {
          "Documentation": "http://docs.aws.amazon.com/AWSCloudFormation/latest/UserGuide/aws-properties-cloudformation-stackset-operationpreferences.html#cfn-cloudformation-stackset-operationpreferences-failuretolerancepercentage",
          "UpdateType": "Mutable",
          "Required": false,
          "PrimitiveType": "Integer"
        },
        "FailureToleranceCount": {
          "Documentation": "http://docs.aws.amazon.com/AWSCloudFormation/latest/UserGuide/aws-properties-cloudformation-stackset-operationpreferences.html#cfn-cloudformation-stackset-operationpreferences-failuretolerancecount",
          "UpdateType": "Mutable",
          "Required": false,
          "PrimitiveType": "Integer"
        },
        "RegionOrder": {
          "Documentation": "http://docs.aws.amazon.com/AWSCloudFormation/latest/UserGuide/aws-properties-cloudformation-stackset-operationpreferences.html#cfn-cloudformation-stackset-operationpreferences-regionorder",
          "UpdateType": "Mutable",
          "Required": false,
          "Type": "List",
          "PrimitiveItemType": "String",
          "DuplicatesAllowed": true
        }
      }
    },
    "AWS::CloudFormation::StackSet.AutoDeployment": {
      "Documentation": "http://docs.aws.amazon.com/AWSCloudFormation/latest/UserGuide/aws-properties-cloudformation-stackset-autodeployment.html",
      "Properties": {
        "Enabled": {
          "Documentation": "http://docs.aws.amazon.com/AWSCloudFormation/latest/UserGuide/aws-properties-cloudformation-stackset-autodeployment.html#cfn-cloudformation-stackset-autodeployment-enabled",
          "UpdateType": "Mutable",
          "Required": false,
          "PrimitiveType": "Boolean"
        },
        "RetainStacksOnAccountRemoval": {
          "Documentation": "http://docs.aws.amazon.com/AWSCloudFormation/latest/UserGuide/aws-properties-cloudformation-stackset-autodeployment.html#cfn-cloudformation-stackset-autodeployment-retainstacksonaccountremoval",
          "UpdateType": "Mutable",
          "Required": false,
          "PrimitiveType": "Boolean"
        }
      }
    },
    "Tag": {
      "Documentation": "http://docs.aws.amazon.com/AWSCloudFormation/latest/UserGuide/aws-properties-resource-tags.html",
      "Properties": {
        "Value": {
          "Documentation": "http://docs.aws.amazon.com/AWSCloudFormation/latest/UserGuide/aws-properties-resource-tags.html#cfn-resource-tags-value",
          "UpdateType": "Mutable",
          "Required": true,
          "PrimitiveType": "String"
        },
        "Key": {
          "Documentation": "http://docs.aws.amazon.com/AWSCloudFormation/latest/UserGuide/aws-properties-resource-tags.html#cfn-resource-tags-key",
          "UpdateType": "Mutable",
          "Required": true,
          "PrimitiveType": "String"
        }
      }
    },
    "AWS::CloudFormation::StackSet.ManagedExecution": {
      "Documentation": "http://docs.aws.amazon.com/AWSCloudFormation/latest/UserGuide/aws-properties-cloudformation-stackset-managedexecution.html",
      "Properties": {
        "Active": {
          "Documentation": "http://docs.aws.amazon.com/AWSCloudFormation/latest/UserGuide/aws-properties-cloudformation-stackset-managedexecution.html#cfn-cloudformation-stackset-managedexecution-active",
          "UpdateType": "Mutable",
          "Required": false,
          "PrimitiveType": "Boolean"
        }
      }
    }
  },
  "ResourceType": {
    "AWS::CloudFormation::StackSet": {
      "Documentation": "http://docs.aws.amazon.com/AWSCloudFormation/latest/UserGuide/aws-resource-cloudformation-stackset.html",
      "Properties": {
        "Description": {
          "Documentation": "http://docs.aws.amazon.com/AWSCloudFormation/latest/UserGuide/aws-resource-cloudformation-stackset.html#cfn-cloudformation-stackset-description",
          "UpdateType": "Mutable",
          "Required": false,
          "PrimitiveType": "String"
        },
        "Parameters": {
          "Documentation": "http://docs.aws.amazon.com/AWSCloudFormation/latest/UserGuide/aws-resource-cloudformation-stackset.html#cfn-cloudformation-stackset-parameters",
          "UpdateType": "Mutable",
          "Required": false,
          "Type": "List",
          "ItemType": "Parameter",
          "DuplicatesAllowed": false
        },
        "StackInstancesGroup": {
          "Documentation": "http://docs.aws.amazon.com/AWSCloudFormation/latest/UserGuide/aws-resource-cloudformation-stackset.html#cfn-cloudformation-stackset-stackinstancesgroup",
          "UpdateType": "Mutable",
          "Required": false,
          "Type": "List",
          "ItemType": "StackInstances",
          "DuplicatesAllowed": false
        },
        "TemplateBody": {
          "Documentation": "http://docs.aws.amazon.com/AWSCloudFormation/latest/UserGuide/aws-resource-cloudformation-stackset.html#cfn-cloudformation-stackset-templatebody",
          "UpdateType": "Mutable",
          "Required": false,
          "PrimitiveType": "String"
        },
        "StackSetName": {
          "Documentation": "http://docs.aws.amazon.com/AWSCloudFormation/latest/UserGuide/aws-resource-cloudformation-stackset.html#cfn-cloudformation-stackset-stacksetname",
          "UpdateType": "Immutable",
          "Required": true,
          "PrimitiveType": "String"
        },
        "CallAs": {
          "Documentation": "http://docs.aws.amazon.com/AWSCloudFormation/latest/UserGuide/aws-resource-cloudformation-stackset.html#cfn-cloudformation-stackset-callas",
          "UpdateType": "Mutable",
          "Required": false,
          "PrimitiveType": "String"
        },
        "OperationPreferences": {
          "Documentation": "http://docs.aws.amazon.com/AWSCloudFormation/latest/UserGuide/aws-resource-cloudformation-stackset.html#cfn-cloudformation-stackset-operationpreferences",
          "UpdateType": "Mutable",
          "Required": false,
          "Type": "OperationPreferences"
        },
        "TemplateURL": {
          "Documentation": "http://docs.aws.amazon.com/AWSCloudFormation/latest/UserGuide/aws-resource-cloudformation-stackset.html#cfn-cloudformation-stackset-templateurl",
          "UpdateType": "Mutable",
          "Required": false,
          "PrimitiveType": "String"
        },
        "AutoDeployment": {
          "Documentation": "http://docs.aws.amazon.com/AWSCloudFormation/latest/UserGuide/aws-resource-cloudformation-stackset.html#cfn-cloudformation-stackset-autodeployment",
          "UpdateType": "Mutable",
          "Required": false,
          "Type": "AutoDeployment"
        },
        "Capabilities": {
          "Documentation": "http://docs.aws.amazon.com/AWSCloudFormation/latest/UserGuide/aws-resource-cloudformation-stackset.html#cfn-cloudformation-stackset-capabilities",
          "UpdateType": "Mutable",
          "Required": false,
          "Type": "List",
          "PrimitiveItemType": "String",
          "DuplicatesAllowed": false
        },
        "PermissionModel": {
          "Documentation": "http://docs.aws.amazon.com/AWSCloudFormation/latest/UserGuide/aws-resource-cloudformation-stackset.html#cfn-cloudformation-stackset-permissionmodel",
          "UpdateType": "Immutable",
          "Required": true,
          "PrimitiveType": "String"
        },
        "AdministrationRoleARN": {
          "Documentation": "http://docs.aws.amazon.com/AWSCloudFormation/latest/UserGuide/aws-resource-cloudformation-stackset.html#cfn-cloudformation-stackset-administrationrolearn",
          "UpdateType": "Mutable",
          "Required": false,
          "PrimitiveType": "String"
        },
        "ExecutionRoleName": {
          "Documentation": "http://docs.aws.amazon.com/AWSCloudFormation/latest/UserGuide/aws-resource-cloudformation-stackset.html#cfn-cloudformation-stackset-executionrolename",
          "UpdateType": "Mutable",
          "Required": false,
          "PrimitiveType": "String"
        },
        "ManagedExecution": {
          "Documentation": "http://docs.aws.amazon.com/AWSCloudFormation/latest/UserGuide/aws-resource-cloudformation-stackset.html#cfn-cloudformation-stackset-managedexecution",
          "UpdateType": "Mutable",
          "Required": false,
          "Type": "ManagedExecution"
        },
        "Tags": {
          "Documentation": "http://docs.aws.amazon.com/AWSCloudFormation/latest/UserGuide/aws-resource-cloudformation-stackset.html#cfn-cloudformation-stackset-tags",
          "UpdateType": "Mutable",
          "Required": false,
          "Type": "List",
          "ItemType": "Tag",
          "DuplicatesAllowed": false
        }
      },
      "Attributes": {
        "StackSetId": {
          "PrimitiveType": "String"
        }
      }
    }
  },
  "ResourceSpecificationVersion": "114.0.0"
}