{
  "PropertyTypes": {
    "AWS::CloudTrail::Trail.DataResource": {
      "Documentation": "http://docs.aws.amazon.com/AWSCloudFormation/latest/UserGuide/aws-properties-cloudtrail-trail-dataresource.html",
      "Properties": {
        "Type": {
          "Documentation": "http://docs.aws.amazon.com/AWSCloudFormation/latest/UserGuide/aws-properties-cloudtrail-trail-dataresource.html#cfn-cloudtrail-trail-dataresource-type",
          "UpdateType": "Mutable",
          "Required": true,
          "PrimitiveType": "String"
        },
        "Values": {
          "Documentation": "http://docs.aws.amazon.com/AWSCloudFormation/latest/UserGuide/aws-properties-cloudtrail-trail-dataresource.html#cfn-cloudtrail-trail-dataresource-values",
          "UpdateType": "Mutable",
          "Required": false,
          "Type": "List",
          "PrimitiveItemType": "String",
          "DuplicatesAllowed": false
        }
      }
    },
    "AWS::CloudTrail::Trail.InsightSelector": {
      "Documentation": "http://docs.aws.amazon.com/AWSCloudFormation/latest/UserGuide/aws-properties-cloudtrail-trail-insightselector.html",
      "Properties": {
        "InsightType": {
          "Documentation": "http://docs.aws.amazon.com/AWSCloudFormation/latest/UserGuide/aws-properties-cloudtrail-trail-insightselector.html#cfn-cloudtrail-trail-insightselector-insighttype",
          "UpdateType": "Mutable",
          "Required": false,
          "PrimitiveType": "String"
        }
      }
    },
    "AWS::CloudTrail::Trail.EventSelector": {
      "Documentation": "http://docs.aws.amazon.com/AWSCloudFormation/latest/UserGuide/aws-properties-cloudtrail-trail-eventselector.html",
      "Properties": {
        "IncludeManagementEvents": {
          "Documentation": "http://docs.aws.amazon.com/AWSCloudFormation/latest/UserGuide/aws-properties-cloudtrail-trail-eventselector.html#cfn-cloudtrail-trail-eventselector-includemanagementevents",
          "UpdateType": "Mutable",
          "Required": false,
          "PrimitiveType": "Boolean"
        },
        "ReadWriteType": {
          "Documentation": "http://docs.aws.amazon.com/AWSCloudFormation/latest/UserGuide/aws-properties-cloudtrail-trail-eventselector.html#cfn-cloudtrail-trail-eventselector-readwritetype",
          "UpdateType": "Mutable",
          "Required": false,
          "PrimitiveType": "String"
        },
        "ExcludeManagementEventSources": {
          "Documentation": "http://docs.aws.amazon.com/AWSCloudFormation/latest/UserGuide/aws-properties-cloudtrail-trail-eventselector.html#cfn-cloudtrail-trail-eventselector-excludemanagementeventsources",
          "UpdateType": "Mutable",
          "Required": false,
          "Type": "List",
          "PrimitiveItemType": "String",
          "DuplicatesAllowed": false
        },
        "DataResources": {
          "Documentation": "http://docs.aws.amazon.com/AWSCloudFormation/latest/UserGuide/aws-properties-cloudtrail-trail-eventselector.html#cfn-cloudtrail-trail-eventselector-dataresources",
          "UpdateType": "Mutable",
          "Required": false,
          "Type": "List",
          "ItemType": "DataResource",
          "DuplicatesAllowed": false
        }
      }
    },
    "Tag": {
      "Documentation": "http://docs.aws.amazon.com/AWSCloudFormation/latest/UserGuide/aws-properties-resource-tags.html",
      "Properties": {
        "Value": {
          "Documentation": "http://docs.aws.amazon.com/AWSCloudFormation/latest/UserGuide/aws-properties-resource-tags.html#cfn-resource-tags-value",
          "UpdateType": "Mutable",
          "Required": true,
          "PrimitiveType": "String"
        },
        "Key": {
          "Documentation": "http://docs.aws.amazon.com/AWSCloudFormation/latest/UserGuide/aws-properties-resource-tags.html#cfn-resource-tags-key",
          "UpdateType": "Mutable",
          "Required": true,
          "PrimitiveType": "String"
        }
      }
    }
  },
  "ResourceType": {
    "AWS::CloudTrail::Trail": {
      "Documentation": "http://docs.aws.amazon.com/AWSCloudFormation/latest/UserGuide/aws-resource-cloudtrail-trail.html",
      "Properties": {
        "IncludeGlobalServiceEvents": {
          "Documentation": "http://docs.aws.amazon.com/AWSCloudFormation/latest/UserGuide/aws-resource-cloudtrail-trail.html#cfn-cloudtrail-trail-includeglobalserviceevents",
          "UpdateType": "Mutable",
          "Required": false,
          "PrimitiveType": "Boolean"
        },
        "EventSelectors": {
          "Documentation": "http://docs.aws.amazon.com/AWSCloudFormation/latest/UserGuide/aws-resource-cloudtrail-trail.html#cfn-cloudtrail-trail-eventselectors",
          "UpdateType": "Mutable",
          "Required": false,
          "Type": "List",
          "ItemType": "EventSelector",
          "DuplicatesAllowed": false
        },
        "KMSKeyId": {
          "Documentation": "http://docs.aws.amazon.com/AWSCloudFormation/latest/UserGuide/aws-resource-cloudtrail-trail.html#cfn-cloudtrail-trail-kmskeyid",
          "UpdateType": "Mutable",
          "Required": false,
          "PrimitiveType": "String"
        },
        "CloudWatchLogsRoleArn": {
          "Documentation": "http://docs.aws.amazon.com/AWSCloudFormation/latest/UserGuide/aws-resource-cloudtrail-trail.html#cfn-cloudtrail-trail-cloudwatchlogsrolearn",
          "UpdateType": "Mutable",
          "Required": false,
          "PrimitiveType": "String"
        },
        "S3KeyPrefix": {
          "Documentation": "http://docs.aws.amazon.com/AWSCloudFormation/latest/UserGuide/aws-resource-cloudtrail-trail.html#cfn-cloudtrail-trail-s3keyprefix",
          "UpdateType": "Mutable",
          "Required": false,
          "PrimitiveType": "String"
        },
        "TrailName": {
          "Documentation": "http://docs.aws.amazon.com/AWSCloudFormation/latest/UserGuide/aws-resource-cloudtrail-trail.html#cfn-cloudtrail-trail-trailname",
          "UpdateType": "Immutable",
          "Required": false,
          "PrimitiveType": "String"
        },
        "IsOrganizationTrail": {
          "Documentation": "http://docs.aws.amazon.com/AWSCloudFormation/latest/UserGuide/aws-resource-cloudtrail-trail.html#cfn-cloudtrail-trail-isorganizationtrail",
          "UpdateType": "Mutable",
          "Required": false,
          "PrimitiveType": "Boolean"
        },
        "InsightSelectors": {
          "Documentation": "http://docs.aws.amazon.com/AWSCloudFormation/latest/UserGuide/aws-resource-cloudtrail-trail.html#cfn-cloudtrail-trail-insightselectors",
          "UpdateType": "Mutable",
          "Required": false,
          "Type": "List",
          "ItemType": "InsightSelector",
          "DuplicatesAllowed": false
        },
        "CloudWatchLogsLogGroupArn": {
          "Documentation": "http://docs.aws.amazon.com/AWSCloudFormation/latest/UserGuide/aws-resource-cloudtrail-trail.html#cfn-cloudtrail-trail-cloudwatchlogsloggrouparn",
          "UpdateType": "Mutable",
          "Required": false,
          "PrimitiveType": "String"
        },
        "SnsTopicName": {
          "Documentation": "http://docs.aws.amazon.com/AWSCloudFormation/latest/UserGuide/aws-resource-cloudtrail-trail.html#cfn-cloudtrail-trail-snstopicname",
          "UpdateType": "Mutable",
          "Required": false,
          "PrimitiveType": "String"
        },
        "IsMultiRegionTrail": {
          "Documentation": "http://docs.aws.amazon.com/AWSCloudFormation/latest/UserGuide/aws-resource-cloudtrail-trail.html#cfn-cloudtrail-trail-ismultiregiontrail",
          "UpdateType": "Mutable",
          "Required": false,
          "PrimitiveType": "Boolean"
        },
        "S3BucketName": {
          "Documentation": "http://docs.aws.amazon.com/AWSCloudFormation/latest/UserGuide/aws-resource-cloudtrail-trail.html#cfn-cloudtrail-trail-s3bucketname",
          "UpdateType": "Mutable",
          "Required": true,
          "PrimitiveType": "String"
        },
        "EnableLogFileValidation": {
          "Documentation": "http://docs.aws.amazon.com/AWSCloudFormation/latest/UserGuide/aws-resource-cloudtrail-trail.html#cfn-cloudtrail-trail-enablelogfilevalidation",
          "UpdateType": "Mutable",
          "Required": false,
          "PrimitiveType": "Boolean"
        },
        "Tags": {
          "Documentation": "http://docs.aws.amazon.com/AWSCloudFormation/latest/UserGuide/aws-resource-cloudtrail-trail.html#cfn-cloudtrail-trail-tags",
          "UpdateType": "Mutable",
          "Required": false,
          "Type": "List",
          "ItemType": "Tag",
          "DuplicatesAllowed": true
        },
        "IsLogging": {
          "Documentation": "http://docs.aws.amazon.com/AWSCloudFormation/latest/UserGuide/aws-resource-cloudtrail-trail.html#cfn-cloudtrail-trail-islogging",
          "UpdateType": "Mutable",
          "Required": true,
          "PrimitiveType": "Boolean"
        }
      },
      "Attributes": {
        "SnsTopicArn": {
          "PrimitiveType": "String"
        },
        "Arn": {
          "PrimitiveType": "String"
        }
      }
    }
  },
  "ResourceSpecificationVersion": "114.0.0"
}