{
  "PropertyTypes": {
    "AWS::CodeBuild::Project.ProjectCache": {
      "Documentation": "http://docs.aws.amazon.com/AWSCloudFormation/latest/UserGuide/aws-properties-codebuild-project-projectcache.html",
      "Properties": {
        "Modes": {
          "PrimitiveItemType": "String",
          "Type": "List",
          "Required": false,
          "Documentation": "http://docs.aws.amazon.com/AWSCloudFormation/latest/UserGuide/aws-properties-codebuild-project-projectcache.html#cfn-codebuild-project-projectcache-modes",
          "UpdateType": "Mutable"
        },
        "Type": {
          "Required": true,
          "Documentation": "http://docs.aws.amazon.com/AWSCloudFormation/latest/UserGuide/aws-properties-codebuild-project-projectcache.html#cfn-codebuild-project-projectcache-type",
          "PrimitiveType": "String",
          "UpdateType": "Mutable"
        },
        "Location": {
          "Required": false,
          "Documentation": "http://docs.aws.amazon.com/AWSCloudFormation/latest/UserGuide/aws-properties-codebuild-project-projectcache.html#cfn-codebuild-project-projectcache-location",
          "PrimitiveType": "String",
          "UpdateType": "Mutable"
        }
      }
    },
    "AWS::CodeBuild::Project.BatchRestrictions": {
      "Documentation": "http://docs.aws.amazon.com/AWSCloudFormation/latest/UserGuide/aws-properties-codebuild-project-batchrestrictions.html",
      "Properties": {
        "ComputeTypesAllowed": {
          "PrimitiveItemType": "String",
          "Type": "List",
          "Required": false,
          "Documentation": "http://docs.aws.amazon.com/AWSCloudFormation/latest/UserGuide/aws-properties-codebuild-project-batchrestrictions.html#cfn-codebuild-project-batchrestrictions-computetypesallowed",
          "UpdateType": "Mutable"
        },
        "MaximumBuildsAllowed": {
          "Required": false,
          "Documentation": "http://docs.aws.amazon.com/AWSCloudFormation/latest/UserGuide/aws-properties-codebuild-project-batchrestrictions.html#cfn-codebuild-project-batchrestrictions-maximumbuildsallowed",
          "PrimitiveType": "Integer",
          "UpdateType": "Mutable"
        }
      }
    },
    "AWS::CodeBuild::Project.Artifacts": {
      "Documentation": "http://docs.aws.amazon.com/AWSCloudFormation/latest/UserGuide/aws-properties-codebuild-project-artifacts.html",
      "Properties": {
        "Path": {
          "Required": false,
          "Documentation": "http://docs.aws.amazon.com/AWSCloudFormation/latest/UserGuide/aws-properties-codebuild-project-artifacts.html#cfn-codebuild-project-artifacts-path",
          "PrimitiveType": "String",
          "UpdateType": "Mutable"
        },
        "Type": {
          "Required": true,
          "Documentation": "http://docs.aws.amazon.com/AWSCloudFormation/latest/UserGuide/aws-properties-codebuild-project-artifacts.html#cfn-codebuild-project-artifacts-type",
          "PrimitiveType": "String",
          "UpdateType": "Mutable"
        },
        "ArtifactIdentifier": {
          "Required": false,
          "Documentation": "http://docs.aws.amazon.com/AWSCloudFormation/latest/UserGuide/aws-properties-codebuild-project-artifacts.html#cfn-codebuild-project-artifacts-artifactidentifier",
          "PrimitiveType": "String",
          "UpdateType": "Mutable"
        },
        "OverrideArtifactName": {
          "Required": false,
          "Documentation": "http://docs.aws.amazon.com/AWSCloudFormation/latest/UserGuide/aws-properties-codebuild-project-artifacts.html#cfn-codebuild-project-artifacts-overrideartifactname",
          "PrimitiveType": "Boolean",
          "UpdateType": "Mutable"
        },
        "Packaging": {
          "Required": false,
          "Documentation": "http://docs.aws.amazon.com/AWSCloudFormation/latest/UserGuide/aws-properties-codebuild-project-artifacts.html#cfn-codebuild-project-artifacts-packaging",
          "PrimitiveType": "String",
          "UpdateType": "Mutable"
        },
        "EncryptionDisabled": {
          "Required": false,
          "Documentation": "http://docs.aws.amazon.com/AWSCloudFormation/latest/UserGuide/aws-properties-codebuild-project-artifacts.html#cfn-codebuild-project-artifacts-encryptiondisabled",
          "PrimitiveType": "Boolean",
          "UpdateType": "Mutable"
        },
        "Location": {
          "Required": false,
          "Documentation": "http://docs.aws.amazon.com/AWSCloudFormation/latest/UserGuide/aws-properties-codebuild-project-artifacts.html#cfn-codebuild-project-artifacts-location",
          "PrimitiveType": "String",
          "UpdateType": "Mutable"
        },
        "Name": {
          "Required": false,
          "Documentation": "http://docs.aws.amazon.com/AWSCloudFormation/latest/UserGuide/aws-properties-codebuild-project-artifacts.html#cfn-codebuild-project-artifacts-name",
          "PrimitiveType": "String",
          "UpdateType": "Mutable"
        },
        "NamespaceType": {
          "Required": false,
          "Documentation": "http://docs.aws.amazon.com/AWSCloudFormation/latest/UserGuide/aws-properties-codebuild-project-artifacts.html#cfn-codebuild-project-artifacts-namespacetype",
          "PrimitiveType": "String",
          "UpdateType": "Mutable"
        }
      }
    },
    "AWS::CodeBuild::Project.GitSubmodulesConfig": {
      "Documentation": "http://docs.aws.amazon.com/AWSCloudFormation/latest/UserGuide/aws-properties-codebuild-project-gitsubmodulesconfig.html",
      "Properties": {
        "FetchSubmodules": {
          "Required": true,
          "Documentation": "http://docs.aws.amazon.com/AWSCloudFormation/latest/UserGuide/aws-properties-codebuild-project-gitsubmodulesconfig.html#cfn-codebuild-project-gitsubmodulesconfig-fetchsubmodules",
          "PrimitiveType": "Boolean",
          "UpdateType": "Mutable"
        }
      }
    },
    "AWS::CodeBuild::Project.Source": {
      "Documentation": "http://docs.aws.amazon.com/AWSCloudFormation/latest/UserGuide/aws-properties-codebuild-project-source.html",
      "Properties": {
        "Type": {
          "Required": true,
          "Documentation": "http://docs.aws.amazon.com/AWSCloudFormation/latest/UserGuide/aws-properties-codebuild-project-source.html#cfn-codebuild-project-source-type",
          "PrimitiveType": "String",
          "UpdateType": "Mutable"
        },
        "ReportBuildStatus": {
          "Required": false,
          "Documentation": "http://docs.aws.amazon.com/AWSCloudFormation/latest/UserGuide/aws-properties-codebuild-project-source.html#cfn-codebuild-project-source-reportbuildstatus",
          "PrimitiveType": "Boolean",
          "UpdateType": "Mutable"
        },
        "Auth": {
          "Type": "SourceAuth",
          "Required": false,
          "Documentation": "http://docs.aws.amazon.com/AWSCloudFormation/latest/UserGuide/aws-properties-codebuild-project-source.html#cfn-codebuild-project-source-auth",
          "UpdateType": "Mutable"
        },
        "SourceIdentifier": {
          "Required": false,
          "Documentation": "http://docs.aws.amazon.com/AWSCloudFormation/latest/UserGuide/aws-properties-codebuild-project-source.html#cfn-codebuild-project-source-sourceidentifier",
          "PrimitiveType": "String",
          "UpdateType": "Mutable"
        },
        "BuildSpec": {
          "Required": false,
          "Documentation": "http://docs.aws.amazon.com/AWSCloudFormation/latest/UserGuide/aws-properties-codebuild-project-source.html#cfn-codebuild-project-source-buildspec",
          "PrimitiveType": "String",
          "UpdateType": "Mutable"
        },
        "GitCloneDepth": {
          "Required": false,
          "Documentation": "http://docs.aws.amazon.com/AWSCloudFormation/latest/UserGuide/aws-properties-codebuild-project-source.html#cfn-codebuild-project-source-gitclonedepth",
          "PrimitiveType": "Integer",
          "UpdateType": "Mutable"
        },
        "BuildStatusConfig": {
          "Type": "BuildStatusConfig",
          "Required": false,
          "Documentation": "http://docs.aws.amazon.com/AWSCloudFormation/latest/UserGuide/aws-properties-codebuild-project-source.html#cfn-codebuild-project-source-buildstatusconfig",
          "UpdateType": "Mutable"
        },
        "GitSubmodulesConfig": {
          "Type": "GitSubmodulesConfig",
          "Required": false,
          "Documentation": "http://docs.aws.amazon.com/AWSCloudFormation/latest/UserGuide/aws-properties-codebuild-project-source.html#cfn-codebuild-project-source-gitsubmodulesconfig",
          "UpdateType": "Mutable"
        },
        "InsecureSsl": {
          "Required": false,
          "Documentation": "http://docs.aws.amazon.com/AWSCloudFormation/latest/UserGuide/aws-properties-codebuild-project-source.html#cfn-codebuild-project-source-insecuressl",
          "PrimitiveType": "Boolean",
          "UpdateType": "Mutable"
        },
        "Location": {
          "Required": false,
          "Documentation": "http://docs.aws.amazon.com/AWSCloudFormation/latest/UserGuide/aws-properties-codebuild-project-source.html#cfn-codebuild-project-source-location",
          "PrimitiveType": "String",
          "UpdateType": "Mutable"
        }
      }
    },
    "AWS::CodeBuild::Project.EnvironmentVariable": {
      "Documentation": "http://docs.aws.amazon.com/AWSCloudFormation/latest/UserGuide/aws-properties-codebuild-project-environmentvariable.html",
      "Properties": {
        "Type": {
          "Required": false,
          "Documentation": "http://docs.aws.amazon.com/AWSCloudFormation/latest/UserGuide/aws-properties-codebuild-project-environmentvariable.html#cfn-codebuild-project-environmentvariable-type",
          "PrimitiveType": "String",
          "UpdateType": "Mutable"
        },
        "Value": {
          "Required": true,
          "Documentation": "http://docs.aws.amazon.com/AWSCloudFormation/latest/UserGuide/aws-properties-codebuild-project-environmentvariable.html#cfn-codebuild-project-environmentvariable-value",
          "PrimitiveType": "String",
          "UpdateType": "Mutable"
        },
        "Name": {
          "Required": true,
          "Documentation": "http://docs.aws.amazon.com/AWSCloudFormation/latest/UserGuide/aws-properties-codebuild-project-environmentvariable.html#cfn-codebuild-project-environmentvariable-name",
          "PrimitiveType": "String",
          "UpdateType": "Mutable"
        }
      }
    },
    "AWS::CodeBuild::Project.LogsConfig": {
      "Documentation": "http://docs.aws.amazon.com/AWSCloudFormation/latest/UserGuide/aws-properties-codebuild-project-logsconfig.html",
      "Properties": {
        "CloudWatchLogs": {
          "Type": "CloudWatchLogsConfig",
          "Required": false,
          "Documentation": "http://docs.aws.amazon.com/AWSCloudFormation/latest/UserGuide/aws-properties-codebuild-project-logsconfig.html#cfn-codebuild-project-logsconfig-cloudwatchlogs",
          "UpdateType": "Mutable"
        },
        "S3Logs": {
          "Type": "S3LogsConfig",
          "Required": false,
          "Documentation": "http://docs.aws.amazon.com/AWSCloudFormation/latest/UserGuide/aws-properties-codebuild-project-logsconfig.html#cfn-codebuild-project-logsconfig-s3logs",
          "UpdateType": "Mutable"
        }
      }
    },
    "AWS::CodeBuild::Project.Environment": {
      "Documentation": "http://docs.aws.amazon.com/AWSCloudFormation/latest/UserGuide/aws-properties-codebuild-project-environment.html",
      "Properties": {
        "Type": {
          "Required": true,
          "Documentation": "http://docs.aws.amazon.com/AWSCloudFormation/latest/UserGuide/aws-properties-codebuild-project-environment.html#cfn-codebuild-project-environment-type",
          "PrimitiveType": "String",
          "UpdateType": "Mutable"
        },
        "EnvironmentVariables": {
          "Type": "List",
          "Required": false,
          "Documentation": "http://docs.aws.amazon.com/AWSCloudFormation/latest/UserGuide/aws-properties-codebuild-project-environment.html#cfn-codebuild-project-environment-environmentvariables",
          "ItemType": "EnvironmentVariable",
          "UpdateType": "Mutable"
        },
        "PrivilegedMode": {
          "Required": false,
          "Documentation": "http://docs.aws.amazon.com/AWSCloudFormation/latest/UserGuide/aws-properties-codebuild-project-environment.html#cfn-codebuild-project-environment-privilegedmode",
          "PrimitiveType": "Boolean",
          "UpdateType": "Mutable"
        },
        "ImagePullCredentialsType": {
          "Required": false,
          "Documentation": "http://docs.aws.amazon.com/AWSCloudFormation/latest/UserGuide/aws-properties-codebuild-project-environment.html#cfn-codebuild-project-environment-imagepullcredentialstype",
          "PrimitiveType": "String",
          "UpdateType": "Mutable"
        },
        "Image": {
          "Required": true,
          "Documentation": "http://docs.aws.amazon.com/AWSCloudFormation/latest/UserGuide/aws-properties-codebuild-project-environment.html#cfn-codebuild-project-environment-image",
          "PrimitiveType": "String",
          "UpdateType": "Mutable"
        },
        "RegistryCredential": {
          "Type": "RegistryCredential",
          "Required": false,
          "Documentation": "http://docs.aws.amazon.com/AWSCloudFormation/latest/UserGuide/aws-properties-codebuild-project-environment.html#cfn-codebuild-project-environment-registrycredential",
          "UpdateType": "Mutable"
        },
        "ComputeType": {
          "Required": true,
          "Documentation": "http://docs.aws.amazon.com/AWSCloudFormation/latest/UserGuide/aws-properties-codebuild-project-environment.html#cfn-codebuild-project-environment-computetype",
          "PrimitiveType": "String",
          "UpdateType": "Mutable"
        },
        "Certificate": {
          "Required": false,
          "Documentation": "http://docs.aws.amazon.com/AWSCloudFormation/latest/UserGuide/aws-properties-codebuild-project-environment.html#cfn-codebuild-project-environment-certificate",
          "PrimitiveType": "String",
          "UpdateType": "Mutable"
        }
      }
    },
    "AWS::CodeBuild::Project.ProjectTriggers": {
      "Documentation": "http://docs.aws.amazon.com/AWSCloudFormation/latest/UserGuide/aws-properties-codebuild-project-projecttriggers.html",
      "Properties": {
        "FilterGroups": {
          "Type": "List",
          "Required": false,
          "Documentation": "http://docs.aws.amazon.com/AWSCloudFormation/latest/UserGuide/aws-properties-codebuild-project-projecttriggers.html#cfn-codebuild-project-projecttriggers-filtergroups",
          "ItemType": "FilterGroup",
          "UpdateType": "Mutable"
        },
        "BuildType": {
          "Required": false,
          "Documentation": "http://docs.aws.amazon.com/AWSCloudFormation/latest/UserGuide/aws-properties-codebuild-project-projecttriggers.html#cfn-codebuild-project-projecttriggers-buildtype",
          "PrimitiveType": "String",
          "UpdateType": "Mutable"
        },
        "Webhook": {
          "Required": false,
          "Documentation": "http://docs.aws.amazon.com/AWSCloudFormation/latest/UserGuide/aws-properties-codebuild-project-projecttriggers.html#cfn-codebuild-project-projecttriggers-webhook",
          "PrimitiveType": "Boolean",
          "UpdateType": "Mutable"
        }
      }
    },
    "AWS::CodeBuild::Project.CloudWatchLogsConfig": {
      "Documentation": "http://docs.aws.amazon.com/AWSCloudFormation/latest/UserGuide/aws-properties-codebuild-project-cloudwatchlogsconfig.html",
      "Properties": {
        "Status": {
          "Required": true,
          "Documentation": "http://docs.aws.amazon.com/AWSCloudFormation/latest/UserGuide/aws-properties-codebuild-project-cloudwatchlogsconfig.html#cfn-codebuild-project-cloudwatchlogsconfig-status",
          "PrimitiveType": "String",
          "UpdateType": "Mutable"
        },
        "GroupName": {
          "Required": false,
          "Documentation": "http://docs.aws.amazon.com/AWSCloudFormation/latest/UserGuide/aws-properties-codebuild-project-cloudwatchlogsconfig.html#cfn-codebuild-project-cloudwatchlogsconfig-groupname",
          "PrimitiveType": "String",
          "UpdateType": "Mutable"
        },
        "StreamName": {
          "Required": false,
          "Documentation": "http://docs.aws.amazon.com/AWSCloudFormation/latest/UserGuide/aws-properties-codebuild-project-cloudwatchlogsconfig.html#cfn-codebuild-project-cloudwatchlogsconfig-streamname",
          "PrimitiveType": "String",
          "UpdateType": "Mutable"
        }
      }
    },
    "AWS::CodeBuild::Project.VpcConfig": {
      "Documentation": "http://docs.aws.amazon.com/AWSCloudFormation/latest/UserGuide/aws-properties-codebuild-project-vpcconfig.html",
      "Properties": {
        "Subnets": {
          "PrimitiveItemType": "String",
          "Type": "List",
          "Required": false,
          "Documentation": "http://docs.aws.amazon.com/AWSCloudFormation/latest/UserGuide/aws-properties-codebuild-project-vpcconfig.html#cfn-codebuild-project-vpcconfig-subnets",
          "UpdateType": "Mutable"
        },
        "VpcId": {
          "Required": false,
          "Documentation": "http://docs.aws.amazon.com/AWSCloudFormation/latest/UserGuide/aws-properties-codebuild-project-vpcconfig.html#cfn-codebuild-project-vpcconfig-vpcid",
          "PrimitiveType": "String",
          "UpdateType": "Mutable"
        },
        "SecurityGroupIds": {
          "PrimitiveItemType": "String",
          "Type": "List",
          "Required": false,
          "Documentation": "http://docs.aws.amazon.com/AWSCloudFormation/latest/UserGuide/aws-properties-codebuild-project-vpcconfig.html#cfn-codebuild-project-vpcconfig-securitygroupids",
          "UpdateType": "Mutable"
        }
      }
    },
    "AWS::CodeBuild::Project.SourceAuth": {
      "Documentation": "http://docs.aws.amazon.com/AWSCloudFormation/latest/UserGuide/aws-properties-codebuild-project-sourceauth.html",
      "Properties": {
        "Type": {
          "Required": true,
          "Documentation": "http://docs.aws.amazon.com/AWSCloudFormation/latest/UserGuide/aws-properties-codebuild-project-sourceauth.html#cfn-codebuild-project-sourceauth-type",
          "PrimitiveType": "String",
          "UpdateType": "Mutable"
        },
        "Resource": {
          "Required": false,
          "Documentation": "http://docs.aws.amazon.com/AWSCloudFormation/latest/UserGuide/aws-properties-codebuild-project-sourceauth.html#cfn-codebuild-project-sourceauth-resource",
          "PrimitiveType": "String",
          "UpdateType": "Mutable"
        }
      }
    },
    "AWS::CodeBuild::Project.WebhookFilter": {
      "Documentation": "http://docs.aws.amazon.com/AWSCloudFormation/latest/UserGuide/aws-properties-codebuild-project-webhookfilter.html",
      "Properties": {
        "Pattern": {
          "Required": true,
          "Documentation": "http://docs.aws.amazon.com/AWSCloudFormation/latest/UserGuide/aws-properties-codebuild-project-webhookfilter.html#cfn-codebuild-project-webhookfilter-pattern",
          "PrimitiveType": "String",
          "UpdateType": "Mutable"
        },
        "Type": {
          "Required": true,
          "Documentation": "http://docs.aws.amazon.com/AWSCloudFormation/latest/UserGuide/aws-properties-codebuild-project-webhookfilter.html#cfn-codebuild-project-webhookfilter-type",
          "PrimitiveType": "String",
          "UpdateType": "Mutable"
        },
        "ExcludeMatchedPattern": {
          "Required": false,
          "Documentation": "http://docs.aws.amazon.com/AWSCloudFormation/latest/UserGuide/aws-properties-codebuild-project-webhookfilter.html#cfn-codebuild-project-webhookfilter-excludematchedpattern",
          "PrimitiveType": "Boolean",
          "UpdateType": "Mutable"
        }
      }
    },
    "AWS::CodeBuild::Project.ProjectFileSystemLocation": {
      "Documentation": "http://docs.aws.amazon.com/AWSCloudFormation/latest/UserGuide/aws-properties-codebuild-project-projectfilesystemlocation.html",
      "Properties": {
        "MountPoint": {
          "Required": true,
          "Documentation": "http://docs.aws.amazon.com/AWSCloudFormation/latest/UserGuide/aws-properties-codebuild-project-projectfilesystemlocation.html#cfn-codebuild-project-projectfilesystemlocation-mountpoint",
          "PrimitiveType": "String",
          "UpdateType": "Mutable"
        },
        "Type": {
          "Required": true,
          "Documentation": "http://docs.aws.amazon.com/AWSCloudFormation/latest/UserGuide/aws-properties-codebuild-project-projectfilesystemlocation.html#cfn-codebuild-project-projectfilesystemlocation-type",
          "PrimitiveType": "String",
          "UpdateType": "Mutable"
        },
        "Identifier": {
          "Required": true,
          "Documentation": "http://docs.aws.amazon.com/AWSCloudFormation/latest/UserGuide/aws-properties-codebuild-project-projectfilesystemlocation.html#cfn-codebuild-project-projectfilesystemlocation-identifier",
          "PrimitiveType": "String",
          "UpdateType": "Mutable"
        },
        "MountOptions": {
          "Required": false,
          "Documentation": "http://docs.aws.amazon.com/AWSCloudFormation/latest/UserGuide/aws-properties-codebuild-project-projectfilesystemlocation.html#cfn-codebuild-project-projectfilesystemlocation-mountoptions",
          "PrimitiveType": "String",
          "UpdateType": "Mutable"
        },
        "Location": {
          "Required": true,
          "Documentation": "http://docs.aws.amazon.com/AWSCloudFormation/latest/UserGuide/aws-properties-codebuild-project-projectfilesystemlocation.html#cfn-codebuild-project-projectfilesystemlocation-location",
          "PrimitiveType": "String",
          "UpdateType": "Mutable"
        }
      }
    },
    "AWS::CodeBuild::Project.ProjectSourceVersion": {
      "Documentation": "http://docs.aws.amazon.com/AWSCloudFormation/latest/UserGuide/aws-properties-codebuild-project-projectsourceversion.html",
      "Properties": {
        "SourceIdentifier": {
          "Required": true,
          "Documentation": "http://docs.aws.amazon.com/AWSCloudFormation/latest/UserGuide/aws-properties-codebuild-project-projectsourceversion.html#cfn-codebuild-project-projectsourceversion-sourceidentifier",
          "PrimitiveType": "String",
          "UpdateType": "Mutable"
        },
        "SourceVersion": {
          "Required": false,
          "Documentation": "http://docs.aws.amazon.com/AWSCloudFormation/latest/UserGuide/aws-properties-codebuild-project-projectsourceversion.html#cfn-codebuild-project-projectsourceversion-sourceversion",
          "PrimitiveType": "String",
          "UpdateType": "Mutable"
        }
      }
    },
    "AWS::CodeBuild::Project.ProjectBuildBatchConfig": {
      "Documentation": "http://docs.aws.amazon.com/AWSCloudFormation/latest/UserGuide/aws-properties-codebuild-project-projectbuildbatchconfig.html",
      "Properties": {
        "CombineArtifacts": {
          "Required": false,
          "Documentation": "http://docs.aws.amazon.com/AWSCloudFormation/latest/UserGuide/aws-properties-codebuild-project-projectbuildbatchconfig.html#cfn-codebuild-project-projectbuildbatchconfig-combineartifacts",
          "PrimitiveType": "Boolean",
          "UpdateType": "Mutable"
        },
        "ServiceRole": {
          "Required": false,
          "Documentation": "http://docs.aws.amazon.com/AWSCloudFormation/latest/UserGuide/aws-properties-codebuild-project-projectbuildbatchconfig.html#cfn-codebuild-project-projectbuildbatchconfig-servicerole",
          "PrimitiveType": "String",
          "UpdateType": "Mutable"
        },
        "BatchReportMode": {
          "Required": false,
          "Documentation": "http://docs.aws.amazon.com/AWSCloudFormation/latest/UserGuide/aws-properties-codebuild-project-projectbuildbatchconfig.html#cfn-codebuild-project-projectbuildbatchconfig-batchreportmode",
          "PrimitiveType": "String",
          "UpdateType": "Mutable"
        },
        "TimeoutInMins": {
          "Required": false,
          "Documentation": "http://docs.aws.amazon.com/AWSCloudFormation/latest/UserGuide/aws-properties-codebuild-project-projectbuildbatchconfig.html#cfn-codebuild-project-projectbuildbatchconfig-timeoutinmins",
          "PrimitiveType": "Integer",
          "UpdateType": "Mutable"
        },
        "Restrictions": {
          "Type": "BatchRestrictions",
          "Required": false,
          "Documentation": "http://docs.aws.amazon.com/AWSCloudFormation/latest/UserGuide/aws-properties-codebuild-project-projectbuildbatchconfig.html#cfn-codebuild-project-projectbuildbatchconfig-restrictions",
          "UpdateType": "Mutable"
        }
      }
    },
    "AWS::CodeBuild::Project.BuildStatusConfig": {
      "Documentation": "http://docs.aws.amazon.com/AWSCloudFormation/latest/UserGuide/aws-properties-codebuild-project-buildstatusconfig.html",
      "Properties": {
        "Context": {
          "Required": false,
          "Documentation": "http://docs.aws.amazon.com/AWSCloudFormation/latest/UserGuide/aws-properties-codebuild-project-buildstatusconfig.html#cfn-codebuild-project-buildstatusconfig-context",
          "PrimitiveType": "String",
          "UpdateType": "Mutable"
        },
        "TargetUrl": {
          "Required": false,
          "Documentation": "http://docs.aws.amazon.com/AWSCloudFormation/latest/UserGuide/aws-properties-codebuild-project-buildstatusconfig.html#cfn-codebuild-project-buildstatusconfig-targeturl",
          "PrimitiveType": "String",
          "UpdateType": "Mutable"
        }
      }
    },
    "Tag": {
      "Documentation": "http://docs.aws.amazon.com/AWSCloudFormation/latest/UserGuide/aws-properties-resource-tags.html",
      "Properties": {
        "Key": {
          "Required": true,
          "Documentation": "http://docs.aws.amazon.com/AWSCloudFormation/latest/UserGuide/aws-properties-resource-tags.html#cfn-resource-tags-key",
          "PrimitiveType": "String",
          "UpdateType": "Mutable"
        },
        "Value": {
          "Required": true,
          "Documentation": "http://docs.aws.amazon.com/AWSCloudFormation/latest/UserGuide/aws-properties-resource-tags.html#cfn-resource-tags-value",
          "PrimitiveType": "String",
          "UpdateType": "Mutable"
        }
      }
    },
    "AWS::CodeBuild::Project.RegistryCredential": {
      "Documentation": "http://docs.aws.amazon.com/AWSCloudFormation/latest/UserGuide/aws-properties-codebuild-project-registrycredential.html",
      "Properties": {
        "Credential": {
          "Required": true,
          "Documentation": "http://docs.aws.amazon.com/AWSCloudFormation/latest/UserGuide/aws-properties-codebuild-project-registrycredential.html#cfn-codebuild-project-registrycredential-credential",
          "PrimitiveType": "String",
          "UpdateType": "Mutable"
        },
        "CredentialProvider": {
          "Required": true,
          "Documentation": "http://docs.aws.amazon.com/AWSCloudFormation/latest/UserGuide/aws-properties-codebuild-project-registrycredential.html#cfn-codebuild-project-registrycredential-credentialprovider",
          "PrimitiveType": "String",
          "UpdateType": "Mutable"
        }
      }
    },
    "AWS::CodeBuild::Project.FilterGroup": {
      "Type": "List",
      "Required": false,
      "Documentation": "http://docs.aws.amazon.com/AWSCloudFormation/latest/UserGuide/aws-properties-codebuild-project-filtergroup.html",
      "ItemType": "WebhookFilter",
      "UpdateType": "Mutable"
    },
    "AWS::CodeBuild::Project.S3LogsConfig": {
      "Documentation": "http://docs.aws.amazon.com/AWSCloudFormation/latest/UserGuide/aws-properties-codebuild-project-s3logsconfig.html",
      "Properties": {
        "Status": {
          "Required": true,
          "Documentation": "http://docs.aws.amazon.com/AWSCloudFormation/latest/UserGuide/aws-properties-codebuild-project-s3logsconfig.html#cfn-codebuild-project-s3logsconfig-status",
          "PrimitiveType": "String",
          "UpdateType": "Mutable"
        },
        "EncryptionDisabled": {
          "Required": false,
          "Documentation": "http://docs.aws.amazon.com/AWSCloudFormation/latest/UserGuide/aws-properties-codebuild-project-s3logsconfig.html#cfn-codebuild-project-s3logsconfig-encryptiondisabled",
          "PrimitiveType": "Boolean",
          "UpdateType": "Mutable"
        },
        "Location": {
          "Required": false,
          "Documentation": "http://docs.aws.amazon.com/AWSCloudFormation/latest/UserGuide/aws-properties-codebuild-project-s3logsconfig.html#cfn-codebuild-project-s3logsconfig-location",
          "PrimitiveType": "String",
          "UpdateType": "Mutable"
        }
      }
    }
  },
  "ResourceType": {
    "AWS::CodeBuild::Project": {
      "Documentation": "http://docs.aws.amazon.com/AWSCloudFormation/latest/UserGuide/aws-resource-codebuild-project.html",
      "Attributes": {
        "Arn": {
          "PrimitiveType": "String"
        }
      },
      "Properties": {
        "Description": {
          "Required": false,
          "Documentation": "http://docs.aws.amazon.com/AWSCloudFormation/latest/UserGuide/aws-resource-codebuild-project.html#cfn-codebuild-project-description",
          "PrimitiveType": "String",
          "UpdateType": "Mutable"
        },
        "ResourceAccessRole": {
          "Required": false,
          "Documentation": "http://docs.aws.amazon.com/AWSCloudFormation/latest/UserGuide/aws-resource-codebuild-project.html#cfn-codebuild-project-resourceaccessrole",
          "PrimitiveType": "String",
          "UpdateType": "Mutable"
        },
        "VpcConfig": {
          "Type": "VpcConfig",
          "Required": false,
          "Documentation": "http://docs.aws.amazon.com/AWSCloudFormation/latest/UserGuide/aws-resource-codebuild-project.html#cfn-codebuild-project-vpcconfig",
          "UpdateType": "Mutable"
        },
        "SecondarySources": {
          "Type": "List",
          "Required": false,
          "Documentation": "http://docs.aws.amazon.com/AWSCloudFormation/latest/UserGuide/aws-resource-codebuild-project.html#cfn-codebuild-project-secondarysources",
          "ItemType": "Source",
          "UpdateType": "Mutable"
        },
        "EncryptionKey": {
          "Required": false,
          "Documentation": "http://docs.aws.amazon.com/AWSCloudFormation/latest/UserGuide/aws-resource-codebuild-project.html#cfn-codebuild-project-encryptionkey",
          "PrimitiveType": "String",
          "UpdateType": "Mutable"
        },
        "SourceVersion": {
          "Required": false,
          "Documentation": "http://docs.aws.amazon.com/AWSCloudFormation/latest/UserGuide/aws-resource-codebuild-project.html#cfn-codebuild-project-sourceversion",
          "PrimitiveType": "String",
          "UpdateType": "Mutable"
        },
        "Triggers": {
          "Type": "ProjectTriggers",
          "Required": false,
          "Documentation": "http://docs.aws.amazon.com/AWSCloudFormation/latest/UserGuide/aws-resource-codebuild-project.html#cfn-codebuild-project-triggers",
          "UpdateType": "Mutable"
        },
        "SecondaryArtifacts": {
          "Type": "List",
          "Required": false,
          "Documentation": "http://docs.aws.amazon.com/AWSCloudFormation/latest/UserGuide/aws-resource-codebuild-project.html#cfn-codebuild-project-secondaryartifacts",
          "ItemType": "Artifacts",
          "UpdateType": "Mutable"
        },
        "Source": {
          "Type": "Source",
          "Required": true,
          "Documentation": "http://docs.aws.amazon.com/AWSCloudFormation/latest/UserGuide/aws-resource-codebuild-project.html#cfn-codebuild-project-source",
          "UpdateType": "Mutable"
        },
        "Name": {
          "Required": false,
          "Documentation": "http://docs.aws.amazon.com/AWSCloudFormation/latest/UserGuide/aws-resource-codebuild-project.html#cfn-codebuild-project-name",
          "PrimitiveType": "String",
          "UpdateType": "Immutable"
        },
        "Artifacts": {
          "Type": "Artifacts",
          "Required": true,
          "Documentation": "http://docs.aws.amazon.com/AWSCloudFormation/latest/UserGuide/aws-resource-codebuild-project.html#cfn-codebuild-project-artifacts",
          "UpdateType": "Mutable"
        },
        "BadgeEnabled": {
          "Required": false,
          "Documentation": "http://docs.aws.amazon.com/AWSCloudFormation/latest/UserGuide/aws-resource-codebuild-project.html#cfn-codebuild-project-badgeenabled",
          "PrimitiveType": "Boolean",
          "UpdateType": "Mutable"
        },
        "LogsConfig": {
          "Type": "LogsConfig",
          "Required": false,
          "Documentation": "http://docs.aws.amazon.com/AWSCloudFormation/latest/UserGuide/aws-resource-codebuild-project.html#cfn-codebuild-project-logsconfig",
          "UpdateType": "Mutable"
        },
        "ServiceRole": {
          "Required": true,
          "Documentation": "http://docs.aws.amazon.com/AWSCloudFormation/latest/UserGuide/aws-resource-codebuild-project.html#cfn-codebuild-project-servicerole",
          "PrimitiveType": "String",
          "UpdateType": "Mutable"
        },
        "QueuedTimeoutInMinutes": {
          "Required": false,
          "Documentation": "http://docs.aws.amazon.com/AWSCloudFormation/latest/UserGuide/aws-resource-codebuild-project.html#cfn-codebuild-project-queuedtimeoutinminutes",
          "PrimitiveType": "Integer",
          "UpdateType": "Mutable"
        },
        "FileSystemLocations": {
          "Type": "List",
          "Required": false,
          "Documentation": "http://docs.aws.amazon.com/AWSCloudFormation/latest/UserGuide/aws-resource-codebuild-project.html#cfn-codebuild-project-filesystemlocations",
          "ItemType": "ProjectFileSystemLocation",
          "UpdateType": "Mutable"
        },
        "Environment": {
          "Type": "Environment",
          "Required": true,
          "Documentation": "http://docs.aws.amazon.com/AWSCloudFormation/latest/UserGuide/aws-resource-codebuild-project.html#cfn-codebuild-project-environment",
          "UpdateType": "Mutable"
        },
        "SecondarySourceVersions": {
          "Type": "List",
          "Required": false,
          "Documentation": "http://docs.aws.amazon.com/AWSCloudFormation/latest/UserGuide/aws-resource-codebuild-project.html#cfn-codebuild-project-secondarysourceversions",
          "ItemType": "ProjectSourceVersion",
          "UpdateType": "Mutable"
        },
        "ConcurrentBuildLimit": {
          "Required": false,
          "Documentation": "http://docs.aws.amazon.com/AWSCloudFormation/latest/UserGuide/aws-resource-codebuild-project.html#cfn-codebuild-project-concurrentbuildlimit",
          "PrimitiveType": "Integer",
          "UpdateType": "Mutable"
        },
        "Visibility": {
          "Required": false,
          "Documentation": "http://docs.aws.amazon.com/AWSCloudFormation/latest/UserGuide/aws-resource-codebuild-project.html#cfn-codebuild-project-visibility",
          "PrimitiveType": "String",
          "UpdateType": "Mutable"
        },
        "BuildBatchConfig": {
          "Type": "ProjectBuildBatchConfig",
          "Required": false,
          "Documentation": "http://docs.aws.amazon.com/AWSCloudFormation/latest/UserGuide/aws-resource-codebuild-project.html#cfn-codebuild-project-buildbatchconfig",
          "UpdateType": "Mutable"
        },
        "Tags": {
          "Type": "List",
          "Required": false,
          "Documentation": "http://docs.aws.amazon.com/AWSCloudFormation/latest/UserGuide/aws-resource-codebuild-project.html#cfn-codebuild-project-tags",
          "ItemType": "Tag",
          "UpdateType": "Mutable"
        },
        "TimeoutInMinutes": {
          "Required": false,
          "Documentation": "http://docs.aws.amazon.com/AWSCloudFormation/latest/UserGuide/aws-resource-codebuild-project.html#cfn-codebuild-project-timeoutinminutes",
          "PrimitiveType": "Integer",
          "UpdateType": "Mutable"
        },
        "Cache": {
          "Type": "ProjectCache",
          "Required": false,
          "Documentation": "http://docs.aws.amazon.com/AWSCloudFormation/latest/UserGuide/aws-resource-codebuild-project.html#cfn-codebuild-project-cache",
          "UpdateType": "Mutable"
        }
      }
    }
  },
  "ResourceSpecificationVersion": "114.0.0"
}