{
  "PropertyTypes": {
    "Tag": {
      "Documentation": "http://docs.aws.amazon.com/AWSCloudFormation/latest/UserGuide/aws-properties-resource-tags.html",
      "Properties": {
        "Value": {
          "Documentation": "http://docs.aws.amazon.com/AWSCloudFormation/latest/UserGuide/aws-properties-resource-tags.html#cfn-resource-tags-value",
          "UpdateType": "Mutable",
          "Required": true,
          "PrimitiveType": "String"
        },
        "Key": {
          "Documentation": "http://docs.aws.amazon.com/AWSCloudFormation/latest/UserGuide/aws-properties-resource-tags.html#cfn-resource-tags-key",
          "UpdateType": "Mutable",
          "Required": true,
          "PrimitiveType": "String"
        }
      }
    }
  },
  "ResourceType": {
    "AWS::CodeGuruReviewer::RepositoryAssociation": {
      "Documentation": "http://docs.aws.amazon.com/AWSCloudFormation/latest/UserGuide/aws-resource-codegurureviewer-repositoryassociation.html",
      "Properties": {
        "Type": {
          "Documentation": "http://docs.aws.amazon.com/AWSCloudFormation/latest/UserGuide/aws-resource-codegurureviewer-repositoryassociation.html#cfn-codegurureviewer-repositoryassociation-type",
          "UpdateType": "Immutable",
          "Required": true,
          "PrimitiveType": "String"
        },
        "Owner": {
          "Documentation": "http://docs.aws.amazon.com/AWSCloudFormation/latest/UserGuide/aws-resource-codegurureviewer-repositoryassociation.html#cfn-codegurureviewer-repositoryassociation-owner",
          "UpdateType": "Immutable",
          "Required": false,
          "PrimitiveType": "String"
        },
        "BucketName": {
          "Documentation": "http://docs.aws.amazon.com/AWSCloudFormation/latest/UserGuide/aws-resource-codegurureviewer-repositoryassociation.html#cfn-codegurureviewer-repositoryassociation-bucketname",
          "UpdateType": "Immutable",
          "Required": false,
          "PrimitiveType": "String"
        },
        "ConnectionArn": {
          "Documentation": "http://docs.aws.amazon.com/AWSCloudFormation/latest/UserGuide/aws-resource-codegurureviewer-repositoryassociation.html#cfn-codegurureviewer-repositoryassociation-connectionarn",
          "UpdateType": "Immutable",
          "Required": false,
          "PrimitiveType": "String"
        },
        "Tags": {
          "Documentation": "http://docs.aws.amazon.com/AWSCloudFormation/latest/UserGuide/aws-resource-codegurureviewer-repositoryassociation.html#cfn-codegurureviewer-repositoryassociation-tags",
          "UpdateType": "Immutable",
          "Required": false,
          "Type": "List",
          "ItemType": "Tag",
          "DuplicatesAllowed": true
        },
        "Name": {
          "Documentation": "http://docs.aws.amazon.com/AWSCloudFormation/latest/UserGuide/aws-resource-codegurureviewer-repositoryassociation.html#cfn-codegurureviewer-repositoryassociation-name",
          "UpdateType": "Immutable",
          "Required": true,
          "PrimitiveType": "String"
        }
      },
      "Attributes": {
        "AssociationArn": {
          "PrimitiveType": "String"
        }
      }
    }
  },
  "ResourceSpecificationVersion": "114.0.0"
}