{
  "PropertyTypes": {
    "AWS::CodeBuild::ReportGroup.S3ReportExportConfig": {
      "Documentation": "http://docs.aws.amazon.com/AWSCloudFormation/latest/UserGuide/aws-properties-codebuild-reportgroup-s3reportexportconfig.html",
      "Properties": {
        "Path": {
          "Required": false,
          "Documentation": "http://docs.aws.amazon.com/AWSCloudFormation/latest/UserGuide/aws-properties-codebuild-reportgroup-s3reportexportconfig.html#cfn-codebuild-reportgroup-s3reportexportconfig-path",
          "PrimitiveType": "String",
          "UpdateType": "Mutable"
        },
        "Bucket": {
          "Required": true,
          "Documentation": "http://docs.aws.amazon.com/AWSCloudFormation/latest/UserGuide/aws-properties-codebuild-reportgroup-s3reportexportconfig.html#cfn-codebuild-reportgroup-s3reportexportconfig-bucket",
          "PrimitiveType": "String",
          "UpdateType": "Mutable"
        },
        "Packaging": {
          "Required": false,
          "Documentation": "http://docs.aws.amazon.com/AWSCloudFormation/latest/UserGuide/aws-properties-codebuild-reportgroup-s3reportexportconfig.html#cfn-codebuild-reportgroup-s3reportexportconfig-packaging",
          "PrimitiveType": "String",
          "UpdateType": "Mutable"
        },
        "EncryptionKey": {
          "Required": false,
          "Documentation": "http://docs.aws.amazon.com/AWSCloudFormation/latest/UserGuide/aws-properties-codebuild-reportgroup-s3reportexportconfig.html#cfn-codebuild-reportgroup-s3reportexportconfig-encryptionkey",
          "PrimitiveType": "String",
          "UpdateType": "Mutable"
        },
        "BucketOwner": {
          "Required": false,
          "Documentation": "http://docs.aws.amazon.com/AWSCloudFormation/latest/UserGuide/aws-properties-codebuild-reportgroup-s3reportexportconfig.html#cfn-codebuild-reportgroup-s3reportexportconfig-bucketowner",
          "PrimitiveType": "String",
          "UpdateType": "Mutable"
        },
        "EncryptionDisabled": {
          "Required": false,
          "Documentation": "http://docs.aws.amazon.com/AWSCloudFormation/latest/UserGuide/aws-properties-codebuild-reportgroup-s3reportexportconfig.html#cfn-codebuild-reportgroup-s3reportexportconfig-encryptiondisabled",
          "PrimitiveType": "Boolean",
          "UpdateType": "Mutable"
        }
      }
    },
    "Tag": {
      "Documentation": "http://docs.aws.amazon.com/AWSCloudFormation/latest/UserGuide/aws-properties-resource-tags.html",
      "Properties": {
        "Key": {
          "Required": true,
          "Documentation": "http://docs.aws.amazon.com/AWSCloudFormation/latest/UserGuide/aws-properties-resource-tags.html#cfn-resource-tags-key",
          "PrimitiveType": "String",
          "UpdateType": "Mutable"
        },
        "Value": {
          "Required": true,
          "Documentation": "http://docs.aws.amazon.com/AWSCloudFormation/latest/UserGuide/aws-properties-resource-tags.html#cfn-resource-tags-value",
          "PrimitiveType": "String",
          "UpdateType": "Mutable"
        }
      }
    },
    "AWS::CodeBuild::ReportGroup.ReportExportConfig": {
      "Documentation": "http://docs.aws.amazon.com/AWSCloudFormation/latest/UserGuide/aws-properties-codebuild-reportgroup-reportexportconfig.html",
      "Properties": {
        "S3Destination": {
          "Type": "S3ReportExportConfig",
          "Required": false,
          "Documentation": "http://docs.aws.amazon.com/AWSCloudFormation/latest/UserGuide/aws-properties-codebuild-reportgroup-reportexportconfig.html#cfn-codebuild-reportgroup-reportexportconfig-s3destination",
          "UpdateType": "Mutable"
        },
        "ExportConfigType": {
          "Required": true,
          "Documentation": "http://docs.aws.amazon.com/AWSCloudFormation/latest/UserGuide/aws-properties-codebuild-reportgroup-reportexportconfig.html#cfn-codebuild-reportgroup-reportexportconfig-exportconfigtype",
          "PrimitiveType": "String",
          "UpdateType": "Mutable"
        }
      }
    }
  },
  "ResourceType": {
    "AWS::CodeBuild::ReportGroup": {
      "Documentation": "http://docs.aws.amazon.com/AWSCloudFormation/latest/UserGuide/aws-resource-codebuild-reportgroup.html",
      "Attributes": {
        "Arn": {
          "PrimitiveType": "String"
        }
      },
      "Properties": {
        "Type": {
          "Required": true,
          "Documentation": "http://docs.aws.amazon.com/AWSCloudFormation/latest/UserGuide/aws-resource-codebuild-reportgroup.html#cfn-codebuild-reportgroup-type",
          "PrimitiveType": "String",
          "UpdateType": "Immutable"
        },
        "ExportConfig": {
          "Type": "ReportExportConfig",
          "Required": true,
          "Documentation": "http://docs.aws.amazon.com/AWSCloudFormation/latest/UserGuide/aws-resource-codebuild-reportgroup.html#cfn-codebuild-reportgroup-exportconfig",
          "UpdateType": "Mutable"
        },
        "DeleteReports": {
          "Required": false,
          "Documentation": "http://docs.aws.amazon.com/AWSCloudFormation/latest/UserGuide/aws-resource-codebuild-reportgroup.html#cfn-codebuild-reportgroup-deletereports",
          "PrimitiveType": "Boolean",
          "UpdateType": "Mutable"
        },
        "Tags": {
          "Type": "List",
          "Required": false,
          "Documentation": "http://docs.aws.amazon.com/AWSCloudFormation/latest/UserGuide/aws-resource-codebuild-reportgroup.html#cfn-codebuild-reportgroup-tags",
          "ItemType": "Tag",
          "UpdateType": "Mutable"
        },
        "Name": {
          "Required": false,
          "Documentation": "http://docs.aws.amazon.com/AWSCloudFormation/latest/UserGuide/aws-resource-codebuild-reportgroup.html#cfn-codebuild-reportgroup-name",
          "PrimitiveType": "String",
          "UpdateType": "Immutable"
        }
      }
    }
  },
  "ResourceSpecificationVersion": "114.0.0"
}