{
  "PropertyTypes": {
    "AWS::CodeDeploy::DeploymentConfig.TimeBasedLinear": {
      "Documentation": "http://docs.aws.amazon.com/AWSCloudFormation/latest/UserGuide/aws-properties-codedeploy-deploymentconfig-timebasedlinear.html",
      "Properties": {
        "LinearInterval": {
          "Documentation": "http://docs.aws.amazon.com/AWSCloudFormation/latest/UserGuide/aws-properties-codedeploy-deploymentconfig-timebasedlinear.html#cfn-codedeploy-deploymentconfig-timebasedlinear-linearinterval",
          "UpdateType": "Immutable",
          "Required": true,
          "PrimitiveType": "Integer"
        },
        "LinearPercentage": {
          "Documentation": "http://docs.aws.amazon.com/AWSCloudFormation/latest/UserGuide/aws-properties-codedeploy-deploymentconfig-timebasedlinear.html#cfn-codedeploy-deploymentconfig-timebasedlinear-linearpercentage",
          "UpdateType": "Immutable",
          "Required": true,
          "PrimitiveType": "Integer"
        }
      }
    },
    "AWS::CodeDeploy::DeploymentConfig.TrafficRoutingConfig": {
      "Documentation": "http://docs.aws.amazon.com/AWSCloudFormation/latest/UserGuide/aws-properties-codedeploy-deploymentconfig-trafficroutingconfig.html",
      "Properties": {
        "Type": {
          "Documentation": "http://docs.aws.amazon.com/AWSCloudFormation/latest/UserGuide/aws-properties-codedeploy-deploymentconfig-trafficroutingconfig.html#cfn-codedeploy-deploymentconfig-trafficroutingconfig-type",
          "UpdateType": "Immutable",
          "Required": true,
          "PrimitiveType": "String"
        },
        "TimeBasedLinear": {
          "Documentation": "http://docs.aws.amazon.com/AWSCloudFormation/latest/UserGuide/aws-properties-codedeploy-deploymentconfig-trafficroutingconfig.html#cfn-codedeploy-deploymentconfig-trafficroutingconfig-timebasedlinear",
          "UpdateType": "Immutable",
          "Required": false,
          "Type": "TimeBasedLinear"
        },
        "TimeBasedCanary": {
          "Documentation": "http://docs.aws.amazon.com/AWSCloudFormation/latest/UserGuide/aws-properties-codedeploy-deploymentconfig-trafficroutingconfig.html#cfn-codedeploy-deploymentconfig-trafficroutingconfig-timebasedcanary",
          "UpdateType": "Immutable",
          "Required": false,
          "Type": "TimeBasedCanary"
        }
      }
    },
    "AWS::CodeDeploy::DeploymentConfig.TimeBasedCanary": {
      "Documentation": "http://docs.aws.amazon.com/AWSCloudFormation/latest/UserGuide/aws-properties-codedeploy-deploymentconfig-timebasedcanary.html",
      "Properties": {
        "CanaryPercentage": {
          "Documentation": "http://docs.aws.amazon.com/AWSCloudFormation/latest/UserGuide/aws-properties-codedeploy-deploymentconfig-timebasedcanary.html#cfn-codedeploy-deploymentconfig-timebasedcanary-canarypercentage",
          "UpdateType": "Immutable",
          "Required": true,
          "PrimitiveType": "Integer"
        },
        "CanaryInterval": {
          "Documentation": "http://docs.aws.amazon.com/AWSCloudFormation/latest/UserGuide/aws-properties-codedeploy-deploymentconfig-timebasedcanary.html#cfn-codedeploy-deploymentconfig-timebasedcanary-canaryinterval",
          "UpdateType": "Immutable",
          "Required": true,
          "PrimitiveType": "Integer"
        }
      }
    },
    "AWS::CodeDeploy::DeploymentConfig.MinimumHealthyHosts": {
      "Documentation": "http://docs.aws.amazon.com/AWSCloudFormation/latest/UserGuide/aws-properties-codedeploy-deploymentconfig-minimumhealthyhosts.html",
      "Properties": {
        "Type": {
          "Documentation": "http://docs.aws.amazon.com/AWSCloudFormation/latest/UserGuide/aws-properties-codedeploy-deploymentconfig-minimumhealthyhosts.html#cfn-codedeploy-deploymentconfig-minimumhealthyhosts-type",
          "UpdateType": "Immutable",
          "Required": true,
          "PrimitiveType": "String"
        },
        "Value": {
          "Documentation": "http://docs.aws.amazon.com/AWSCloudFormation/latest/UserGuide/aws-properties-codedeploy-deploymentconfig-minimumhealthyhosts.html#cfn-codedeploy-deploymentconfig-minimumhealthyhosts-value",
          "UpdateType": "Immutable",
          "Required": true,
          "PrimitiveType": "Integer"
        }
      }
    }
  },
  "ResourceType": {
    "AWS::CodeDeploy::DeploymentConfig": {
      "Documentation": "http://docs.aws.amazon.com/AWSCloudFormation/latest/UserGuide/aws-resource-codedeploy-deploymentconfig.html",
      "Properties": {
        "ComputePlatform": {
          "Documentation": "http://docs.aws.amazon.com/AWSCloudFormation/latest/UserGuide/aws-resource-codedeploy-deploymentconfig.html#cfn-codedeploy-deploymentconfig-computeplatform",
          "UpdateType": "Immutable",
          "Required": false,
          "PrimitiveType": "String"
        },
        "DeploymentConfigName": {
          "Documentation": "http://docs.aws.amazon.com/AWSCloudFormation/latest/UserGuide/aws-resource-codedeploy-deploymentconfig.html#cfn-codedeploy-deploymentconfig-deploymentconfigname",
          "UpdateType": "Immutable",
          "Required": false,
          "PrimitiveType": "String"
        },
        "TrafficRoutingConfig": {
          "Documentation": "http://docs.aws.amazon.com/AWSCloudFormation/latest/UserGuide/aws-resource-codedeploy-deploymentconfig.html#cfn-codedeploy-deploymentconfig-trafficroutingconfig",
          "UpdateType": "Immutable",
          "Required": false,
          "Type": "TrafficRoutingConfig"
        },
        "MinimumHealthyHosts": {
          "Documentation": "http://docs.aws.amazon.com/AWSCloudFormation/latest/UserGuide/aws-resource-codedeploy-deploymentconfig.html#cfn-codedeploy-deploymentconfig-minimumhealthyhosts",
          "UpdateType": "Immutable",
          "Required": false,
          "Type": "MinimumHealthyHosts"
        }
      }
    }
  },
  "ResourceSpecificationVersion": "114.0.0"
}