{
  "PropertyTypes": {
    "AWS::CodePipeline::Webhook.WebhookAuthConfiguration": {
      "Documentation": "http://docs.aws.amazon.com/AWSCloudFormation/latest/UserGuide/aws-properties-codepipeline-webhook-webhookauthconfiguration.html",
      "Properties": {
        "AllowedIPRange": {
          "Required": false,
          "Documentation": "http://docs.aws.amazon.com/AWSCloudFormation/latest/UserGuide/aws-properties-codepipeline-webhook-webhookauthconfiguration.html#cfn-codepipeline-webhook-webhookauthconfiguration-allowediprange",
          "PrimitiveType": "String",
          "UpdateType": "Mutable"
        },
        "SecretToken": {
          "Required": false,
          "Documentation": "http://docs.aws.amazon.com/AWSCloudFormation/latest/UserGuide/aws-properties-codepipeline-webhook-webhookauthconfiguration.html#cfn-codepipeline-webhook-webhookauthconfiguration-secrettoken",
          "PrimitiveType": "String",
          "UpdateType": "Mutable"
        }
      }
    },
    "AWS::CodePipeline::Webhook.WebhookFilterRule": {
      "Documentation": "http://docs.aws.amazon.com/AWSCloudFormation/latest/UserGuide/aws-properties-codepipeline-webhook-webhookfilterrule.html",
      "Properties": {
        "JsonPath": {
          "Required": true,
          "Documentation": "http://docs.aws.amazon.com/AWSCloudFormation/latest/UserGuide/aws-properties-codepipeline-webhook-webhookfilterrule.html#cfn-codepipeline-webhook-webhookfilterrule-jsonpath",
          "PrimitiveType": "String",
          "UpdateType": "Mutable"
        },
        "MatchEquals": {
          "Required": false,
          "Documentation": "http://docs.aws.amazon.com/AWSCloudFormation/latest/UserGuide/aws-properties-codepipeline-webhook-webhookfilterrule.html#cfn-codepipeline-webhook-webhookfilterrule-matchequals",
          "PrimitiveType": "String",
          "UpdateType": "Mutable"
        }
      }
    }
  },
  "ResourceType": {
    "AWS::CodePipeline::Webhook": {
      "Documentation": "http://docs.aws.amazon.com/AWSCloudFormation/latest/UserGuide/aws-resource-codepipeline-webhook.html",
      "Attributes": {
        "Url": {
          "PrimitiveType": "String"
        }
      },
      "Properties": {
        "AuthenticationConfiguration": {
          "Type": "WebhookAuthConfiguration",
          "Required": true,
          "Documentation": "http://docs.aws.amazon.com/AWSCloudFormation/latest/UserGuide/aws-resource-codepipeline-webhook.html#cfn-codepipeline-webhook-authenticationconfiguration",
          "UpdateType": "Mutable"
        },
        "Filters": {
          "Type": "List",
          "Required": true,
          "Documentation": "http://docs.aws.amazon.com/AWSCloudFormation/latest/UserGuide/aws-resource-codepipeline-webhook.html#cfn-codepipeline-webhook-filters",
          "ItemType": "WebhookFilterRule",
          "UpdateType": "Mutable"
        },
        "Authentication": {
          "Required": true,
          "Documentation": "http://docs.aws.amazon.com/AWSCloudFormation/latest/UserGuide/aws-resource-codepipeline-webhook.html#cfn-codepipeline-webhook-authentication",
          "PrimitiveType": "String",
          "UpdateType": "Mutable"
        },
        "TargetPipeline": {
          "Required": true,
          "Documentation": "http://docs.aws.amazon.com/AWSCloudFormation/latest/UserGuide/aws-resource-codepipeline-webhook.html#cfn-codepipeline-webhook-targetpipeline",
          "PrimitiveType": "String",
          "UpdateType": "Mutable"
        },
        "TargetAction": {
          "Required": true,
          "Documentation": "http://docs.aws.amazon.com/AWSCloudFormation/latest/UserGuide/aws-resource-codepipeline-webhook.html#cfn-codepipeline-webhook-targetaction",
          "PrimitiveType": "String",
          "UpdateType": "Mutable"
        },
        "Name": {
          "Required": false,
          "Documentation": "http://docs.aws.amazon.com/AWSCloudFormation/latest/UserGuide/aws-resource-codepipeline-webhook.html#cfn-codepipeline-webhook-name",
          "PrimitiveType": "String",
          "UpdateType": "Immutable"
        },
        "TargetPipelineVersion": {
          "Required": true,
          "Documentation": "http://docs.aws.amazon.com/AWSCloudFormation/latest/UserGuide/aws-resource-codepipeline-webhook.html#cfn-codepipeline-webhook-targetpipelineversion",
          "PrimitiveType": "Integer",
          "UpdateType": "Mutable"
        },
        "RegisterWithThirdParty": {
          "Required": false,
          "Documentation": "http://docs.aws.amazon.com/AWSCloudFormation/latest/UserGuide/aws-resource-codepipeline-webhook.html#cfn-codepipeline-webhook-registerwiththirdparty",
          "PrimitiveType": "Boolean",
          "UpdateType": "Mutable"
        }
      }
    }
  },
  "ResourceSpecificationVersion": "114.0.0"
}