{
  "ResourceType": {
    "AWS::CodeBuild::SourceCredential": {
      "Documentation": "http://docs.aws.amazon.com/AWSCloudFormation/latest/UserGuide/aws-resource-codebuild-sourcecredential.html",
      "Properties": {
        "ServerType": {
          "Required": true,
          "Documentation": "http://docs.aws.amazon.com/AWSCloudFormation/latest/UserGuide/aws-resource-codebuild-sourcecredential.html#cfn-codebuild-sourcecredential-servertype",
          "PrimitiveType": "String",
          "UpdateType": "Immutable"
        },
        "Username": {
          "Required": false,
          "Documentation": "http://docs.aws.amazon.com/AWSCloudFormation/latest/UserGuide/aws-resource-codebuild-sourcecredential.html#cfn-codebuild-sourcecredential-username",
          "PrimitiveType": "String",
          "UpdateType": "Mutable"
        },
        "Token": {
          "Required": true,
          "Documentation": "http://docs.aws.amazon.com/AWSCloudFormation/latest/UserGuide/aws-resource-codebuild-sourcecredential.html#cfn-codebuild-sourcecredential-token",
          "PrimitiveType": "String",
          "UpdateType": "Mutable"
        },
        "AuthType": {
          "Required": true,
          "Documentation": "http://docs.aws.amazon.com/AWSCloudFormation/latest/UserGuide/aws-resource-codebuild-sourcecredential.html#cfn-codebuild-sourcecredential-authtype",
          "PrimitiveType": "String",
          "UpdateType": "Mutable"
        }
      }
    }
  },
  "ResourceSpecificationVersion": "114.0.0"
}