{
  "ResourceType": {
    "AWS::Cognito::UserPoolGroup": {
      "Documentation": "http://docs.aws.amazon.com/AWSCloudFormation/latest/UserGuide/aws-resource-cognito-userpoolgroup.html",
      "Properties": {
        "GroupName": {
          "Required": false,
          "Documentation": "http://docs.aws.amazon.com/AWSCloudFormation/latest/UserGuide/aws-resource-cognito-userpoolgroup.html#cfn-cognito-userpoolgroup-groupname",
          "PrimitiveType": "String",
          "UpdateType": "Immutable"
        },
        "Description": {
          "Required": false,
          "Documentation": "http://docs.aws.amazon.com/AWSCloudFormation/latest/UserGuide/aws-resource-cognito-userpoolgroup.html#cfn-cognito-userpoolgroup-description",
          "PrimitiveType": "String",
          "UpdateType": "Mutable"
        },
        "UserPoolId": {
          "Required": true,
          "Documentation": "http://docs.aws.amazon.com/AWSCloudFormation/latest/UserGuide/aws-resource-cognito-userpoolgroup.html#cfn-cognito-userpoolgroup-userpoolid",
          "PrimitiveType": "String",
          "UpdateType": "Immutable"
        },
        "Precedence": {
          "Required": false,
          "Documentation": "http://docs.aws.amazon.com/AWSCloudFormation/latest/UserGuide/aws-resource-cognito-userpoolgroup.html#cfn-cognito-userpoolgroup-precedence",
          "PrimitiveType": "Double",
          "UpdateType": "Mutable"
        },
        "RoleArn": {
          "Required": false,
          "Documentation": "http://docs.aws.amazon.com/AWSCloudFormation/latest/UserGuide/aws-resource-cognito-userpoolgroup.html#cfn-cognito-userpoolgroup-rolearn",
          "PrimitiveType": "String",
          "UpdateType": "Mutable"
        }
      }
    }
  },
  "ResourceSpecificationVersion": "114.0.0"
}