{
  "PropertyTypes": {
    "AWS::Cognito::IdentityPool.CognitoIdentityProvider": {
      "Documentation": "http://docs.aws.amazon.com/AWSCloudFormation/latest/UserGuide/aws-properties-cognito-identitypool-cognitoidentityprovider.html",
      "Properties": {
        "ServerSideTokenCheck": {
          "Required": false,
          "Documentation": "http://docs.aws.amazon.com/AWSCloudFormation/latest/UserGuide/aws-properties-cognito-identitypool-cognitoidentityprovider.html#cfn-cognito-identitypool-cognitoidentityprovider-serversidetokencheck",
          "PrimitiveType": "Boolean",
          "UpdateType": "Mutable"
        },
        "ProviderName": {
          "Required": false,
          "Documentation": "http://docs.aws.amazon.com/AWSCloudFormation/latest/UserGuide/aws-properties-cognito-identitypool-cognitoidentityprovider.html#cfn-cognito-identitypool-cognitoidentityprovider-providername",
          "PrimitiveType": "String",
          "UpdateType": "Mutable"
        },
        "ClientId": {
          "Required": false,
          "Documentation": "http://docs.aws.amazon.com/AWSCloudFormation/latest/UserGuide/aws-properties-cognito-identitypool-cognitoidentityprovider.html#cfn-cognito-identitypool-cognitoidentityprovider-clientid",
          "PrimitiveType": "String",
          "UpdateType": "Mutable"
        }
      }
    },
    "AWS::Cognito::IdentityPool.CognitoStreams": {
      "Documentation": "http://docs.aws.amazon.com/AWSCloudFormation/latest/UserGuide/aws-properties-cognito-identitypool-cognitostreams.html",
      "Properties": {
        "StreamingStatus": {
          "Required": false,
          "Documentation": "http://docs.aws.amazon.com/AWSCloudFormation/latest/UserGuide/aws-properties-cognito-identitypool-cognitostreams.html#cfn-cognito-identitypool-cognitostreams-streamingstatus",
          "PrimitiveType": "String",
          "UpdateType": "Mutable"
        },
        "StreamName": {
          "Required": false,
          "Documentation": "http://docs.aws.amazon.com/AWSCloudFormation/latest/UserGuide/aws-properties-cognito-identitypool-cognitostreams.html#cfn-cognito-identitypool-cognitostreams-streamname",
          "PrimitiveType": "String",
          "UpdateType": "Mutable"
        },
        "RoleArn": {
          "Required": false,
          "Documentation": "http://docs.aws.amazon.com/AWSCloudFormation/latest/UserGuide/aws-properties-cognito-identitypool-cognitostreams.html#cfn-cognito-identitypool-cognitostreams-rolearn",
          "PrimitiveType": "String",
          "UpdateType": "Mutable"
        }
      }
    },
    "AWS::Cognito::IdentityPool.PushSync": {
      "Documentation": "http://docs.aws.amazon.com/AWSCloudFormation/latest/UserGuide/aws-properties-cognito-identitypool-pushsync.html",
      "Properties": {
        "ApplicationArns": {
          "PrimitiveItemType": "String",
          "Type": "List",
          "Required": false,
          "Documentation": "http://docs.aws.amazon.com/AWSCloudFormation/latest/UserGuide/aws-properties-cognito-identitypool-pushsync.html#cfn-cognito-identitypool-pushsync-applicationarns",
          "UpdateType": "Mutable"
        },
        "RoleArn": {
          "Required": false,
          "Documentation": "http://docs.aws.amazon.com/AWSCloudFormation/latest/UserGuide/aws-properties-cognito-identitypool-pushsync.html#cfn-cognito-identitypool-pushsync-rolearn",
          "PrimitiveType": "String",
          "UpdateType": "Mutable"
        }
      }
    }
  },
  "ResourceType": {
    "AWS::Cognito::IdentityPool": {
      "Documentation": "http://docs.aws.amazon.com/AWSCloudFormation/latest/UserGuide/aws-resource-cognito-identitypool.html",
      "Attributes": {
        "Name": {
          "PrimitiveType": "String"
        }
      },
      "Properties": {
        "PushSync": {
          "Type": "PushSync",
          "Required": false,
          "Documentation": "http://docs.aws.amazon.com/AWSCloudFormation/latest/UserGuide/aws-resource-cognito-identitypool.html#cfn-cognito-identitypool-pushsync",
          "UpdateType": "Mutable"
        },
        "CognitoIdentityProviders": {
          "Type": "List",
          "Required": false,
          "Documentation": "http://docs.aws.amazon.com/AWSCloudFormation/latest/UserGuide/aws-resource-cognito-identitypool.html#cfn-cognito-identitypool-cognitoidentityproviders",
          "ItemType": "CognitoIdentityProvider",
          "UpdateType": "Mutable"
        },
        "CognitoEvents": {
          "Required": false,
          "Documentation": "http://docs.aws.amazon.com/AWSCloudFormation/latest/UserGuide/aws-resource-cognito-identitypool.html#cfn-cognito-identitypool-cognitoevents",
          "PrimitiveType": "Json",
          "UpdateType": "Mutable"
        },
        "DeveloperProviderName": {
          "Required": false,
          "Documentation": "http://docs.aws.amazon.com/AWSCloudFormation/latest/UserGuide/aws-resource-cognito-identitypool.html#cfn-cognito-identitypool-developerprovidername",
          "PrimitiveType": "String",
          "UpdateType": "Mutable"
        },
        "CognitoStreams": {
          "Type": "CognitoStreams",
          "Required": false,
          "Documentation": "http://docs.aws.amazon.com/AWSCloudFormation/latest/UserGuide/aws-resource-cognito-identitypool.html#cfn-cognito-identitypool-cognitostreams",
          "UpdateType": "Mutable"
        },
        "IdentityPoolName": {
          "Required": false,
          "Documentation": "http://docs.aws.amazon.com/AWSCloudFormation/latest/UserGuide/aws-resource-cognito-identitypool.html#cfn-cognito-identitypool-identitypoolname",
          "PrimitiveType": "String",
          "UpdateType": "Mutable"
        },
        "AllowUnauthenticatedIdentities": {
          "Required": true,
          "Documentation": "http://docs.aws.amazon.com/AWSCloudFormation/latest/UserGuide/aws-resource-cognito-identitypool.html#cfn-cognito-identitypool-allowunauthenticatedidentities",
          "PrimitiveType": "Boolean",
          "UpdateType": "Mutable"
        },
        "SupportedLoginProviders": {
          "Required": false,
          "Documentation": "http://docs.aws.amazon.com/AWSCloudFormation/latest/UserGuide/aws-resource-cognito-identitypool.html#cfn-cognito-identitypool-supportedloginproviders",
          "PrimitiveType": "Json",
          "UpdateType": "Mutable"
        },
        "SamlProviderARNs": {
          "PrimitiveItemType": "String",
          "Type": "List",
          "Required": false,
          "Documentation": "http://docs.aws.amazon.com/AWSCloudFormation/latest/UserGuide/aws-resource-cognito-identitypool.html#cfn-cognito-identitypool-samlproviderarns",
          "UpdateType": "Mutable"
        },
        "OpenIdConnectProviderARNs": {
          "PrimitiveItemType": "String",
          "Type": "List",
          "Required": false,
          "Documentation": "http://docs.aws.amazon.com/AWSCloudFormation/latest/UserGuide/aws-resource-cognito-identitypool.html#cfn-cognito-identitypool-openidconnectproviderarns",
          "UpdateType": "Mutable"
        },
        "AllowClassicFlow": {
          "Required": false,
          "Documentation": "http://docs.aws.amazon.com/AWSCloudFormation/latest/UserGuide/aws-resource-cognito-identitypool.html#cfn-cognito-identitypool-allowclassicflow",
          "PrimitiveType": "Boolean",
          "UpdateType": "Mutable"
        }
      }
    }
  },
  "ResourceSpecificationVersion": "114.0.0"
}