{
  "PropertyTypes": {
    "AWS::Cognito::UserPoolRiskConfigurationAttachment.RiskExceptionConfigurationType": {
      "Documentation": "http://docs.aws.amazon.com/AWSCloudFormation/latest/UserGuide/aws-properties-cognito-userpoolriskconfigurationattachment-riskexceptionconfigurationtype.html",
      "Properties": {
        "BlockedIPRangeList": {
          "PrimitiveItemType": "String",
          "Type": "List",
          "Required": false,
          "Documentation": "http://docs.aws.amazon.com/AWSCloudFormation/latest/UserGuide/aws-properties-cognito-userpoolriskconfigurationattachment-riskexceptionconfigurationtype.html#cfn-cognito-userpoolriskconfigurationattachment-riskexceptionconfigurationtype-blockediprangelist",
          "UpdateType": "Mutable"
        },
        "SkippedIPRangeList": {
          "PrimitiveItemType": "String",
          "Type": "List",
          "Required": false,
          "Documentation": "http://docs.aws.amazon.com/AWSCloudFormation/latest/UserGuide/aws-properties-cognito-userpoolriskconfigurationattachment-riskexceptionconfigurationtype.html#cfn-cognito-userpoolriskconfigurationattachment-riskexceptionconfigurationtype-skippediprangelist",
          "UpdateType": "Mutable"
        }
      }
    },
    "AWS::Cognito::UserPoolRiskConfigurationAttachment.AccountTakeoverActionType": {
      "Documentation": "http://docs.aws.amazon.com/AWSCloudFormation/latest/UserGuide/aws-properties-cognito-userpoolriskconfigurationattachment-accounttakeoveractiontype.html",
      "Properties": {
        "Notify": {
          "Required": true,
          "Documentation": "http://docs.aws.amazon.com/AWSCloudFormation/latest/UserGuide/aws-properties-cognito-userpoolriskconfigurationattachment-accounttakeoveractiontype.html#cfn-cognito-userpoolriskconfigurationattachment-accounttakeoveractiontype-notify",
          "PrimitiveType": "Boolean",
          "UpdateType": "Mutable"
        },
        "EventAction": {
          "Required": true,
          "Documentation": "http://docs.aws.amazon.com/AWSCloudFormation/latest/UserGuide/aws-properties-cognito-userpoolriskconfigurationattachment-accounttakeoveractiontype.html#cfn-cognito-userpoolriskconfigurationattachment-accounttakeoveractiontype-eventaction",
          "PrimitiveType": "String",
          "UpdateType": "Mutable"
        }
      }
    },
    "AWS::Cognito::UserPoolRiskConfigurationAttachment.NotifyEmailType": {
      "Documentation": "http://docs.aws.amazon.com/AWSCloudFormation/latest/UserGuide/aws-properties-cognito-userpoolriskconfigurationattachment-notifyemailtype.html",
      "Properties": {
        "TextBody": {
          "Required": false,
          "Documentation": "http://docs.aws.amazon.com/AWSCloudFormation/latest/UserGuide/aws-properties-cognito-userpoolriskconfigurationattachment-notifyemailtype.html#cfn-cognito-userpoolriskconfigurationattachment-notifyemailtype-textbody",
          "PrimitiveType": "String",
          "UpdateType": "Mutable"
        },
        "HtmlBody": {
          "Required": false,
          "Documentation": "http://docs.aws.amazon.com/AWSCloudFormation/latest/UserGuide/aws-properties-cognito-userpoolriskconfigurationattachment-notifyemailtype.html#cfn-cognito-userpoolriskconfigurationattachment-notifyemailtype-htmlbody",
          "PrimitiveType": "String",
          "UpdateType": "Mutable"
        },
        "Subject": {
          "Required": true,
          "Documentation": "http://docs.aws.amazon.com/AWSCloudFormation/latest/UserGuide/aws-properties-cognito-userpoolriskconfigurationattachment-notifyemailtype.html#cfn-cognito-userpoolriskconfigurationattachment-notifyemailtype-subject",
          "PrimitiveType": "String",
          "UpdateType": "Mutable"
        }
      }
    },
    "AWS::Cognito::UserPoolRiskConfigurationAttachment.AccountTakeoverActionsType": {
      "Documentation": "http://docs.aws.amazon.com/AWSCloudFormation/latest/UserGuide/aws-properties-cognito-userpoolriskconfigurationattachment-accounttakeoveractionstype.html",
      "Properties": {
        "HighAction": {
          "Type": "AccountTakeoverActionType",
          "Required": false,
          "Documentation": "http://docs.aws.amazon.com/AWSCloudFormation/latest/UserGuide/aws-properties-cognito-userpoolriskconfigurationattachment-accounttakeoveractionstype.html#cfn-cognito-userpoolriskconfigurationattachment-accounttakeoveractionstype-highaction",
          "UpdateType": "Mutable"
        },
        "LowAction": {
          "Type": "AccountTakeoverActionType",
          "Required": false,
          "Documentation": "http://docs.aws.amazon.com/AWSCloudFormation/latest/UserGuide/aws-properties-cognito-userpoolriskconfigurationattachment-accounttakeoveractionstype.html#cfn-cognito-userpoolriskconfigurationattachment-accounttakeoveractionstype-lowaction",
          "UpdateType": "Mutable"
        },
        "MediumAction": {
          "Type": "AccountTakeoverActionType",
          "Required": false,
          "Documentation": "http://docs.aws.amazon.com/AWSCloudFormation/latest/UserGuide/aws-properties-cognito-userpoolriskconfigurationattachment-accounttakeoveractionstype.html#cfn-cognito-userpoolriskconfigurationattachment-accounttakeoveractionstype-mediumaction",
          "UpdateType": "Mutable"
        }
      }
    },
    "AWS::Cognito::UserPoolRiskConfigurationAttachment.AccountTakeoverRiskConfigurationType": {
      "Documentation": "http://docs.aws.amazon.com/AWSCloudFormation/latest/UserGuide/aws-properties-cognito-userpoolriskconfigurationattachment-accounttakeoverriskconfigurationtype.html",
      "Properties": {
        "Actions": {
          "Type": "AccountTakeoverActionsType",
          "Required": true,
          "Documentation": "http://docs.aws.amazon.com/AWSCloudFormation/latest/UserGuide/aws-properties-cognito-userpoolriskconfigurationattachment-accounttakeoverriskconfigurationtype.html#cfn-cognito-userpoolriskconfigurationattachment-accounttakeoverriskconfigurationtype-actions",
          "UpdateType": "Mutable"
        },
        "NotifyConfiguration": {
          "Type": "NotifyConfigurationType",
          "Required": false,
          "Documentation": "http://docs.aws.amazon.com/AWSCloudFormation/latest/UserGuide/aws-properties-cognito-userpoolriskconfigurationattachment-accounttakeoverriskconfigurationtype.html#cfn-cognito-userpoolriskconfigurationattachment-accounttakeoverriskconfigurationtype-notifyconfiguration",
          "UpdateType": "Mutable"
        }
      }
    },
    "AWS::Cognito::UserPoolRiskConfigurationAttachment.CompromisedCredentialsRiskConfigurationType": {
      "Documentation": "http://docs.aws.amazon.com/AWSCloudFormation/latest/UserGuide/aws-properties-cognito-userpoolriskconfigurationattachment-compromisedcredentialsriskconfigurationtype.html",
      "Properties": {
        "Actions": {
          "Type": "CompromisedCredentialsActionsType",
          "Required": true,
          "Documentation": "http://docs.aws.amazon.com/AWSCloudFormation/latest/UserGuide/aws-properties-cognito-userpoolriskconfigurationattachment-compromisedcredentialsriskconfigurationtype.html#cfn-cognito-userpoolriskconfigurationattachment-compromisedcredentialsriskconfigurationtype-actions",
          "UpdateType": "Mutable"
        },
        "EventFilter": {
          "PrimitiveItemType": "String",
          "Type": "List",
          "Required": false,
          "Documentation": "http://docs.aws.amazon.com/AWSCloudFormation/latest/UserGuide/aws-properties-cognito-userpoolriskconfigurationattachment-compromisedcredentialsriskconfigurationtype.html#cfn-cognito-userpoolriskconfigurationattachment-compromisedcredentialsriskconfigurationtype-eventfilter",
          "UpdateType": "Mutable"
        }
      }
    },
    "AWS::Cognito::UserPoolRiskConfigurationAttachment.NotifyConfigurationType": {
      "Documentation": "http://docs.aws.amazon.com/AWSCloudFormation/latest/UserGuide/aws-properties-cognito-userpoolriskconfigurationattachment-notifyconfigurationtype.html",
      "Properties": {
        "BlockEmail": {
          "Type": "NotifyEmailType",
          "Required": false,
          "Documentation": "http://docs.aws.amazon.com/AWSCloudFormation/latest/UserGuide/aws-properties-cognito-userpoolriskconfigurationattachment-notifyconfigurationtype.html#cfn-cognito-userpoolriskconfigurationattachment-notifyconfigurationtype-blockemail",
          "UpdateType": "Mutable"
        },
        "ReplyTo": {
          "Required": false,
          "Documentation": "http://docs.aws.amazon.com/AWSCloudFormation/latest/UserGuide/aws-properties-cognito-userpoolriskconfigurationattachment-notifyconfigurationtype.html#cfn-cognito-userpoolriskconfigurationattachment-notifyconfigurationtype-replyto",
          "PrimitiveType": "String",
          "UpdateType": "Mutable"
        },
        "SourceArn": {
          "Required": true,
          "Documentation": "http://docs.aws.amazon.com/AWSCloudFormation/latest/UserGuide/aws-properties-cognito-userpoolriskconfigurationattachment-notifyconfigurationtype.html#cfn-cognito-userpoolriskconfigurationattachment-notifyconfigurationtype-sourcearn",
          "PrimitiveType": "String",
          "UpdateType": "Mutable"
        },
        "NoActionEmail": {
          "Type": "NotifyEmailType",
          "Required": false,
          "Documentation": "http://docs.aws.amazon.com/AWSCloudFormation/latest/UserGuide/aws-properties-cognito-userpoolriskconfigurationattachment-notifyconfigurationtype.html#cfn-cognito-userpoolriskconfigurationattachment-notifyconfigurationtype-noactionemail",
          "UpdateType": "Mutable"
        },
        "From": {
          "Required": false,
          "Documentation": "http://docs.aws.amazon.com/AWSCloudFormation/latest/UserGuide/aws-properties-cognito-userpoolriskconfigurationattachment-notifyconfigurationtype.html#cfn-cognito-userpoolriskconfigurationattachment-notifyconfigurationtype-from",
          "PrimitiveType": "String",
          "UpdateType": "Mutable"
        },
        "MfaEmail": {
          "Type": "NotifyEmailType",
          "Required": false,
          "Documentation": "http://docs.aws.amazon.com/AWSCloudFormation/latest/UserGuide/aws-properties-cognito-userpoolriskconfigurationattachment-notifyconfigurationtype.html#cfn-cognito-userpoolriskconfigurationattachment-notifyconfigurationtype-mfaemail",
          "UpdateType": "Mutable"
        }
      }
    },
    "AWS::Cognito::UserPoolRiskConfigurationAttachment.CompromisedCredentialsActionsType": {
      "Documentation": "http://docs.aws.amazon.com/AWSCloudFormation/latest/UserGuide/aws-properties-cognito-userpoolriskconfigurationattachment-compromisedcredentialsactionstype.html",
      "Properties": {
        "EventAction": {
          "Required": true,
          "Documentation": "http://docs.aws.amazon.com/AWSCloudFormation/latest/UserGuide/aws-properties-cognito-userpoolriskconfigurationattachment-compromisedcredentialsactionstype.html#cfn-cognito-userpoolriskconfigurationattachment-compromisedcredentialsactionstype-eventaction",
          "PrimitiveType": "String",
          "UpdateType": "Mutable"
        }
      }
    }
  },
  "ResourceType": {
    "AWS::Cognito::UserPoolRiskConfigurationAttachment": {
      "Documentation": "http://docs.aws.amazon.com/AWSCloudFormation/latest/UserGuide/aws-resource-cognito-userpoolriskconfigurationattachment.html",
      "Properties": {
        "CompromisedCredentialsRiskConfiguration": {
          "Type": "CompromisedCredentialsRiskConfigurationType",
          "Required": false,
          "Documentation": "http://docs.aws.amazon.com/AWSCloudFormation/latest/UserGuide/aws-resource-cognito-userpoolriskconfigurationattachment.html#cfn-cognito-userpoolriskconfigurationattachment-compromisedcredentialsriskconfiguration",
          "UpdateType": "Mutable"
        },
        "UserPoolId": {
          "Required": true,
          "Documentation": "http://docs.aws.amazon.com/AWSCloudFormation/latest/UserGuide/aws-resource-cognito-userpoolriskconfigurationattachment.html#cfn-cognito-userpoolriskconfigurationattachment-userpoolid",
          "PrimitiveType": "String",
          "UpdateType": "Immutable"
        },
        "ClientId": {
          "Required": true,
          "Documentation": "http://docs.aws.amazon.com/AWSCloudFormation/latest/UserGuide/aws-resource-cognito-userpoolriskconfigurationattachment.html#cfn-cognito-userpoolriskconfigurationattachment-clientid",
          "PrimitiveType": "String",
          "UpdateType": "Immutable"
        },
        "AccountTakeoverRiskConfiguration": {
          "Type": "AccountTakeoverRiskConfigurationType",
          "Required": false,
          "Documentation": "http://docs.aws.amazon.com/AWSCloudFormation/latest/UserGuide/aws-resource-cognito-userpoolriskconfigurationattachment.html#cfn-cognito-userpoolriskconfigurationattachment-accounttakeoverriskconfiguration",
          "UpdateType": "Mutable"
        },
        "RiskExceptionConfiguration": {
          "Type": "RiskExceptionConfigurationType",
          "Required": false,
          "Documentation": "http://docs.aws.amazon.com/AWSCloudFormation/latest/UserGuide/aws-resource-cognito-userpoolriskconfigurationattachment.html#cfn-cognito-userpoolriskconfigurationattachment-riskexceptionconfiguration",
          "UpdateType": "Mutable"
        }
      }
    }
  },
  "ResourceSpecificationVersion": "114.0.0"
}