{
  "PropertyTypes": {
    "AWS::Cognito::UserPoolClient.TokenValidityUnits": {
      "Documentation": "http://docs.aws.amazon.com/AWSCloudFormation/latest/UserGuide/aws-properties-cognito-userpoolclient-tokenvalidityunits.html",
      "Properties": {
        "IdToken": {
          "Required": false,
          "Documentation": "http://docs.aws.amazon.com/AWSCloudFormation/latest/UserGuide/aws-properties-cognito-userpoolclient-tokenvalidityunits.html#cfn-cognito-userpoolclient-tokenvalidityunits-idtoken",
          "PrimitiveType": "String",
          "UpdateType": "Mutable"
        },
        "RefreshToken": {
          "Required": false,
          "Documentation": "http://docs.aws.amazon.com/AWSCloudFormation/latest/UserGuide/aws-properties-cognito-userpoolclient-tokenvalidityunits.html#cfn-cognito-userpoolclient-tokenvalidityunits-refreshtoken",
          "PrimitiveType": "String",
          "UpdateType": "Mutable"
        },
        "AccessToken": {
          "Required": false,
          "Documentation": "http://docs.aws.amazon.com/AWSCloudFormation/latest/UserGuide/aws-properties-cognito-userpoolclient-tokenvalidityunits.html#cfn-cognito-userpoolclient-tokenvalidityunits-accesstoken",
          "PrimitiveType": "String",
          "UpdateType": "Mutable"
        }
      }
    },
    "AWS::Cognito::UserPoolClient.AnalyticsConfiguration": {
      "Documentation": "http://docs.aws.amazon.com/AWSCloudFormation/latest/UserGuide/aws-properties-cognito-userpoolclient-analyticsconfiguration.html",
      "Properties": {
        "ApplicationArn": {
          "Required": false,
          "Documentation": "http://docs.aws.amazon.com/AWSCloudFormation/latest/UserGuide/aws-properties-cognito-userpoolclient-analyticsconfiguration.html#cfn-cognito-userpoolclient-analyticsconfiguration-applicationarn",
          "PrimitiveType": "String",
          "UpdateType": "Mutable"
        },
        "UserDataShared": {
          "Required": false,
          "Documentation": "http://docs.aws.amazon.com/AWSCloudFormation/latest/UserGuide/aws-properties-cognito-userpoolclient-analyticsconfiguration.html#cfn-cognito-userpoolclient-analyticsconfiguration-userdatashared",
          "PrimitiveType": "Boolean",
          "UpdateType": "Mutable"
        },
        "ExternalId": {
          "Required": false,
          "Documentation": "http://docs.aws.amazon.com/AWSCloudFormation/latest/UserGuide/aws-properties-cognito-userpoolclient-analyticsconfiguration.html#cfn-cognito-userpoolclient-analyticsconfiguration-externalid",
          "PrimitiveType": "String",
          "UpdateType": "Mutable"
        },
        "ApplicationId": {
          "Required": false,
          "Documentation": "http://docs.aws.amazon.com/AWSCloudFormation/latest/UserGuide/aws-properties-cognito-userpoolclient-analyticsconfiguration.html#cfn-cognito-userpoolclient-analyticsconfiguration-applicationid",
          "PrimitiveType": "String",
          "UpdateType": "Mutable"
        },
        "RoleArn": {
          "Required": false,
          "Documentation": "http://docs.aws.amazon.com/AWSCloudFormation/latest/UserGuide/aws-properties-cognito-userpoolclient-analyticsconfiguration.html#cfn-cognito-userpoolclient-analyticsconfiguration-rolearn",
          "PrimitiveType": "String",
          "UpdateType": "Mutable"
        }
      }
    }
  },
  "ResourceType": {
    "AWS::Cognito::UserPoolClient": {
      "Documentation": "http://docs.aws.amazon.com/AWSCloudFormation/latest/UserGuide/aws-resource-cognito-userpoolclient.html",
      "Attributes": {
        "ClientSecret": {
          "PrimitiveType": "String"
        },
        "Name": {
          "PrimitiveType": "String"
        }
      },
      "Properties": {
        "AnalyticsConfiguration": {
          "Type": "AnalyticsConfiguration",
          "Required": false,
          "Documentation": "http://docs.aws.amazon.com/AWSCloudFormation/latest/UserGuide/aws-resource-cognito-userpoolclient.html#cfn-cognito-userpoolclient-analyticsconfiguration",
          "UpdateType": "Mutable"
        },
        "GenerateSecret": {
          "Required": false,
          "Documentation": "http://docs.aws.amazon.com/AWSCloudFormation/latest/UserGuide/aws-resource-cognito-userpoolclient.html#cfn-cognito-userpoolclient-generatesecret",
          "PrimitiveType": "Boolean",
          "UpdateType": "Immutable"
        },
        "CallbackURLs": {
          "PrimitiveItemType": "String",
          "Type": "List",
          "Required": false,
          "Documentation": "http://docs.aws.amazon.com/AWSCloudFormation/latest/UserGuide/aws-resource-cognito-userpoolclient.html#cfn-cognito-userpoolclient-callbackurls",
          "UpdateType": "Mutable"
        },
        "EnablePropagateAdditionalUserContextData": {
          "Required": false,
          "Documentation": "http://docs.aws.amazon.com/AWSCloudFormation/latest/UserGuide/aws-resource-cognito-userpoolclient.html#cfn-cognito-userpoolclient-enablepropagateadditionalusercontextdata",
          "PrimitiveType": "Boolean",
          "UpdateType": "Mutable"
        },
        "IdTokenValidity": {
          "Required": false,
          "Documentation": "http://docs.aws.amazon.com/AWSCloudFormation/latest/UserGuide/aws-resource-cognito-userpoolclient.html#cfn-cognito-userpoolclient-idtokenvalidity",
          "PrimitiveType": "Integer",
          "UpdateType": "Mutable"
        },
        "AuthSessionValidity": {
          "Required": false,
          "Documentation": "http://docs.aws.amazon.com/AWSCloudFormation/latest/UserGuide/aws-resource-cognito-userpoolclient.html#cfn-cognito-userpoolclient-authsessionvalidity",
          "PrimitiveType": "Integer",
          "UpdateType": "Mutable"
        },
        "AllowedOAuthScopes": {
          "PrimitiveItemType": "String",
          "Type": "List",
          "Required": false,
          "Documentation": "http://docs.aws.amazon.com/AWSCloudFormation/latest/UserGuide/aws-resource-cognito-userpoolclient.html#cfn-cognito-userpoolclient-allowedoauthscopes",
          "UpdateType": "Mutable"
        },
        "TokenValidityUnits": {
          "Type": "TokenValidityUnits",
          "Required": false,
          "Documentation": "http://docs.aws.amazon.com/AWSCloudFormation/latest/UserGuide/aws-resource-cognito-userpoolclient.html#cfn-cognito-userpoolclient-tokenvalidityunits",
          "UpdateType": "Mutable"
        },
        "ReadAttributes": {
          "PrimitiveItemType": "String",
          "Type": "List",
          "Required": false,
          "Documentation": "http://docs.aws.amazon.com/AWSCloudFormation/latest/UserGuide/aws-resource-cognito-userpoolclient.html#cfn-cognito-userpoolclient-readattributes",
          "UpdateType": "Mutable"
        },
        "AllowedOAuthFlowsUserPoolClient": {
          "Required": false,
          "Documentation": "http://docs.aws.amazon.com/AWSCloudFormation/latest/UserGuide/aws-resource-cognito-userpoolclient.html#cfn-cognito-userpoolclient-allowedoauthflowsuserpoolclient",
          "PrimitiveType": "Boolean",
          "UpdateType": "Mutable"
        },
        "DefaultRedirectURI": {
          "Required": false,
          "Documentation": "http://docs.aws.amazon.com/AWSCloudFormation/latest/UserGuide/aws-resource-cognito-userpoolclient.html#cfn-cognito-userpoolclient-defaultredirecturi",
          "PrimitiveType": "String",
          "UpdateType": "Mutable"
        },
        "SupportedIdentityProviders": {
          "PrimitiveItemType": "String",
          "Type": "List",
          "Required": false,
          "Documentation": "http://docs.aws.amazon.com/AWSCloudFormation/latest/UserGuide/aws-resource-cognito-userpoolclient.html#cfn-cognito-userpoolclient-supportedidentityproviders",
          "UpdateType": "Mutable"
        },
        "ClientName": {
          "Required": false,
          "Documentation": "http://docs.aws.amazon.com/AWSCloudFormation/latest/UserGuide/aws-resource-cognito-userpoolclient.html#cfn-cognito-userpoolclient-clientname",
          "PrimitiveType": "String",
          "UpdateType": "Mutable"
        },
        "UserPoolId": {
          "Required": true,
          "Documentation": "http://docs.aws.amazon.com/AWSCloudFormation/latest/UserGuide/aws-resource-cognito-userpoolclient.html#cfn-cognito-userpoolclient-userpoolid",
          "PrimitiveType": "String",
          "UpdateType": "Immutable"
        },
        "AllowedOAuthFlows": {
          "PrimitiveItemType": "String",
          "Type": "List",
          "Required": false,
          "Documentation": "http://docs.aws.amazon.com/AWSCloudFormation/latest/UserGuide/aws-resource-cognito-userpoolclient.html#cfn-cognito-userpoolclient-allowedoauthflows",
          "UpdateType": "Mutable"
        },
        "ExplicitAuthFlows": {
          "PrimitiveItemType": "String",
          "Type": "List",
          "Required": false,
          "Documentation": "http://docs.aws.amazon.com/AWSCloudFormation/latest/UserGuide/aws-resource-cognito-userpoolclient.html#cfn-cognito-userpoolclient-explicitauthflows",
          "UpdateType": "Mutable"
        },
        "LogoutURLs": {
          "PrimitiveItemType": "String",
          "Type": "List",
          "Required": false,
          "Documentation": "http://docs.aws.amazon.com/AWSCloudFormation/latest/UserGuide/aws-resource-cognito-userpoolclient.html#cfn-cognito-userpoolclient-logouturls",
          "UpdateType": "Mutable"
        },
        "AccessTokenValidity": {
          "Required": false,
          "Documentation": "http://docs.aws.amazon.com/AWSCloudFormation/latest/UserGuide/aws-resource-cognito-userpoolclient.html#cfn-cognito-userpoolclient-accesstokenvalidity",
          "PrimitiveType": "Integer",
          "UpdateType": "Mutable"
        },
        "RefreshTokenValidity": {
          "Required": false,
          "Documentation": "http://docs.aws.amazon.com/AWSCloudFormation/latest/UserGuide/aws-resource-cognito-userpoolclient.html#cfn-cognito-userpoolclient-refreshtokenvalidity",
          "PrimitiveType": "Integer",
          "UpdateType": "Mutable"
        },
        "WriteAttributes": {
          "PrimitiveItemType": "String",
          "Type": "List",
          "Required": false,
          "Documentation": "http://docs.aws.amazon.com/AWSCloudFormation/latest/UserGuide/aws-resource-cognito-userpoolclient.html#cfn-cognito-userpoolclient-writeattributes",
          "UpdateType": "Mutable"
        },
        "PreventUserExistenceErrors": {
          "Required": false,
          "Documentation": "http://docs.aws.amazon.com/AWSCloudFormation/latest/UserGuide/aws-resource-cognito-userpoolclient.html#cfn-cognito-userpoolclient-preventuserexistenceerrors",
          "PrimitiveType": "String",
          "UpdateType": "Mutable"
        },
        "EnableTokenRevocation": {
          "Required": false,
          "Documentation": "http://docs.aws.amazon.com/AWSCloudFormation/latest/UserGuide/aws-resource-cognito-userpoolclient.html#cfn-cognito-userpoolclient-enabletokenrevocation",
          "PrimitiveType": "Boolean",
          "UpdateType": "Mutable"
        }
      }
    }
  },
  "ResourceSpecificationVersion": "114.0.0"
}