{
  "ResourceType": {
    "AWS::Cognito::UserPoolUICustomizationAttachment": {
      "Documentation": "http://docs.aws.amazon.com/AWSCloudFormation/latest/UserGuide/aws-resource-cognito-userpooluicustomizationattachment.html",
      "Properties": {
        "CSS": {
          "Required": false,
          "Documentation": "http://docs.aws.amazon.com/AWSCloudFormation/latest/UserGuide/aws-resource-cognito-userpooluicustomizationattachment.html#cfn-cognito-userpooluicustomizationattachment-css",
          "PrimitiveType": "String",
          "UpdateType": "Mutable"
        },
        "UserPoolId": {
          "Required": true,
          "Documentation": "http://docs.aws.amazon.com/AWSCloudFormation/latest/UserGuide/aws-resource-cognito-userpooluicustomizationattachment.html#cfn-cognito-userpooluicustomizationattachment-userpoolid",
          "PrimitiveType": "String",
          "UpdateType": "Immutable"
        },
        "ClientId": {
          "Required": true,
          "Documentation": "http://docs.aws.amazon.com/AWSCloudFormation/latest/UserGuide/aws-resource-cognito-userpooluicustomizationattachment.html#cfn-cognito-userpooluicustomizationattachment-clientid",
          "PrimitiveType": "String",
          "UpdateType": "Immutable"
        }
      }
    }
  },
  "ResourceSpecificationVersion": "114.0.0"
}