{
  "PropertyTypes": {
    "AWS::Config::ConfigurationAggregator.AccountAggregationSource": {
      "Documentation": "http://docs.aws.amazon.com/AWSCloudFormation/latest/UserGuide/aws-properties-config-configurationaggregator-accountaggregationsource.html",
      "Properties": {
        "AllAwsRegions": {
          "Documentation": "http://docs.aws.amazon.com/AWSCloudFormation/latest/UserGuide/aws-properties-config-configurationaggregator-accountaggregationsource.html#cfn-config-configurationaggregator-accountaggregationsource-allawsregions",
          "UpdateType": "Mutable",
          "Required": false,
          "PrimitiveType": "Boolean"
        },
        "AwsRegions": {
          "Documentation": "http://docs.aws.amazon.com/AWSCloudFormation/latest/UserGuide/aws-properties-config-configurationaggregator-accountaggregationsource.html#cfn-config-configurationaggregator-accountaggregationsource-awsregions",
          "UpdateType": "Mutable",
          "Required": false,
          "Type": "List",
          "PrimitiveItemType": "String",
          "DuplicatesAllowed": true
        },
        "AccountIds": {
          "Documentation": "http://docs.aws.amazon.com/AWSCloudFormation/latest/UserGuide/aws-properties-config-configurationaggregator-accountaggregationsource.html#cfn-config-configurationaggregator-accountaggregationsource-accountids",
          "UpdateType": "Mutable",
          "Required": true,
          "Type": "List",
          "PrimitiveItemType": "String",
          "DuplicatesAllowed": true
        }
      }
    },
    "Tag": {
      "Documentation": "http://docs.aws.amazon.com/AWSCloudFormation/latest/UserGuide/aws-properties-resource-tags.html",
      "Properties": {
        "Value": {
          "Documentation": "http://docs.aws.amazon.com/AWSCloudFormation/latest/UserGuide/aws-properties-resource-tags.html#cfn-resource-tags-value",
          "UpdateType": "Mutable",
          "Required": true,
          "PrimitiveType": "String"
        },
        "Key": {
          "Documentation": "http://docs.aws.amazon.com/AWSCloudFormation/latest/UserGuide/aws-properties-resource-tags.html#cfn-resource-tags-key",
          "UpdateType": "Mutable",
          "Required": true,
          "PrimitiveType": "String"
        }
      }
    },
    "AWS::Config::ConfigurationAggregator.OrganizationAggregationSource": {
      "Documentation": "http://docs.aws.amazon.com/AWSCloudFormation/latest/UserGuide/aws-properties-config-configurationaggregator-organizationaggregationsource.html",
      "Properties": {
        "AllAwsRegions": {
          "Documentation": "http://docs.aws.amazon.com/AWSCloudFormation/latest/UserGuide/aws-properties-config-configurationaggregator-organizationaggregationsource.html#cfn-config-configurationaggregator-organizationaggregationsource-allawsregions",
          "UpdateType": "Mutable",
          "Required": false,
          "PrimitiveType": "Boolean"
        },
        "AwsRegions": {
          "Documentation": "http://docs.aws.amazon.com/AWSCloudFormation/latest/UserGuide/aws-properties-config-configurationaggregator-organizationaggregationsource.html#cfn-config-configurationaggregator-organizationaggregationsource-awsregions",
          "UpdateType": "Mutable",
          "Required": false,
          "Type": "List",
          "PrimitiveItemType": "String",
          "DuplicatesAllowed": true
        },
        "RoleArn": {
          "Documentation": "http://docs.aws.amazon.com/AWSCloudFormation/latest/UserGuide/aws-properties-config-configurationaggregator-organizationaggregationsource.html#cfn-config-configurationaggregator-organizationaggregationsource-rolearn",
          "UpdateType": "Mutable",
          "Required": true,
          "PrimitiveType": "String"
        }
      }
    }
  },
  "ResourceType": {
    "AWS::Config::ConfigurationAggregator": {
      "Documentation": "http://docs.aws.amazon.com/AWSCloudFormation/latest/UserGuide/aws-resource-config-configurationaggregator.html",
      "Properties": {
        "AccountAggregationSources": {
          "Documentation": "http://docs.aws.amazon.com/AWSCloudFormation/latest/UserGuide/aws-resource-config-configurationaggregator.html#cfn-config-configurationaggregator-accountaggregationsources",
          "UpdateType": "Mutable",
          "Required": false,
          "Type": "List",
          "ItemType": "AccountAggregationSource",
          "DuplicatesAllowed": true
        },
        "ConfigurationAggregatorName": {
          "Documentation": "http://docs.aws.amazon.com/AWSCloudFormation/latest/UserGuide/aws-resource-config-configurationaggregator.html#cfn-config-configurationaggregator-configurationaggregatorname",
          "UpdateType": "Immutable",
          "Required": false,
          "PrimitiveType": "String"
        },
        "OrganizationAggregationSource": {
          "Documentation": "http://docs.aws.amazon.com/AWSCloudFormation/latest/UserGuide/aws-resource-config-configurationaggregator.html#cfn-config-configurationaggregator-organizationaggregationsource",
          "UpdateType": "Mutable",
          "Required": false,
          "Type": "OrganizationAggregationSource"
        },
        "Tags": {
          "Documentation": "http://docs.aws.amazon.com/AWSCloudFormation/latest/UserGuide/aws-resource-config-configurationaggregator.html#cfn-config-configurationaggregator-tags",
          "UpdateType": "Mutable",
          "Required": false,
          "Type": "List",
          "ItemType": "Tag",
          "DuplicatesAllowed": false
        }
      },
      "Attributes": {
        "ConfigurationAggregatorArn": {
          "PrimitiveType": "String"
        }
      }
    }
  },
  "ResourceSpecificationVersion": "114.0.0"
}