{
  "PropertyTypes": {
    "AWS::Config::DeliveryChannel.ConfigSnapshotDeliveryProperties": {
      "Documentation": "http://docs.aws.amazon.com/AWSCloudFormation/latest/UserGuide/aws-properties-config-deliverychannel-configsnapshotdeliveryproperties.html",
      "Properties": {
        "DeliveryFrequency": {
          "Documentation": "http://docs.aws.amazon.com/AWSCloudFormation/latest/UserGuide/aws-properties-config-deliverychannel-configsnapshotdeliveryproperties.html#cfn-config-deliverychannel-configsnapshotdeliveryproperties-deliveryfrequency",
          "PrimitiveType": "String",
          "Required": false,
          "UpdateType": "Mutable"
        }
      }
    }
  },
  "ResourceType": {
    "AWS::Config::DeliveryChannel": {
      "Documentation": "http://docs.aws.amazon.com/AWSCloudFormation/latest/UserGuide/aws-resource-config-deliverychannel.html",
      "Properties": {
        "ConfigSnapshotDeliveryProperties": {
          "Documentation": "http://docs.aws.amazon.com/AWSCloudFormation/latest/UserGuide/aws-resource-config-deliverychannel.html#cfn-config-deliverychannel-configsnapshotdeliveryproperties",
          "Required": false,
          "Type": "ConfigSnapshotDeliveryProperties",
          "UpdateType": "Mutable"
        },
        "Name": {
          "Documentation": "http://docs.aws.amazon.com/AWSCloudFormation/latest/UserGuide/aws-resource-config-deliverychannel.html#cfn-config-deliverychannel-name",
          "PrimitiveType": "String",
          "Required": false,
          "UpdateType": "Immutable"
        },
        "S3BucketName": {
          "Documentation": "http://docs.aws.amazon.com/AWSCloudFormation/latest/UserGuide/aws-resource-config-deliverychannel.html#cfn-config-deliverychannel-s3bucketname",
          "PrimitiveType": "String",
          "Required": true,
          "UpdateType": "Mutable"
        },
        "S3KeyPrefix": {
          "Documentation": "http://docs.aws.amazon.com/AWSCloudFormation/latest/UserGuide/aws-resource-config-deliverychannel.html#cfn-config-deliverychannel-s3keyprefix",
          "PrimitiveType": "String",
          "Required": false,
          "UpdateType": "Mutable"
        },
        "S3KmsKeyArn": {
          "Documentation": "http://docs.aws.amazon.com/AWSCloudFormation/latest/UserGuide/aws-resource-config-deliverychannel.html#cfn-config-deliverychannel-s3kmskeyarn",
          "PrimitiveType": "String",
          "Required": false,
          "UpdateType": "Mutable"
        },
        "SnsTopicARN": {
          "Documentation": "http://docs.aws.amazon.com/AWSCloudFormation/latest/UserGuide/aws-resource-config-deliverychannel.html#cfn-config-deliverychannel-snstopicarn",
          "PrimitiveType": "String",
          "Required": false,
          "UpdateType": "Mutable"
        }
      }
    }
  },
  "ResourceSpecificationVersion": "114.0.0"
}