{
  "PropertyTypes": {
    "AWS::Config::RemediationConfiguration.ResourceValue": {
      "Documentation": "http://docs.aws.amazon.com/AWSCloudFormation/latest/UserGuide/aws-properties-config-remediationconfiguration-resourcevalue.html",
      "Properties": {
        "Value": {
          "Required": false,
          "Documentation": "http://docs.aws.amazon.com/AWSCloudFormation/latest/UserGuide/aws-properties-config-remediationconfiguration-resourcevalue.html#cfn-config-remediationconfiguration-resourcevalue-value",
          "PrimitiveType": "String",
          "UpdateType": "Mutable"
        }
      }
    },
    "AWS::Config::RemediationConfiguration.SsmControls": {
      "Documentation": "http://docs.aws.amazon.com/AWSCloudFormation/latest/UserGuide/aws-properties-config-remediationconfiguration-ssmcontrols.html",
      "Properties": {
        "ErrorPercentage": {
          "Required": false,
          "Documentation": "http://docs.aws.amazon.com/AWSCloudFormation/latest/UserGuide/aws-properties-config-remediationconfiguration-ssmcontrols.html#cfn-config-remediationconfiguration-ssmcontrols-errorpercentage",
          "PrimitiveType": "Integer",
          "UpdateType": "Mutable"
        },
        "ConcurrentExecutionRatePercentage": {
          "Required": false,
          "Documentation": "http://docs.aws.amazon.com/AWSCloudFormation/latest/UserGuide/aws-properties-config-remediationconfiguration-ssmcontrols.html#cfn-config-remediationconfiguration-ssmcontrols-concurrentexecutionratepercentage",
          "PrimitiveType": "Integer",
          "UpdateType": "Mutable"
        }
      }
    },
    "AWS::Config::RemediationConfiguration.RemediationParameterValue": {
      "Documentation": "http://docs.aws.amazon.com/AWSCloudFormation/latest/UserGuide/aws-properties-config-remediationconfiguration-remediationparametervalue.html",
      "Properties": {
        "ResourceValue": {
          "Type": "ResourceValue",
          "Required": false,
          "Documentation": "http://docs.aws.amazon.com/AWSCloudFormation/latest/UserGuide/aws-properties-config-remediationconfiguration-remediationparametervalue.html#cfn-config-remediationconfiguration-remediationparametervalue-resourcevalue",
          "UpdateType": "Mutable"
        },
        "StaticValue": {
          "Type": "StaticValue",
          "Required": false,
          "Documentation": "http://docs.aws.amazon.com/AWSCloudFormation/latest/UserGuide/aws-properties-config-remediationconfiguration-remediationparametervalue.html#cfn-config-remediationconfiguration-remediationparametervalue-staticvalue",
          "UpdateType": "Mutable"
        }
      }
    },
    "AWS::Config::RemediationConfiguration.ExecutionControls": {
      "Documentation": "http://docs.aws.amazon.com/AWSCloudFormation/latest/UserGuide/aws-properties-config-remediationconfiguration-executioncontrols.html",
      "Properties": {
        "SsmControls": {
          "Type": "SsmControls",
          "Required": false,
          "Documentation": "http://docs.aws.amazon.com/AWSCloudFormation/latest/UserGuide/aws-properties-config-remediationconfiguration-executioncontrols.html#cfn-config-remediationconfiguration-executioncontrols-ssmcontrols",
          "UpdateType": "Mutable"
        }
      }
    },
    "AWS::Config::RemediationConfiguration.StaticValue": {
      "Documentation": "http://docs.aws.amazon.com/AWSCloudFormation/latest/UserGuide/aws-properties-config-remediationconfiguration-staticvalue.html",
      "Properties": {
        "Values": {
          "PrimitiveItemType": "String",
          "Type": "List",
          "Required": false,
          "Documentation": "http://docs.aws.amazon.com/AWSCloudFormation/latest/UserGuide/aws-properties-config-remediationconfiguration-staticvalue.html#cfn-config-remediationconfiguration-staticvalue-values",
          "UpdateType": "Mutable"
        }
      }
    }
  },
  "ResourceType": {
    "AWS::Config::RemediationConfiguration": {
      "Documentation": "http://docs.aws.amazon.com/AWSCloudFormation/latest/UserGuide/aws-resource-config-remediationconfiguration.html",
      "Properties": {
        "TargetVersion": {
          "Required": false,
          "Documentation": "http://docs.aws.amazon.com/AWSCloudFormation/latest/UserGuide/aws-resource-config-remediationconfiguration.html#cfn-config-remediationconfiguration-targetversion",
          "PrimitiveType": "String",
          "UpdateType": "Mutable"
        },
        "ExecutionControls": {
          "Type": "ExecutionControls",
          "Required": false,
          "Documentation": "http://docs.aws.amazon.com/AWSCloudFormation/latest/UserGuide/aws-resource-config-remediationconfiguration.html#cfn-config-remediationconfiguration-executioncontrols",
          "UpdateType": "Mutable"
        },
        "Parameters": {
          "Required": false,
          "Documentation": "http://docs.aws.amazon.com/AWSCloudFormation/latest/UserGuide/aws-resource-config-remediationconfiguration.html#cfn-config-remediationconfiguration-parameters",
          "PrimitiveType": "Json",
          "UpdateType": "Mutable"
        },
        "TargetType": {
          "Required": true,
          "Documentation": "http://docs.aws.amazon.com/AWSCloudFormation/latest/UserGuide/aws-resource-config-remediationconfiguration.html#cfn-config-remediationconfiguration-targettype",
          "PrimitiveType": "String",
          "UpdateType": "Mutable"
        },
        "ConfigRuleName": {
          "Required": true,
          "Documentation": "http://docs.aws.amazon.com/AWSCloudFormation/latest/UserGuide/aws-resource-config-remediationconfiguration.html#cfn-config-remediationconfiguration-configrulename",
          "PrimitiveType": "String",
          "UpdateType": "Immutable"
        },
        "ResourceType": {
          "Required": false,
          "Documentation": "http://docs.aws.amazon.com/AWSCloudFormation/latest/UserGuide/aws-resource-config-remediationconfiguration.html#cfn-config-remediationconfiguration-resourcetype",
          "PrimitiveType": "String",
          "UpdateType": "Mutable"
        },
        "RetryAttemptSeconds": {
          "Required": false,
          "Documentation": "http://docs.aws.amazon.com/AWSCloudFormation/latest/UserGuide/aws-resource-config-remediationconfiguration.html#cfn-config-remediationconfiguration-retryattemptseconds",
          "PrimitiveType": "Integer",
          "UpdateType": "Mutable"
        },
        "MaximumAutomaticAttempts": {
          "Required": false,
          "Documentation": "http://docs.aws.amazon.com/AWSCloudFormation/latest/UserGuide/aws-resource-config-remediationconfiguration.html#cfn-config-remediationconfiguration-maximumautomaticattempts",
          "PrimitiveType": "Integer",
          "UpdateType": "Mutable"
        },
        "TargetId": {
          "Required": true,
          "Documentation": "http://docs.aws.amazon.com/AWSCloudFormation/latest/UserGuide/aws-resource-config-remediationconfiguration.html#cfn-config-remediationconfiguration-targetid",
          "PrimitiveType": "String",
          "UpdateType": "Mutable"
        },
        "Automatic": {
          "Required": false,
          "Documentation": "http://docs.aws.amazon.com/AWSCloudFormation/latest/UserGuide/aws-resource-config-remediationconfiguration.html#cfn-config-remediationconfiguration-automatic",
          "PrimitiveType": "Boolean",
          "UpdateType": "Mutable"
        }
      }
    }
  },
  "ResourceSpecificationVersion": "114.0.0"
}