{
  "PropertyTypes": {
    "AWS::Config::OrganizationConfigRule.OrganizationManagedRuleMetadata": {
      "Documentation": "http://docs.aws.amazon.com/AWSCloudFormation/latest/UserGuide/aws-properties-config-organizationconfigrule-organizationmanagedrulemetadata.html",
      "Properties": {
        "TagKeyScope": {
          "Required": false,
          "Documentation": "http://docs.aws.amazon.com/AWSCloudFormation/latest/UserGuide/aws-properties-config-organizationconfigrule-organizationmanagedrulemetadata.html#cfn-config-organizationconfigrule-organizationmanagedrulemetadata-tagkeyscope",
          "PrimitiveType": "String",
          "UpdateType": "Mutable"
        },
        "TagValueScope": {
          "Required": false,
          "Documentation": "http://docs.aws.amazon.com/AWSCloudFormation/latest/UserGuide/aws-properties-config-organizationconfigrule-organizationmanagedrulemetadata.html#cfn-config-organizationconfigrule-organizationmanagedrulemetadata-tagvaluescope",
          "PrimitiveType": "String",
          "UpdateType": "Mutable"
        },
        "Description": {
          "Required": false,
          "Documentation": "http://docs.aws.amazon.com/AWSCloudFormation/latest/UserGuide/aws-properties-config-organizationconfigrule-organizationmanagedrulemetadata.html#cfn-config-organizationconfigrule-organizationmanagedrulemetadata-description",
          "PrimitiveType": "String",
          "UpdateType": "Mutable"
        },
        "ResourceIdScope": {
          "Required": false,
          "Documentation": "http://docs.aws.amazon.com/AWSCloudFormation/latest/UserGuide/aws-properties-config-organizationconfigrule-organizationmanagedrulemetadata.html#cfn-config-organizationconfigrule-organizationmanagedrulemetadata-resourceidscope",
          "PrimitiveType": "String",
          "UpdateType": "Mutable"
        },
        "RuleIdentifier": {
          "Required": true,
          "Documentation": "http://docs.aws.amazon.com/AWSCloudFormation/latest/UserGuide/aws-properties-config-organizationconfigrule-organizationmanagedrulemetadata.html#cfn-config-organizationconfigrule-organizationmanagedrulemetadata-ruleidentifier",
          "PrimitiveType": "String",
          "UpdateType": "Mutable"
        },
        "ResourceTypesScope": {
          "PrimitiveItemType": "String",
          "Type": "List",
          "Required": false,
          "Documentation": "http://docs.aws.amazon.com/AWSCloudFormation/latest/UserGuide/aws-properties-config-organizationconfigrule-organizationmanagedrulemetadata.html#cfn-config-organizationconfigrule-organizationmanagedrulemetadata-resourcetypesscope",
          "UpdateType": "Mutable"
        },
        "MaximumExecutionFrequency": {
          "Required": false,
          "Documentation": "http://docs.aws.amazon.com/AWSCloudFormation/latest/UserGuide/aws-properties-config-organizationconfigrule-organizationmanagedrulemetadata.html#cfn-config-organizationconfigrule-organizationmanagedrulemetadata-maximumexecutionfrequency",
          "PrimitiveType": "String",
          "UpdateType": "Mutable"
        },
        "InputParameters": {
          "Required": false,
          "Documentation": "http://docs.aws.amazon.com/AWSCloudFormation/latest/UserGuide/aws-properties-config-organizationconfigrule-organizationmanagedrulemetadata.html#cfn-config-organizationconfigrule-organizationmanagedrulemetadata-inputparameters",
          "PrimitiveType": "String",
          "UpdateType": "Mutable"
        }
      }
    },
    "AWS::Config::OrganizationConfigRule.OrganizationCustomRuleMetadata": {
      "Documentation": "http://docs.aws.amazon.com/AWSCloudFormation/latest/UserGuide/aws-properties-config-organizationconfigrule-organizationcustomrulemetadata.html",
      "Properties": {
        "TagKeyScope": {
          "Required": false,
          "Documentation": "http://docs.aws.amazon.com/AWSCloudFormation/latest/UserGuide/aws-properties-config-organizationconfigrule-organizationcustomrulemetadata.html#cfn-config-organizationconfigrule-organizationcustomrulemetadata-tagkeyscope",
          "PrimitiveType": "String",
          "UpdateType": "Mutable"
        },
        "TagValueScope": {
          "Required": false,
          "Documentation": "http://docs.aws.amazon.com/AWSCloudFormation/latest/UserGuide/aws-properties-config-organizationconfigrule-organizationcustomrulemetadata.html#cfn-config-organizationconfigrule-organizationcustomrulemetadata-tagvaluescope",
          "PrimitiveType": "String",
          "UpdateType": "Mutable"
        },
        "Description": {
          "Required": false,
          "Documentation": "http://docs.aws.amazon.com/AWSCloudFormation/latest/UserGuide/aws-properties-config-organizationconfigrule-organizationcustomrulemetadata.html#cfn-config-organizationconfigrule-organizationcustomrulemetadata-description",
          "PrimitiveType": "String",
          "UpdateType": "Mutable"
        },
        "ResourceIdScope": {
          "Required": false,
          "Documentation": "http://docs.aws.amazon.com/AWSCloudFormation/latest/UserGuide/aws-properties-config-organizationconfigrule-organizationcustomrulemetadata.html#cfn-config-organizationconfigrule-organizationcustomrulemetadata-resourceidscope",
          "PrimitiveType": "String",
          "UpdateType": "Mutable"
        },
        "LambdaFunctionArn": {
          "Required": true,
          "Documentation": "http://docs.aws.amazon.com/AWSCloudFormation/latest/UserGuide/aws-properties-config-organizationconfigrule-organizationcustomrulemetadata.html#cfn-config-organizationconfigrule-organizationcustomrulemetadata-lambdafunctionarn",
          "PrimitiveType": "String",
          "UpdateType": "Mutable"
        },
        "OrganizationConfigRuleTriggerTypes": {
          "PrimitiveItemType": "String",
          "Type": "List",
          "Required": true,
          "Documentation": "http://docs.aws.amazon.com/AWSCloudFormation/latest/UserGuide/aws-properties-config-organizationconfigrule-organizationcustomrulemetadata.html#cfn-config-organizationconfigrule-organizationcustomrulemetadata-organizationconfigruletriggertypes",
          "UpdateType": "Mutable"
        },
        "ResourceTypesScope": {
          "PrimitiveItemType": "String",
          "Type": "List",
          "Required": false,
          "Documentation": "http://docs.aws.amazon.com/AWSCloudFormation/latest/UserGuide/aws-properties-config-organizationconfigrule-organizationcustomrulemetadata.html#cfn-config-organizationconfigrule-organizationcustomrulemetadata-resourcetypesscope",
          "UpdateType": "Mutable"
        },
        "MaximumExecutionFrequency": {
          "Required": false,
          "Documentation": "http://docs.aws.amazon.com/AWSCloudFormation/latest/UserGuide/aws-properties-config-organizationconfigrule-organizationcustomrulemetadata.html#cfn-config-organizationconfigrule-organizationcustomrulemetadata-maximumexecutionfrequency",
          "PrimitiveType": "String",
          "UpdateType": "Mutable"
        },
        "InputParameters": {
          "Required": false,
          "Documentation": "http://docs.aws.amazon.com/AWSCloudFormation/latest/UserGuide/aws-properties-config-organizationconfigrule-organizationcustomrulemetadata.html#cfn-config-organizationconfigrule-organizationcustomrulemetadata-inputparameters",
          "PrimitiveType": "String",
          "UpdateType": "Mutable"
        }
      }
    },
    "AWS::Config::OrganizationConfigRule.OrganizationCustomPolicyRuleMetadata": {
      "Documentation": "http://docs.aws.amazon.com/AWSCloudFormation/latest/UserGuide/aws-properties-config-organizationconfigrule-organizationcustompolicyrulemetadata.html",
      "Properties": {
        "TagKeyScope": {
          "Required": false,
          "Documentation": "http://docs.aws.amazon.com/AWSCloudFormation/latest/UserGuide/aws-properties-config-organizationconfigrule-organizationcustompolicyrulemetadata.html#cfn-config-organizationconfigrule-organizationcustompolicyrulemetadata-tagkeyscope",
          "PrimitiveType": "String",
          "UpdateType": "Mutable"
        },
        "TagValueScope": {
          "Required": false,
          "Documentation": "http://docs.aws.amazon.com/AWSCloudFormation/latest/UserGuide/aws-properties-config-organizationconfigrule-organizationcustompolicyrulemetadata.html#cfn-config-organizationconfigrule-organizationcustompolicyrulemetadata-tagvaluescope",
          "PrimitiveType": "String",
          "UpdateType": "Mutable"
        },
        "Runtime": {
          "Required": true,
          "Documentation": "http://docs.aws.amazon.com/AWSCloudFormation/latest/UserGuide/aws-properties-config-organizationconfigrule-organizationcustompolicyrulemetadata.html#cfn-config-organizationconfigrule-organizationcustompolicyrulemetadata-runtime",
          "PrimitiveType": "String",
          "UpdateType": "Mutable"
        },
        "PolicyText": {
          "Required": true,
          "Documentation": "http://docs.aws.amazon.com/AWSCloudFormation/latest/UserGuide/aws-properties-config-organizationconfigrule-organizationcustompolicyrulemetadata.html#cfn-config-organizationconfigrule-organizationcustompolicyrulemetadata-policytext",
          "PrimitiveType": "String",
          "UpdateType": "Mutable"
        },
        "Description": {
          "Required": false,
          "Documentation": "http://docs.aws.amazon.com/AWSCloudFormation/latest/UserGuide/aws-properties-config-organizationconfigrule-organizationcustompolicyrulemetadata.html#cfn-config-organizationconfigrule-organizationcustompolicyrulemetadata-description",
          "PrimitiveType": "String",
          "UpdateType": "Mutable"
        },
        "ResourceIdScope": {
          "Required": false,
          "Documentation": "http://docs.aws.amazon.com/AWSCloudFormation/latest/UserGuide/aws-properties-config-organizationconfigrule-organizationcustompolicyrulemetadata.html#cfn-config-organizationconfigrule-organizationcustompolicyrulemetadata-resourceidscope",
          "PrimitiveType": "String",
          "UpdateType": "Mutable"
        },
        "OrganizationConfigRuleTriggerTypes": {
          "PrimitiveItemType": "String",
          "Type": "List",
          "Required": false,
          "Documentation": "http://docs.aws.amazon.com/AWSCloudFormation/latest/UserGuide/aws-properties-config-organizationconfigrule-organizationcustompolicyrulemetadata.html#cfn-config-organizationconfigrule-organizationcustompolicyrulemetadata-organizationconfigruletriggertypes",
          "UpdateType": "Mutable"
        },
        "DebugLogDeliveryAccounts": {
          "PrimitiveItemType": "String",
          "Type": "List",
          "Required": false,
          "Documentation": "http://docs.aws.amazon.com/AWSCloudFormation/latest/UserGuide/aws-properties-config-organizationconfigrule-organizationcustompolicyrulemetadata.html#cfn-config-organizationconfigrule-organizationcustompolicyrulemetadata-debuglogdeliveryaccounts",
          "UpdateType": "Mutable"
        },
        "ResourceTypesScope": {
          "PrimitiveItemType": "String",
          "Type": "List",
          "Required": false,
          "Documentation": "http://docs.aws.amazon.com/AWSCloudFormation/latest/UserGuide/aws-properties-config-organizationconfigrule-organizationcustompolicyrulemetadata.html#cfn-config-organizationconfigrule-organizationcustompolicyrulemetadata-resourcetypesscope",
          "UpdateType": "Mutable"
        },
        "MaximumExecutionFrequency": {
          "Required": false,
          "Documentation": "http://docs.aws.amazon.com/AWSCloudFormation/latest/UserGuide/aws-properties-config-organizationconfigrule-organizationcustompolicyrulemetadata.html#cfn-config-organizationconfigrule-organizationcustompolicyrulemetadata-maximumexecutionfrequency",
          "PrimitiveType": "String",
          "UpdateType": "Mutable"
        },
        "InputParameters": {
          "Required": false,
          "Documentation": "http://docs.aws.amazon.com/AWSCloudFormation/latest/UserGuide/aws-properties-config-organizationconfigrule-organizationcustompolicyrulemetadata.html#cfn-config-organizationconfigrule-organizationcustompolicyrulemetadata-inputparameters",
          "PrimitiveType": "String",
          "UpdateType": "Mutable"
        }
      }
    }
  },
  "ResourceType": {
    "AWS::Config::OrganizationConfigRule": {
      "Documentation": "http://docs.aws.amazon.com/AWSCloudFormation/latest/UserGuide/aws-resource-config-organizationconfigrule.html",
      "Properties": {
        "OrganizationManagedRuleMetadata": {
          "Type": "OrganizationManagedRuleMetadata",
          "Required": false,
          "Documentation": "http://docs.aws.amazon.com/AWSCloudFormation/latest/UserGuide/aws-resource-config-organizationconfigrule.html#cfn-config-organizationconfigrule-organizationmanagedrulemetadata",
          "UpdateType": "Mutable"
        },
        "OrganizationConfigRuleName": {
          "Required": true,
          "Documentation": "http://docs.aws.amazon.com/AWSCloudFormation/latest/UserGuide/aws-resource-config-organizationconfigrule.html#cfn-config-organizationconfigrule-organizationconfigrulename",
          "PrimitiveType": "String",
          "UpdateType": "Immutable"
        },
        "OrganizationCustomRuleMetadata": {
          "Type": "OrganizationCustomRuleMetadata",
          "Required": false,
          "Documentation": "http://docs.aws.amazon.com/AWSCloudFormation/latest/UserGuide/aws-resource-config-organizationconfigrule.html#cfn-config-organizationconfigrule-organizationcustomrulemetadata",
          "UpdateType": "Mutable"
        },
        "ExcludedAccounts": {
          "PrimitiveItemType": "String",
          "Type": "List",
          "Required": false,
          "Documentation": "http://docs.aws.amazon.com/AWSCloudFormation/latest/UserGuide/aws-resource-config-organizationconfigrule.html#cfn-config-organizationconfigrule-excludedaccounts",
          "UpdateType": "Mutable"
        },
        "OrganizationCustomPolicyRuleMetadata": {
          "Type": "OrganizationCustomPolicyRuleMetadata",
          "Required": false,
          "Documentation": "http://docs.aws.amazon.com/AWSCloudFormation/latest/UserGuide/aws-resource-config-organizationconfigrule.html#cfn-config-organizationconfigrule-organizationcustompolicyrulemetadata",
          "UpdateType": "Mutable"
        }
      }
    }
  },
  "ResourceSpecificationVersion": "114.0.0"
}