{
  "PropertyTypes": {
    "AWS::DataSync::Task.FilterRule": {
      "Documentation": "http://docs.aws.amazon.com/AWSCloudFormation/latest/UserGuide/aws-properties-datasync-task-filterrule.html",
      "Properties": {
        "FilterType": {
          "Documentation": "http://docs.aws.amazon.com/AWSCloudFormation/latest/UserGuide/aws-properties-datasync-task-filterrule.html#cfn-datasync-task-filterrule-filtertype",
          "UpdateType": "Mutable",
          "Required": false,
          "PrimitiveType": "String"
        },
        "Value": {
          "Documentation": "http://docs.aws.amazon.com/AWSCloudFormation/latest/UserGuide/aws-properties-datasync-task-filterrule.html#cfn-datasync-task-filterrule-value",
          "UpdateType": "Mutable",
          "Required": false,
          "PrimitiveType": "String"
        }
      }
    },
    "AWS::DataSync::Task.TaskSchedule": {
      "Documentation": "http://docs.aws.amazon.com/AWSCloudFormation/latest/UserGuide/aws-properties-datasync-task-taskschedule.html",
      "Properties": {
        "ScheduleExpression": {
          "Documentation": "http://docs.aws.amazon.com/AWSCloudFormation/latest/UserGuide/aws-properties-datasync-task-taskschedule.html#cfn-datasync-task-taskschedule-scheduleexpression",
          "UpdateType": "Mutable",
          "Required": true,
          "PrimitiveType": "String"
        }
      }
    },
    "Tag": {
      "Documentation": "http://docs.aws.amazon.com/AWSCloudFormation/latest/UserGuide/aws-properties-resource-tags.html",
      "Properties": {
        "Value": {
          "Documentation": "http://docs.aws.amazon.com/AWSCloudFormation/latest/UserGuide/aws-properties-resource-tags.html#cfn-resource-tags-value",
          "UpdateType": "Mutable",
          "Required": true,
          "PrimitiveType": "String"
        },
        "Key": {
          "Documentation": "http://docs.aws.amazon.com/AWSCloudFormation/latest/UserGuide/aws-properties-resource-tags.html#cfn-resource-tags-key",
          "UpdateType": "Mutable",
          "Required": true,
          "PrimitiveType": "String"
        }
      }
    },
    "AWS::DataSync::Task.Options": {
      "Documentation": "http://docs.aws.amazon.com/AWSCloudFormation/latest/UserGuide/aws-properties-datasync-task-options.html",
      "Properties": {
        "VerifyMode": {
          "Documentation": "http://docs.aws.amazon.com/AWSCloudFormation/latest/UserGuide/aws-properties-datasync-task-options.html#cfn-datasync-task-options-verifymode",
          "UpdateType": "Mutable",
          "Required": false,
          "PrimitiveType": "String"
        },
        "Gid": {
          "Documentation": "http://docs.aws.amazon.com/AWSCloudFormation/latest/UserGuide/aws-properties-datasync-task-options.html#cfn-datasync-task-options-gid",
          "UpdateType": "Mutable",
          "Required": false,
          "PrimitiveType": "String"
        },
        "Atime": {
          "Documentation": "http://docs.aws.amazon.com/AWSCloudFormation/latest/UserGuide/aws-properties-datasync-task-options.html#cfn-datasync-task-options-atime",
          "UpdateType": "Mutable",
          "Required": false,
          "PrimitiveType": "String"
        },
        "OverwriteMode": {
          "Documentation": "http://docs.aws.amazon.com/AWSCloudFormation/latest/UserGuide/aws-properties-datasync-task-options.html#cfn-datasync-task-options-overwritemode",
          "UpdateType": "Mutable",
          "Required": false,
          "PrimitiveType": "String"
        },
        "PreserveDevices": {
          "Documentation": "http://docs.aws.amazon.com/AWSCloudFormation/latest/UserGuide/aws-properties-datasync-task-options.html#cfn-datasync-task-options-preservedevices",
          "UpdateType": "Mutable",
          "Required": false,
          "PrimitiveType": "String"
        },
        "Mtime": {
          "Documentation": "http://docs.aws.amazon.com/AWSCloudFormation/latest/UserGuide/aws-properties-datasync-task-options.html#cfn-datasync-task-options-mtime",
          "UpdateType": "Mutable",
          "Required": false,
          "PrimitiveType": "String"
        },
        "TaskQueueing": {
          "Documentation": "http://docs.aws.amazon.com/AWSCloudFormation/latest/UserGuide/aws-properties-datasync-task-options.html#cfn-datasync-task-options-taskqueueing",
          "UpdateType": "Mutable",
          "Required": false,
          "PrimitiveType": "String"
        },
        "TransferMode": {
          "Documentation": "http://docs.aws.amazon.com/AWSCloudFormation/latest/UserGuide/aws-properties-datasync-task-options.html#cfn-datasync-task-options-transfermode",
          "UpdateType": "Mutable",
          "Required": false,
          "PrimitiveType": "String"
        },
        "LogLevel": {
          "Documentation": "http://docs.aws.amazon.com/AWSCloudFormation/latest/UserGuide/aws-properties-datasync-task-options.html#cfn-datasync-task-options-loglevel",
          "UpdateType": "Mutable",
          "Required": false,
          "PrimitiveType": "String"
        },
        "ObjectTags": {
          "Documentation": "http://docs.aws.amazon.com/AWSCloudFormation/latest/UserGuide/aws-properties-datasync-task-options.html#cfn-datasync-task-options-objecttags",
          "UpdateType": "Mutable",
          "Required": false,
          "PrimitiveType": "String"
        },
        "Uid": {
          "Documentation": "http://docs.aws.amazon.com/AWSCloudFormation/latest/UserGuide/aws-properties-datasync-task-options.html#cfn-datasync-task-options-uid",
          "UpdateType": "Mutable",
          "Required": false,
          "PrimitiveType": "String"
        },
        "BytesPerSecond": {
          "Documentation": "http://docs.aws.amazon.com/AWSCloudFormation/latest/UserGuide/aws-properties-datasync-task-options.html#cfn-datasync-task-options-bytespersecond",
          "UpdateType": "Mutable",
          "Required": false,
          "PrimitiveType": "Integer"
        },
        "PosixPermissions": {
          "Documentation": "http://docs.aws.amazon.com/AWSCloudFormation/latest/UserGuide/aws-properties-datasync-task-options.html#cfn-datasync-task-options-posixpermissions",
          "UpdateType": "Mutable",
          "Required": false,
          "PrimitiveType": "String"
        },
        "PreserveDeletedFiles": {
          "Documentation": "http://docs.aws.amazon.com/AWSCloudFormation/latest/UserGuide/aws-properties-datasync-task-options.html#cfn-datasync-task-options-preservedeletedfiles",
          "UpdateType": "Mutable",
          "Required": false,
          "PrimitiveType": "String"
        },
        "SecurityDescriptorCopyFlags": {
          "Documentation": "http://docs.aws.amazon.com/AWSCloudFormation/latest/UserGuide/aws-properties-datasync-task-options.html#cfn-datasync-task-options-securitydescriptorcopyflags",
          "UpdateType": "Mutable",
          "Required": false,
          "PrimitiveType": "String"
        }
      }
    }
  },
  "ResourceType": {
    "AWS::DataSync::Task": {
      "Documentation": "http://docs.aws.amazon.com/AWSCloudFormation/latest/UserGuide/aws-resource-datasync-task.html",
      "Properties": {
        "Includes": {
          "Documentation": "http://docs.aws.amazon.com/AWSCloudFormation/latest/UserGuide/aws-resource-datasync-task.html#cfn-datasync-task-includes",
          "UpdateType": "Mutable",
          "Required": false,
          "Type": "List",
          "ItemType": "FilterRule",
          "DuplicatesAllowed": true
        },
        "DestinationLocationArn": {
          "Documentation": "http://docs.aws.amazon.com/AWSCloudFormation/latest/UserGuide/aws-resource-datasync-task.html#cfn-datasync-task-destinationlocationarn",
          "UpdateType": "Immutable",
          "Required": true,
          "PrimitiveType": "String"
        },
        "Options": {
          "Documentation": "http://docs.aws.amazon.com/AWSCloudFormation/latest/UserGuide/aws-resource-datasync-task.html#cfn-datasync-task-options",
          "UpdateType": "Mutable",
          "Required": false,
          "Type": "Options"
        },
        "Schedule": {
          "Documentation": "http://docs.aws.amazon.com/AWSCloudFormation/latest/UserGuide/aws-resource-datasync-task.html#cfn-datasync-task-schedule",
          "UpdateType": "Mutable",
          "Required": false,
          "Type": "TaskSchedule"
        },
        "CloudWatchLogGroupArn": {
          "Documentation": "http://docs.aws.amazon.com/AWSCloudFormation/latest/UserGuide/aws-resource-datasync-task.html#cfn-datasync-task-cloudwatchloggrouparn",
          "UpdateType": "Mutable",
          "Required": false,
          "PrimitiveType": "String"
        },
        "SourceLocationArn": {
          "Documentation": "http://docs.aws.amazon.com/AWSCloudFormation/latest/UserGuide/aws-resource-datasync-task.html#cfn-datasync-task-sourcelocationarn",
          "UpdateType": "Immutable",
          "Required": true,
          "PrimitiveType": "String"
        },
        "Excludes": {
          "Documentation": "http://docs.aws.amazon.com/AWSCloudFormation/latest/UserGuide/aws-resource-datasync-task.html#cfn-datasync-task-excludes",
          "UpdateType": "Mutable",
          "Required": false,
          "Type": "List",
          "ItemType": "FilterRule",
          "DuplicatesAllowed": true
        },
        "Tags": {
          "Documentation": "http://docs.aws.amazon.com/AWSCloudFormation/latest/UserGuide/aws-resource-datasync-task.html#cfn-datasync-task-tags",
          "UpdateType": "Mutable",
          "Required": false,
          "Type": "List",
          "ItemType": "Tag",
          "DuplicatesAllowed": false
        },
        "Name": {
          "Documentation": "http://docs.aws.amazon.com/AWSCloudFormation/latest/UserGuide/aws-resource-datasync-task.html#cfn-datasync-task-name",
          "UpdateType": "Mutable",
          "Required": false,
          "PrimitiveType": "String"
        }
      },
      "Attributes": {
        "Status": {
          "PrimitiveType": "String"
        },
        "SourceNetworkInterfaceArns": {
          "Type": "List",
          "PrimitiveItemType": "String"
        },
        "DestinationNetworkInterfaceArns": {
          "Type": "List",
          "PrimitiveItemType": "String"
        },
        "TaskArn": {
          "PrimitiveType": "String"
        }
      }
    }
  },
  "ResourceSpecificationVersion": "114.0.0"
}