{
  "PropertyTypes": {
    "AWS::DataBrew::Ruleset.Threshold": {
      "Documentation": "http://docs.aws.amazon.com/AWSCloudFormation/latest/UserGuide/aws-properties-databrew-ruleset-threshold.html",
      "Properties": {
        "Type": {
          "Documentation": "http://docs.aws.amazon.com/AWSCloudFormation/latest/UserGuide/aws-properties-databrew-ruleset-threshold.html#cfn-databrew-ruleset-threshold-type",
          "UpdateType": "Mutable",
          "Required": false,
          "PrimitiveType": "String"
        },
        "Value": {
          "Documentation": "http://docs.aws.amazon.com/AWSCloudFormation/latest/UserGuide/aws-properties-databrew-ruleset-threshold.html#cfn-databrew-ruleset-threshold-value",
          "UpdateType": "Mutable",
          "Required": true,
          "PrimitiveType": "Double"
        },
        "Unit": {
          "Documentation": "http://docs.aws.amazon.com/AWSCloudFormation/latest/UserGuide/aws-properties-databrew-ruleset-threshold.html#cfn-databrew-ruleset-threshold-unit",
          "UpdateType": "Mutable",
          "Required": false,
          "PrimitiveType": "String"
        }
      }
    },
    "AWS::DataBrew::Ruleset.ColumnSelector": {
      "Documentation": "http://docs.aws.amazon.com/AWSCloudFormation/latest/UserGuide/aws-properties-databrew-ruleset-columnselector.html",
      "Properties": {
        "Regex": {
          "Documentation": "http://docs.aws.amazon.com/AWSCloudFormation/latest/UserGuide/aws-properties-databrew-ruleset-columnselector.html#cfn-databrew-ruleset-columnselector-regex",
          "UpdateType": "Mutable",
          "Required": false,
          "PrimitiveType": "String"
        },
        "Name": {
          "Documentation": "http://docs.aws.amazon.com/AWSCloudFormation/latest/UserGuide/aws-properties-databrew-ruleset-columnselector.html#cfn-databrew-ruleset-columnselector-name",
          "UpdateType": "Mutable",
          "Required": false,
          "PrimitiveType": "String"
        }
      }
    },
    "AWS::DataBrew::Ruleset.SubstitutionValue": {
      "Documentation": "http://docs.aws.amazon.com/AWSCloudFormation/latest/UserGuide/aws-properties-databrew-ruleset-substitutionvalue.html",
      "Properties": {
        "Value": {
          "Documentation": "http://docs.aws.amazon.com/AWSCloudFormation/latest/UserGuide/aws-properties-databrew-ruleset-substitutionvalue.html#cfn-databrew-ruleset-substitutionvalue-value",
          "UpdateType": "Mutable",
          "Required": true,
          "PrimitiveType": "String"
        },
        "ValueReference": {
          "Documentation": "http://docs.aws.amazon.com/AWSCloudFormation/latest/UserGuide/aws-properties-databrew-ruleset-substitutionvalue.html#cfn-databrew-ruleset-substitutionvalue-valuereference",
          "UpdateType": "Mutable",
          "Required": true,
          "PrimitiveType": "String"
        }
      }
    },
    "Tag": {
      "Documentation": "http://docs.aws.amazon.com/AWSCloudFormation/latest/UserGuide/aws-properties-resource-tags.html",
      "Properties": {
        "Value": {
          "Documentation": "http://docs.aws.amazon.com/AWSCloudFormation/latest/UserGuide/aws-properties-resource-tags.html#cfn-resource-tags-value",
          "UpdateType": "Mutable",
          "Required": true,
          "PrimitiveType": "String"
        },
        "Key": {
          "Documentation": "http://docs.aws.amazon.com/AWSCloudFormation/latest/UserGuide/aws-properties-resource-tags.html#cfn-resource-tags-key",
          "UpdateType": "Mutable",
          "Required": true,
          "PrimitiveType": "String"
        }
      }
    },
    "AWS::DataBrew::Ruleset.Rule": {
      "Documentation": "http://docs.aws.amazon.com/AWSCloudFormation/latest/UserGuide/aws-properties-databrew-ruleset-rule.html",
      "Properties": {
        "ColumnSelectors": {
          "Documentation": "http://docs.aws.amazon.com/AWSCloudFormation/latest/UserGuide/aws-properties-databrew-ruleset-rule.html#cfn-databrew-ruleset-rule-columnselectors",
          "UpdateType": "Mutable",
          "Required": false,
          "Type": "List",
          "ItemType": "ColumnSelector",
          "DuplicatesAllowed": true
        },
        "Disabled": {
          "Documentation": "http://docs.aws.amazon.com/AWSCloudFormation/latest/UserGuide/aws-properties-databrew-ruleset-rule.html#cfn-databrew-ruleset-rule-disabled",
          "UpdateType": "Mutable",
          "Required": false,
          "PrimitiveType": "Boolean"
        },
        "SubstitutionMap": {
          "Documentation": "http://docs.aws.amazon.com/AWSCloudFormation/latest/UserGuide/aws-properties-databrew-ruleset-rule.html#cfn-databrew-ruleset-rule-substitutionmap",
          "UpdateType": "Mutable",
          "Required": false,
          "Type": "List",
          "ItemType": "SubstitutionValue",
          "DuplicatesAllowed": true
        },
        "Name": {
          "Documentation": "http://docs.aws.amazon.com/AWSCloudFormation/latest/UserGuide/aws-properties-databrew-ruleset-rule.html#cfn-databrew-ruleset-rule-name",
          "UpdateType": "Mutable",
          "Required": true,
          "PrimitiveType": "String"
        },
        "CheckExpression": {
          "Documentation": "http://docs.aws.amazon.com/AWSCloudFormation/latest/UserGuide/aws-properties-databrew-ruleset-rule.html#cfn-databrew-ruleset-rule-checkexpression",
          "UpdateType": "Mutable",
          "Required": true,
          "PrimitiveType": "String"
        },
        "Threshold": {
          "Documentation": "http://docs.aws.amazon.com/AWSCloudFormation/latest/UserGuide/aws-properties-databrew-ruleset-rule.html#cfn-databrew-ruleset-rule-threshold",
          "UpdateType": "Mutable",
          "Required": false,
          "Type": "Threshold"
        }
      }
    }
  },
  "ResourceType": {
    "AWS::DataBrew::Ruleset": {
      "Documentation": "http://docs.aws.amazon.com/AWSCloudFormation/latest/UserGuide/aws-resource-databrew-ruleset.html",
      "Properties": {
        "Description": {
          "Documentation": "http://docs.aws.amazon.com/AWSCloudFormation/latest/UserGuide/aws-resource-databrew-ruleset.html#cfn-databrew-ruleset-description",
          "UpdateType": "Mutable",
          "Required": false,
          "PrimitiveType": "String"
        },
        "TargetArn": {
          "Documentation": "http://docs.aws.amazon.com/AWSCloudFormation/latest/UserGuide/aws-resource-databrew-ruleset.html#cfn-databrew-ruleset-targetarn",
          "UpdateType": "Immutable",
          "Required": true,
          "PrimitiveType": "String"
        },
        "Rules": {
          "Documentation": "http://docs.aws.amazon.com/AWSCloudFormation/latest/UserGuide/aws-resource-databrew-ruleset.html#cfn-databrew-ruleset-rules",
          "UpdateType": "Mutable",
          "Required": true,
          "Type": "List",
          "ItemType": "Rule",
          "DuplicatesAllowed": true
        },
        "Tags": {
          "Documentation": "http://docs.aws.amazon.com/AWSCloudFormation/latest/UserGuide/aws-resource-databrew-ruleset.html#cfn-databrew-ruleset-tags",
          "UpdateType": "Mutable",
          "Required": false,
          "Type": "List",
          "ItemType": "Tag",
          "DuplicatesAllowed": true
        },
        "Name": {
          "Documentation": "http://docs.aws.amazon.com/AWSCloudFormation/latest/UserGuide/aws-resource-databrew-ruleset.html#cfn-databrew-ruleset-name",
          "UpdateType": "Immutable",
          "Required": true,
          "PrimitiveType": "String"
        }
      }
    }
  },
  "ResourceSpecificationVersion": "114.0.0"
}