{
  "PropertyTypes": {
    "AWS::DataSync::LocationS3.S3Config": {
      "Documentation": "http://docs.aws.amazon.com/AWSCloudFormation/latest/UserGuide/aws-properties-datasync-locations3-s3config.html",
      "Properties": {
        "BucketAccessRoleArn": {
          "Documentation": "http://docs.aws.amazon.com/AWSCloudFormation/latest/UserGuide/aws-properties-datasync-locations3-s3config.html#cfn-datasync-locations3-s3config-bucketaccessrolearn",
          "UpdateType": "Immutable",
          "Required": true,
          "PrimitiveType": "String"
        }
      }
    },
    "Tag": {
      "Documentation": "http://docs.aws.amazon.com/AWSCloudFormation/latest/UserGuide/aws-properties-resource-tags.html",
      "Properties": {
        "Value": {
          "Documentation": "http://docs.aws.amazon.com/AWSCloudFormation/latest/UserGuide/aws-properties-resource-tags.html#cfn-resource-tags-value",
          "UpdateType": "Mutable",
          "Required": true,
          "PrimitiveType": "String"
        },
        "Key": {
          "Documentation": "http://docs.aws.amazon.com/AWSCloudFormation/latest/UserGuide/aws-properties-resource-tags.html#cfn-resource-tags-key",
          "UpdateType": "Mutable",
          "Required": true,
          "PrimitiveType": "String"
        }
      }
    }
  },
  "ResourceType": {
    "AWS::DataSync::LocationS3": {
      "Documentation": "http://docs.aws.amazon.com/AWSCloudFormation/latest/UserGuide/aws-resource-datasync-locations3.html",
      "Properties": {
        "S3StorageClass": {
          "Documentation": "http://docs.aws.amazon.com/AWSCloudFormation/latest/UserGuide/aws-resource-datasync-locations3.html#cfn-datasync-locations3-s3storageclass",
          "UpdateType": "Immutable",
          "Required": false,
          "PrimitiveType": "String"
        },
        "S3Config": {
          "Documentation": "http://docs.aws.amazon.com/AWSCloudFormation/latest/UserGuide/aws-resource-datasync-locations3.html#cfn-datasync-locations3-s3config",
          "UpdateType": "Immutable",
          "Required": true,
          "Type": "S3Config"
        },
        "Subdirectory": {
          "Documentation": "http://docs.aws.amazon.com/AWSCloudFormation/latest/UserGuide/aws-resource-datasync-locations3.html#cfn-datasync-locations3-subdirectory",
          "UpdateType": "Immutable",
          "Required": false,
          "PrimitiveType": "String"
        },
        "S3BucketArn": {
          "Documentation": "http://docs.aws.amazon.com/AWSCloudFormation/latest/UserGuide/aws-resource-datasync-locations3.html#cfn-datasync-locations3-s3bucketarn",
          "UpdateType": "Immutable",
          "Required": false,
          "PrimitiveType": "String"
        },
        "Tags": {
          "Documentation": "http://docs.aws.amazon.com/AWSCloudFormation/latest/UserGuide/aws-resource-datasync-locations3.html#cfn-datasync-locations3-tags",
          "UpdateType": "Mutable",
          "Required": false,
          "Type": "List",
          "ItemType": "Tag",
          "DuplicatesAllowed": false
        }
      },
      "Attributes": {
        "LocationUri": {
          "PrimitiveType": "String"
        },
        "LocationArn": {
          "PrimitiveType": "String"
        }
      }
    }
  },
  "ResourceSpecificationVersion": "114.0.0"
}