{
  "ResourceType": {
    "AWS::DAX::ParameterGroup": {
      "Documentation": "http://docs.aws.amazon.com/AWSCloudFormation/latest/UserGuide/aws-resource-dax-parametergroup.html",
      "Properties": {
        "ParameterNameValues": {
          "Required": false,
          "Documentation": "http://docs.aws.amazon.com/AWSCloudFormation/latest/UserGuide/aws-resource-dax-parametergroup.html#cfn-dax-parametergroup-parameternamevalues",
          "PrimitiveType": "Json",
          "UpdateType": "Mutable"
        },
        "Description": {
          "Required": false,
          "Documentation": "http://docs.aws.amazon.com/AWSCloudFormation/latest/UserGuide/aws-resource-dax-parametergroup.html#cfn-dax-parametergroup-description",
          "PrimitiveType": "String",
          "UpdateType": "Mutable"
        },
        "ParameterGroupName": {
          "Required": false,
          "Documentation": "http://docs.aws.amazon.com/AWSCloudFormation/latest/UserGuide/aws-resource-dax-parametergroup.html#cfn-dax-parametergroup-parametergroupname",
          "PrimitiveType": "String",
          "UpdateType": "Immutable"
        }
      }
    }
  },
  "ResourceSpecificationVersion": "114.0.0"
}