{
  "PropertyTypes": {
    "AWS::DLM::LifecyclePolicy.CrossRegionCopyAction": {
      "Documentation": "http://docs.aws.amazon.com/AWSCloudFormation/latest/UserGuide/aws-properties-dlm-lifecyclepolicy-crossregioncopyaction.html",
      "Properties": {
        "Target": {
          "Required": true,
          "Documentation": "http://docs.aws.amazon.com/AWSCloudFormation/latest/UserGuide/aws-properties-dlm-lifecyclepolicy-crossregioncopyaction.html#cfn-dlm-lifecyclepolicy-crossregioncopyaction-target",
          "PrimitiveType": "String",
          "UpdateType": "Mutable"
        },
        "EncryptionConfiguration": {
          "Type": "EncryptionConfiguration",
          "Required": true,
          "Documentation": "http://docs.aws.amazon.com/AWSCloudFormation/latest/UserGuide/aws-properties-dlm-lifecyclepolicy-crossregioncopyaction.html#cfn-dlm-lifecyclepolicy-crossregioncopyaction-encryptionconfiguration",
          "UpdateType": "Mutable"
        },
        "RetainRule": {
          "Type": "CrossRegionCopyRetainRule",
          "Required": false,
          "Documentation": "http://docs.aws.amazon.com/AWSCloudFormation/latest/UserGuide/aws-properties-dlm-lifecyclepolicy-crossregioncopyaction.html#cfn-dlm-lifecyclepolicy-crossregioncopyaction-retainrule",
          "UpdateType": "Mutable"
        }
      }
    },
    "AWS::DLM::LifecyclePolicy.CrossRegionCopyRetainRule": {
      "Documentation": "http://docs.aws.amazon.com/AWSCloudFormation/latest/UserGuide/aws-properties-dlm-lifecyclepolicy-crossregioncopyretainrule.html",
      "Properties": {
        "IntervalUnit": {
          "Required": true,
          "Documentation": "http://docs.aws.amazon.com/AWSCloudFormation/latest/UserGuide/aws-properties-dlm-lifecyclepolicy-crossregioncopyretainrule.html#cfn-dlm-lifecyclepolicy-crossregioncopyretainrule-intervalunit",
          "PrimitiveType": "String",
          "UpdateType": "Mutable"
        },
        "Interval": {
          "Required": true,
          "Documentation": "http://docs.aws.amazon.com/AWSCloudFormation/latest/UserGuide/aws-properties-dlm-lifecyclepolicy-crossregioncopyretainrule.html#cfn-dlm-lifecyclepolicy-crossregioncopyretainrule-interval",
          "PrimitiveType": "Integer",
          "UpdateType": "Mutable"
        }
      }
    },
    "AWS::DLM::LifecyclePolicy.EncryptionConfiguration": {
      "Documentation": "http://docs.aws.amazon.com/AWSCloudFormation/latest/UserGuide/aws-properties-dlm-lifecyclepolicy-encryptionconfiguration.html",
      "Properties": {
        "Encrypted": {
          "Required": true,
          "Documentation": "http://docs.aws.amazon.com/AWSCloudFormation/latest/UserGuide/aws-properties-dlm-lifecyclepolicy-encryptionconfiguration.html#cfn-dlm-lifecyclepolicy-encryptionconfiguration-encrypted",
          "PrimitiveType": "Boolean",
          "UpdateType": "Mutable"
        },
        "CmkArn": {
          "Required": false,
          "Documentation": "http://docs.aws.amazon.com/AWSCloudFormation/latest/UserGuide/aws-properties-dlm-lifecyclepolicy-encryptionconfiguration.html#cfn-dlm-lifecyclepolicy-encryptionconfiguration-cmkarn",
          "PrimitiveType": "String",
          "UpdateType": "Mutable"
        }
      }
    },
    "AWS::DLM::LifecyclePolicy.ShareRule": {
      "Documentation": "http://docs.aws.amazon.com/AWSCloudFormation/latest/UserGuide/aws-properties-dlm-lifecyclepolicy-sharerule.html",
      "Properties": {
        "TargetAccounts": {
          "PrimitiveItemType": "String",
          "Type": "List",
          "Required": false,
          "Documentation": "http://docs.aws.amazon.com/AWSCloudFormation/latest/UserGuide/aws-properties-dlm-lifecyclepolicy-sharerule.html#cfn-dlm-lifecyclepolicy-sharerule-targetaccounts",
          "UpdateType": "Mutable"
        },
        "UnshareIntervalUnit": {
          "Required": false,
          "Documentation": "http://docs.aws.amazon.com/AWSCloudFormation/latest/UserGuide/aws-properties-dlm-lifecyclepolicy-sharerule.html#cfn-dlm-lifecyclepolicy-sharerule-unshareintervalunit",
          "PrimitiveType": "String",
          "UpdateType": "Mutable"
        },
        "UnshareInterval": {
          "Required": false,
          "Documentation": "http://docs.aws.amazon.com/AWSCloudFormation/latest/UserGuide/aws-properties-dlm-lifecyclepolicy-sharerule.html#cfn-dlm-lifecyclepolicy-sharerule-unshareinterval",
          "PrimitiveType": "Integer",
          "UpdateType": "Mutable"
        }
      }
    },
    "AWS::DLM::LifecyclePolicy.RetainRule": {
      "Documentation": "http://docs.aws.amazon.com/AWSCloudFormation/latest/UserGuide/aws-properties-dlm-lifecyclepolicy-retainrule.html",
      "Properties": {
        "IntervalUnit": {
          "Required": false,
          "Documentation": "http://docs.aws.amazon.com/AWSCloudFormation/latest/UserGuide/aws-properties-dlm-lifecyclepolicy-retainrule.html#cfn-dlm-lifecyclepolicy-retainrule-intervalunit",
          "PrimitiveType": "String",
          "UpdateType": "Mutable"
        },
        "Count": {
          "Required": false,
          "Documentation": "http://docs.aws.amazon.com/AWSCloudFormation/latest/UserGuide/aws-properties-dlm-lifecyclepolicy-retainrule.html#cfn-dlm-lifecyclepolicy-retainrule-count",
          "PrimitiveType": "Integer",
          "UpdateType": "Mutable"
        },
        "Interval": {
          "Required": false,
          "Documentation": "http://docs.aws.amazon.com/AWSCloudFormation/latest/UserGuide/aws-properties-dlm-lifecyclepolicy-retainrule.html#cfn-dlm-lifecyclepolicy-retainrule-interval",
          "PrimitiveType": "Integer",
          "UpdateType": "Mutable"
        }
      }
    },
    "AWS::DLM::LifecyclePolicy.CrossRegionCopyDeprecateRule": {
      "Documentation": "http://docs.aws.amazon.com/AWSCloudFormation/latest/UserGuide/aws-properties-dlm-lifecyclepolicy-crossregioncopydeprecaterule.html",
      "Properties": {
        "IntervalUnit": {
          "Required": true,
          "Documentation": "http://docs.aws.amazon.com/AWSCloudFormation/latest/UserGuide/aws-properties-dlm-lifecyclepolicy-crossregioncopydeprecaterule.html#cfn-dlm-lifecyclepolicy-crossregioncopydeprecaterule-intervalunit",
          "PrimitiveType": "String",
          "UpdateType": "Mutable"
        },
        "Interval": {
          "Required": true,
          "Documentation": "http://docs.aws.amazon.com/AWSCloudFormation/latest/UserGuide/aws-properties-dlm-lifecyclepolicy-crossregioncopydeprecaterule.html#cfn-dlm-lifecyclepolicy-crossregioncopydeprecaterule-interval",
          "PrimitiveType": "Integer",
          "UpdateType": "Mutable"
        }
      }
    },
    "AWS::DLM::LifecyclePolicy.Action": {
      "Documentation": "http://docs.aws.amazon.com/AWSCloudFormation/latest/UserGuide/aws-properties-dlm-lifecyclepolicy-action.html",
      "Properties": {
        "CrossRegionCopy": {
          "Type": "List",
          "Required": true,
          "Documentation": "http://docs.aws.amazon.com/AWSCloudFormation/latest/UserGuide/aws-properties-dlm-lifecyclepolicy-action.html#cfn-dlm-lifecyclepolicy-action-crossregioncopy",
          "ItemType": "CrossRegionCopyAction",
          "UpdateType": "Mutable"
        },
        "Name": {
          "Required": true,
          "Documentation": "http://docs.aws.amazon.com/AWSCloudFormation/latest/UserGuide/aws-properties-dlm-lifecyclepolicy-action.html#cfn-dlm-lifecyclepolicy-action-name",
          "PrimitiveType": "String",
          "UpdateType": "Mutable"
        }
      }
    },
    "AWS::DLM::LifecyclePolicy.CrossRegionCopyRule": {
      "Documentation": "http://docs.aws.amazon.com/AWSCloudFormation/latest/UserGuide/aws-properties-dlm-lifecyclepolicy-crossregioncopyrule.html",
      "Properties": {
        "TargetRegion": {
          "Required": false,
          "Documentation": "http://docs.aws.amazon.com/AWSCloudFormation/latest/UserGuide/aws-properties-dlm-lifecyclepolicy-crossregioncopyrule.html#cfn-dlm-lifecyclepolicy-crossregioncopyrule-targetregion",
          "PrimitiveType": "String",
          "UpdateType": "Mutable"
        },
        "Target": {
          "Required": false,
          "Documentation": "http://docs.aws.amazon.com/AWSCloudFormation/latest/UserGuide/aws-properties-dlm-lifecyclepolicy-crossregioncopyrule.html#cfn-dlm-lifecyclepolicy-crossregioncopyrule-target",
          "PrimitiveType": "String",
          "UpdateType": "Mutable"
        },
        "DeprecateRule": {
          "Type": "CrossRegionCopyDeprecateRule",
          "Required": false,
          "Documentation": "http://docs.aws.amazon.com/AWSCloudFormation/latest/UserGuide/aws-properties-dlm-lifecyclepolicy-crossregioncopyrule.html#cfn-dlm-lifecyclepolicy-crossregioncopyrule-deprecaterule",
          "UpdateType": "Mutable"
        },
        "Encrypted": {
          "Required": true,
          "Documentation": "http://docs.aws.amazon.com/AWSCloudFormation/latest/UserGuide/aws-properties-dlm-lifecyclepolicy-crossregioncopyrule.html#cfn-dlm-lifecyclepolicy-crossregioncopyrule-encrypted",
          "PrimitiveType": "Boolean",
          "UpdateType": "Mutable"
        },
        "CmkArn": {
          "Required": false,
          "Documentation": "http://docs.aws.amazon.com/AWSCloudFormation/latest/UserGuide/aws-properties-dlm-lifecyclepolicy-crossregioncopyrule.html#cfn-dlm-lifecyclepolicy-crossregioncopyrule-cmkarn",
          "PrimitiveType": "String",
          "UpdateType": "Mutable"
        },
        "RetainRule": {
          "Type": "CrossRegionCopyRetainRule",
          "Required": false,
          "Documentation": "http://docs.aws.amazon.com/AWSCloudFormation/latest/UserGuide/aws-properties-dlm-lifecyclepolicy-crossregioncopyrule.html#cfn-dlm-lifecyclepolicy-crossregioncopyrule-retainrule",
          "UpdateType": "Mutable"
        },
        "CopyTags": {
          "Required": false,
          "Documentation": "http://docs.aws.amazon.com/AWSCloudFormation/latest/UserGuide/aws-properties-dlm-lifecyclepolicy-crossregioncopyrule.html#cfn-dlm-lifecyclepolicy-crossregioncopyrule-copytags",
          "PrimitiveType": "Boolean",
          "UpdateType": "Mutable"
        }
      }
    },
    "AWS::DLM::LifecyclePolicy.Schedule": {
      "Documentation": "http://docs.aws.amazon.com/AWSCloudFormation/latest/UserGuide/aws-properties-dlm-lifecyclepolicy-schedule.html",
      "Properties": {
        "ShareRules": {
          "Type": "List",
          "Required": false,
          "Documentation": "http://docs.aws.amazon.com/AWSCloudFormation/latest/UserGuide/aws-properties-dlm-lifecyclepolicy-schedule.html#cfn-dlm-lifecyclepolicy-schedule-sharerules",
          "ItemType": "ShareRule",
          "UpdateType": "Mutable"
        },
        "DeprecateRule": {
          "Type": "DeprecateRule",
          "Required": false,
          "Documentation": "http://docs.aws.amazon.com/AWSCloudFormation/latest/UserGuide/aws-properties-dlm-lifecyclepolicy-schedule.html#cfn-dlm-lifecyclepolicy-schedule-deprecaterule",
          "UpdateType": "Mutable"
        },
        "TagsToAdd": {
          "Type": "List",
          "Required": false,
          "Documentation": "http://docs.aws.amazon.com/AWSCloudFormation/latest/UserGuide/aws-properties-dlm-lifecyclepolicy-schedule.html#cfn-dlm-lifecyclepolicy-schedule-tagstoadd",
          "ItemType": "Tag",
          "UpdateType": "Mutable"
        },
        "CreateRule": {
          "Type": "CreateRule",
          "Required": false,
          "Documentation": "http://docs.aws.amazon.com/AWSCloudFormation/latest/UserGuide/aws-properties-dlm-lifecyclepolicy-schedule.html#cfn-dlm-lifecyclepolicy-schedule-createrule",
          "UpdateType": "Mutable"
        },
        "VariableTags": {
          "Type": "List",
          "Required": false,
          "Documentation": "http://docs.aws.amazon.com/AWSCloudFormation/latest/UserGuide/aws-properties-dlm-lifecyclepolicy-schedule.html#cfn-dlm-lifecyclepolicy-schedule-variabletags",
          "ItemType": "Tag",
          "UpdateType": "Mutable"
        },
        "FastRestoreRule": {
          "Type": "FastRestoreRule",
          "Required": false,
          "Documentation": "http://docs.aws.amazon.com/AWSCloudFormation/latest/UserGuide/aws-properties-dlm-lifecyclepolicy-schedule.html#cfn-dlm-lifecyclepolicy-schedule-fastrestorerule",
          "UpdateType": "Mutable"
        },
        "ArchiveRule": {
          "Type": "ArchiveRule",
          "Required": false,
          "Documentation": "http://docs.aws.amazon.com/AWSCloudFormation/latest/UserGuide/aws-properties-dlm-lifecyclepolicy-schedule.html#cfn-dlm-lifecyclepolicy-schedule-archiverule",
          "UpdateType": "Mutable"
        },
        "RetainRule": {
          "Type": "RetainRule",
          "Required": false,
          "Documentation": "http://docs.aws.amazon.com/AWSCloudFormation/latest/UserGuide/aws-properties-dlm-lifecyclepolicy-schedule.html#cfn-dlm-lifecyclepolicy-schedule-retainrule",
          "UpdateType": "Mutable"
        },
        "CrossRegionCopyRules": {
          "Type": "List",
          "Required": false,
          "Documentation": "http://docs.aws.amazon.com/AWSCloudFormation/latest/UserGuide/aws-properties-dlm-lifecyclepolicy-schedule.html#cfn-dlm-lifecyclepolicy-schedule-crossregioncopyrules",
          "ItemType": "CrossRegionCopyRule",
          "UpdateType": "Mutable"
        },
        "Name": {
          "Required": false,
          "Documentation": "http://docs.aws.amazon.com/AWSCloudFormation/latest/UserGuide/aws-properties-dlm-lifecyclepolicy-schedule.html#cfn-dlm-lifecyclepolicy-schedule-name",
          "PrimitiveType": "String",
          "UpdateType": "Mutable"
        },
        "CopyTags": {
          "Required": false,
          "Documentation": "http://docs.aws.amazon.com/AWSCloudFormation/latest/UserGuide/aws-properties-dlm-lifecyclepolicy-schedule.html#cfn-dlm-lifecyclepolicy-schedule-copytags",
          "PrimitiveType": "Boolean",
          "UpdateType": "Mutable"
        }
      }
    },
    "AWS::DLM::LifecyclePolicy.CreateRule": {
      "Documentation": "http://docs.aws.amazon.com/AWSCloudFormation/latest/UserGuide/aws-properties-dlm-lifecyclepolicy-createrule.html",
      "Properties": {
        "IntervalUnit": {
          "Required": false,
          "Documentation": "http://docs.aws.amazon.com/AWSCloudFormation/latest/UserGuide/aws-properties-dlm-lifecyclepolicy-createrule.html#cfn-dlm-lifecyclepolicy-createrule-intervalunit",
          "PrimitiveType": "String",
          "UpdateType": "Mutable"
        },
        "Times": {
          "PrimitiveItemType": "String",
          "Type": "List",
          "Required": false,
          "Documentation": "http://docs.aws.amazon.com/AWSCloudFormation/latest/UserGuide/aws-properties-dlm-lifecyclepolicy-createrule.html#cfn-dlm-lifecyclepolicy-createrule-times",
          "UpdateType": "Mutable"
        },
        "CronExpression": {
          "Required": false,
          "Documentation": "http://docs.aws.amazon.com/AWSCloudFormation/latest/UserGuide/aws-properties-dlm-lifecyclepolicy-createrule.html#cfn-dlm-lifecyclepolicy-createrule-cronexpression",
          "PrimitiveType": "String",
          "UpdateType": "Mutable"
        },
        "Interval": {
          "Required": false,
          "Documentation": "http://docs.aws.amazon.com/AWSCloudFormation/latest/UserGuide/aws-properties-dlm-lifecyclepolicy-createrule.html#cfn-dlm-lifecyclepolicy-createrule-interval",
          "PrimitiveType": "Integer",
          "UpdateType": "Mutable"
        },
        "Location": {
          "Required": false,
          "Documentation": "http://docs.aws.amazon.com/AWSCloudFormation/latest/UserGuide/aws-properties-dlm-lifecyclepolicy-createrule.html#cfn-dlm-lifecyclepolicy-createrule-location",
          "PrimitiveType": "String",
          "UpdateType": "Mutable"
        }
      }
    },
    "AWS::DLM::LifecyclePolicy.DeprecateRule": {
      "Documentation": "http://docs.aws.amazon.com/AWSCloudFormation/latest/UserGuide/aws-properties-dlm-lifecyclepolicy-deprecaterule.html",
      "Properties": {
        "IntervalUnit": {
          "Required": false,
          "Documentation": "http://docs.aws.amazon.com/AWSCloudFormation/latest/UserGuide/aws-properties-dlm-lifecyclepolicy-deprecaterule.html#cfn-dlm-lifecyclepolicy-deprecaterule-intervalunit",
          "PrimitiveType": "String",
          "UpdateType": "Mutable"
        },
        "Count": {
          "Required": false,
          "Documentation": "http://docs.aws.amazon.com/AWSCloudFormation/latest/UserGuide/aws-properties-dlm-lifecyclepolicy-deprecaterule.html#cfn-dlm-lifecyclepolicy-deprecaterule-count",
          "PrimitiveType": "Integer",
          "UpdateType": "Mutable"
        },
        "Interval": {
          "Required": false,
          "Documentation": "http://docs.aws.amazon.com/AWSCloudFormation/latest/UserGuide/aws-properties-dlm-lifecyclepolicy-deprecaterule.html#cfn-dlm-lifecyclepolicy-deprecaterule-interval",
          "PrimitiveType": "Integer",
          "UpdateType": "Mutable"
        }
      }
    },
    "AWS::DLM::LifecyclePolicy.EventSource": {
      "Documentation": "http://docs.aws.amazon.com/AWSCloudFormation/latest/UserGuide/aws-properties-dlm-lifecyclepolicy-eventsource.html",
      "Properties": {
        "Type": {
          "Required": true,
          "Documentation": "http://docs.aws.amazon.com/AWSCloudFormation/latest/UserGuide/aws-properties-dlm-lifecyclepolicy-eventsource.html#cfn-dlm-lifecyclepolicy-eventsource-type",
          "PrimitiveType": "String",
          "UpdateType": "Mutable"
        },
        "Parameters": {
          "Type": "EventParameters",
          "Required": false,
          "Documentation": "http://docs.aws.amazon.com/AWSCloudFormation/latest/UserGuide/aws-properties-dlm-lifecyclepolicy-eventsource.html#cfn-dlm-lifecyclepolicy-eventsource-parameters",
          "UpdateType": "Mutable"
        }
      }
    },
    "AWS::DLM::LifecyclePolicy.EventParameters": {
      "Documentation": "http://docs.aws.amazon.com/AWSCloudFormation/latest/UserGuide/aws-properties-dlm-lifecyclepolicy-eventparameters.html",
      "Properties": {
        "EventType": {
          "Required": true,
          "Documentation": "http://docs.aws.amazon.com/AWSCloudFormation/latest/UserGuide/aws-properties-dlm-lifecyclepolicy-eventparameters.html#cfn-dlm-lifecyclepolicy-eventparameters-eventtype",
          "PrimitiveType": "String",
          "UpdateType": "Mutable"
        },
        "SnapshotOwner": {
          "PrimitiveItemType": "String",
          "Type": "List",
          "Required": true,
          "Documentation": "http://docs.aws.amazon.com/AWSCloudFormation/latest/UserGuide/aws-properties-dlm-lifecyclepolicy-eventparameters.html#cfn-dlm-lifecyclepolicy-eventparameters-snapshotowner",
          "UpdateType": "Mutable"
        },
        "DescriptionRegex": {
          "Required": false,
          "Documentation": "http://docs.aws.amazon.com/AWSCloudFormation/latest/UserGuide/aws-properties-dlm-lifecyclepolicy-eventparameters.html#cfn-dlm-lifecyclepolicy-eventparameters-descriptionregex",
          "PrimitiveType": "String",
          "UpdateType": "Mutable"
        }
      }
    },
    "AWS::DLM::LifecyclePolicy.FastRestoreRule": {
      "Documentation": "http://docs.aws.amazon.com/AWSCloudFormation/latest/UserGuide/aws-properties-dlm-lifecyclepolicy-fastrestorerule.html",
      "Properties": {
        "IntervalUnit": {
          "Required": false,
          "Documentation": "http://docs.aws.amazon.com/AWSCloudFormation/latest/UserGuide/aws-properties-dlm-lifecyclepolicy-fastrestorerule.html#cfn-dlm-lifecyclepolicy-fastrestorerule-intervalunit",
          "PrimitiveType": "String",
          "UpdateType": "Mutable"
        },
        "AvailabilityZones": {
          "PrimitiveItemType": "String",
          "Type": "List",
          "Required": false,
          "Documentation": "http://docs.aws.amazon.com/AWSCloudFormation/latest/UserGuide/aws-properties-dlm-lifecyclepolicy-fastrestorerule.html#cfn-dlm-lifecyclepolicy-fastrestorerule-availabilityzones",
          "UpdateType": "Mutable"
        },
        "Count": {
          "Required": false,
          "Documentation": "http://docs.aws.amazon.com/AWSCloudFormation/latest/UserGuide/aws-properties-dlm-lifecyclepolicy-fastrestorerule.html#cfn-dlm-lifecyclepolicy-fastrestorerule-count",
          "PrimitiveType": "Integer",
          "UpdateType": "Mutable"
        },
        "Interval": {
          "Required": false,
          "Documentation": "http://docs.aws.amazon.com/AWSCloudFormation/latest/UserGuide/aws-properties-dlm-lifecyclepolicy-fastrestorerule.html#cfn-dlm-lifecyclepolicy-fastrestorerule-interval",
          "PrimitiveType": "Integer",
          "UpdateType": "Mutable"
        }
      }
    },
    "AWS::DLM::LifecyclePolicy.ArchiveRetainRule": {
      "Documentation": "http://docs.aws.amazon.com/AWSCloudFormation/latest/UserGuide/aws-properties-dlm-lifecyclepolicy-archiveretainrule.html",
      "Properties": {
        "RetentionArchiveTier": {
          "Type": "RetentionArchiveTier",
          "Required": true,
          "Documentation": "http://docs.aws.amazon.com/AWSCloudFormation/latest/UserGuide/aws-properties-dlm-lifecyclepolicy-archiveretainrule.html#cfn-dlm-lifecyclepolicy-archiveretainrule-retentionarchivetier",
          "UpdateType": "Mutable"
        }
      }
    },
    "AWS::DLM::LifecyclePolicy.PolicyDetails": {
      "Documentation": "http://docs.aws.amazon.com/AWSCloudFormation/latest/UserGuide/aws-properties-dlm-lifecyclepolicy-policydetails.html",
      "Properties": {
        "ResourceTypes": {
          "PrimitiveItemType": "String",
          "Type": "List",
          "Required": false,
          "Documentation": "http://docs.aws.amazon.com/AWSCloudFormation/latest/UserGuide/aws-properties-dlm-lifecyclepolicy-policydetails.html#cfn-dlm-lifecyclepolicy-policydetails-resourcetypes",
          "UpdateType": "Mutable"
        },
        "Schedules": {
          "Type": "List",
          "Required": false,
          "Documentation": "http://docs.aws.amazon.com/AWSCloudFormation/latest/UserGuide/aws-properties-dlm-lifecyclepolicy-policydetails.html#cfn-dlm-lifecyclepolicy-policydetails-schedules",
          "ItemType": "Schedule",
          "UpdateType": "Mutable"
        },
        "PolicyType": {
          "Required": false,
          "Documentation": "http://docs.aws.amazon.com/AWSCloudFormation/latest/UserGuide/aws-properties-dlm-lifecyclepolicy-policydetails.html#cfn-dlm-lifecyclepolicy-policydetails-policytype",
          "PrimitiveType": "String",
          "UpdateType": "Mutable"
        },
        "EventSource": {
          "Type": "EventSource",
          "Required": false,
          "Documentation": "http://docs.aws.amazon.com/AWSCloudFormation/latest/UserGuide/aws-properties-dlm-lifecyclepolicy-policydetails.html#cfn-dlm-lifecyclepolicy-policydetails-eventsource",
          "UpdateType": "Mutable"
        },
        "Parameters": {
          "Type": "Parameters",
          "Required": false,
          "Documentation": "http://docs.aws.amazon.com/AWSCloudFormation/latest/UserGuide/aws-properties-dlm-lifecyclepolicy-policydetails.html#cfn-dlm-lifecyclepolicy-policydetails-parameters",
          "UpdateType": "Mutable"
        },
        "Actions": {
          "Type": "List",
          "Required": false,
          "Documentation": "http://docs.aws.amazon.com/AWSCloudFormation/latest/UserGuide/aws-properties-dlm-lifecyclepolicy-policydetails.html#cfn-dlm-lifecyclepolicy-policydetails-actions",
          "ItemType": "Action",
          "UpdateType": "Mutable"
        },
        "TargetTags": {
          "Type": "List",
          "Required": false,
          "Documentation": "http://docs.aws.amazon.com/AWSCloudFormation/latest/UserGuide/aws-properties-dlm-lifecyclepolicy-policydetails.html#cfn-dlm-lifecyclepolicy-policydetails-targettags",
          "ItemType": "Tag",
          "UpdateType": "Mutable"
        },
        "ResourceLocations": {
          "PrimitiveItemType": "String",
          "Type": "List",
          "Required": false,
          "Documentation": "http://docs.aws.amazon.com/AWSCloudFormation/latest/UserGuide/aws-properties-dlm-lifecyclepolicy-policydetails.html#cfn-dlm-lifecyclepolicy-policydetails-resourcelocations",
          "UpdateType": "Mutable"
        }
      }
    },
    "Tag": {
      "Documentation": "http://docs.aws.amazon.com/AWSCloudFormation/latest/UserGuide/aws-properties-resource-tags.html",
      "Properties": {
        "Key": {
          "Required": true,
          "Documentation": "http://docs.aws.amazon.com/AWSCloudFormation/latest/UserGuide/aws-properties-resource-tags.html#cfn-resource-tags-key",
          "PrimitiveType": "String",
          "UpdateType": "Mutable"
        },
        "Value": {
          "Required": true,
          "Documentation": "http://docs.aws.amazon.com/AWSCloudFormation/latest/UserGuide/aws-properties-resource-tags.html#cfn-resource-tags-value",
          "PrimitiveType": "String",
          "UpdateType": "Mutable"
        }
      }
    },
    "AWS::DLM::LifecyclePolicy.ArchiveRule": {
      "Documentation": "http://docs.aws.amazon.com/AWSCloudFormation/latest/UserGuide/aws-properties-dlm-lifecyclepolicy-archiverule.html",
      "Properties": {
        "RetainRule": {
          "Type": "ArchiveRetainRule",
          "Required": true,
          "Documentation": "http://docs.aws.amazon.com/AWSCloudFormation/latest/UserGuide/aws-properties-dlm-lifecyclepolicy-archiverule.html#cfn-dlm-lifecyclepolicy-archiverule-retainrule",
          "UpdateType": "Mutable"
        }
      }
    },
    "AWS::DLM::LifecyclePolicy.Parameters": {
      "Documentation": "http://docs.aws.amazon.com/AWSCloudFormation/latest/UserGuide/aws-properties-dlm-lifecyclepolicy-parameters.html",
      "Properties": {
        "ExcludeBootVolume": {
          "Required": false,
          "Documentation": "http://docs.aws.amazon.com/AWSCloudFormation/latest/UserGuide/aws-properties-dlm-lifecyclepolicy-parameters.html#cfn-dlm-lifecyclepolicy-parameters-excludebootvolume",
          "PrimitiveType": "Boolean",
          "UpdateType": "Mutable"
        },
        "ExcludeDataVolumeTags": {
          "Type": "List",
          "Required": false,
          "Documentation": "http://docs.aws.amazon.com/AWSCloudFormation/latest/UserGuide/aws-properties-dlm-lifecyclepolicy-parameters.html#cfn-dlm-lifecyclepolicy-parameters-excludedatavolumetags",
          "ItemType": "Tag",
          "UpdateType": "Mutable"
        },
        "NoReboot": {
          "Required": false,
          "Documentation": "http://docs.aws.amazon.com/AWSCloudFormation/latest/UserGuide/aws-properties-dlm-lifecyclepolicy-parameters.html#cfn-dlm-lifecyclepolicy-parameters-noreboot",
          "PrimitiveType": "Boolean",
          "UpdateType": "Mutable"
        }
      }
    },
    "AWS::DLM::LifecyclePolicy.RetentionArchiveTier": {
      "Documentation": "http://docs.aws.amazon.com/AWSCloudFormation/latest/UserGuide/aws-properties-dlm-lifecyclepolicy-retentionarchivetier.html",
      "Properties": {
        "IntervalUnit": {
          "Required": false,
          "Documentation": "http://docs.aws.amazon.com/AWSCloudFormation/latest/UserGuide/aws-properties-dlm-lifecyclepolicy-retentionarchivetier.html#cfn-dlm-lifecyclepolicy-retentionarchivetier-intervalunit",
          "PrimitiveType": "String",
          "UpdateType": "Mutable"
        },
        "Count": {
          "Required": false,
          "Documentation": "http://docs.aws.amazon.com/AWSCloudFormation/latest/UserGuide/aws-properties-dlm-lifecyclepolicy-retentionarchivetier.html#cfn-dlm-lifecyclepolicy-retentionarchivetier-count",
          "PrimitiveType": "Integer",
          "UpdateType": "Mutable"
        },
        "Interval": {
          "Required": false,
          "Documentation": "http://docs.aws.amazon.com/AWSCloudFormation/latest/UserGuide/aws-properties-dlm-lifecyclepolicy-retentionarchivetier.html#cfn-dlm-lifecyclepolicy-retentionarchivetier-interval",
          "PrimitiveType": "Integer",
          "UpdateType": "Mutable"
        }
      }
    }
  },
  "ResourceType": {
    "AWS::DLM::LifecyclePolicy": {
      "Documentation": "http://docs.aws.amazon.com/AWSCloudFormation/latest/UserGuide/aws-resource-dlm-lifecyclepolicy.html",
      "Attributes": {
        "Arn": {
          "PrimitiveType": "String"
        }
      },
      "Properties": {
        "ExecutionRoleArn": {
          "Required": false,
          "Documentation": "http://docs.aws.amazon.com/AWSCloudFormation/latest/UserGuide/aws-resource-dlm-lifecyclepolicy.html#cfn-dlm-lifecyclepolicy-executionrolearn",
          "PrimitiveType": "String",
          "UpdateType": "Mutable"
        },
        "Description": {
          "Required": false,
          "Documentation": "http://docs.aws.amazon.com/AWSCloudFormation/latest/UserGuide/aws-resource-dlm-lifecyclepolicy.html#cfn-dlm-lifecyclepolicy-description",
          "PrimitiveType": "String",
          "UpdateType": "Mutable"
        },
        "State": {
          "Required": false,
          "Documentation": "http://docs.aws.amazon.com/AWSCloudFormation/latest/UserGuide/aws-resource-dlm-lifecyclepolicy.html#cfn-dlm-lifecyclepolicy-state",
          "PrimitiveType": "String",
          "UpdateType": "Mutable"
        },
        "PolicyDetails": {
          "Type": "PolicyDetails",
          "Required": false,
          "Documentation": "http://docs.aws.amazon.com/AWSCloudFormation/latest/UserGuide/aws-resource-dlm-lifecyclepolicy.html#cfn-dlm-lifecyclepolicy-policydetails",
          "UpdateType": "Mutable"
        },
        "Tags": {
          "Type": "List",
          "Required": false,
          "Documentation": "http://docs.aws.amazon.com/AWSCloudFormation/latest/UserGuide/aws-resource-dlm-lifecyclepolicy.html#cfn-dlm-lifecyclepolicy-tags",
          "ItemType": "Tag",
          "UpdateType": "Mutable"
        }
      }
    }
  },
  "ResourceSpecificationVersion": "114.0.0"
}