{
  "PropertyTypes": {
    "Tag": {
      "Documentation": "http://docs.aws.amazon.com/AWSCloudFormation/latest/UserGuide/aws-properties-resource-tags.html",
      "Properties": {
        "Value": {
          "Documentation": "http://docs.aws.amazon.com/AWSCloudFormation/latest/UserGuide/aws-properties-resource-tags.html#cfn-resource-tags-value",
          "UpdateType": "Mutable",
          "Required": true,
          "PrimitiveType": "String"
        },
        "Key": {
          "Documentation": "http://docs.aws.amazon.com/AWSCloudFormation/latest/UserGuide/aws-properties-resource-tags.html#cfn-resource-tags-key",
          "UpdateType": "Mutable",
          "Required": true,
          "PrimitiveType": "String"
        }
      }
    }
  },
  "ResourceType": {
    "AWS::DocDBElastic::Cluster": {
      "Documentation": "http://docs.aws.amazon.com/AWSCloudFormation/latest/UserGuide/aws-resource-docdbelastic-cluster.html",
      "Properties": {
        "AdminUserName": {
          "Documentation": "http://docs.aws.amazon.com/AWSCloudFormation/latest/UserGuide/aws-resource-docdbelastic-cluster.html#cfn-docdbelastic-cluster-adminusername",
          "UpdateType": "Immutable",
          "Required": true,
          "PrimitiveType": "String"
        },
        "KmsKeyId": {
          "Documentation": "http://docs.aws.amazon.com/AWSCloudFormation/latest/UserGuide/aws-resource-docdbelastic-cluster.html#cfn-docdbelastic-cluster-kmskeyid",
          "UpdateType": "Immutable",
          "Required": false,
          "PrimitiveType": "String"
        },
        "ShardCapacity": {
          "Documentation": "http://docs.aws.amazon.com/AWSCloudFormation/latest/UserGuide/aws-resource-docdbelastic-cluster.html#cfn-docdbelastic-cluster-shardcapacity",
          "UpdateType": "Mutable",
          "Required": true,
          "PrimitiveType": "Integer"
        },
        "VpcSecurityGroupIds": {
          "Documentation": "http://docs.aws.amazon.com/AWSCloudFormation/latest/UserGuide/aws-resource-docdbelastic-cluster.html#cfn-docdbelastic-cluster-vpcsecuritygroupids",
          "UpdateType": "Mutable",
          "Required": false,
          "Type": "List",
          "PrimitiveItemType": "String",
          "DuplicatesAllowed": true
        },
        "AdminUserPassword": {
          "Documentation": "http://docs.aws.amazon.com/AWSCloudFormation/latest/UserGuide/aws-resource-docdbelastic-cluster.html#cfn-docdbelastic-cluster-adminuserpassword",
          "UpdateType": "Mutable",
          "Required": false,
          "PrimitiveType": "String"
        },
        "PreferredMaintenanceWindow": {
          "Documentation": "http://docs.aws.amazon.com/AWSCloudFormation/latest/UserGuide/aws-resource-docdbelastic-cluster.html#cfn-docdbelastic-cluster-preferredmaintenancewindow",
          "UpdateType": "Mutable",
          "Required": false,
          "PrimitiveType": "String"
        },
        "ClusterName": {
          "Documentation": "http://docs.aws.amazon.com/AWSCloudFormation/latest/UserGuide/aws-resource-docdbelastic-cluster.html#cfn-docdbelastic-cluster-clustername",
          "UpdateType": "Immutable",
          "Required": true,
          "PrimitiveType": "String"
        },
        "AuthType": {
          "Documentation": "http://docs.aws.amazon.com/AWSCloudFormation/latest/UserGuide/aws-resource-docdbelastic-cluster.html#cfn-docdbelastic-cluster-authtype",
          "UpdateType": "Immutable",
          "Required": true,
          "PrimitiveType": "String"
        },
        "SubnetIds": {
          "Documentation": "http://docs.aws.amazon.com/AWSCloudFormation/latest/UserGuide/aws-resource-docdbelastic-cluster.html#cfn-docdbelastic-cluster-subnetids",
          "UpdateType": "Mutable",
          "Required": false,
          "Type": "List",
          "PrimitiveItemType": "String",
          "DuplicatesAllowed": true
        },
        "Tags": {
          "Documentation": "http://docs.aws.amazon.com/AWSCloudFormation/latest/UserGuide/aws-resource-docdbelastic-cluster.html#cfn-docdbelastic-cluster-tags",
          "UpdateType": "Mutable",
          "Required": false,
          "Type": "List",
          "ItemType": "Tag",
          "DuplicatesAllowed": false
        },
        "ShardCount": {
          "Documentation": "http://docs.aws.amazon.com/AWSCloudFormation/latest/UserGuide/aws-resource-docdbelastic-cluster.html#cfn-docdbelastic-cluster-shardcount",
          "UpdateType": "Mutable",
          "Required": true,
          "PrimitiveType": "Integer"
        }
      },
      "Attributes": {
        "ClusterArn": {
          "PrimitiveType": "String"
        },
        "ClusterEndpoint": {
          "PrimitiveType": "String"
        }
      }
    }
  },
  "ResourceSpecificationVersion": "114.0.0"
}