{
  "PropertyTypes": {
    "AWS::DynamoDB::Table.StreamSpecification": {
      "Documentation": "http://docs.aws.amazon.com/AWSCloudFormation/latest/UserGuide/aws-properties-dynamodb-table-streamspecification.html",
      "Properties": {
        "StreamViewType": {
          "Documentation": "http://docs.aws.amazon.com/AWSCloudFormation/latest/UserGuide/aws-properties-dynamodb-table-streamspecification.html#cfn-dynamodb-table-streamspecification-streamviewtype",
          "UpdateType": "Mutable",
          "Required": true,
          "PrimitiveType": "String"
        }
      }
    },
    "AWS::DynamoDB::Table.PointInTimeRecoverySpecification": {
      "Documentation": "http://docs.aws.amazon.com/AWSCloudFormation/latest/UserGuide/aws-properties-dynamodb-table-pointintimerecoveryspecification.html",
      "Properties": {
        "PointInTimeRecoveryEnabled": {
          "Documentation": "http://docs.aws.amazon.com/AWSCloudFormation/latest/UserGuide/aws-properties-dynamodb-table-pointintimerecoveryspecification.html#cfn-dynamodb-table-pointintimerecoveryspecification-pointintimerecoveryenabled",
          "UpdateType": "Mutable",
          "Required": false,
          "PrimitiveType": "Boolean"
        }
      }
    },
    "AWS::DynamoDB::Table.Csv": {
      "Documentation": "http://docs.aws.amazon.com/AWSCloudFormation/latest/UserGuide/aws-properties-dynamodb-table-csv.html",
      "Properties": {
        "Delimiter": {
          "Documentation": "http://docs.aws.amazon.com/AWSCloudFormation/latest/UserGuide/aws-properties-dynamodb-table-csv.html#cfn-dynamodb-table-csv-delimiter",
          "UpdateType": "Immutable",
          "Required": false,
          "PrimitiveType": "String"
        },
        "HeaderList": {
          "Documentation": "http://docs.aws.amazon.com/AWSCloudFormation/latest/UserGuide/aws-properties-dynamodb-table-csv.html#cfn-dynamodb-table-csv-headerlist",
          "UpdateType": "Immutable",
          "Required": false,
          "Type": "List",
          "PrimitiveItemType": "String",
          "DuplicatesAllowed": false
        }
      }
    },
    "AWS::DynamoDB::Table.ContributorInsightsSpecification": {
      "Documentation": "http://docs.aws.amazon.com/AWSCloudFormation/latest/UserGuide/aws-properties-dynamodb-table-contributorinsightsspecification.html",
      "Properties": {
        "Enabled": {
          "Documentation": "http://docs.aws.amazon.com/AWSCloudFormation/latest/UserGuide/aws-properties-dynamodb-table-contributorinsightsspecification.html#cfn-dynamodb-table-contributorinsightsspecification-enabled",
          "UpdateType": "Mutable",
          "Required": true,
          "PrimitiveType": "Boolean"
        }
      }
    },
    "AWS::DynamoDB::Table.LocalSecondaryIndex": {
      "Documentation": "http://docs.aws.amazon.com/AWSCloudFormation/latest/UserGuide/aws-properties-dynamodb-table-localsecondaryindex.html",
      "Properties": {
        "IndexName": {
          "Documentation": "http://docs.aws.amazon.com/AWSCloudFormation/latest/UserGuide/aws-properties-dynamodb-table-localsecondaryindex.html#cfn-dynamodb-table-localsecondaryindex-indexname",
          "UpdateType": "Mutable",
          "Required": true,
          "PrimitiveType": "String"
        },
        "Projection": {
          "Documentation": "http://docs.aws.amazon.com/AWSCloudFormation/latest/UserGuide/aws-properties-dynamodb-table-localsecondaryindex.html#cfn-dynamodb-table-localsecondaryindex-projection",
          "UpdateType": "Mutable",
          "Required": true,
          "Type": "Projection"
        },
        "KeySchema": {
          "Documentation": "http://docs.aws.amazon.com/AWSCloudFormation/latest/UserGuide/aws-properties-dynamodb-table-localsecondaryindex.html#cfn-dynamodb-table-localsecondaryindex-keyschema",
          "UpdateType": "Mutable",
          "Required": true,
          "Type": "List",
          "ItemType": "KeySchema",
          "DuplicatesAllowed": false
        }
      }
    },
    "AWS::DynamoDB::Table.SSESpecification": {
      "Documentation": "http://docs.aws.amazon.com/AWSCloudFormation/latest/UserGuide/aws-properties-dynamodb-table-ssespecification.html",
      "Properties": {
        "SSEEnabled": {
          "Documentation": "http://docs.aws.amazon.com/AWSCloudFormation/latest/UserGuide/aws-properties-dynamodb-table-ssespecification.html#cfn-dynamodb-table-ssespecification-sseenabled",
          "UpdateType": "Mutable",
          "Required": true,
          "PrimitiveType": "Boolean"
        },
        "SSEType": {
          "Documentation": "http://docs.aws.amazon.com/AWSCloudFormation/latest/UserGuide/aws-properties-dynamodb-table-ssespecification.html#cfn-dynamodb-table-ssespecification-ssetype",
          "UpdateType": "Mutable",
          "Required": false,
          "PrimitiveType": "String"
        },
        "KMSMasterKeyId": {
          "Documentation": "http://docs.aws.amazon.com/AWSCloudFormation/latest/UserGuide/aws-properties-dynamodb-table-ssespecification.html#cfn-dynamodb-table-ssespecification-kmsmasterkeyid",
          "UpdateType": "Mutable",
          "Required": false,
          "PrimitiveType": "String"
        }
      }
    },
    "AWS::DynamoDB::Table.KinesisStreamSpecification": {
      "Documentation": "http://docs.aws.amazon.com/AWSCloudFormation/latest/UserGuide/aws-properties-dynamodb-table-kinesisstreamspecification.html",
      "Properties": {
        "StreamArn": {
          "Documentation": "http://docs.aws.amazon.com/AWSCloudFormation/latest/UserGuide/aws-properties-dynamodb-table-kinesisstreamspecification.html#cfn-dynamodb-table-kinesisstreamspecification-streamarn",
          "UpdateType": "Mutable",
          "Required": true,
          "PrimitiveType": "String"
        }
      }
    },
    "AWS::DynamoDB::Table.AttributeDefinition": {
      "Documentation": "http://docs.aws.amazon.com/AWSCloudFormation/latest/UserGuide/aws-properties-dynamodb-table-attributedefinition.html",
      "Properties": {
        "AttributeType": {
          "Documentation": "http://docs.aws.amazon.com/AWSCloudFormation/latest/UserGuide/aws-properties-dynamodb-table-attributedefinition.html#cfn-dynamodb-table-attributedefinition-attributetype",
          "UpdateType": "Mutable",
          "Required": true,
          "PrimitiveType": "String"
        },
        "AttributeName": {
          "Documentation": "http://docs.aws.amazon.com/AWSCloudFormation/latest/UserGuide/aws-properties-dynamodb-table-attributedefinition.html#cfn-dynamodb-table-attributedefinition-attributename",
          "UpdateType": "Mutable",
          "Required": true,
          "PrimitiveType": "String"
        }
      }
    },
    "AWS::DynamoDB::Table.KeySchema": {
      "Documentation": "http://docs.aws.amazon.com/AWSCloudFormation/latest/UserGuide/aws-properties-dynamodb-table-keyschema.html",
      "Properties": {
        "KeyType": {
          "Documentation": "http://docs.aws.amazon.com/AWSCloudFormation/latest/UserGuide/aws-properties-dynamodb-table-keyschema.html#cfn-dynamodb-table-keyschema-keytype",
          "UpdateType": "Mutable",
          "Required": true,
          "PrimitiveType": "String"
        },
        "AttributeName": {
          "Documentation": "http://docs.aws.amazon.com/AWSCloudFormation/latest/UserGuide/aws-properties-dynamodb-table-keyschema.html#cfn-dynamodb-table-keyschema-attributename",
          "UpdateType": "Mutable",
          "Required": true,
          "PrimitiveType": "String"
        }
      }
    },
    "AWS::DynamoDB::Table.TimeToLiveSpecification": {
      "Documentation": "http://docs.aws.amazon.com/AWSCloudFormation/latest/UserGuide/aws-properties-dynamodb-table-timetolivespecification.html",
      "Properties": {
        "Enabled": {
          "Documentation": "http://docs.aws.amazon.com/AWSCloudFormation/latest/UserGuide/aws-properties-dynamodb-table-timetolivespecification.html#cfn-dynamodb-table-timetolivespecification-enabled",
          "UpdateType": "Mutable",
          "Required": true,
          "PrimitiveType": "Boolean"
        },
        "AttributeName": {
          "Documentation": "http://docs.aws.amazon.com/AWSCloudFormation/latest/UserGuide/aws-properties-dynamodb-table-timetolivespecification.html#cfn-dynamodb-table-timetolivespecification-attributename",
          "UpdateType": "Mutable",
          "Required": true,
          "PrimitiveType": "String"
        }
      }
    },
    "AWS::DynamoDB::Table.ImportSourceSpecification": {
      "Documentation": "http://docs.aws.amazon.com/AWSCloudFormation/latest/UserGuide/aws-properties-dynamodb-table-importsourcespecification.html",
      "Properties": {
        "S3BucketSource": {
          "Documentation": "http://docs.aws.amazon.com/AWSCloudFormation/latest/UserGuide/aws-properties-dynamodb-table-importsourcespecification.html#cfn-dynamodb-table-importsourcespecification-s3bucketsource",
          "UpdateType": "Immutable",
          "Required": true,
          "Type": "S3BucketSource"
        },
        "InputFormat": {
          "Documentation": "http://docs.aws.amazon.com/AWSCloudFormation/latest/UserGuide/aws-properties-dynamodb-table-importsourcespecification.html#cfn-dynamodb-table-importsourcespecification-inputformat",
          "UpdateType": "Immutable",
          "Required": true,
          "PrimitiveType": "String"
        },
        "InputFormatOptions": {
          "Documentation": "http://docs.aws.amazon.com/AWSCloudFormation/latest/UserGuide/aws-properties-dynamodb-table-importsourcespecification.html#cfn-dynamodb-table-importsourcespecification-inputformatoptions",
          "UpdateType": "Immutable",
          "Required": false,
          "Type": "InputFormatOptions"
        },
        "InputCompressionType": {
          "Documentation": "http://docs.aws.amazon.com/AWSCloudFormation/latest/UserGuide/aws-properties-dynamodb-table-importsourcespecification.html#cfn-dynamodb-table-importsourcespecification-inputcompressiontype",
          "UpdateType": "Immutable",
          "Required": false,
          "PrimitiveType": "String"
        }
      }
    },
    "AWS::DynamoDB::Table.GlobalSecondaryIndex": {
      "Documentation": "http://docs.aws.amazon.com/AWSCloudFormation/latest/UserGuide/aws-properties-dynamodb-table-globalsecondaryindex.html",
      "Properties": {
        "IndexName": {
          "Documentation": "http://docs.aws.amazon.com/AWSCloudFormation/latest/UserGuide/aws-properties-dynamodb-table-globalsecondaryindex.html#cfn-dynamodb-table-globalsecondaryindex-indexname",
          "UpdateType": "Mutable",
          "Required": true,
          "PrimitiveType": "String"
        },
        "ContributorInsightsSpecification": {
          "Documentation": "http://docs.aws.amazon.com/AWSCloudFormation/latest/UserGuide/aws-properties-dynamodb-table-globalsecondaryindex.html#cfn-dynamodb-table-globalsecondaryindex-contributorinsightsspecification",
          "UpdateType": "Mutable",
          "Required": false,
          "Type": "ContributorInsightsSpecification"
        },
        "Projection": {
          "Documentation": "http://docs.aws.amazon.com/AWSCloudFormation/latest/UserGuide/aws-properties-dynamodb-table-globalsecondaryindex.html#cfn-dynamodb-table-globalsecondaryindex-projection",
          "UpdateType": "Mutable",
          "Required": true,
          "Type": "Projection"
        },
        "ProvisionedThroughput": {
          "Documentation": "http://docs.aws.amazon.com/AWSCloudFormation/latest/UserGuide/aws-properties-dynamodb-table-globalsecondaryindex.html#cfn-dynamodb-table-globalsecondaryindex-provisionedthroughput",
          "UpdateType": "Mutable",
          "Required": false,
          "Type": "ProvisionedThroughput"
        },
        "KeySchema": {
          "Documentation": "http://docs.aws.amazon.com/AWSCloudFormation/latest/UserGuide/aws-properties-dynamodb-table-globalsecondaryindex.html#cfn-dynamodb-table-globalsecondaryindex-keyschema",
          "UpdateType": "Mutable",
          "Required": true,
          "Type": "List",
          "ItemType": "KeySchema",
          "DuplicatesAllowed": false
        }
      }
    },
    "Tag": {
      "Documentation": "http://docs.aws.amazon.com/AWSCloudFormation/latest/UserGuide/aws-properties-resource-tags.html",
      "Properties": {
        "Value": {
          "Documentation": "http://docs.aws.amazon.com/AWSCloudFormation/latest/UserGuide/aws-properties-resource-tags.html#cfn-resource-tags-value",
          "UpdateType": "Mutable",
          "Required": true,
          "PrimitiveType": "String"
        },
        "Key": {
          "Documentation": "http://docs.aws.amazon.com/AWSCloudFormation/latest/UserGuide/aws-properties-resource-tags.html#cfn-resource-tags-key",
          "UpdateType": "Mutable",
          "Required": true,
          "PrimitiveType": "String"
        }
      }
    },
    "AWS::DynamoDB::Table.ProvisionedThroughput": {
      "Documentation": "http://docs.aws.amazon.com/AWSCloudFormation/latest/UserGuide/aws-properties-dynamodb-table-provisionedthroughput.html",
      "Properties": {
        "WriteCapacityUnits": {
          "Documentation": "http://docs.aws.amazon.com/AWSCloudFormation/latest/UserGuide/aws-properties-dynamodb-table-provisionedthroughput.html#cfn-dynamodb-table-provisionedthroughput-writecapacityunits",
          "UpdateType": "Mutable",
          "Required": true,
          "PrimitiveType": "Integer"
        },
        "ReadCapacityUnits": {
          "Documentation": "http://docs.aws.amazon.com/AWSCloudFormation/latest/UserGuide/aws-properties-dynamodb-table-provisionedthroughput.html#cfn-dynamodb-table-provisionedthroughput-readcapacityunits",
          "UpdateType": "Mutable",
          "Required": true,
          "PrimitiveType": "Integer"
        }
      }
    },
    "AWS::DynamoDB::Table.S3BucketSource": {
      "Documentation": "http://docs.aws.amazon.com/AWSCloudFormation/latest/UserGuide/aws-properties-dynamodb-table-s3bucketsource.html",
      "Properties": {
        "S3Bucket": {
          "Documentation": "http://docs.aws.amazon.com/AWSCloudFormation/latest/UserGuide/aws-properties-dynamodb-table-s3bucketsource.html#cfn-dynamodb-table-s3bucketsource-s3bucket",
          "UpdateType": "Immutable",
          "Required": true,
          "PrimitiveType": "String"
        },
        "S3KeyPrefix": {
          "Documentation": "http://docs.aws.amazon.com/AWSCloudFormation/latest/UserGuide/aws-properties-dynamodb-table-s3bucketsource.html#cfn-dynamodb-table-s3bucketsource-s3keyprefix",
          "UpdateType": "Immutable",
          "Required": false,
          "PrimitiveType": "String"
        },
        "S3BucketOwner": {
          "Documentation": "http://docs.aws.amazon.com/AWSCloudFormation/latest/UserGuide/aws-properties-dynamodb-table-s3bucketsource.html#cfn-dynamodb-table-s3bucketsource-s3bucketowner",
          "UpdateType": "Immutable",
          "Required": false,
          "PrimitiveType": "String"
        }
      }
    },
    "AWS::DynamoDB::Table.InputFormatOptions": {
      "Documentation": "http://docs.aws.amazon.com/AWSCloudFormation/latest/UserGuide/aws-properties-dynamodb-table-inputformatoptions.html",
      "Properties": {
        "Csv": {
          "Documentation": "http://docs.aws.amazon.com/AWSCloudFormation/latest/UserGuide/aws-properties-dynamodb-table-inputformatoptions.html#cfn-dynamodb-table-inputformatoptions-csv",
          "UpdateType": "Immutable",
          "Required": false,
          "Type": "Csv"
        }
      }
    },
    "AWS::DynamoDB::Table.Projection": {
      "Documentation": "http://docs.aws.amazon.com/AWSCloudFormation/latest/UserGuide/aws-properties-dynamodb-table-projection.html",
      "Properties": {
        "NonKeyAttributes": {
          "Documentation": "http://docs.aws.amazon.com/AWSCloudFormation/latest/UserGuide/aws-properties-dynamodb-table-projection.html#cfn-dynamodb-table-projection-nonkeyattributes",
          "UpdateType": "Mutable",
          "Required": false,
          "Type": "List",
          "PrimitiveItemType": "String",
          "DuplicatesAllowed": true
        },
        "ProjectionType": {
          "Documentation": "http://docs.aws.amazon.com/AWSCloudFormation/latest/UserGuide/aws-properties-dynamodb-table-projection.html#cfn-dynamodb-table-projection-projectiontype",
          "UpdateType": "Mutable",
          "Required": false,
          "PrimitiveType": "String"
        }
      }
    }
  },
  "ResourceType": {
    "AWS::DynamoDB::Table": {
      "Documentation": "http://docs.aws.amazon.com/AWSCloudFormation/latest/UserGuide/aws-resource-dynamodb-table.html",
      "Properties": {
        "SSESpecification": {
          "Documentation": "http://docs.aws.amazon.com/AWSCloudFormation/latest/UserGuide/aws-resource-dynamodb-table.html#cfn-dynamodb-table-ssespecification",
          "UpdateType": "Mutable",
          "Required": false,
          "Type": "SSESpecification"
        },
        "KinesisStreamSpecification": {
          "Documentation": "http://docs.aws.amazon.com/AWSCloudFormation/latest/UserGuide/aws-resource-dynamodb-table.html#cfn-dynamodb-table-kinesisstreamspecification",
          "UpdateType": "Mutable",
          "Required": false,
          "Type": "KinesisStreamSpecification"
        },
        "StreamSpecification": {
          "Documentation": "http://docs.aws.amazon.com/AWSCloudFormation/latest/UserGuide/aws-resource-dynamodb-table.html#cfn-dynamodb-table-streamspecification",
          "UpdateType": "Mutable",
          "Required": false,
          "Type": "StreamSpecification"
        },
        "ContributorInsightsSpecification": {
          "Documentation": "http://docs.aws.amazon.com/AWSCloudFormation/latest/UserGuide/aws-resource-dynamodb-table.html#cfn-dynamodb-table-contributorinsightsspecification",
          "UpdateType": "Mutable",
          "Required": false,
          "Type": "ContributorInsightsSpecification"
        },
        "ImportSourceSpecification": {
          "Documentation": "http://docs.aws.amazon.com/AWSCloudFormation/latest/UserGuide/aws-resource-dynamodb-table.html#cfn-dynamodb-table-importsourcespecification",
          "UpdateType": "Immutable",
          "Required": false,
          "Type": "ImportSourceSpecification"
        },
        "PointInTimeRecoverySpecification": {
          "Documentation": "http://docs.aws.amazon.com/AWSCloudFormation/latest/UserGuide/aws-resource-dynamodb-table.html#cfn-dynamodb-table-pointintimerecoveryspecification",
          "UpdateType": "Mutable",
          "Required": false,
          "Type": "PointInTimeRecoverySpecification"
        },
        "ProvisionedThroughput": {
          "Documentation": "http://docs.aws.amazon.com/AWSCloudFormation/latest/UserGuide/aws-resource-dynamodb-table.html#cfn-dynamodb-table-provisionedthroughput",
          "UpdateType": "Mutable",
          "Required": false,
          "Type": "ProvisionedThroughput"
        },
        "TableName": {
          "Documentation": "http://docs.aws.amazon.com/AWSCloudFormation/latest/UserGuide/aws-resource-dynamodb-table.html#cfn-dynamodb-table-tablename",
          "UpdateType": "Immutable",
          "Required": false,
          "PrimitiveType": "String"
        },
        "AttributeDefinitions": {
          "Documentation": "http://docs.aws.amazon.com/AWSCloudFormation/latest/UserGuide/aws-resource-dynamodb-table.html#cfn-dynamodb-table-attributedefinitions",
          "UpdateType": "Mutable",
          "Required": false,
          "Type": "List",
          "ItemType": "AttributeDefinition",
          "DuplicatesAllowed": false
        },
        "BillingMode": {
          "Documentation": "http://docs.aws.amazon.com/AWSCloudFormation/latest/UserGuide/aws-resource-dynamodb-table.html#cfn-dynamodb-table-billingmode",
          "UpdateType": "Mutable",
          "Required": false,
          "PrimitiveType": "String"
        },
        "GlobalSecondaryIndexes": {
          "Documentation": "http://docs.aws.amazon.com/AWSCloudFormation/latest/UserGuide/aws-resource-dynamodb-table.html#cfn-dynamodb-table-globalsecondaryindexes",
          "UpdateType": "Mutable",
          "Required": false,
          "Type": "List",
          "ItemType": "GlobalSecondaryIndex",
          "DuplicatesAllowed": true
        },
        "KeySchema": {
          "Documentation": "http://docs.aws.amazon.com/AWSCloudFormation/latest/UserGuide/aws-resource-dynamodb-table.html#cfn-dynamodb-table-keyschema",
          "UpdateType": "Immutable",
          "Required": true,
          "DuplicatesAllowed": false,
          "ItemType": "KeySchema",
          "Type": "List"
        },
        "LocalSecondaryIndexes": {
          "Documentation": "http://docs.aws.amazon.com/AWSCloudFormation/latest/UserGuide/aws-resource-dynamodb-table.html#cfn-dynamodb-table-localsecondaryindexes",
          "UpdateType": "Mutable",
          "Required": false,
          "Type": "List",
          "ItemType": "LocalSecondaryIndex",
          "DuplicatesAllowed": true
        },
        "TableClass": {
          "Documentation": "http://docs.aws.amazon.com/AWSCloudFormation/latest/UserGuide/aws-resource-dynamodb-table.html#cfn-dynamodb-table-tableclass",
          "UpdateType": "Mutable",
          "Required": false,
          "PrimitiveType": "String"
        },
        "Tags": {
          "Documentation": "http://docs.aws.amazon.com/AWSCloudFormation/latest/UserGuide/aws-resource-dynamodb-table.html#cfn-dynamodb-table-tags",
          "UpdateType": "Mutable",
          "Required": false,
          "Type": "List",
          "ItemType": "Tag",
          "DuplicatesAllowed": true
        },
        "TimeToLiveSpecification": {
          "Documentation": "http://docs.aws.amazon.com/AWSCloudFormation/latest/UserGuide/aws-resource-dynamodb-table.html#cfn-dynamodb-table-timetolivespecification",
          "UpdateType": "Mutable",
          "Required": false,
          "Type": "TimeToLiveSpecification"
        }
      },
      "Attributes": {
        "Arn": {
          "PrimitiveType": "String"
        },
        "StreamArn": {
          "PrimitiveType": "String"
        }
      }
    }
  },
  "ResourceSpecificationVersion": "114.0.0"
}