{
  "PropertyTypes": {
    "AWS::EC2::ClientVpnEndpoint.CertificateAuthenticationRequest": {
      "Documentation": "http://docs.aws.amazon.com/AWSCloudFormation/latest/UserGuide/aws-properties-ec2-clientvpnendpoint-certificateauthenticationrequest.html",
      "Properties": {
        "ClientRootCertificateChainArn": {
          "Required": true,
          "Documentation": "http://docs.aws.amazon.com/AWSCloudFormation/latest/UserGuide/aws-properties-ec2-clientvpnendpoint-certificateauthenticationrequest.html#cfn-ec2-clientvpnendpoint-certificateauthenticationrequest-clientrootcertificatechainarn",
          "PrimitiveType": "String",
          "UpdateType": "Mutable"
        }
      }
    },
    "AWS::EC2::ClientVpnEndpoint.ConnectionLogOptions": {
      "Documentation": "http://docs.aws.amazon.com/AWSCloudFormation/latest/UserGuide/aws-properties-ec2-clientvpnendpoint-connectionlogoptions.html",
      "Properties": {
        "CloudwatchLogStream": {
          "Required": false,
          "Documentation": "http://docs.aws.amazon.com/AWSCloudFormation/latest/UserGuide/aws-properties-ec2-clientvpnendpoint-connectionlogoptions.html#cfn-ec2-clientvpnendpoint-connectionlogoptions-cloudwatchlogstream",
          "PrimitiveType": "String",
          "UpdateType": "Mutable"
        },
        "Enabled": {
          "Required": true,
          "Documentation": "http://docs.aws.amazon.com/AWSCloudFormation/latest/UserGuide/aws-properties-ec2-clientvpnendpoint-connectionlogoptions.html#cfn-ec2-clientvpnendpoint-connectionlogoptions-enabled",
          "PrimitiveType": "Boolean",
          "UpdateType": "Mutable"
        },
        "CloudwatchLogGroup": {
          "Required": false,
          "Documentation": "http://docs.aws.amazon.com/AWSCloudFormation/latest/UserGuide/aws-properties-ec2-clientvpnendpoint-connectionlogoptions.html#cfn-ec2-clientvpnendpoint-connectionlogoptions-cloudwatchloggroup",
          "PrimitiveType": "String",
          "UpdateType": "Mutable"
        }
      }
    },
    "AWS::EC2::ClientVpnEndpoint.DirectoryServiceAuthenticationRequest": {
      "Documentation": "http://docs.aws.amazon.com/AWSCloudFormation/latest/UserGuide/aws-properties-ec2-clientvpnendpoint-directoryserviceauthenticationrequest.html",
      "Properties": {
        "DirectoryId": {
          "Required": true,
          "Documentation": "http://docs.aws.amazon.com/AWSCloudFormation/latest/UserGuide/aws-properties-ec2-clientvpnendpoint-directoryserviceauthenticationrequest.html#cfn-ec2-clientvpnendpoint-directoryserviceauthenticationrequest-directoryid",
          "PrimitiveType": "String",
          "UpdateType": "Mutable"
        }
      }
    },
    "AWS::EC2::ClientVpnEndpoint.ClientConnectOptions": {
      "Documentation": "http://docs.aws.amazon.com/AWSCloudFormation/latest/UserGuide/aws-properties-ec2-clientvpnendpoint-clientconnectoptions.html",
      "Properties": {
        "LambdaFunctionArn": {
          "Required": false,
          "Documentation": "http://docs.aws.amazon.com/AWSCloudFormation/latest/UserGuide/aws-properties-ec2-clientvpnendpoint-clientconnectoptions.html#cfn-ec2-clientvpnendpoint-clientconnectoptions-lambdafunctionarn",
          "PrimitiveType": "String",
          "UpdateType": "Mutable"
        },
        "Enabled": {
          "Required": true,
          "Documentation": "http://docs.aws.amazon.com/AWSCloudFormation/latest/UserGuide/aws-properties-ec2-clientvpnendpoint-clientconnectoptions.html#cfn-ec2-clientvpnendpoint-clientconnectoptions-enabled",
          "PrimitiveType": "Boolean",
          "UpdateType": "Mutable"
        }
      }
    },
    "AWS::EC2::ClientVpnEndpoint.FederatedAuthenticationRequest": {
      "Documentation": "http://docs.aws.amazon.com/AWSCloudFormation/latest/UserGuide/aws-properties-ec2-clientvpnendpoint-federatedauthenticationrequest.html",
      "Properties": {
        "SelfServiceSAMLProviderArn": {
          "Required": false,
          "Documentation": "http://docs.aws.amazon.com/AWSCloudFormation/latest/UserGuide/aws-properties-ec2-clientvpnendpoint-federatedauthenticationrequest.html#cfn-ec2-clientvpnendpoint-federatedauthenticationrequest-selfservicesamlproviderarn",
          "PrimitiveType": "String",
          "UpdateType": "Mutable"
        },
        "SAMLProviderArn": {
          "Required": true,
          "Documentation": "http://docs.aws.amazon.com/AWSCloudFormation/latest/UserGuide/aws-properties-ec2-clientvpnendpoint-federatedauthenticationrequest.html#cfn-ec2-clientvpnendpoint-federatedauthenticationrequest-samlproviderarn",
          "PrimitiveType": "String",
          "UpdateType": "Mutable"
        }
      }
    },
    "AWS::EC2::ClientVpnEndpoint.TagSpecification": {
      "Documentation": "http://docs.aws.amazon.com/AWSCloudFormation/latest/UserGuide/aws-properties-ec2-clientvpnendpoint-tagspecification.html",
      "Properties": {
        "ResourceType": {
          "Required": true,
          "Documentation": "http://docs.aws.amazon.com/AWSCloudFormation/latest/UserGuide/aws-properties-ec2-clientvpnendpoint-tagspecification.html#cfn-ec2-clientvpnendpoint-tagspecification-resourcetype",
          "PrimitiveType": "String",
          "UpdateType": "Mutable"
        },
        "Tags": {
          "Type": "List",
          "Required": true,
          "Documentation": "http://docs.aws.amazon.com/AWSCloudFormation/latest/UserGuide/aws-properties-ec2-clientvpnendpoint-tagspecification.html#cfn-ec2-clientvpnendpoint-tagspecification-tags",
          "ItemType": "Tag",
          "UpdateType": "Mutable"
        }
      }
    },
    "Tag": {
      "Documentation": "http://docs.aws.amazon.com/AWSCloudFormation/latest/UserGuide/aws-properties-resource-tags.html",
      "Properties": {
        "Key": {
          "Required": true,
          "Documentation": "http://docs.aws.amazon.com/AWSCloudFormation/latest/UserGuide/aws-properties-resource-tags.html#cfn-resource-tags-key",
          "PrimitiveType": "String",
          "UpdateType": "Mutable"
        },
        "Value": {
          "Required": true,
          "Documentation": "http://docs.aws.amazon.com/AWSCloudFormation/latest/UserGuide/aws-properties-resource-tags.html#cfn-resource-tags-value",
          "PrimitiveType": "String",
          "UpdateType": "Mutable"
        }
      }
    },
    "AWS::EC2::ClientVpnEndpoint.ClientAuthenticationRequest": {
      "Documentation": "http://docs.aws.amazon.com/AWSCloudFormation/latest/UserGuide/aws-properties-ec2-clientvpnendpoint-clientauthenticationrequest.html",
      "Properties": {
        "MutualAuthentication": {
          "Type": "CertificateAuthenticationRequest",
          "Required": false,
          "Documentation": "http://docs.aws.amazon.com/AWSCloudFormation/latest/UserGuide/aws-properties-ec2-clientvpnendpoint-clientauthenticationrequest.html#cfn-ec2-clientvpnendpoint-clientauthenticationrequest-mutualauthentication",
          "UpdateType": "Mutable"
        },
        "Type": {
          "Required": true,
          "Documentation": "http://docs.aws.amazon.com/AWSCloudFormation/latest/UserGuide/aws-properties-ec2-clientvpnendpoint-clientauthenticationrequest.html#cfn-ec2-clientvpnendpoint-clientauthenticationrequest-type",
          "PrimitiveType": "String",
          "UpdateType": "Mutable"
        },
        "FederatedAuthentication": {
          "Type": "FederatedAuthenticationRequest",
          "Required": false,
          "Documentation": "http://docs.aws.amazon.com/AWSCloudFormation/latest/UserGuide/aws-properties-ec2-clientvpnendpoint-clientauthenticationrequest.html#cfn-ec2-clientvpnendpoint-clientauthenticationrequest-federatedauthentication",
          "UpdateType": "Mutable"
        },
        "ActiveDirectory": {
          "Type": "DirectoryServiceAuthenticationRequest",
          "Required": false,
          "Documentation": "http://docs.aws.amazon.com/AWSCloudFormation/latest/UserGuide/aws-properties-ec2-clientvpnendpoint-clientauthenticationrequest.html#cfn-ec2-clientvpnendpoint-clientauthenticationrequest-activedirectory",
          "UpdateType": "Mutable"
        }
      }
    },
    "AWS::EC2::ClientVpnEndpoint.ClientLoginBannerOptions": {
      "Documentation": "http://docs.aws.amazon.com/AWSCloudFormation/latest/UserGuide/aws-properties-ec2-clientvpnendpoint-clientloginbanneroptions.html",
      "Properties": {
        "Enabled": {
          "Required": true,
          "Documentation": "http://docs.aws.amazon.com/AWSCloudFormation/latest/UserGuide/aws-properties-ec2-clientvpnendpoint-clientloginbanneroptions.html#cfn-ec2-clientvpnendpoint-clientloginbanneroptions-enabled",
          "PrimitiveType": "Boolean",
          "UpdateType": "Mutable"
        },
        "BannerText": {
          "Required": false,
          "Documentation": "http://docs.aws.amazon.com/AWSCloudFormation/latest/UserGuide/aws-properties-ec2-clientvpnendpoint-clientloginbanneroptions.html#cfn-ec2-clientvpnendpoint-clientloginbanneroptions-bannertext",
          "PrimitiveType": "String",
          "UpdateType": "Mutable"
        }
      }
    }
  },
  "ResourceType": {
    "AWS::EC2::ClientVpnEndpoint": {
      "Documentation": "http://docs.aws.amazon.com/AWSCloudFormation/latest/UserGuide/aws-resource-ec2-clientvpnendpoint.html",
      "Properties": {
        "ClientCidrBlock": {
          "Required": true,
          "Documentation": "http://docs.aws.amazon.com/AWSCloudFormation/latest/UserGuide/aws-resource-ec2-clientvpnendpoint.html#cfn-ec2-clientvpnendpoint-clientcidrblock",
          "PrimitiveType": "String",
          "UpdateType": "Immutable"
        },
        "ClientConnectOptions": {
          "Type": "ClientConnectOptions",
          "Required": false,
          "Documentation": "http://docs.aws.amazon.com/AWSCloudFormation/latest/UserGuide/aws-resource-ec2-clientvpnendpoint.html#cfn-ec2-clientvpnendpoint-clientconnectoptions",
          "UpdateType": "Mutable"
        },
        "Description": {
          "Required": false,
          "Documentation": "http://docs.aws.amazon.com/AWSCloudFormation/latest/UserGuide/aws-resource-ec2-clientvpnendpoint.html#cfn-ec2-clientvpnendpoint-description",
          "PrimitiveType": "String",
          "UpdateType": "Mutable"
        },
        "TagSpecifications": {
          "Type": "List",
          "Required": false,
          "Documentation": "http://docs.aws.amazon.com/AWSCloudFormation/latest/UserGuide/aws-resource-ec2-clientvpnendpoint.html#cfn-ec2-clientvpnendpoint-tagspecifications",
          "ItemType": "TagSpecification",
          "UpdateType": "Immutable"
        },
        "AuthenticationOptions": {
          "Type": "List",
          "Required": true,
          "Documentation": "http://docs.aws.amazon.com/AWSCloudFormation/latest/UserGuide/aws-resource-ec2-clientvpnendpoint.html#cfn-ec2-clientvpnendpoint-authenticationoptions",
          "ItemType": "ClientAuthenticationRequest",
          "UpdateType": "Immutable"
        },
        "ServerCertificateArn": {
          "Required": true,
          "Documentation": "http://docs.aws.amazon.com/AWSCloudFormation/latest/UserGuide/aws-resource-ec2-clientvpnendpoint.html#cfn-ec2-clientvpnendpoint-servercertificatearn",
          "PrimitiveType": "String",
          "UpdateType": "Mutable"
        },
        "SessionTimeoutHours": {
          "Required": false,
          "Documentation": "http://docs.aws.amazon.com/AWSCloudFormation/latest/UserGuide/aws-resource-ec2-clientvpnendpoint.html#cfn-ec2-clientvpnendpoint-sessiontimeouthours",
          "PrimitiveType": "Integer",
          "UpdateType": "Mutable"
        },
        "DnsServers": {
          "PrimitiveItemType": "String",
          "Type": "List",
          "Required": false,
          "Documentation": "http://docs.aws.amazon.com/AWSCloudFormation/latest/UserGuide/aws-resource-ec2-clientvpnendpoint.html#cfn-ec2-clientvpnendpoint-dnsservers",
          "UpdateType": "Mutable"
        },
        "SecurityGroupIds": {
          "PrimitiveItemType": "String",
          "Type": "List",
          "Required": false,
          "Documentation": "http://docs.aws.amazon.com/AWSCloudFormation/latest/UserGuide/aws-resource-ec2-clientvpnendpoint.html#cfn-ec2-clientvpnendpoint-securitygroupids",
          "UpdateType": "Mutable"
        },
        "ConnectionLogOptions": {
          "Type": "ConnectionLogOptions",
          "Required": true,
          "Documentation": "http://docs.aws.amazon.com/AWSCloudFormation/latest/UserGuide/aws-resource-ec2-clientvpnendpoint.html#cfn-ec2-clientvpnendpoint-connectionlogoptions",
          "UpdateType": "Mutable"
        },
        "SplitTunnel": {
          "Required": false,
          "Documentation": "http://docs.aws.amazon.com/AWSCloudFormation/latest/UserGuide/aws-resource-ec2-clientvpnendpoint.html#cfn-ec2-clientvpnendpoint-splittunnel",
          "PrimitiveType": "Boolean",
          "UpdateType": "Mutable"
        },
        "ClientLoginBannerOptions": {
          "Type": "ClientLoginBannerOptions",
          "Required": false,
          "Documentation": "http://docs.aws.amazon.com/AWSCloudFormation/latest/UserGuide/aws-resource-ec2-clientvpnendpoint.html#cfn-ec2-clientvpnendpoint-clientloginbanneroptions",
          "UpdateType": "Mutable"
        },
        "VpcId": {
          "Required": false,
          "Documentation": "http://docs.aws.amazon.com/AWSCloudFormation/latest/UserGuide/aws-resource-ec2-clientvpnendpoint.html#cfn-ec2-clientvpnendpoint-vpcid",
          "PrimitiveType": "String",
          "UpdateType": "Mutable"
        },
        "SelfServicePortal": {
          "Required": false,
          "Documentation": "http://docs.aws.amazon.com/AWSCloudFormation/latest/UserGuide/aws-resource-ec2-clientvpnendpoint.html#cfn-ec2-clientvpnendpoint-selfserviceportal",
          "PrimitiveType": "String",
          "UpdateType": "Mutable"
        },
        "TransportProtocol": {
          "Required": false,
          "Documentation": "http://docs.aws.amazon.com/AWSCloudFormation/latest/UserGuide/aws-resource-ec2-clientvpnendpoint.html#cfn-ec2-clientvpnendpoint-transportprotocol",
          "PrimitiveType": "String",
          "UpdateType": "Immutable"
        },
        "VpnPort": {
          "Required": false,
          "Documentation": "http://docs.aws.amazon.com/AWSCloudFormation/latest/UserGuide/aws-resource-ec2-clientvpnendpoint.html#cfn-ec2-clientvpnendpoint-vpnport",
          "PrimitiveType": "Integer",
          "UpdateType": "Mutable"
        }
      }
    }
  },
  "ResourceSpecificationVersion": "114.0.0"
}