{
  "PropertyTypes": {
    "AWS::EC2::CapacityReservationFleet.TagSpecification": {
      "Documentation": "http://docs.aws.amazon.com/AWSCloudFormation/latest/UserGuide/aws-properties-ec2-capacityreservationfleet-tagspecification.html",
      "Properties": {
        "ResourceType": {
          "Documentation": "http://docs.aws.amazon.com/AWSCloudFormation/latest/UserGuide/aws-properties-ec2-capacityreservationfleet-tagspecification.html#cfn-ec2-capacityreservationfleet-tagspecification-resourcetype",
          "UpdateType": "Immutable",
          "Required": false,
          "PrimitiveType": "String"
        },
        "Tags": {
          "Documentation": "http://docs.aws.amazon.com/AWSCloudFormation/latest/UserGuide/aws-properties-ec2-capacityreservationfleet-tagspecification.html#cfn-ec2-capacityreservationfleet-tagspecification-tags",
          "UpdateType": "Immutable",
          "Required": false,
          "Type": "List",
          "ItemType": "Tag",
          "DuplicatesAllowed": true
        }
      }
    },
    "AWS::EC2::CapacityReservationFleet.InstanceTypeSpecification": {
      "Documentation": "http://docs.aws.amazon.com/AWSCloudFormation/latest/UserGuide/aws-properties-ec2-capacityreservationfleet-instancetypespecification.html",
      "Properties": {
        "Priority": {
          "Documentation": "http://docs.aws.amazon.com/AWSCloudFormation/latest/UserGuide/aws-properties-ec2-capacityreservationfleet-instancetypespecification.html#cfn-ec2-capacityreservationfleet-instancetypespecification-priority",
          "UpdateType": "Immutable",
          "Required": false,
          "PrimitiveType": "Integer"
        },
        "AvailabilityZoneId": {
          "Documentation": "http://docs.aws.amazon.com/AWSCloudFormation/latest/UserGuide/aws-properties-ec2-capacityreservationfleet-instancetypespecification.html#cfn-ec2-capacityreservationfleet-instancetypespecification-availabilityzoneid",
          "UpdateType": "Immutable",
          "Required": false,
          "PrimitiveType": "String"
        },
        "AvailabilityZone": {
          "Documentation": "http://docs.aws.amazon.com/AWSCloudFormation/latest/UserGuide/aws-properties-ec2-capacityreservationfleet-instancetypespecification.html#cfn-ec2-capacityreservationfleet-instancetypespecification-availabilityzone",
          "UpdateType": "Immutable",
          "Required": false,
          "PrimitiveType": "String"
        },
        "InstancePlatform": {
          "Documentation": "http://docs.aws.amazon.com/AWSCloudFormation/latest/UserGuide/aws-properties-ec2-capacityreservationfleet-instancetypespecification.html#cfn-ec2-capacityreservationfleet-instancetypespecification-instanceplatform",
          "UpdateType": "Immutable",
          "Required": false,
          "PrimitiveType": "String"
        },
        "InstanceType": {
          "Documentation": "http://docs.aws.amazon.com/AWSCloudFormation/latest/UserGuide/aws-properties-ec2-capacityreservationfleet-instancetypespecification.html#cfn-ec2-capacityreservationfleet-instancetypespecification-instancetype",
          "UpdateType": "Immutable",
          "Required": false,
          "PrimitiveType": "String"
        },
        "Weight": {
          "Documentation": "http://docs.aws.amazon.com/AWSCloudFormation/latest/UserGuide/aws-properties-ec2-capacityreservationfleet-instancetypespecification.html#cfn-ec2-capacityreservationfleet-instancetypespecification-weight",
          "UpdateType": "Immutable",
          "Required": false,
          "PrimitiveType": "Double"
        },
        "EbsOptimized": {
          "Documentation": "http://docs.aws.amazon.com/AWSCloudFormation/latest/UserGuide/aws-properties-ec2-capacityreservationfleet-instancetypespecification.html#cfn-ec2-capacityreservationfleet-instancetypespecification-ebsoptimized",
          "UpdateType": "Immutable",
          "Required": false,
          "PrimitiveType": "Boolean"
        }
      }
    },
    "Tag": {
      "Documentation": "http://docs.aws.amazon.com/AWSCloudFormation/latest/UserGuide/aws-properties-resource-tags.html",
      "Properties": {
        "Value": {
          "Documentation": "http://docs.aws.amazon.com/AWSCloudFormation/latest/UserGuide/aws-properties-resource-tags.html#cfn-resource-tags-value",
          "UpdateType": "Mutable",
          "Required": true,
          "PrimitiveType": "String"
        },
        "Key": {
          "Documentation": "http://docs.aws.amazon.com/AWSCloudFormation/latest/UserGuide/aws-properties-resource-tags.html#cfn-resource-tags-key",
          "UpdateType": "Mutable",
          "Required": true,
          "PrimitiveType": "String"
        }
      }
    }
  },
  "ResourceType": {
    "AWS::EC2::CapacityReservationFleet": {
      "Documentation": "http://docs.aws.amazon.com/AWSCloudFormation/latest/UserGuide/aws-resource-ec2-capacityreservationfleet.html",
      "Properties": {
        "Tenancy": {
          "Documentation": "http://docs.aws.amazon.com/AWSCloudFormation/latest/UserGuide/aws-resource-ec2-capacityreservationfleet.html#cfn-ec2-capacityreservationfleet-tenancy",
          "UpdateType": "Immutable",
          "Required": false,
          "PrimitiveType": "String"
        },
        "TotalTargetCapacity": {
          "Documentation": "http://docs.aws.amazon.com/AWSCloudFormation/latest/UserGuide/aws-resource-ec2-capacityreservationfleet.html#cfn-ec2-capacityreservationfleet-totaltargetcapacity",
          "UpdateType": "Mutable",
          "Required": false,
          "PrimitiveType": "Integer"
        },
        "AllocationStrategy": {
          "Documentation": "http://docs.aws.amazon.com/AWSCloudFormation/latest/UserGuide/aws-resource-ec2-capacityreservationfleet.html#cfn-ec2-capacityreservationfleet-allocationstrategy",
          "UpdateType": "Immutable",
          "Required": false,
          "PrimitiveType": "String"
        },
        "TagSpecifications": {
          "Documentation": "http://docs.aws.amazon.com/AWSCloudFormation/latest/UserGuide/aws-resource-ec2-capacityreservationfleet.html#cfn-ec2-capacityreservationfleet-tagspecifications",
          "UpdateType": "Immutable",
          "Required": false,
          "Type": "List",
          "ItemType": "TagSpecification",
          "DuplicatesAllowed": true
        },
        "NoRemoveEndDate": {
          "Documentation": "http://docs.aws.amazon.com/AWSCloudFormation/latest/UserGuide/aws-resource-ec2-capacityreservationfleet.html#cfn-ec2-capacityreservationfleet-noremoveenddate",
          "UpdateType": "Mutable",
          "Required": false,
          "PrimitiveType": "Boolean"
        },
        "InstanceTypeSpecifications": {
          "Documentation": "http://docs.aws.amazon.com/AWSCloudFormation/latest/UserGuide/aws-resource-ec2-capacityreservationfleet.html#cfn-ec2-capacityreservationfleet-instancetypespecifications",
          "UpdateType": "Immutable",
          "Required": false,
          "Type": "List",
          "ItemType": "InstanceTypeSpecification",
          "DuplicatesAllowed": false
        },
        "RemoveEndDate": {
          "Documentation": "http://docs.aws.amazon.com/AWSCloudFormation/latest/UserGuide/aws-resource-ec2-capacityreservationfleet.html#cfn-ec2-capacityreservationfleet-removeenddate",
          "UpdateType": "Mutable",
          "Required": false,
          "PrimitiveType": "Boolean"
        },
        "InstanceMatchCriteria": {
          "Documentation": "http://docs.aws.amazon.com/AWSCloudFormation/latest/UserGuide/aws-resource-ec2-capacityreservationfleet.html#cfn-ec2-capacityreservationfleet-instancematchcriteria",
          "UpdateType": "Immutable",
          "Required": false,
          "PrimitiveType": "String"
        },
        "EndDate": {
          "Documentation": "http://docs.aws.amazon.com/AWSCloudFormation/latest/UserGuide/aws-resource-ec2-capacityreservationfleet.html#cfn-ec2-capacityreservationfleet-enddate",
          "UpdateType": "Immutable",
          "Required": false,
          "PrimitiveType": "String"
        }
      },
      "Attributes": {
        "CapacityReservationFleetId": {
          "PrimitiveType": "String"
        }
      }
    }
  },
  "ResourceSpecificationVersion": "114.0.0"
}