{
  "ResourceType": {
    "AWS::EC2::ClientVpnRoute": {
      "Documentation": "http://docs.aws.amazon.com/AWSCloudFormation/latest/UserGuide/aws-resource-ec2-clientvpnroute.html",
      "Properties": {
        "ClientVpnEndpointId": {
          "Required": true,
          "Documentation": "http://docs.aws.amazon.com/AWSCloudFormation/latest/UserGuide/aws-resource-ec2-clientvpnroute.html#cfn-ec2-clientvpnroute-clientvpnendpointid",
          "PrimitiveType": "String",
          "UpdateType": "Immutable"
        },
        "TargetVpcSubnetId": {
          "Required": true,
          "Documentation": "http://docs.aws.amazon.com/AWSCloudFormation/latest/UserGuide/aws-resource-ec2-clientvpnroute.html#cfn-ec2-clientvpnroute-targetvpcsubnetid",
          "PrimitiveType": "String",
          "UpdateType": "Immutable"
        },
        "Description": {
          "Required": false,
          "Documentation": "http://docs.aws.amazon.com/AWSCloudFormation/latest/UserGuide/aws-resource-ec2-clientvpnroute.html#cfn-ec2-clientvpnroute-description",
          "PrimitiveType": "String",
          "UpdateType": "Immutable"
        },
        "DestinationCidrBlock": {
          "Required": true,
          "Documentation": "http://docs.aws.amazon.com/AWSCloudFormation/latest/UserGuide/aws-resource-ec2-clientvpnroute.html#cfn-ec2-clientvpnroute-destinationcidrblock",
          "PrimitiveType": "String",
          "UpdateType": "Immutable"
        }
      }
    }
  },
  "ResourceSpecificationVersion": "114.0.0"
}