{
  "PropertyTypes": {
    "AWS::EC2::IPAM.IpamOperatingRegion": {
      "Documentation": "http://docs.aws.amazon.com/AWSCloudFormation/latest/UserGuide/aws-properties-ec2-ipam-ipamoperatingregion.html",
      "Properties": {
        "RegionName": {
          "Documentation": "http://docs.aws.amazon.com/AWSCloudFormation/latest/UserGuide/aws-properties-ec2-ipam-ipamoperatingregion.html#cfn-ec2-ipam-ipamoperatingregion-regionname",
          "UpdateType": "Mutable",
          "Required": true,
          "PrimitiveType": "String"
        }
      }
    },
    "Tag": {
      "Documentation": "http://docs.aws.amazon.com/AWSCloudFormation/latest/UserGuide/aws-properties-resource-tags.html",
      "Properties": {
        "Value": {
          "Documentation": "http://docs.aws.amazon.com/AWSCloudFormation/latest/UserGuide/aws-properties-resource-tags.html#cfn-resource-tags-value",
          "UpdateType": "Mutable",
          "Required": true,
          "PrimitiveType": "String"
        },
        "Key": {
          "Documentation": "http://docs.aws.amazon.com/AWSCloudFormation/latest/UserGuide/aws-properties-resource-tags.html#cfn-resource-tags-key",
          "UpdateType": "Mutable",
          "Required": true,
          "PrimitiveType": "String"
        }
      }
    }
  },
  "ResourceType": {
    "AWS::EC2::IPAM": {
      "Documentation": "http://docs.aws.amazon.com/AWSCloudFormation/latest/UserGuide/aws-resource-ec2-ipam.html",
      "Properties": {
        "DefaultResourceDiscoveryAssociationId": {
          "Documentation": "http://docs.aws.amazon.com/AWSCloudFormation/latest/UserGuide/aws-resource-ec2-ipam.html#cfn-ec2-ipam-defaultresourcediscoveryassociationid",
          "UpdateType": "Mutable",
          "Required": false,
          "PrimitiveType": "String"
        },
        "DefaultResourceDiscoveryId": {
          "Documentation": "http://docs.aws.amazon.com/AWSCloudFormation/latest/UserGuide/aws-resource-ec2-ipam.html#cfn-ec2-ipam-defaultresourcediscoveryid",
          "UpdateType": "Mutable",
          "Required": false,
          "PrimitiveType": "String"
        },
        "Description": {
          "Documentation": "http://docs.aws.amazon.com/AWSCloudFormation/latest/UserGuide/aws-resource-ec2-ipam.html#cfn-ec2-ipam-description",
          "UpdateType": "Mutable",
          "Required": false,
          "PrimitiveType": "String"
        },
        "ResourceDiscoveryAssociationCount": {
          "Documentation": "http://docs.aws.amazon.com/AWSCloudFormation/latest/UserGuide/aws-resource-ec2-ipam.html#cfn-ec2-ipam-resourcediscoveryassociationcount",
          "UpdateType": "Mutable",
          "Required": false,
          "PrimitiveType": "Integer"
        },
        "Tags": {
          "Documentation": "http://docs.aws.amazon.com/AWSCloudFormation/latest/UserGuide/aws-resource-ec2-ipam.html#cfn-ec2-ipam-tags",
          "UpdateType": "Mutable",
          "Required": false,
          "Type": "List",
          "ItemType": "Tag",
          "DuplicatesAllowed": false
        },
        "OperatingRegions": {
          "Documentation": "http://docs.aws.amazon.com/AWSCloudFormation/latest/UserGuide/aws-resource-ec2-ipam.html#cfn-ec2-ipam-operatingregions",
          "UpdateType": "Mutable",
          "Required": false,
          "Type": "List",
          "ItemType": "IpamOperatingRegion",
          "DuplicatesAllowed": false
        }
      },
      "Attributes": {
        "IpamId": {
          "PrimitiveType": "String"
        },
        "ScopeCount": {
          "PrimitiveType": "Integer"
        },
        "Arn": {
          "PrimitiveType": "String"
        },
        "PrivateDefaultScopeId": {
          "PrimitiveType": "String"
        },
        "PublicDefaultScopeId": {
          "PrimitiveType": "String"
        }
      }
    }
  },
  "ResourceSpecificationVersion": "114.0.0"
}