{
  "ResourceType": {
    "AWS::EC2::IPAMAllocation": {
      "Documentation": "http://docs.aws.amazon.com/AWSCloudFormation/latest/UserGuide/aws-resource-ec2-ipamallocation.html",
      "Properties": {
        "Description": {
          "Documentation": "http://docs.aws.amazon.com/AWSCloudFormation/latest/UserGuide/aws-resource-ec2-ipamallocation.html#cfn-ec2-ipamallocation-description",
          "UpdateType": "Immutable",
          "Required": false,
          "PrimitiveType": "String"
        },
        "Cidr": {
          "Documentation": "http://docs.aws.amazon.com/AWSCloudFormation/latest/UserGuide/aws-resource-ec2-ipamallocation.html#cfn-ec2-ipamallocation-cidr",
          "UpdateType": "Immutable",
          "Required": false,
          "PrimitiveType": "String"
        },
        "NetmaskLength": {
          "Documentation": "http://docs.aws.amazon.com/AWSCloudFormation/latest/UserGuide/aws-resource-ec2-ipamallocation.html#cfn-ec2-ipamallocation-netmasklength",
          "UpdateType": "Immutable",
          "Required": false,
          "PrimitiveType": "Integer"
        },
        "IpamPoolId": {
          "Documentation": "http://docs.aws.amazon.com/AWSCloudFormation/latest/UserGuide/aws-resource-ec2-ipamallocation.html#cfn-ec2-ipamallocation-ipampoolid",
          "UpdateType": "Immutable",
          "Required": true,
          "PrimitiveType": "String"
        }
      },
      "Attributes": {
        "IpamPoolAllocationId": {
          "PrimitiveType": "String"
        }
      }
    }
  },
  "ResourceSpecificationVersion": "114.0.0"
}