{
  "PropertyTypes": {
    "AWS::EC2::LaunchTemplate.CreditSpecification": {
      "Documentation": "http://docs.aws.amazon.com/AWSCloudFormation/latest/UserGuide/aws-properties-ec2-launchtemplate-launchtemplatedata-creditspecification.html",
      "Properties": {
        "CpuCredits": {
          "Required": false,
          "Documentation": "http://docs.aws.amazon.com/AWSCloudFormation/latest/UserGuide/aws-properties-ec2-launchtemplate-launchtemplatedata-creditspecification.html#cfn-ec2-launchtemplate-launchtemplatedata-creditspecification-cpucredits",
          "PrimitiveType": "String",
          "UpdateType": "Mutable"
        }
      }
    },
    "AWS::EC2::LaunchTemplate.Ipv6Add": {
      "Documentation": "http://docs.aws.amazon.com/AWSCloudFormation/latest/UserGuide/aws-properties-ec2-launchtemplate-ipv6add.html",
      "Properties": {
        "Ipv6Address": {
          "Required": false,
          "Documentation": "http://docs.aws.amazon.com/AWSCloudFormation/latest/UserGuide/aws-properties-ec2-launchtemplate-ipv6add.html#cfn-ec2-launchtemplate-ipv6add-ipv6address",
          "PrimitiveType": "String",
          "UpdateType": "Mutable"
        }
      }
    },
    "AWS::EC2::LaunchTemplate.AcceleratorTotalMemoryMiB": {
      "Documentation": "http://docs.aws.amazon.com/AWSCloudFormation/latest/UserGuide/aws-properties-ec2-launchtemplate-acceleratortotalmemorymib.html",
      "Properties": {
        "Min": {
          "Required": false,
          "Documentation": "http://docs.aws.amazon.com/AWSCloudFormation/latest/UserGuide/aws-properties-ec2-launchtemplate-acceleratortotalmemorymib.html#cfn-ec2-launchtemplate-acceleratortotalmemorymib-min",
          "PrimitiveType": "Integer",
          "UpdateType": "Mutable"
        },
        "Max": {
          "Required": false,
          "Documentation": "http://docs.aws.amazon.com/AWSCloudFormation/latest/UserGuide/aws-properties-ec2-launchtemplate-acceleratortotalmemorymib.html#cfn-ec2-launchtemplate-acceleratortotalmemorymib-max",
          "PrimitiveType": "Integer",
          "UpdateType": "Mutable"
        }
      }
    },
    "AWS::EC2::LaunchTemplate.IamInstanceProfile": {
      "Documentation": "http://docs.aws.amazon.com/AWSCloudFormation/latest/UserGuide/aws-properties-ec2-launchtemplate-launchtemplatedata-iaminstanceprofile.html",
      "Properties": {
        "Arn": {
          "Required": false,
          "Documentation": "http://docs.aws.amazon.com/AWSCloudFormation/latest/UserGuide/aws-properties-ec2-launchtemplate-launchtemplatedata-iaminstanceprofile.html#cfn-ec2-launchtemplate-launchtemplatedata-iaminstanceprofile-arn",
          "PrimitiveType": "String",
          "UpdateType": "Mutable"
        },
        "Name": {
          "Required": false,
          "Documentation": "http://docs.aws.amazon.com/AWSCloudFormation/latest/UserGuide/aws-properties-ec2-launchtemplate-launchtemplatedata-iaminstanceprofile.html#cfn-ec2-launchtemplate-launchtemplatedata-iaminstanceprofile-name",
          "PrimitiveType": "String",
          "UpdateType": "Mutable"
        }
      }
    },
    "AWS::EC2::LaunchTemplate.PrivateIpAdd": {
      "Documentation": "http://docs.aws.amazon.com/AWSCloudFormation/latest/UserGuide/aws-properties-ec2-launchtemplate-privateipadd.html",
      "Properties": {
        "PrivateIpAddress": {
          "Required": false,
          "Documentation": "http://docs.aws.amazon.com/AWSCloudFormation/latest/UserGuide/aws-properties-ec2-launchtemplate-privateipadd.html#cfn-ec2-launchtemplate-privateipadd-privateipaddress",
          "PrimitiveType": "String",
          "UpdateType": "Mutable"
        },
        "Primary": {
          "Required": false,
          "Documentation": "http://docs.aws.amazon.com/AWSCloudFormation/latest/UserGuide/aws-properties-ec2-launchtemplate-privateipadd.html#cfn-ec2-launchtemplate-privateipadd-primary",
          "PrimitiveType": "Boolean",
          "UpdateType": "Mutable"
        }
      }
    },
    "AWS::EC2::LaunchTemplate.VCpuCount": {
      "Documentation": "http://docs.aws.amazon.com/AWSCloudFormation/latest/UserGuide/aws-properties-ec2-launchtemplate-vcpucount.html",
      "Properties": {
        "Min": {
          "Required": false,
          "Documentation": "http://docs.aws.amazon.com/AWSCloudFormation/latest/UserGuide/aws-properties-ec2-launchtemplate-vcpucount.html#cfn-ec2-launchtemplate-vcpucount-min",
          "PrimitiveType": "Integer",
          "UpdateType": "Mutable"
        },
        "Max": {
          "Required": false,
          "Documentation": "http://docs.aws.amazon.com/AWSCloudFormation/latest/UserGuide/aws-properties-ec2-launchtemplate-vcpucount.html#cfn-ec2-launchtemplate-vcpucount-max",
          "PrimitiveType": "Integer",
          "UpdateType": "Mutable"
        }
      }
    },
    "AWS::EC2::LaunchTemplate.Ipv4PrefixSpecification": {
      "Documentation": "http://docs.aws.amazon.com/AWSCloudFormation/latest/UserGuide/aws-properties-ec2-launchtemplate-ipv4prefixspecification.html",
      "Properties": {
        "Ipv4Prefix": {
          "Required": false,
          "Documentation": "http://docs.aws.amazon.com/AWSCloudFormation/latest/UserGuide/aws-properties-ec2-launchtemplate-ipv4prefixspecification.html#cfn-ec2-launchtemplate-ipv4prefixspecification-ipv4prefix",
          "PrimitiveType": "String",
          "UpdateType": "Mutable"
        }
      }
    },
    "AWS::EC2::LaunchTemplate.Ipv6PrefixSpecification": {
      "Documentation": "http://docs.aws.amazon.com/AWSCloudFormation/latest/UserGuide/aws-properties-ec2-launchtemplate-ipv6prefixspecification.html",
      "Properties": {
        "Ipv6Prefix": {
          "Required": false,
          "Documentation": "http://docs.aws.amazon.com/AWSCloudFormation/latest/UserGuide/aws-properties-ec2-launchtemplate-ipv6prefixspecification.html#cfn-ec2-launchtemplate-ipv6prefixspecification-ipv6prefix",
          "PrimitiveType": "String",
          "UpdateType": "Mutable"
        }
      }
    },
    "AWS::EC2::LaunchTemplate.LaunchTemplateData": {
      "Documentation": "http://docs.aws.amazon.com/AWSCloudFormation/latest/UserGuide/aws-properties-ec2-launchtemplate-launchtemplatedata.html",
      "Properties": {
        "SecurityGroups": {
          "PrimitiveItemType": "String",
          "Type": "List",
          "Required": false,
          "Documentation": "http://docs.aws.amazon.com/AWSCloudFormation/latest/UserGuide/aws-properties-ec2-launchtemplate-launchtemplatedata.html#cfn-ec2-launchtemplate-launchtemplatedata-securitygroups",
          "UpdateType": "Mutable"
        },
        "TagSpecifications": {
          "Type": "List",
          "Required": false,
          "Documentation": "http://docs.aws.amazon.com/AWSCloudFormation/latest/UserGuide/aws-properties-ec2-launchtemplate-launchtemplatedata.html#cfn-ec2-launchtemplate-launchtemplatedata-tagspecifications",
          "ItemType": "TagSpecification",
          "UpdateType": "Mutable"
        },
        "UserData": {
          "Required": false,
          "Documentation": "http://docs.aws.amazon.com/AWSCloudFormation/latest/UserGuide/aws-properties-ec2-launchtemplate-launchtemplatedata.html#cfn-ec2-launchtemplate-launchtemplatedata-userdata",
          "PrimitiveType": "String",
          "UpdateType": "Mutable"
        },
        "BlockDeviceMappings": {
          "Type": "List",
          "Required": false,
          "Documentation": "http://docs.aws.amazon.com/AWSCloudFormation/latest/UserGuide/aws-properties-ec2-launchtemplate-launchtemplatedata.html#cfn-ec2-launchtemplate-launchtemplatedata-blockdevicemappings",
          "ItemType": "BlockDeviceMapping",
          "UpdateType": "Mutable"
        },
        "MaintenanceOptions": {
          "Type": "MaintenanceOptions",
          "Required": false,
          "Documentation": "http://docs.aws.amazon.com/AWSCloudFormation/latest/UserGuide/aws-properties-ec2-launchtemplate-launchtemplatedata.html#cfn-ec2-launchtemplate-launchtemplatedata-maintenanceoptions",
          "UpdateType": "Mutable"
        },
        "IamInstanceProfile": {
          "Type": "IamInstanceProfile",
          "Required": false,
          "Documentation": "http://docs.aws.amazon.com/AWSCloudFormation/latest/UserGuide/aws-properties-ec2-launchtemplate-launchtemplatedata.html#cfn-ec2-launchtemplate-launchtemplatedata-iaminstanceprofile",
          "UpdateType": "Mutable"
        },
        "KernelId": {
          "Required": false,
          "Documentation": "http://docs.aws.amazon.com/AWSCloudFormation/latest/UserGuide/aws-properties-ec2-launchtemplate-launchtemplatedata.html#cfn-ec2-launchtemplate-launchtemplatedata-kernelid",
          "PrimitiveType": "String",
          "UpdateType": "Mutable"
        },
        "EbsOptimized": {
          "Required": false,
          "Documentation": "http://docs.aws.amazon.com/AWSCloudFormation/latest/UserGuide/aws-properties-ec2-launchtemplate-launchtemplatedata.html#cfn-ec2-launchtemplate-launchtemplatedata-ebsoptimized",
          "PrimitiveType": "Boolean",
          "UpdateType": "Mutable"
        },
        "ElasticGpuSpecifications": {
          "Type": "List",
          "Required": false,
          "Documentation": "http://docs.aws.amazon.com/AWSCloudFormation/latest/UserGuide/aws-properties-ec2-launchtemplate-launchtemplatedata.html#cfn-ec2-launchtemplate-launchtemplatedata-elasticgpuspecifications",
          "ItemType": "ElasticGpuSpecification",
          "UpdateType": "Mutable"
        },
        "ElasticInferenceAccelerators": {
          "Type": "List",
          "Required": false,
          "Documentation": "http://docs.aws.amazon.com/AWSCloudFormation/latest/UserGuide/aws-properties-ec2-launchtemplate-launchtemplatedata.html#cfn-ec2-launchtemplate-launchtemplatedata-elasticinferenceaccelerators",
          "ItemType": "LaunchTemplateElasticInferenceAccelerator",
          "UpdateType": "Mutable"
        },
        "Placement": {
          "Type": "Placement",
          "Required": false,
          "Documentation": "http://docs.aws.amazon.com/AWSCloudFormation/latest/UserGuide/aws-properties-ec2-launchtemplate-launchtemplatedata.html#cfn-ec2-launchtemplate-launchtemplatedata-placement",
          "UpdateType": "Mutable"
        },
        "NetworkInterfaces": {
          "Type": "List",
          "Required": false,
          "Documentation": "http://docs.aws.amazon.com/AWSCloudFormation/latest/UserGuide/aws-properties-ec2-launchtemplate-launchtemplatedata.html#cfn-ec2-launchtemplate-launchtemplatedata-networkinterfaces",
          "ItemType": "NetworkInterface",
          "UpdateType": "Mutable"
        },
        "EnclaveOptions": {
          "Type": "EnclaveOptions",
          "Required": false,
          "Documentation": "http://docs.aws.amazon.com/AWSCloudFormation/latest/UserGuide/aws-properties-ec2-launchtemplate-launchtemplatedata.html#cfn-ec2-launchtemplate-launchtemplatedata-enclaveoptions",
          "UpdateType": "Mutable"
        },
        "ImageId": {
          "Required": false,
          "Documentation": "http://docs.aws.amazon.com/AWSCloudFormation/latest/UserGuide/aws-properties-ec2-launchtemplate-launchtemplatedata.html#cfn-ec2-launchtemplate-launchtemplatedata-imageid",
          "PrimitiveType": "String",
          "UpdateType": "Mutable"
        },
        "InstanceType": {
          "Required": false,
          "Documentation": "http://docs.aws.amazon.com/AWSCloudFormation/latest/UserGuide/aws-properties-ec2-launchtemplate-launchtemplatedata.html#cfn-ec2-launchtemplate-launchtemplatedata-instancetype",
          "PrimitiveType": "String",
          "UpdateType": "Mutable"
        },
        "Monitoring": {
          "Type": "Monitoring",
          "Required": false,
          "Documentation": "http://docs.aws.amazon.com/AWSCloudFormation/latest/UserGuide/aws-properties-ec2-launchtemplate-launchtemplatedata.html#cfn-ec2-launchtemplate-launchtemplatedata-monitoring",
          "UpdateType": "Mutable"
        },
        "HibernationOptions": {
          "Type": "HibernationOptions",
          "Required": false,
          "Documentation": "http://docs.aws.amazon.com/AWSCloudFormation/latest/UserGuide/aws-properties-ec2-launchtemplate-launchtemplatedata.html#cfn-ec2-launchtemplate-launchtemplatedata-hibernationoptions",
          "UpdateType": "Mutable"
        },
        "MetadataOptions": {
          "Type": "MetadataOptions",
          "Required": false,
          "Documentation": "http://docs.aws.amazon.com/AWSCloudFormation/latest/UserGuide/aws-properties-ec2-launchtemplate-launchtemplatedata.html#cfn-ec2-launchtemplate-launchtemplatedata-metadataoptions",
          "UpdateType": "Mutable"
        },
        "LicenseSpecifications": {
          "Type": "List",
          "Required": false,
          "Documentation": "http://docs.aws.amazon.com/AWSCloudFormation/latest/UserGuide/aws-properties-ec2-launchtemplate-launchtemplatedata.html#cfn-ec2-launchtemplate-launchtemplatedata-licensespecifications",
          "ItemType": "LicenseSpecification",
          "UpdateType": "Mutable"
        },
        "InstanceInitiatedShutdownBehavior": {
          "Required": false,
          "Documentation": "http://docs.aws.amazon.com/AWSCloudFormation/latest/UserGuide/aws-properties-ec2-launchtemplate-launchtemplatedata.html#cfn-ec2-launchtemplate-launchtemplatedata-instanceinitiatedshutdownbehavior",
          "PrimitiveType": "String",
          "UpdateType": "Mutable"
        },
        "DisableApiStop": {
          "Required": false,
          "Documentation": "http://docs.aws.amazon.com/AWSCloudFormation/latest/UserGuide/aws-properties-ec2-launchtemplate-launchtemplatedata.html#cfn-ec2-launchtemplate-launchtemplatedata-disableapistop",
          "PrimitiveType": "Boolean",
          "UpdateType": "Mutable"
        },
        "CpuOptions": {
          "Type": "CpuOptions",
          "Required": false,
          "Documentation": "http://docs.aws.amazon.com/AWSCloudFormation/latest/UserGuide/aws-properties-ec2-launchtemplate-launchtemplatedata.html#cfn-ec2-launchtemplate-launchtemplatedata-cpuoptions",
          "UpdateType": "Mutable"
        },
        "PrivateDnsNameOptions": {
          "Type": "PrivateDnsNameOptions",
          "Required": false,
          "Documentation": "http://docs.aws.amazon.com/AWSCloudFormation/latest/UserGuide/aws-properties-ec2-launchtemplate-launchtemplatedata.html#cfn-ec2-launchtemplate-launchtemplatedata-privatednsnameoptions",
          "UpdateType": "Mutable"
        },
        "SecurityGroupIds": {
          "PrimitiveItemType": "String",
          "Type": "List",
          "Required": false,
          "Documentation": "http://docs.aws.amazon.com/AWSCloudFormation/latest/UserGuide/aws-properties-ec2-launchtemplate-launchtemplatedata.html#cfn-ec2-launchtemplate-launchtemplatedata-securitygroupids",
          "UpdateType": "Mutable"
        },
        "KeyName": {
          "Required": false,
          "Documentation": "http://docs.aws.amazon.com/AWSCloudFormation/latest/UserGuide/aws-properties-ec2-launchtemplate-launchtemplatedata.html#cfn-ec2-launchtemplate-launchtemplatedata-keyname",
          "PrimitiveType": "String",
          "UpdateType": "Mutable"
        },
        "DisableApiTermination": {
          "Required": false,
          "Documentation": "http://docs.aws.amazon.com/AWSCloudFormation/latest/UserGuide/aws-properties-ec2-launchtemplate-launchtemplatedata.html#cfn-ec2-launchtemplate-launchtemplatedata-disableapitermination",
          "PrimitiveType": "Boolean",
          "UpdateType": "Mutable"
        },
        "InstanceMarketOptions": {
          "Type": "InstanceMarketOptions",
          "Required": false,
          "Documentation": "http://docs.aws.amazon.com/AWSCloudFormation/latest/UserGuide/aws-properties-ec2-launchtemplate-launchtemplatedata.html#cfn-ec2-launchtemplate-launchtemplatedata-instancemarketoptions",
          "UpdateType": "Mutable"
        },
        "InstanceRequirements": {
          "Type": "InstanceRequirements",
          "Required": false,
          "Documentation": "http://docs.aws.amazon.com/AWSCloudFormation/latest/UserGuide/aws-properties-ec2-launchtemplate-launchtemplatedata.html#cfn-ec2-launchtemplate-launchtemplatedata-instancerequirements",
          "UpdateType": "Mutable"
        },
        "RamDiskId": {
          "Required": false,
          "Documentation": "http://docs.aws.amazon.com/AWSCloudFormation/latest/UserGuide/aws-properties-ec2-launchtemplate-launchtemplatedata.html#cfn-ec2-launchtemplate-launchtemplatedata-ramdiskid",
          "PrimitiveType": "String",
          "UpdateType": "Mutable"
        },
        "CapacityReservationSpecification": {
          "Type": "CapacityReservationSpecification",
          "Required": false,
          "Documentation": "http://docs.aws.amazon.com/AWSCloudFormation/latest/UserGuide/aws-properties-ec2-launchtemplate-launchtemplatedata.html#cfn-ec2-launchtemplate-launchtemplatedata-capacityreservationspecification",
          "UpdateType": "Mutable"
        },
        "CreditSpecification": {
          "Type": "CreditSpecification",
          "Required": false,
          "Documentation": "http://docs.aws.amazon.com/AWSCloudFormation/latest/UserGuide/aws-properties-ec2-launchtemplate-launchtemplatedata.html#cfn-ec2-launchtemplate-launchtemplatedata-creditspecification",
          "UpdateType": "Mutable"
        }
      }
    },
    "AWS::EC2::LaunchTemplate.MaintenanceOptions": {
      "Documentation": "http://docs.aws.amazon.com/AWSCloudFormation/latest/UserGuide/aws-properties-ec2-launchtemplate-launchtemplatedata-maintenanceoptions.html",
      "Properties": {
        "AutoRecovery": {
          "Required": false,
          "Documentation": "http://docs.aws.amazon.com/AWSCloudFormation/latest/UserGuide/aws-properties-ec2-launchtemplate-launchtemplatedata-maintenanceoptions.html#cfn-ec2-launchtemplate-launchtemplatedata-maintenanceoptions-autorecovery",
          "PrimitiveType": "String",
          "UpdateType": "Mutable"
        }
      }
    },
    "AWS::EC2::LaunchTemplate.InstanceRequirements": {
      "Documentation": "http://docs.aws.amazon.com/AWSCloudFormation/latest/UserGuide/aws-properties-ec2-launchtemplate-launchtemplatedata-instancerequirements.html",
      "Properties": {
        "LocalStorageTypes": {
          "PrimitiveItemType": "String",
          "Type": "List",
          "Required": false,
          "Documentation": "http://docs.aws.amazon.com/AWSCloudFormation/latest/UserGuide/aws-properties-ec2-launchtemplate-launchtemplatedata-instancerequirements.html#cfn-ec2-launchtemplate-launchtemplatedata-instancerequirements-localstoragetypes",
          "UpdateType": "Mutable"
        },
        "InstanceGenerations": {
          "PrimitiveItemType": "String",
          "Type": "List",
          "Required": false,
          "Documentation": "http://docs.aws.amazon.com/AWSCloudFormation/latest/UserGuide/aws-properties-ec2-launchtemplate-launchtemplatedata-instancerequirements.html#cfn-ec2-launchtemplate-launchtemplatedata-instancerequirements-instancegenerations",
          "UpdateType": "Mutable"
        },
        "NetworkInterfaceCount": {
          "Type": "NetworkInterfaceCount",
          "Required": false,
          "Documentation": "http://docs.aws.amazon.com/AWSCloudFormation/latest/UserGuide/aws-properties-ec2-launchtemplate-launchtemplatedata-instancerequirements.html#cfn-ec2-launchtemplate-launchtemplatedata-instancerequirements-networkinterfacecount",
          "UpdateType": "Mutable"
        },
        "MemoryGiBPerVCpu": {
          "Type": "MemoryGiBPerVCpu",
          "Required": false,
          "Documentation": "http://docs.aws.amazon.com/AWSCloudFormation/latest/UserGuide/aws-properties-ec2-launchtemplate-launchtemplatedata-instancerequirements.html#cfn-ec2-launchtemplate-launchtemplatedata-instancerequirements-memorygibpervcpu",
          "UpdateType": "Mutable"
        },
        "AcceleratorTypes": {
          "PrimitiveItemType": "String",
          "Type": "List",
          "Required": false,
          "Documentation": "http://docs.aws.amazon.com/AWSCloudFormation/latest/UserGuide/aws-properties-ec2-launchtemplate-launchtemplatedata-instancerequirements.html#cfn-ec2-launchtemplate-launchtemplatedata-instancerequirements-acceleratortypes",
          "UpdateType": "Mutable"
        },
        "VCpuCount": {
          "Type": "VCpuCount",
          "Required": false,
          "Documentation": "http://docs.aws.amazon.com/AWSCloudFormation/latest/UserGuide/aws-properties-ec2-launchtemplate-launchtemplatedata-instancerequirements.html#cfn-ec2-launchtemplate-launchtemplatedata-instancerequirements-vcpucount",
          "UpdateType": "Mutable"
        },
        "ExcludedInstanceTypes": {
          "PrimitiveItemType": "String",
          "Type": "List",
          "Required": false,
          "Documentation": "http://docs.aws.amazon.com/AWSCloudFormation/latest/UserGuide/aws-properties-ec2-launchtemplate-launchtemplatedata-instancerequirements.html#cfn-ec2-launchtemplate-launchtemplatedata-instancerequirements-excludedinstancetypes",
          "UpdateType": "Mutable"
        },
        "AcceleratorManufacturers": {
          "PrimitiveItemType": "String",
          "Type": "List",
          "Required": false,
          "Documentation": "http://docs.aws.amazon.com/AWSCloudFormation/latest/UserGuide/aws-properties-ec2-launchtemplate-launchtemplatedata-instancerequirements.html#cfn-ec2-launchtemplate-launchtemplatedata-instancerequirements-acceleratormanufacturers",
          "UpdateType": "Mutable"
        },
        "AllowedInstanceTypes": {
          "PrimitiveItemType": "String",
          "Type": "List",
          "Required": false,
          "Documentation": "http://docs.aws.amazon.com/AWSCloudFormation/latest/UserGuide/aws-properties-ec2-launchtemplate-launchtemplatedata-instancerequirements.html#cfn-ec2-launchtemplate-launchtemplatedata-instancerequirements-allowedinstancetypes",
          "UpdateType": "Mutable"
        },
        "LocalStorage": {
          "Required": false,
          "Documentation": "http://docs.aws.amazon.com/AWSCloudFormation/latest/UserGuide/aws-properties-ec2-launchtemplate-launchtemplatedata-instancerequirements.html#cfn-ec2-launchtemplate-launchtemplatedata-instancerequirements-localstorage",
          "PrimitiveType": "String",
          "UpdateType": "Mutable"
        },
        "CpuManufacturers": {
          "PrimitiveItemType": "String",
          "Type": "List",
          "Required": false,
          "Documentation": "http://docs.aws.amazon.com/AWSCloudFormation/latest/UserGuide/aws-properties-ec2-launchtemplate-launchtemplatedata-instancerequirements.html#cfn-ec2-launchtemplate-launchtemplatedata-instancerequirements-cpumanufacturers",
          "UpdateType": "Mutable"
        },
        "AcceleratorCount": {
          "Type": "AcceleratorCount",
          "Required": false,
          "Documentation": "http://docs.aws.amazon.com/AWSCloudFormation/latest/UserGuide/aws-properties-ec2-launchtemplate-launchtemplatedata-instancerequirements.html#cfn-ec2-launchtemplate-launchtemplatedata-instancerequirements-acceleratorcount",
          "UpdateType": "Mutable"
        },
        "NetworkBandwidthGbps": {
          "Type": "NetworkBandwidthGbps",
          "Required": false,
          "Documentation": "http://docs.aws.amazon.com/AWSCloudFormation/latest/UserGuide/aws-properties-ec2-launchtemplate-launchtemplatedata-instancerequirements.html#cfn-ec2-launchtemplate-launchtemplatedata-instancerequirements-networkbandwidthgbps",
          "UpdateType": "Mutable"
        },
        "BareMetal": {
          "Required": false,
          "Documentation": "http://docs.aws.amazon.com/AWSCloudFormation/latest/UserGuide/aws-properties-ec2-launchtemplate-launchtemplatedata-instancerequirements.html#cfn-ec2-launchtemplate-launchtemplatedata-instancerequirements-baremetal",
          "PrimitiveType": "String",
          "UpdateType": "Mutable"
        },
        "RequireHibernateSupport": {
          "Required": false,
          "Documentation": "http://docs.aws.amazon.com/AWSCloudFormation/latest/UserGuide/aws-properties-ec2-launchtemplate-launchtemplatedata-instancerequirements.html#cfn-ec2-launchtemplate-launchtemplatedata-instancerequirements-requirehibernatesupport",
          "PrimitiveType": "Boolean",
          "UpdateType": "Mutable"
        },
        "SpotMaxPricePercentageOverLowestPrice": {
          "Required": false,
          "Documentation": "http://docs.aws.amazon.com/AWSCloudFormation/latest/UserGuide/aws-properties-ec2-launchtemplate-launchtemplatedata-instancerequirements.html#cfn-ec2-launchtemplate-launchtemplatedata-instancerequirements-spotmaxpricepercentageoverlowestprice",
          "PrimitiveType": "Integer",
          "UpdateType": "Mutable"
        },
        "BaselineEbsBandwidthMbps": {
          "Type": "BaselineEbsBandwidthMbps",
          "Required": false,
          "Documentation": "http://docs.aws.amazon.com/AWSCloudFormation/latest/UserGuide/aws-properties-ec2-launchtemplate-launchtemplatedata-instancerequirements.html#cfn-ec2-launchtemplate-launchtemplatedata-instancerequirements-baselineebsbandwidthmbps",
          "UpdateType": "Mutable"
        },
        "OnDemandMaxPricePercentageOverLowestPrice": {
          "Required": false,
          "Documentation": "http://docs.aws.amazon.com/AWSCloudFormation/latest/UserGuide/aws-properties-ec2-launchtemplate-launchtemplatedata-instancerequirements.html#cfn-ec2-launchtemplate-launchtemplatedata-instancerequirements-ondemandmaxpricepercentageoverlowestprice",
          "PrimitiveType": "Integer",
          "UpdateType": "Mutable"
        },
        "AcceleratorNames": {
          "PrimitiveItemType": "String",
          "Type": "List",
          "Required": false,
          "Documentation": "http://docs.aws.amazon.com/AWSCloudFormation/latest/UserGuide/aws-properties-ec2-launchtemplate-launchtemplatedata-instancerequirements.html#cfn-ec2-launchtemplate-launchtemplatedata-instancerequirements-acceleratornames",
          "UpdateType": "Mutable"
        },
        "AcceleratorTotalMemoryMiB": {
          "Type": "AcceleratorTotalMemoryMiB",
          "Required": false,
          "Documentation": "http://docs.aws.amazon.com/AWSCloudFormation/latest/UserGuide/aws-properties-ec2-launchtemplate-launchtemplatedata-instancerequirements.html#cfn-ec2-launchtemplate-launchtemplatedata-instancerequirements-acceleratortotalmemorymib",
          "UpdateType": "Mutable"
        },
        "BurstablePerformance": {
          "Required": false,
          "Documentation": "http://docs.aws.amazon.com/AWSCloudFormation/latest/UserGuide/aws-properties-ec2-launchtemplate-launchtemplatedata-instancerequirements.html#cfn-ec2-launchtemplate-launchtemplatedata-instancerequirements-burstableperformance",
          "PrimitiveType": "String",
          "UpdateType": "Mutable"
        },
        "MemoryMiB": {
          "Type": "MemoryMiB",
          "Required": false,
          "Documentation": "http://docs.aws.amazon.com/AWSCloudFormation/latest/UserGuide/aws-properties-ec2-launchtemplate-launchtemplatedata-instancerequirements.html#cfn-ec2-launchtemplate-launchtemplatedata-instancerequirements-memorymib",
          "UpdateType": "Mutable"
        },
        "TotalLocalStorageGB": {
          "Type": "TotalLocalStorageGB",
          "Required": false,
          "Documentation": "http://docs.aws.amazon.com/AWSCloudFormation/latest/UserGuide/aws-properties-ec2-launchtemplate-launchtemplatedata-instancerequirements.html#cfn-ec2-launchtemplate-launchtemplatedata-instancerequirements-totallocalstoragegb",
          "UpdateType": "Mutable"
        }
      }
    },
    "AWS::EC2::LaunchTemplate.Monitoring": {
      "Documentation": "http://docs.aws.amazon.com/AWSCloudFormation/latest/UserGuide/aws-properties-ec2-launchtemplate-launchtemplatedata-monitoring.html",
      "Properties": {
        "Enabled": {
          "Required": false,
          "Documentation": "http://docs.aws.amazon.com/AWSCloudFormation/latest/UserGuide/aws-properties-ec2-launchtemplate-launchtemplatedata-monitoring.html#cfn-ec2-launchtemplate-launchtemplatedata-monitoring-enabled",
          "PrimitiveType": "Boolean",
          "UpdateType": "Mutable"
        }
      }
    },
    "AWS::EC2::LaunchTemplate.LaunchTemplateElasticInferenceAccelerator": {
      "Documentation": "http://docs.aws.amazon.com/AWSCloudFormation/latest/UserGuide/aws-properties-ec2-launchtemplate-launchtemplateelasticinferenceaccelerator.html",
      "Properties": {
        "Type": {
          "Required": false,
          "Documentation": "http://docs.aws.amazon.com/AWSCloudFormation/latest/UserGuide/aws-properties-ec2-launchtemplate-launchtemplateelasticinferenceaccelerator.html#cfn-ec2-launchtemplate-launchtemplateelasticinferenceaccelerator-type",
          "PrimitiveType": "String",
          "UpdateType": "Mutable"
        },
        "Count": {
          "Required": false,
          "Documentation": "http://docs.aws.amazon.com/AWSCloudFormation/latest/UserGuide/aws-properties-ec2-launchtemplate-launchtemplateelasticinferenceaccelerator.html#cfn-ec2-launchtemplate-launchtemplateelasticinferenceaccelerator-count",
          "PrimitiveType": "Integer",
          "UpdateType": "Mutable"
        }
      }
    },
    "AWS::EC2::LaunchTemplate.MetadataOptions": {
      "Documentation": "http://docs.aws.amazon.com/AWSCloudFormation/latest/UserGuide/aws-properties-ec2-launchtemplate-launchtemplatedata-metadataoptions.html",
      "Properties": {
        "HttpPutResponseHopLimit": {
          "Required": false,
          "Documentation": "http://docs.aws.amazon.com/AWSCloudFormation/latest/UserGuide/aws-properties-ec2-launchtemplate-launchtemplatedata-metadataoptions.html#cfn-ec2-launchtemplate-launchtemplatedata-metadataoptions-httpputresponsehoplimit",
          "PrimitiveType": "Integer",
          "UpdateType": "Mutable"
        },
        "HttpTokens": {
          "Required": false,
          "Documentation": "http://docs.aws.amazon.com/AWSCloudFormation/latest/UserGuide/aws-properties-ec2-launchtemplate-launchtemplatedata-metadataoptions.html#cfn-ec2-launchtemplate-launchtemplatedata-metadataoptions-httptokens",
          "PrimitiveType": "String",
          "UpdateType": "Mutable"
        },
        "HttpProtocolIpv6": {
          "Required": false,
          "Documentation": "http://docs.aws.amazon.com/AWSCloudFormation/latest/UserGuide/aws-properties-ec2-launchtemplate-launchtemplatedata-metadataoptions.html#cfn-ec2-launchtemplate-launchtemplatedata-metadataoptions-httpprotocolipv6",
          "PrimitiveType": "String",
          "UpdateType": "Mutable"
        },
        "InstanceMetadataTags": {
          "Required": false,
          "Documentation": "http://docs.aws.amazon.com/AWSCloudFormation/latest/UserGuide/aws-properties-ec2-launchtemplate-launchtemplatedata-metadataoptions.html#cfn-ec2-launchtemplate-launchtemplatedata-metadataoptions-instancemetadatatags",
          "PrimitiveType": "String",
          "UpdateType": "Mutable"
        },
        "HttpEndpoint": {
          "Required": false,
          "Documentation": "http://docs.aws.amazon.com/AWSCloudFormation/latest/UserGuide/aws-properties-ec2-launchtemplate-launchtemplatedata-metadataoptions.html#cfn-ec2-launchtemplate-launchtemplatedata-metadataoptions-httpendpoint",
          "PrimitiveType": "String",
          "UpdateType": "Mutable"
        }
      }
    },
    "AWS::EC2::LaunchTemplate.NetworkBandwidthGbps": {
      "Documentation": "http://docs.aws.amazon.com/AWSCloudFormation/latest/UserGuide/aws-properties-ec2-launchtemplate-networkbandwidthgbps.html",
      "Properties": {
        "Min": {
          "Required": false,
          "Documentation": "http://docs.aws.amazon.com/AWSCloudFormation/latest/UserGuide/aws-properties-ec2-launchtemplate-networkbandwidthgbps.html#cfn-ec2-launchtemplate-networkbandwidthgbps-min",
          "PrimitiveType": "Double",
          "UpdateType": "Mutable"
        },
        "Max": {
          "Required": false,
          "Documentation": "http://docs.aws.amazon.com/AWSCloudFormation/latest/UserGuide/aws-properties-ec2-launchtemplate-networkbandwidthgbps.html#cfn-ec2-launchtemplate-networkbandwidthgbps-max",
          "PrimitiveType": "Double",
          "UpdateType": "Mutable"
        }
      }
    },
    "AWS::EC2::LaunchTemplate.LaunchTemplateTagSpecification": {
      "Documentation": "http://docs.aws.amazon.com/AWSCloudFormation/latest/UserGuide/aws-properties-ec2-launchtemplate-launchtemplatetagspecification.html",
      "Properties": {
        "ResourceType": {
          "Required": false,
          "Documentation": "http://docs.aws.amazon.com/AWSCloudFormation/latest/UserGuide/aws-properties-ec2-launchtemplate-launchtemplatetagspecification.html#cfn-ec2-launchtemplate-launchtemplatetagspecification-resourcetype",
          "PrimitiveType": "String",
          "UpdateType": "Mutable"
        },
        "Tags": {
          "Type": "List",
          "Required": false,
          "Documentation": "http://docs.aws.amazon.com/AWSCloudFormation/latest/UserGuide/aws-properties-ec2-launchtemplate-launchtemplatetagspecification.html#cfn-ec2-launchtemplate-launchtemplatetagspecification-tags",
          "ItemType": "Tag",
          "UpdateType": "Mutable"
        }
      }
    },
    "AWS::EC2::LaunchTemplate.PrivateDnsNameOptions": {
      "Documentation": "http://docs.aws.amazon.com/AWSCloudFormation/latest/UserGuide/aws-properties-ec2-launchtemplate-launchtemplatedata-privatednsnameoptions.html",
      "Properties": {
        "EnableResourceNameDnsARecord": {
          "Required": false,
          "Documentation": "http://docs.aws.amazon.com/AWSCloudFormation/latest/UserGuide/aws-properties-ec2-launchtemplate-launchtemplatedata-privatednsnameoptions.html#cfn-ec2-launchtemplate-launchtemplatedata-privatednsnameoptions-enableresourcenamednsarecord",
          "PrimitiveType": "Boolean",
          "UpdateType": "Mutable"
        },
        "HostnameType": {
          "Required": false,
          "Documentation": "http://docs.aws.amazon.com/AWSCloudFormation/latest/UserGuide/aws-properties-ec2-launchtemplate-launchtemplatedata-privatednsnameoptions.html#cfn-ec2-launchtemplate-launchtemplatedata-privatednsnameoptions-hostnametype",
          "PrimitiveType": "String",
          "UpdateType": "Mutable"
        },
        "EnableResourceNameDnsAAAARecord": {
          "Required": false,
          "Documentation": "http://docs.aws.amazon.com/AWSCloudFormation/latest/UserGuide/aws-properties-ec2-launchtemplate-launchtemplatedata-privatednsnameoptions.html#cfn-ec2-launchtemplate-launchtemplatedata-privatednsnameoptions-enableresourcenamednsaaaarecord",
          "PrimitiveType": "Boolean",
          "UpdateType": "Mutable"
        }
      }
    },
    "AWS::EC2::LaunchTemplate.MemoryMiB": {
      "Documentation": "http://docs.aws.amazon.com/AWSCloudFormation/latest/UserGuide/aws-properties-ec2-launchtemplate-memorymib.html",
      "Properties": {
        "Min": {
          "Required": false,
          "Documentation": "http://docs.aws.amazon.com/AWSCloudFormation/latest/UserGuide/aws-properties-ec2-launchtemplate-memorymib.html#cfn-ec2-launchtemplate-memorymib-min",
          "PrimitiveType": "Integer",
          "UpdateType": "Mutable"
        },
        "Max": {
          "Required": false,
          "Documentation": "http://docs.aws.amazon.com/AWSCloudFormation/latest/UserGuide/aws-properties-ec2-launchtemplate-memorymib.html#cfn-ec2-launchtemplate-memorymib-max",
          "PrimitiveType": "Integer",
          "UpdateType": "Mutable"
        }
      }
    },
    "AWS::EC2::LaunchTemplate.EnclaveOptions": {
      "Documentation": "http://docs.aws.amazon.com/AWSCloudFormation/latest/UserGuide/aws-properties-ec2-launchtemplate-launchtemplatedata-enclaveoptions.html",
      "Properties": {
        "Enabled": {
          "Required": false,
          "Documentation": "http://docs.aws.amazon.com/AWSCloudFormation/latest/UserGuide/aws-properties-ec2-launchtemplate-launchtemplatedata-enclaveoptions.html#cfn-ec2-launchtemplate-launchtemplatedata-enclaveoptions-enabled",
          "PrimitiveType": "Boolean",
          "UpdateType": "Mutable"
        }
      }
    },
    "AWS::EC2::LaunchTemplate.Placement": {
      "Documentation": "http://docs.aws.amazon.com/AWSCloudFormation/latest/UserGuide/aws-properties-ec2-launchtemplate-launchtemplatedata-placement.html",
      "Properties": {
        "GroupName": {
          "Required": false,
          "Documentation": "http://docs.aws.amazon.com/AWSCloudFormation/latest/UserGuide/aws-properties-ec2-launchtemplate-launchtemplatedata-placement.html#cfn-ec2-launchtemplate-launchtemplatedata-placement-groupname",
          "PrimitiveType": "String",
          "UpdateType": "Mutable"
        },
        "Tenancy": {
          "Required": false,
          "Documentation": "http://docs.aws.amazon.com/AWSCloudFormation/latest/UserGuide/aws-properties-ec2-launchtemplate-launchtemplatedata-placement.html#cfn-ec2-launchtemplate-launchtemplatedata-placement-tenancy",
          "PrimitiveType": "String",
          "UpdateType": "Mutable"
        },
        "SpreadDomain": {
          "Required": false,
          "Documentation": "http://docs.aws.amazon.com/AWSCloudFormation/latest/UserGuide/aws-properties-ec2-launchtemplate-launchtemplatedata-placement.html#cfn-ec2-launchtemplate-launchtemplatedata-placement-spreaddomain",
          "PrimitiveType": "String",
          "UpdateType": "Mutable"
        },
        "PartitionNumber": {
          "Required": false,
          "Documentation": "http://docs.aws.amazon.com/AWSCloudFormation/latest/UserGuide/aws-properties-ec2-launchtemplate-launchtemplatedata-placement.html#cfn-ec2-launchtemplate-launchtemplatedata-placement-partitionnumber",
          "PrimitiveType": "Integer",
          "UpdateType": "Mutable"
        },
        "AvailabilityZone": {
          "Required": false,
          "Documentation": "http://docs.aws.amazon.com/AWSCloudFormation/latest/UserGuide/aws-properties-ec2-launchtemplate-launchtemplatedata-placement.html#cfn-ec2-launchtemplate-launchtemplatedata-placement-availabilityzone",
          "PrimitiveType": "String",
          "UpdateType": "Mutable"
        },
        "Affinity": {
          "Required": false,
          "Documentation": "http://docs.aws.amazon.com/AWSCloudFormation/latest/UserGuide/aws-properties-ec2-launchtemplate-launchtemplatedata-placement.html#cfn-ec2-launchtemplate-launchtemplatedata-placement-affinity",
          "PrimitiveType": "String",
          "UpdateType": "Mutable"
        },
        "HostId": {
          "Required": false,
          "Documentation": "http://docs.aws.amazon.com/AWSCloudFormation/latest/UserGuide/aws-properties-ec2-launchtemplate-launchtemplatedata-placement.html#cfn-ec2-launchtemplate-launchtemplatedata-placement-hostid",
          "PrimitiveType": "String",
          "UpdateType": "Mutable"
        },
        "HostResourceGroupArn": {
          "Required": false,
          "Documentation": "http://docs.aws.amazon.com/AWSCloudFormation/latest/UserGuide/aws-properties-ec2-launchtemplate-launchtemplatedata-placement.html#cfn-ec2-launchtemplate-launchtemplatedata-placement-hostresourcegrouparn",
          "PrimitiveType": "String",
          "UpdateType": "Mutable"
        },
        "GroupId": {
          "Required": false,
          "Documentation": "http://docs.aws.amazon.com/AWSCloudFormation/latest/UserGuide/aws-properties-ec2-launchtemplate-launchtemplatedata-placement.html#cfn-ec2-launchtemplate-launchtemplatedata-placement-groupid",
          "PrimitiveType": "String",
          "UpdateType": "Mutable"
        }
      }
    },
    "AWS::EC2::LaunchTemplate.NetworkInterfaceCount": {
      "Documentation": "http://docs.aws.amazon.com/AWSCloudFormation/latest/UserGuide/aws-properties-ec2-launchtemplate-networkinterfacecount.html",
      "Properties": {
        "Min": {
          "Required": false,
          "Documentation": "http://docs.aws.amazon.com/AWSCloudFormation/latest/UserGuide/aws-properties-ec2-launchtemplate-networkinterfacecount.html#cfn-ec2-launchtemplate-networkinterfacecount-min",
          "PrimitiveType": "Integer",
          "UpdateType": "Mutable"
        },
        "Max": {
          "Required": false,
          "Documentation": "http://docs.aws.amazon.com/AWSCloudFormation/latest/UserGuide/aws-properties-ec2-launchtemplate-networkinterfacecount.html#cfn-ec2-launchtemplate-networkinterfacecount-max",
          "PrimitiveType": "Integer",
          "UpdateType": "Mutable"
        }
      }
    },
    "AWS::EC2::LaunchTemplate.Ebs": {
      "Documentation": "http://docs.aws.amazon.com/AWSCloudFormation/latest/UserGuide/aws-properties-ec2-launchtemplate-blockdevicemapping-ebs.html",
      "Properties": {
        "SnapshotId": {
          "Required": false,
          "Documentation": "http://docs.aws.amazon.com/AWSCloudFormation/latest/UserGuide/aws-properties-ec2-launchtemplate-blockdevicemapping-ebs.html#cfn-ec2-launchtemplate-blockdevicemapping-ebs-snapshotid",
          "PrimitiveType": "String",
          "UpdateType": "Mutable"
        },
        "VolumeType": {
          "Required": false,
          "Documentation": "http://docs.aws.amazon.com/AWSCloudFormation/latest/UserGuide/aws-properties-ec2-launchtemplate-blockdevicemapping-ebs.html#cfn-ec2-launchtemplate-blockdevicemapping-ebs-volumetype",
          "PrimitiveType": "String",
          "UpdateType": "Mutable"
        },
        "KmsKeyId": {
          "Required": false,
          "Documentation": "http://docs.aws.amazon.com/AWSCloudFormation/latest/UserGuide/aws-properties-ec2-launchtemplate-blockdevicemapping-ebs.html#cfn-ec2-launchtemplate-blockdevicemapping-ebs-kmskeyid",
          "PrimitiveType": "String",
          "UpdateType": "Mutable"
        },
        "Encrypted": {
          "Required": false,
          "Documentation": "http://docs.aws.amazon.com/AWSCloudFormation/latest/UserGuide/aws-properties-ec2-launchtemplate-blockdevicemapping-ebs.html#cfn-ec2-launchtemplate-blockdevicemapping-ebs-encrypted",
          "PrimitiveType": "Boolean",
          "UpdateType": "Mutable"
        },
        "Throughput": {
          "Required": false,
          "Documentation": "http://docs.aws.amazon.com/AWSCloudFormation/latest/UserGuide/aws-properties-ec2-launchtemplate-blockdevicemapping-ebs.html#cfn-ec2-launchtemplate-blockdevicemapping-ebs-throughput",
          "PrimitiveType": "Integer",
          "UpdateType": "Mutable"
        },
        "Iops": {
          "Required": false,
          "Documentation": "http://docs.aws.amazon.com/AWSCloudFormation/latest/UserGuide/aws-properties-ec2-launchtemplate-blockdevicemapping-ebs.html#cfn-ec2-launchtemplate-blockdevicemapping-ebs-iops",
          "PrimitiveType": "Integer",
          "UpdateType": "Mutable"
        },
        "VolumeSize": {
          "Required": false,
          "Documentation": "http://docs.aws.amazon.com/AWSCloudFormation/latest/UserGuide/aws-properties-ec2-launchtemplate-blockdevicemapping-ebs.html#cfn-ec2-launchtemplate-blockdevicemapping-ebs-volumesize",
          "PrimitiveType": "Integer",
          "UpdateType": "Mutable"
        },
        "DeleteOnTermination": {
          "Required": false,
          "Documentation": "http://docs.aws.amazon.com/AWSCloudFormation/latest/UserGuide/aws-properties-ec2-launchtemplate-blockdevicemapping-ebs.html#cfn-ec2-launchtemplate-blockdevicemapping-ebs-deleteontermination",
          "PrimitiveType": "Boolean",
          "UpdateType": "Mutable"
        }
      }
    },
    "AWS::EC2::LaunchTemplate.HibernationOptions": {
      "Documentation": "http://docs.aws.amazon.com/AWSCloudFormation/latest/UserGuide/aws-properties-ec2-launchtemplate-launchtemplatedata-hibernationoptions.html",
      "Properties": {
        "Configured": {
          "Required": false,
          "Documentation": "http://docs.aws.amazon.com/AWSCloudFormation/latest/UserGuide/aws-properties-ec2-launchtemplate-launchtemplatedata-hibernationoptions.html#cfn-ec2-launchtemplate-launchtemplatedata-hibernationoptions-configured",
          "PrimitiveType": "Boolean",
          "UpdateType": "Mutable"
        }
      }
    },
    "AWS::EC2::LaunchTemplate.CapacityReservationSpecification": {
      "Documentation": "http://docs.aws.amazon.com/AWSCloudFormation/latest/UserGuide/aws-properties-ec2-launchtemplate-launchtemplatedata-capacityreservationspecification.html",
      "Properties": {
        "CapacityReservationPreference": {
          "Required": false,
          "Documentation": "http://docs.aws.amazon.com/AWSCloudFormation/latest/UserGuide/aws-properties-ec2-launchtemplate-launchtemplatedata-capacityreservationspecification.html#cfn-ec2-launchtemplate-launchtemplatedata-capacityreservationspecification-capacityreservationpreference",
          "PrimitiveType": "String",
          "UpdateType": "Mutable"
        },
        "CapacityReservationTarget": {
          "Type": "CapacityReservationTarget",
          "Required": false,
          "Documentation": "http://docs.aws.amazon.com/AWSCloudFormation/latest/UserGuide/aws-properties-ec2-launchtemplate-launchtemplatedata-capacityreservationspecification.html#cfn-ec2-launchtemplate-launchtemplatedata-capacityreservationspecification-capacityreservationtarget",
          "UpdateType": "Mutable"
        }
      }
    },
    "AWS::EC2::LaunchTemplate.LicenseSpecification": {
      "Documentation": "http://docs.aws.amazon.com/AWSCloudFormation/latest/UserGuide/aws-properties-ec2-launchtemplate-licensespecification.html",
      "Properties": {
        "LicenseConfigurationArn": {
          "Required": false,
          "Documentation": "http://docs.aws.amazon.com/AWSCloudFormation/latest/UserGuide/aws-properties-ec2-launchtemplate-licensespecification.html#cfn-ec2-launchtemplate-licensespecification-licenseconfigurationarn",
          "PrimitiveType": "String",
          "UpdateType": "Mutable"
        }
      }
    },
    "AWS::EC2::LaunchTemplate.CapacityReservationTarget": {
      "Documentation": "http://docs.aws.amazon.com/AWSCloudFormation/latest/UserGuide/aws-properties-ec2-launchtemplate-capacityreservationtarget.html",
      "Properties": {
        "CapacityReservationResourceGroupArn": {
          "Required": false,
          "Documentation": "http://docs.aws.amazon.com/AWSCloudFormation/latest/UserGuide/aws-properties-ec2-launchtemplate-capacityreservationtarget.html#cfn-ec2-launchtemplate-capacityreservationtarget-capacityreservationresourcegrouparn",
          "PrimitiveType": "String",
          "UpdateType": "Mutable"
        },
        "CapacityReservationId": {
          "Required": false,
          "Documentation": "http://docs.aws.amazon.com/AWSCloudFormation/latest/UserGuide/aws-properties-ec2-launchtemplate-capacityreservationtarget.html#cfn-ec2-launchtemplate-capacityreservationtarget-capacityreservationid",
          "PrimitiveType": "String",
          "UpdateType": "Mutable"
        }
      }
    },
    "AWS::EC2::LaunchTemplate.BaselineEbsBandwidthMbps": {
      "Documentation": "http://docs.aws.amazon.com/AWSCloudFormation/latest/UserGuide/aws-properties-ec2-launchtemplate-baselineebsbandwidthmbps.html",
      "Properties": {
        "Min": {
          "Required": false,
          "Documentation": "http://docs.aws.amazon.com/AWSCloudFormation/latest/UserGuide/aws-properties-ec2-launchtemplate-baselineebsbandwidthmbps.html#cfn-ec2-launchtemplate-baselineebsbandwidthmbps-min",
          "PrimitiveType": "Integer",
          "UpdateType": "Mutable"
        },
        "Max": {
          "Required": false,
          "Documentation": "http://docs.aws.amazon.com/AWSCloudFormation/latest/UserGuide/aws-properties-ec2-launchtemplate-baselineebsbandwidthmbps.html#cfn-ec2-launchtemplate-baselineebsbandwidthmbps-max",
          "PrimitiveType": "Integer",
          "UpdateType": "Mutable"
        }
      }
    },
    "AWS::EC2::LaunchTemplate.ElasticGpuSpecification": {
      "Documentation": "http://docs.aws.amazon.com/AWSCloudFormation/latest/UserGuide/aws-properties-ec2-launchtemplate-elasticgpuspecification.html",
      "Properties": {
        "Type": {
          "Required": false,
          "Documentation": "http://docs.aws.amazon.com/AWSCloudFormation/latest/UserGuide/aws-properties-ec2-launchtemplate-elasticgpuspecification.html#cfn-ec2-launchtemplate-elasticgpuspecification-type",
          "PrimitiveType": "String",
          "UpdateType": "Mutable"
        }
      }
    },
    "AWS::EC2::LaunchTemplate.InstanceMarketOptions": {
      "Documentation": "http://docs.aws.amazon.com/AWSCloudFormation/latest/UserGuide/aws-properties-ec2-launchtemplate-launchtemplatedata-instancemarketoptions.html",
      "Properties": {
        "SpotOptions": {
          "Type": "SpotOptions",
          "Required": false,
          "Documentation": "http://docs.aws.amazon.com/AWSCloudFormation/latest/UserGuide/aws-properties-ec2-launchtemplate-launchtemplatedata-instancemarketoptions.html#cfn-ec2-launchtemplate-launchtemplatedata-instancemarketoptions-spotoptions",
          "UpdateType": "Mutable"
        },
        "MarketType": {
          "Required": false,
          "Documentation": "http://docs.aws.amazon.com/AWSCloudFormation/latest/UserGuide/aws-properties-ec2-launchtemplate-launchtemplatedata-instancemarketoptions.html#cfn-ec2-launchtemplate-launchtemplatedata-instancemarketoptions-markettype",
          "PrimitiveType": "String",
          "UpdateType": "Mutable"
        }
      }
    },
    "AWS::EC2::LaunchTemplate.TagSpecification": {
      "Documentation": "http://docs.aws.amazon.com/AWSCloudFormation/latest/UserGuide/aws-properties-ec2-launchtemplate-tagspecification.html",
      "Properties": {
        "ResourceType": {
          "Required": false,
          "Documentation": "http://docs.aws.amazon.com/AWSCloudFormation/latest/UserGuide/aws-properties-ec2-launchtemplate-tagspecification.html#cfn-ec2-launchtemplate-tagspecification-resourcetype",
          "PrimitiveType": "String",
          "UpdateType": "Mutable"
        },
        "Tags": {
          "Type": "List",
          "Required": false,
          "Documentation": "http://docs.aws.amazon.com/AWSCloudFormation/latest/UserGuide/aws-properties-ec2-launchtemplate-tagspecification.html#cfn-ec2-launchtemplate-tagspecification-tags",
          "ItemType": "Tag",
          "UpdateType": "Mutable"
        }
      }
    },
    "AWS::EC2::LaunchTemplate.AcceleratorCount": {
      "Documentation": "http://docs.aws.amazon.com/AWSCloudFormation/latest/UserGuide/aws-properties-ec2-launchtemplate-acceleratorcount.html",
      "Properties": {
        "Min": {
          "Required": false,
          "Documentation": "http://docs.aws.amazon.com/AWSCloudFormation/latest/UserGuide/aws-properties-ec2-launchtemplate-acceleratorcount.html#cfn-ec2-launchtemplate-acceleratorcount-min",
          "PrimitiveType": "Integer",
          "UpdateType": "Mutable"
        },
        "Max": {
          "Required": false,
          "Documentation": "http://docs.aws.amazon.com/AWSCloudFormation/latest/UserGuide/aws-properties-ec2-launchtemplate-acceleratorcount.html#cfn-ec2-launchtemplate-acceleratorcount-max",
          "PrimitiveType": "Integer",
          "UpdateType": "Mutable"
        }
      }
    },
    "AWS::EC2::LaunchTemplate.MemoryGiBPerVCpu": {
      "Documentation": "http://docs.aws.amazon.com/AWSCloudFormation/latest/UserGuide/aws-properties-ec2-launchtemplate-memorygibpervcpu.html",
      "Properties": {
        "Min": {
          "Required": false,
          "Documentation": "http://docs.aws.amazon.com/AWSCloudFormation/latest/UserGuide/aws-properties-ec2-launchtemplate-memorygibpervcpu.html#cfn-ec2-launchtemplate-memorygibpervcpu-min",
          "PrimitiveType": "Double",
          "UpdateType": "Mutable"
        },
        "Max": {
          "Required": false,
          "Documentation": "http://docs.aws.amazon.com/AWSCloudFormation/latest/UserGuide/aws-properties-ec2-launchtemplate-memorygibpervcpu.html#cfn-ec2-launchtemplate-memorygibpervcpu-max",
          "PrimitiveType": "Double",
          "UpdateType": "Mutable"
        }
      }
    },
    "Tag": {
      "Documentation": "http://docs.aws.amazon.com/AWSCloudFormation/latest/UserGuide/aws-properties-resource-tags.html",
      "Properties": {
        "Key": {
          "Required": true,
          "Documentation": "http://docs.aws.amazon.com/AWSCloudFormation/latest/UserGuide/aws-properties-resource-tags.html#cfn-resource-tags-key",
          "PrimitiveType": "String",
          "UpdateType": "Mutable"
        },
        "Value": {
          "Required": true,
          "Documentation": "http://docs.aws.amazon.com/AWSCloudFormation/latest/UserGuide/aws-properties-resource-tags.html#cfn-resource-tags-value",
          "PrimitiveType": "String",
          "UpdateType": "Mutable"
        }
      }
    },
    "AWS::EC2::LaunchTemplate.TotalLocalStorageGB": {
      "Documentation": "http://docs.aws.amazon.com/AWSCloudFormation/latest/UserGuide/aws-properties-ec2-launchtemplate-totallocalstoragegb.html",
      "Properties": {
        "Min": {
          "Required": false,
          "Documentation": "http://docs.aws.amazon.com/AWSCloudFormation/latest/UserGuide/aws-properties-ec2-launchtemplate-totallocalstoragegb.html#cfn-ec2-launchtemplate-totallocalstoragegb-min",
          "PrimitiveType": "Double",
          "UpdateType": "Mutable"
        },
        "Max": {
          "Required": false,
          "Documentation": "http://docs.aws.amazon.com/AWSCloudFormation/latest/UserGuide/aws-properties-ec2-launchtemplate-totallocalstoragegb.html#cfn-ec2-launchtemplate-totallocalstoragegb-max",
          "PrimitiveType": "Double",
          "UpdateType": "Mutable"
        }
      }
    },
    "AWS::EC2::LaunchTemplate.CpuOptions": {
      "Documentation": "http://docs.aws.amazon.com/AWSCloudFormation/latest/UserGuide/aws-properties-ec2-launchtemplate-launchtemplatedata-cpuoptions.html",
      "Properties": {
        "ThreadsPerCore": {
          "Required": false,
          "Documentation": "http://docs.aws.amazon.com/AWSCloudFormation/latest/UserGuide/aws-properties-ec2-launchtemplate-launchtemplatedata-cpuoptions.html#cfn-ec2-launchtemplate-launchtemplatedata-cpuoptions-threadspercore",
          "PrimitiveType": "Integer",
          "UpdateType": "Mutable"
        },
        "CoreCount": {
          "Required": false,
          "Documentation": "http://docs.aws.amazon.com/AWSCloudFormation/latest/UserGuide/aws-properties-ec2-launchtemplate-launchtemplatedata-cpuoptions.html#cfn-ec2-launchtemplate-launchtemplatedata-cpuoptions-corecount",
          "PrimitiveType": "Integer",
          "UpdateType": "Mutable"
        }
      }
    },
    "AWS::EC2::LaunchTemplate.BlockDeviceMapping": {
      "Documentation": "http://docs.aws.amazon.com/AWSCloudFormation/latest/UserGuide/aws-properties-ec2-launchtemplate-blockdevicemapping.html",
      "Properties": {
        "Ebs": {
          "Type": "Ebs",
          "Required": false,
          "Documentation": "http://docs.aws.amazon.com/AWSCloudFormation/latest/UserGuide/aws-properties-ec2-launchtemplate-blockdevicemapping.html#cfn-ec2-launchtemplate-blockdevicemapping-ebs",
          "UpdateType": "Mutable"
        },
        "NoDevice": {
          "Required": false,
          "Documentation": "http://docs.aws.amazon.com/AWSCloudFormation/latest/UserGuide/aws-properties-ec2-launchtemplate-blockdevicemapping.html#cfn-ec2-launchtemplate-blockdevicemapping-nodevice",
          "PrimitiveType": "String",
          "UpdateType": "Mutable"
        },
        "VirtualName": {
          "Required": false,
          "Documentation": "http://docs.aws.amazon.com/AWSCloudFormation/latest/UserGuide/aws-properties-ec2-launchtemplate-blockdevicemapping.html#cfn-ec2-launchtemplate-blockdevicemapping-virtualname",
          "PrimitiveType": "String",
          "UpdateType": "Mutable"
        },
        "DeviceName": {
          "Required": false,
          "Documentation": "http://docs.aws.amazon.com/AWSCloudFormation/latest/UserGuide/aws-properties-ec2-launchtemplate-blockdevicemapping.html#cfn-ec2-launchtemplate-blockdevicemapping-devicename",
          "PrimitiveType": "String",
          "UpdateType": "Mutable"
        }
      }
    },
    "AWS::EC2::LaunchTemplate.NetworkInterface": {
      "Documentation": "http://docs.aws.amazon.com/AWSCloudFormation/latest/UserGuide/aws-properties-ec2-launchtemplate-networkinterface.html",
      "Properties": {
        "Description": {
          "Required": false,
          "Documentation": "http://docs.aws.amazon.com/AWSCloudFormation/latest/UserGuide/aws-properties-ec2-launchtemplate-networkinterface.html#cfn-ec2-launchtemplate-networkinterface-description",
          "PrimitiveType": "String",
          "UpdateType": "Mutable"
        },
        "PrivateIpAddress": {
          "Required": false,
          "Documentation": "http://docs.aws.amazon.com/AWSCloudFormation/latest/UserGuide/aws-properties-ec2-launchtemplate-networkinterface.html#cfn-ec2-launchtemplate-networkinterface-privateipaddress",
          "PrimitiveType": "String",
          "UpdateType": "Mutable"
        },
        "PrivateIpAddresses": {
          "Type": "List",
          "Required": false,
          "Documentation": "http://docs.aws.amazon.com/AWSCloudFormation/latest/UserGuide/aws-properties-ec2-launchtemplate-networkinterface.html#cfn-ec2-launchtemplate-networkinterface-privateipaddresses",
          "ItemType": "PrivateIpAdd",
          "UpdateType": "Mutable"
        },
        "SecondaryPrivateIpAddressCount": {
          "Required": false,
          "Documentation": "http://docs.aws.amazon.com/AWSCloudFormation/latest/UserGuide/aws-properties-ec2-launchtemplate-networkinterface.html#cfn-ec2-launchtemplate-networkinterface-secondaryprivateipaddresscount",
          "PrimitiveType": "Integer",
          "UpdateType": "Mutable"
        },
        "Ipv6PrefixCount": {
          "Required": false,
          "Documentation": "http://docs.aws.amazon.com/AWSCloudFormation/latest/UserGuide/aws-properties-ec2-launchtemplate-networkinterface.html#cfn-ec2-launchtemplate-networkinterface-ipv6prefixcount",
          "PrimitiveType": "Integer",
          "UpdateType": "Mutable"
        },
        "Ipv4Prefixes": {
          "Type": "List",
          "Required": false,
          "Documentation": "http://docs.aws.amazon.com/AWSCloudFormation/latest/UserGuide/aws-properties-ec2-launchtemplate-networkinterface.html#cfn-ec2-launchtemplate-networkinterface-ipv4prefixes",
          "ItemType": "Ipv4PrefixSpecification",
          "UpdateType": "Mutable"
        },
        "DeviceIndex": {
          "Required": false,
          "Documentation": "http://docs.aws.amazon.com/AWSCloudFormation/latest/UserGuide/aws-properties-ec2-launchtemplate-networkinterface.html#cfn-ec2-launchtemplate-networkinterface-deviceindex",
          "PrimitiveType": "Integer",
          "UpdateType": "Mutable"
        },
        "Ipv4PrefixCount": {
          "Required": false,
          "Documentation": "http://docs.aws.amazon.com/AWSCloudFormation/latest/UserGuide/aws-properties-ec2-launchtemplate-networkinterface.html#cfn-ec2-launchtemplate-networkinterface-ipv4prefixcount",
          "PrimitiveType": "Integer",
          "UpdateType": "Mutable"
        },
        "Ipv6Prefixes": {
          "Type": "List",
          "Required": false,
          "Documentation": "http://docs.aws.amazon.com/AWSCloudFormation/latest/UserGuide/aws-properties-ec2-launchtemplate-networkinterface.html#cfn-ec2-launchtemplate-networkinterface-ipv6prefixes",
          "ItemType": "Ipv6PrefixSpecification",
          "UpdateType": "Mutable"
        },
        "SubnetId": {
          "Required": false,
          "Documentation": "http://docs.aws.amazon.com/AWSCloudFormation/latest/UserGuide/aws-properties-ec2-launchtemplate-networkinterface.html#cfn-ec2-launchtemplate-networkinterface-subnetid",
          "PrimitiveType": "String",
          "UpdateType": "Mutable"
        },
        "Ipv6Addresses": {
          "Type": "List",
          "Required": false,
          "Documentation": "http://docs.aws.amazon.com/AWSCloudFormation/latest/UserGuide/aws-properties-ec2-launchtemplate-networkinterface.html#cfn-ec2-launchtemplate-networkinterface-ipv6addresses",
          "ItemType": "Ipv6Add",
          "UpdateType": "Mutable"
        },
        "AssociatePublicIpAddress": {
          "Required": false,
          "Documentation": "http://docs.aws.amazon.com/AWSCloudFormation/latest/UserGuide/aws-properties-ec2-launchtemplate-networkinterface.html#cfn-ec2-launchtemplate-networkinterface-associatepublicipaddress",
          "PrimitiveType": "Boolean",
          "UpdateType": "Mutable"
        },
        "NetworkInterfaceId": {
          "Required": false,
          "Documentation": "http://docs.aws.amazon.com/AWSCloudFormation/latest/UserGuide/aws-properties-ec2-launchtemplate-networkinterface.html#cfn-ec2-launchtemplate-networkinterface-networkinterfaceid",
          "PrimitiveType": "String",
          "UpdateType": "Mutable"
        },
        "NetworkCardIndex": {
          "Required": false,
          "Documentation": "http://docs.aws.amazon.com/AWSCloudFormation/latest/UserGuide/aws-properties-ec2-launchtemplate-networkinterface.html#cfn-ec2-launchtemplate-networkinterface-networkcardindex",
          "PrimitiveType": "Integer",
          "UpdateType": "Mutable"
        },
        "InterfaceType": {
          "Required": false,
          "Documentation": "http://docs.aws.amazon.com/AWSCloudFormation/latest/UserGuide/aws-properties-ec2-launchtemplate-networkinterface.html#cfn-ec2-launchtemplate-networkinterface-interfacetype",
          "PrimitiveType": "String",
          "UpdateType": "Mutable"
        },
        "AssociateCarrierIpAddress": {
          "Required": false,
          "Documentation": "http://docs.aws.amazon.com/AWSCloudFormation/latest/UserGuide/aws-properties-ec2-launchtemplate-networkinterface.html#cfn-ec2-launchtemplate-networkinterface-associatecarrieripaddress",
          "PrimitiveType": "Boolean",
          "UpdateType": "Mutable"
        },
        "Ipv6AddressCount": {
          "Required": false,
          "Documentation": "http://docs.aws.amazon.com/AWSCloudFormation/latest/UserGuide/aws-properties-ec2-launchtemplate-networkinterface.html#cfn-ec2-launchtemplate-networkinterface-ipv6addresscount",
          "PrimitiveType": "Integer",
          "UpdateType": "Mutable"
        },
        "Groups": {
          "PrimitiveItemType": "String",
          "Type": "List",
          "Required": false,
          "Documentation": "http://docs.aws.amazon.com/AWSCloudFormation/latest/UserGuide/aws-properties-ec2-launchtemplate-networkinterface.html#cfn-ec2-launchtemplate-networkinterface-groups",
          "UpdateType": "Mutable"
        },
        "DeleteOnTermination": {
          "Required": false,
          "Documentation": "http://docs.aws.amazon.com/AWSCloudFormation/latest/UserGuide/aws-properties-ec2-launchtemplate-networkinterface.html#cfn-ec2-launchtemplate-networkinterface-deleteontermination",
          "PrimitiveType": "Boolean",
          "UpdateType": "Mutable"
        }
      }
    },
    "AWS::EC2::LaunchTemplate.SpotOptions": {
      "Documentation": "http://docs.aws.amazon.com/AWSCloudFormation/latest/UserGuide/aws-properties-ec2-launchtemplate-launchtemplatedata-instancemarketoptions-spotoptions.html",
      "Properties": {
        "SpotInstanceType": {
          "Required": false,
          "Documentation": "http://docs.aws.amazon.com/AWSCloudFormation/latest/UserGuide/aws-properties-ec2-launchtemplate-launchtemplatedata-instancemarketoptions-spotoptions.html#cfn-ec2-launchtemplate-launchtemplatedata-instancemarketoptions-spotoptions-spotinstancetype",
          "PrimitiveType": "String",
          "UpdateType": "Mutable"
        },
        "InstanceInterruptionBehavior": {
          "Required": false,
          "Documentation": "http://docs.aws.amazon.com/AWSCloudFormation/latest/UserGuide/aws-properties-ec2-launchtemplate-launchtemplatedata-instancemarketoptions-spotoptions.html#cfn-ec2-launchtemplate-launchtemplatedata-instancemarketoptions-spotoptions-instanceinterruptionbehavior",
          "PrimitiveType": "String",
          "UpdateType": "Mutable"
        },
        "MaxPrice": {
          "Required": false,
          "Documentation": "http://docs.aws.amazon.com/AWSCloudFormation/latest/UserGuide/aws-properties-ec2-launchtemplate-launchtemplatedata-instancemarketoptions-spotoptions.html#cfn-ec2-launchtemplate-launchtemplatedata-instancemarketoptions-spotoptions-maxprice",
          "PrimitiveType": "String",
          "UpdateType": "Mutable"
        },
        "BlockDurationMinutes": {
          "Required": false,
          "Documentation": "http://docs.aws.amazon.com/AWSCloudFormation/latest/UserGuide/aws-properties-ec2-launchtemplate-launchtemplatedata-instancemarketoptions-spotoptions.html#cfn-ec2-launchtemplate-launchtemplatedata-instancemarketoptions-spotoptions-blockdurationminutes",
          "PrimitiveType": "Integer",
          "UpdateType": "Mutable"
        },
        "ValidUntil": {
          "Required": false,
          "Documentation": "http://docs.aws.amazon.com/AWSCloudFormation/latest/UserGuide/aws-properties-ec2-launchtemplate-launchtemplatedata-instancemarketoptions-spotoptions.html#cfn-ec2-launchtemplate-launchtemplatedata-instancemarketoptions-spotoptions-validuntil",
          "PrimitiveType": "String",
          "UpdateType": "Mutable"
        }
      }
    }
  },
  "ResourceType": {
    "AWS::EC2::LaunchTemplate": {
      "Documentation": "http://docs.aws.amazon.com/AWSCloudFormation/latest/UserGuide/aws-resource-ec2-launchtemplate.html",
      "Attributes": {
        "LatestVersionNumber": {
          "PrimitiveType": "String"
        },
        "DefaultVersionNumber": {
          "PrimitiveType": "String"
        }
      },
      "Properties": {
        "LaunchTemplateName": {
          "Required": false,
          "Documentation": "http://docs.aws.amazon.com/AWSCloudFormation/latest/UserGuide/aws-resource-ec2-launchtemplate.html#cfn-ec2-launchtemplate-launchtemplatename",
          "PrimitiveType": "String",
          "UpdateType": "Immutable"
        },
        "LaunchTemplateData": {
          "Type": "LaunchTemplateData",
          "Required": true,
          "Documentation": "http://docs.aws.amazon.com/AWSCloudFormation/latest/UserGuide/aws-resource-ec2-launchtemplate.html#cfn-ec2-launchtemplate-launchtemplatedata",
          "UpdateType": "Mutable"
        },
        "VersionDescription": {
          "Required": false,
          "Documentation": "http://docs.aws.amazon.com/AWSCloudFormation/latest/UserGuide/aws-resource-ec2-launchtemplate.html#cfn-ec2-launchtemplate-versiondescription",
          "PrimitiveType": "String",
          "UpdateType": "Mutable"
        },
        "TagSpecifications": {
          "Type": "List",
          "Required": false,
          "Documentation": "http://docs.aws.amazon.com/AWSCloudFormation/latest/UserGuide/aws-resource-ec2-launchtemplate.html#cfn-ec2-launchtemplate-tagspecifications",
          "ItemType": "LaunchTemplateTagSpecification",
          "UpdateType": "Mutable"
        }
      }
    }
  },
  "ResourceSpecificationVersion": "114.0.0"
}