{
  "ResourceType": {
    "AWS::EC2::NetworkInterfacePermission": {
      "Documentation": "http://docs.aws.amazon.com/AWSCloudFormation/latest/UserGuide/aws-resource-ec2-networkinterfacepermission.html",
      "Properties": {
        "AwsAccountId": {
          "Documentation": "http://docs.aws.amazon.com/AWSCloudFormation/latest/UserGuide/aws-resource-ec2-networkinterfacepermission.html#cfn-ec2-networkinterfacepermission-awsaccountid",
          "PrimitiveType": "String",
          "Required": true,
          "UpdateType": "Immutable"
        },
        "NetworkInterfaceId": {
          "Documentation": "http://docs.aws.amazon.com/AWSCloudFormation/latest/UserGuide/aws-resource-ec2-networkinterfacepermission.html#cfn-ec2-networkinterfacepermission-networkinterfaceid",
          "PrimitiveType": "String",
          "Required": true,
          "UpdateType": "Immutable"
        },
        "Permission": {
          "Documentation": "http://docs.aws.amazon.com/AWSCloudFormation/latest/UserGuide/aws-resource-ec2-networkinterfacepermission.html#cfn-ec2-networkinterfacepermission-permission",
          "PrimitiveType": "String",
          "Required": true,
          "UpdateType": "Immutable"
        }
      }
    }
  },
  "ResourceSpecificationVersion": "114.0.0"
}