{
  "PropertyTypes": {
    "AWS::EC2::SecurityGroup.Egress": {
      "Documentation": "http://docs.aws.amazon.com/AWSCloudFormation/latest/UserGuide/aws-properties-ec2-security-group-rule.html",
      "Properties": {
        "CidrIp": {
          "Documentation": "http://docs.aws.amazon.com/AWSCloudFormation/latest/UserGuide/aws-properties-ec2-security-group-rule.html#cfn-ec2-security-group-rule-cidrip",
          "PrimitiveType": "String",
          "Required": false,
          "UpdateType": "Mutable"
        },
        "CidrIpv6": {
          "Documentation": "http://docs.aws.amazon.com/AWSCloudFormation/latest/UserGuide/aws-properties-ec2-security-group-rule.html#cfn-ec2-security-group-rule-cidripv6",
          "PrimitiveType": "String",
          "Required": false,
          "UpdateType": "Mutable"
        },
        "Description": {
          "Documentation": "http://docs.aws.amazon.com/AWSCloudFormation/latest/UserGuide/aws-properties-ec2-security-group-rule.html#cfn-ec2-security-group-rule-description",
          "PrimitiveType": "String",
          "Required": false,
          "UpdateType": "Mutable"
        },
        "DestinationPrefixListId": {
          "Documentation": "http://docs.aws.amazon.com/AWSCloudFormation/latest/UserGuide/aws-properties-ec2-security-group-rule.html#cfn-ec2-security-group-rule-destinationprefixlistid",
          "PrimitiveType": "String",
          "Required": false,
          "UpdateType": "Mutable"
        },
        "DestinationSecurityGroupId": {
          "Documentation": "http://docs.aws.amazon.com/AWSCloudFormation/latest/UserGuide/aws-properties-ec2-security-group-rule.html#cfn-ec2-security-group-rule-destsecgroupid",
          "PrimitiveType": "String",
          "Required": false,
          "UpdateType": "Mutable"
        },
        "FromPort": {
          "Documentation": "http://docs.aws.amazon.com/AWSCloudFormation/latest/UserGuide/aws-properties-ec2-security-group-rule.html#cfn-ec2-security-group-rule-fromport",
          "PrimitiveType": "Integer",
          "Required": false,
          "UpdateType": "Mutable"
        },
        "IpProtocol": {
          "Documentation": "http://docs.aws.amazon.com/AWSCloudFormation/latest/UserGuide/aws-properties-ec2-security-group-rule.html#cfn-ec2-security-group-rule-ipprotocol",
          "PrimitiveType": "String",
          "Required": true,
          "UpdateType": "Mutable"
        },
        "ToPort": {
          "Documentation": "http://docs.aws.amazon.com/AWSCloudFormation/latest/UserGuide/aws-properties-ec2-security-group-rule.html#cfn-ec2-security-group-rule-toport",
          "PrimitiveType": "Integer",
          "Required": false,
          "UpdateType": "Mutable"
        }
      }
    },
    "AWS::EC2::SecurityGroup.Ingress": {
      "Documentation": "http://docs.aws.amazon.com/AWSCloudFormation/latest/UserGuide/aws-properties-ec2-security-group-rule.html",
      "Properties": {
        "CidrIp": {
          "Documentation": "http://docs.aws.amazon.com/AWSCloudFormation/latest/UserGuide/aws-properties-ec2-security-group-rule.html#cfn-ec2-security-group-rule-cidrip",
          "PrimitiveType": "String",
          "Required": false,
          "UpdateType": "Mutable"
        },
        "CidrIpv6": {
          "Documentation": "http://docs.aws.amazon.com/AWSCloudFormation/latest/UserGuide/aws-properties-ec2-security-group-rule.html#cfn-ec2-security-group-rule-cidripv6",
          "PrimitiveType": "String",
          "Required": false,
          "UpdateType": "Mutable"
        },
        "Description": {
          "Documentation": "http://docs.aws.amazon.com/AWSCloudFormation/latest/UserGuide/aws-properties-ec2-security-group-rule.html#cfn-ec2-security-group-rule-description",
          "PrimitiveType": "String",
          "Required": false,
          "UpdateType": "Mutable"
        },
        "FromPort": {
          "Documentation": "http://docs.aws.amazon.com/AWSCloudFormation/latest/UserGuide/aws-properties-ec2-security-group-rule.html#cfn-ec2-security-group-rule-fromport",
          "PrimitiveType": "Integer",
          "Required": false,
          "UpdateType": "Mutable"
        },
        "IpProtocol": {
          "Documentation": "http://docs.aws.amazon.com/AWSCloudFormation/latest/UserGuide/aws-properties-ec2-security-group-rule.html#cfn-ec2-security-group-rule-ipprotocol",
          "PrimitiveType": "String",
          "Required": true,
          "UpdateType": "Mutable"
        },
        "SourcePrefixListId": {
          "Documentation": "http://docs.aws.amazon.com/AWSCloudFormation/latest/UserGuide/aws-properties-ec2-security-group-rule.html#cfn-ec2-securitygroup-ingress-sourceprefixlistid",
          "PrimitiveType": "String",
          "Required": false,
          "UpdateType": "Mutable"
        },
        "SourceSecurityGroupId": {
          "Documentation": "http://docs.aws.amazon.com/AWSCloudFormation/latest/UserGuide/aws-properties-ec2-security-group-rule.html#cfn-ec2-security-group-rule-sourcesecuritygroupid",
          "PrimitiveType": "String",
          "Required": false,
          "UpdateType": "Mutable"
        },
        "SourceSecurityGroupName": {
          "Documentation": "http://docs.aws.amazon.com/AWSCloudFormation/latest/UserGuide/aws-properties-ec2-security-group-rule.html#cfn-ec2-security-group-rule-sourcesecuritygroupname",
          "PrimitiveType": "String",
          "Required": false,
          "UpdateType": "Mutable"
        },
        "SourceSecurityGroupOwnerId": {
          "Documentation": "http://docs.aws.amazon.com/AWSCloudFormation/latest/UserGuide/aws-properties-ec2-security-group-rule.html#cfn-ec2-security-group-rule-sourcesecuritygroupownerid",
          "PrimitiveType": "String",
          "Required": false,
          "UpdateType": "Mutable"
        },
        "ToPort": {
          "Documentation": "http://docs.aws.amazon.com/AWSCloudFormation/latest/UserGuide/aws-properties-ec2-security-group-rule.html#cfn-ec2-security-group-rule-toport",
          "PrimitiveType": "Integer",
          "Required": false,
          "UpdateType": "Mutable"
        }
      }
    },
    "Tag": {
      "Documentation": "http://docs.aws.amazon.com/AWSCloudFormation/latest/UserGuide/aws-properties-resource-tags.html",
      "Properties": {
        "Key": {
          "Documentation": "http://docs.aws.amazon.com/AWSCloudFormation/latest/UserGuide/aws-properties-resource-tags.html#cfn-resource-tags-key",
          "PrimitiveType": "String",
          "Required": true,
          "UpdateType": "Mutable"
        },
        "Value": {
          "Documentation": "http://docs.aws.amazon.com/AWSCloudFormation/latest/UserGuide/aws-properties-resource-tags.html#cfn-resource-tags-value",
          "PrimitiveType": "String",
          "Required": true,
          "UpdateType": "Mutable"
        }
      }
    }
  },
  "ResourceType": {
    "AWS::EC2::SecurityGroup": {
      "Attributes": {
        "GroupId": {
          "PrimitiveType": "String"
        },
        "VpcId": {
          "PrimitiveType": "String"
        }
      },
      "Documentation": "http://docs.aws.amazon.com/AWSCloudFormation/latest/UserGuide/aws-properties-ec2-security-group.html",
      "Properties": {
        "GroupDescription": {
          "Documentation": "http://docs.aws.amazon.com/AWSCloudFormation/latest/UserGuide/aws-properties-ec2-security-group.html#cfn-ec2-securitygroup-groupdescription",
          "PrimitiveType": "String",
          "Required": true,
          "UpdateType": "Immutable"
        },
        "GroupName": {
          "Documentation": "http://docs.aws.amazon.com/AWSCloudFormation/latest/UserGuide/aws-properties-ec2-security-group.html#cfn-ec2-securitygroup-groupname",
          "PrimitiveType": "String",
          "Required": false,
          "UpdateType": "Immutable"
        },
        "SecurityGroupEgress": {
          "Documentation": "http://docs.aws.amazon.com/AWSCloudFormation/latest/UserGuide/aws-properties-ec2-security-group.html#cfn-ec2-securitygroup-securitygroupegress",
          "DuplicatesAllowed": true,
          "ItemType": "Egress",
          "Required": false,
          "Type": "List",
          "UpdateType": "Mutable"
        },
        "SecurityGroupIngress": {
          "Documentation": "http://docs.aws.amazon.com/AWSCloudFormation/latest/UserGuide/aws-properties-ec2-security-group.html#cfn-ec2-securitygroup-securitygroupingress",
          "DuplicatesAllowed": true,
          "ItemType": "Ingress",
          "Required": false,
          "Type": "List",
          "UpdateType": "Mutable"
        },
        "Tags": {
          "Documentation": "http://docs.aws.amazon.com/AWSCloudFormation/latest/UserGuide/aws-properties-ec2-security-group.html#cfn-ec2-securitygroup-tags",
          "DuplicatesAllowed": true,
          "ItemType": "Tag",
          "Required": false,
          "Type": "List",
          "UpdateType": "Mutable"
        },
        "VpcId": {
          "Documentation": "http://docs.aws.amazon.com/AWSCloudFormation/latest/UserGuide/aws-properties-ec2-security-group.html#cfn-ec2-securitygroup-vpcid",
          "PrimitiveType": "String",
          "Required": false,
          "UpdateType": "Immutable"
        }
      }
    }
  },
  "ResourceSpecificationVersion": "114.0.0"
}