{
  "ResourceType": {
    "AWS::EC2::SubnetNetworkAclAssociation": {
      "Attributes": {
        "AssociationId": {
          "PrimitiveType": "String"
        }
      },
      "Documentation": "http://docs.aws.amazon.com/AWSCloudFormation/latest/UserGuide/aws-resource-ec2-subnet-network-acl-assoc.html",
      "Properties": {
        "NetworkAclId": {
          "Documentation": "http://docs.aws.amazon.com/AWSCloudFormation/latest/UserGuide/aws-resource-ec2-subnet-network-acl-assoc.html#cfn-ec2-subnetnetworkaclassociation-networkaclid",
          "PrimitiveType": "String",
          "Required": true,
          "UpdateType": "Immutable"
        },
        "SubnetId": {
          "Documentation": "http://docs.aws.amazon.com/AWSCloudFormation/latest/UserGuide/aws-resource-ec2-subnet-network-acl-assoc.html#cfn-ec2-subnetnetworkaclassociation-associationid",
          "PrimitiveType": "String",
          "Required": true,
          "UpdateType": "Immutable"
        }
      }
    }
  },
  "ResourceSpecificationVersion": "114.0.0"
}