{
  "PropertyTypes": {
    "AWS::EC2::TransitGatewayPeeringAttachment.PeeringAttachmentStatus": {
      "Documentation": "http://docs.aws.amazon.com/AWSCloudFormation/latest/UserGuide/aws-properties-ec2-transitgatewaypeeringattachment-peeringattachmentstatus.html",
      "Properties": {
        "Message": {
          "Documentation": "http://docs.aws.amazon.com/AWSCloudFormation/latest/UserGuide/aws-properties-ec2-transitgatewaypeeringattachment-peeringattachmentstatus.html#cfn-ec2-transitgatewaypeeringattachment-peeringattachmentstatus-message",
          "UpdateType": "Mutable",
          "Required": false,
          "PrimitiveType": "String"
        },
        "Code": {
          "Documentation": "http://docs.aws.amazon.com/AWSCloudFormation/latest/UserGuide/aws-properties-ec2-transitgatewaypeeringattachment-peeringattachmentstatus.html#cfn-ec2-transitgatewaypeeringattachment-peeringattachmentstatus-code",
          "UpdateType": "Mutable",
          "Required": false,
          "PrimitiveType": "String"
        }
      }
    },
    "Tag": {
      "Documentation": "http://docs.aws.amazon.com/AWSCloudFormation/latest/UserGuide/aws-properties-resource-tags.html",
      "Properties": {
        "Value": {
          "Documentation": "http://docs.aws.amazon.com/AWSCloudFormation/latest/UserGuide/aws-properties-resource-tags.html#cfn-resource-tags-value",
          "UpdateType": "Mutable",
          "Required": true,
          "PrimitiveType": "String"
        },
        "Key": {
          "Documentation": "http://docs.aws.amazon.com/AWSCloudFormation/latest/UserGuide/aws-properties-resource-tags.html#cfn-resource-tags-key",
          "UpdateType": "Mutable",
          "Required": true,
          "PrimitiveType": "String"
        }
      }
    }
  },
  "ResourceType": {
    "AWS::EC2::TransitGatewayPeeringAttachment": {
      "Documentation": "http://docs.aws.amazon.com/AWSCloudFormation/latest/UserGuide/aws-resource-ec2-transitgatewaypeeringattachment.html",
      "Properties": {
        "TransitGatewayId": {
          "Documentation": "http://docs.aws.amazon.com/AWSCloudFormation/latest/UserGuide/aws-resource-ec2-transitgatewaypeeringattachment.html#cfn-ec2-transitgatewaypeeringattachment-transitgatewayid",
          "UpdateType": "Immutable",
          "Required": true,
          "PrimitiveType": "String"
        },
        "PeerTransitGatewayId": {
          "Documentation": "http://docs.aws.amazon.com/AWSCloudFormation/latest/UserGuide/aws-resource-ec2-transitgatewaypeeringattachment.html#cfn-ec2-transitgatewaypeeringattachment-peertransitgatewayid",
          "UpdateType": "Immutable",
          "Required": true,
          "PrimitiveType": "String"
        },
        "PeerAccountId": {
          "Documentation": "http://docs.aws.amazon.com/AWSCloudFormation/latest/UserGuide/aws-resource-ec2-transitgatewaypeeringattachment.html#cfn-ec2-transitgatewaypeeringattachment-peeraccountid",
          "UpdateType": "Immutable",
          "Required": true,
          "PrimitiveType": "String"
        },
        "PeerRegion": {
          "Documentation": "http://docs.aws.amazon.com/AWSCloudFormation/latest/UserGuide/aws-resource-ec2-transitgatewaypeeringattachment.html#cfn-ec2-transitgatewaypeeringattachment-peerregion",
          "UpdateType": "Immutable",
          "Required": true,
          "PrimitiveType": "String"
        },
        "Tags": {
          "Documentation": "http://docs.aws.amazon.com/AWSCloudFormation/latest/UserGuide/aws-resource-ec2-transitgatewaypeeringattachment.html#cfn-ec2-transitgatewaypeeringattachment-tags",
          "UpdateType": "Mutable",
          "Required": false,
          "Type": "List",
          "ItemType": "Tag",
          "DuplicatesAllowed": true
        }
      },
      "Attributes": {
        "Status": {
          "Type": "PeeringAttachmentStatus"
        },
        "State": {
          "PrimitiveType": "String"
        },
        "CreationTime": {
          "PrimitiveType": "String"
        },
        "Status.Message": {
          "PrimitiveType": "String"
        },
        "Status.Code": {
          "PrimitiveType": "String"
        },
        "TransitGatewayAttachmentId": {
          "PrimitiveType": "String"
        }
      }
    }
  },
  "ResourceSpecificationVersion": "114.0.0"
}