{
  "ResourceType": {
    "AWS::EC2::TransitGatewayMulticastDomainAssociation": {
      "Documentation": "http://docs.aws.amazon.com/AWSCloudFormation/latest/UserGuide/aws-resource-ec2-transitgatewaymulticastdomainassociation.html",
      "Properties": {
        "TransitGatewayMulticastDomainId": {
          "Documentation": "http://docs.aws.amazon.com/AWSCloudFormation/latest/UserGuide/aws-resource-ec2-transitgatewaymulticastdomainassociation.html#cfn-ec2-transitgatewaymulticastdomainassociation-transitgatewaymulticastdomainid",
          "UpdateType": "Immutable",
          "Required": true,
          "PrimitiveType": "String"
        },
        "SubnetId": {
          "Documentation": "http://docs.aws.amazon.com/AWSCloudFormation/latest/UserGuide/aws-resource-ec2-transitgatewaymulticastdomainassociation.html#cfn-ec2-transitgatewaymulticastdomainassociation-subnetid",
          "UpdateType": "Immutable",
          "Required": true,
          "PrimitiveType": "String"
        },
        "TransitGatewayAttachmentId": {
          "Documentation": "http://docs.aws.amazon.com/AWSCloudFormation/latest/UserGuide/aws-resource-ec2-transitgatewaymulticastdomainassociation.html#cfn-ec2-transitgatewaymulticastdomainassociation-transitgatewayattachmentid",
          "UpdateType": "Immutable",
          "Required": true,
          "PrimitiveType": "String"
        }
      },
      "Attributes": {
        "ResourceId": {
          "PrimitiveType": "String"
        },
        "State": {
          "PrimitiveType": "String"
        },
        "ResourceType": {
          "PrimitiveType": "String"
        }
      }
    }
  },
  "ResourceSpecificationVersion": "114.0.0"
}