{
  "ResourceType": {
    "AWS::EC2::VPNConnectionRoute": {
      "Documentation": "http://docs.aws.amazon.com/AWSCloudFormation/latest/UserGuide/aws-resource-ec2-vpnconnectionroute.html",
      "Properties": {
        "DestinationCidrBlock": {
          "Documentation": "http://docs.aws.amazon.com/AWSCloudFormation/latest/UserGuide/aws-resource-ec2-vpnconnectionroute.html#cfn-ec2-vpnconnectionroute-destinationcidrblock",
          "UpdateType": "Immutable",
          "Required": true,
          "PrimitiveType": "String"
        },
        "VpnConnectionId": {
          "Documentation": "http://docs.aws.amazon.com/AWSCloudFormation/latest/UserGuide/aws-resource-ec2-vpnconnectionroute.html#cfn-ec2-vpnconnectionroute-vpnconnectionid",
          "UpdateType": "Immutable",
          "Required": true,
          "PrimitiveType": "String"
        }
      }
    }
  },
  "ResourceSpecificationVersion": "114.0.0"
}