{
  "PropertyTypes": {
    "AWS::EC2::VPNConnection.VpnTunnelOptionsSpecification": {
      "Documentation": "http://docs.aws.amazon.com/AWSCloudFormation/latest/UserGuide/aws-properties-ec2-vpnconnection-vpntunneloptionsspecification.html",
      "Properties": {
        "PreSharedKey": {
          "Documentation": "http://docs.aws.amazon.com/AWSCloudFormation/latest/UserGuide/aws-properties-ec2-vpnconnection-vpntunneloptionsspecification.html#cfn-ec2-vpnconnection-vpntunneloptionsspecification-presharedkey",
          "UpdateType": "Immutable",
          "Required": false,
          "PrimitiveType": "String"
        },
        "TunnelInsideCidr": {
          "Documentation": "http://docs.aws.amazon.com/AWSCloudFormation/latest/UserGuide/aws-properties-ec2-vpnconnection-vpntunneloptionsspecification.html#cfn-ec2-vpnconnection-vpntunneloptionsspecification-tunnelinsidecidr",
          "UpdateType": "Immutable",
          "Required": false,
          "PrimitiveType": "String"
        }
      }
    },
    "Tag": {
      "Documentation": "http://docs.aws.amazon.com/AWSCloudFormation/latest/UserGuide/aws-properties-resource-tags.html",
      "Properties": {
        "Value": {
          "Documentation": "http://docs.aws.amazon.com/AWSCloudFormation/latest/UserGuide/aws-properties-resource-tags.html#cfn-resource-tags-value",
          "UpdateType": "Mutable",
          "Required": true,
          "PrimitiveType": "String"
        },
        "Key": {
          "Documentation": "http://docs.aws.amazon.com/AWSCloudFormation/latest/UserGuide/aws-properties-resource-tags.html#cfn-resource-tags-key",
          "UpdateType": "Mutable",
          "Required": true,
          "PrimitiveType": "String"
        }
      }
    }
  },
  "ResourceType": {
    "AWS::EC2::VPNConnection": {
      "Documentation": "http://docs.aws.amazon.com/AWSCloudFormation/latest/UserGuide/aws-resource-ec2-vpnconnection.html",
      "Properties": {
        "TransitGatewayId": {
          "Documentation": "http://docs.aws.amazon.com/AWSCloudFormation/latest/UserGuide/aws-resource-ec2-vpnconnection.html#cfn-ec2-vpnconnection-transitgatewayid",
          "UpdateType": "Immutable",
          "Required": false,
          "PrimitiveType": "String"
        },
        "Type": {
          "Documentation": "http://docs.aws.amazon.com/AWSCloudFormation/latest/UserGuide/aws-resource-ec2-vpnconnection.html#cfn-ec2-vpnconnection-type",
          "UpdateType": "Immutable",
          "Required": true,
          "PrimitiveType": "String"
        },
        "VpnTunnelOptionsSpecifications": {
          "Documentation": "http://docs.aws.amazon.com/AWSCloudFormation/latest/UserGuide/aws-resource-ec2-vpnconnection.html#cfn-ec2-vpnconnection-vpntunneloptionsspecifications",
          "UpdateType": "Immutable",
          "Required": false,
          "Type": "List",
          "ItemType": "VpnTunnelOptionsSpecification",
          "DuplicatesAllowed": true
        },
        "CustomerGatewayId": {
          "Documentation": "http://docs.aws.amazon.com/AWSCloudFormation/latest/UserGuide/aws-resource-ec2-vpnconnection.html#cfn-ec2-vpnconnection-customergatewayid",
          "UpdateType": "Immutable",
          "Required": true,
          "PrimitiveType": "String"
        },
        "VpnGatewayId": {
          "Documentation": "http://docs.aws.amazon.com/AWSCloudFormation/latest/UserGuide/aws-resource-ec2-vpnconnection.html#cfn-ec2-vpnconnection-vpngatewayid",
          "UpdateType": "Immutable",
          "Required": false,
          "PrimitiveType": "String"
        },
        "StaticRoutesOnly": {
          "Documentation": "http://docs.aws.amazon.com/AWSCloudFormation/latest/UserGuide/aws-resource-ec2-vpnconnection.html#cfn-ec2-vpnconnection-staticroutesonly",
          "UpdateType": "Immutable",
          "Required": false,
          "PrimitiveType": "Boolean"
        },
        "Tags": {
          "Documentation": "http://docs.aws.amazon.com/AWSCloudFormation/latest/UserGuide/aws-resource-ec2-vpnconnection.html#cfn-ec2-vpnconnection-tags",
          "UpdateType": "Mutable",
          "Required": false,
          "Type": "List",
          "ItemType": "Tag",
          "DuplicatesAllowed": true
        }
      },
      "Attributes": {
        "VpnConnectionId": {
          "PrimitiveType": "String"
        }
      }
    }
  },
  "ResourceSpecificationVersion": "114.0.0"
}