{
  "PropertyTypes": {
    "AWS::ECS::Cluster.ClusterConfiguration": {
      "Documentation": "http://docs.aws.amazon.com/AWSCloudFormation/latest/UserGuide/aws-properties-ecs-cluster-clusterconfiguration.html",
      "Properties": {
        "ExecuteCommandConfiguration": {
          "Documentation": "http://docs.aws.amazon.com/AWSCloudFormation/latest/UserGuide/aws-properties-ecs-cluster-clusterconfiguration.html#cfn-ecs-cluster-clusterconfiguration-executecommandconfiguration",
          "UpdateType": "Mutable",
          "Required": false,
          "Type": "ExecuteCommandConfiguration"
        }
      }
    },
    "AWS::ECS::Cluster.ServiceConnectDefaults": {
      "Documentation": "http://docs.aws.amazon.com/AWSCloudFormation/latest/UserGuide/aws-properties-ecs-cluster-serviceconnectdefaults.html",
      "Properties": {
        "Namespace": {
          "Documentation": "http://docs.aws.amazon.com/AWSCloudFormation/latest/UserGuide/aws-properties-ecs-cluster-serviceconnectdefaults.html#cfn-ecs-cluster-serviceconnectdefaults-namespace",
          "UpdateType": "Mutable",
          "Required": false,
          "PrimitiveType": "String"
        }
      }
    },
    "AWS::ECS::Cluster.ExecuteCommandConfiguration": {
      "Documentation": "http://docs.aws.amazon.com/AWSCloudFormation/latest/UserGuide/aws-properties-ecs-cluster-executecommandconfiguration.html",
      "Properties": {
        "Logging": {
          "Documentation": "http://docs.aws.amazon.com/AWSCloudFormation/latest/UserGuide/aws-properties-ecs-cluster-executecommandconfiguration.html#cfn-ecs-cluster-executecommandconfiguration-logging",
          "UpdateType": "Mutable",
          "Required": false,
          "PrimitiveType": "String"
        },
        "KmsKeyId": {
          "Documentation": "http://docs.aws.amazon.com/AWSCloudFormation/latest/UserGuide/aws-properties-ecs-cluster-executecommandconfiguration.html#cfn-ecs-cluster-executecommandconfiguration-kmskeyid",
          "UpdateType": "Mutable",
          "Required": false,
          "PrimitiveType": "String"
        },
        "LogConfiguration": {
          "Documentation": "http://docs.aws.amazon.com/AWSCloudFormation/latest/UserGuide/aws-properties-ecs-cluster-executecommandconfiguration.html#cfn-ecs-cluster-executecommandconfiguration-logconfiguration",
          "UpdateType": "Mutable",
          "Required": false,
          "Type": "ExecuteCommandLogConfiguration"
        }
      }
    },
    "AWS::ECS::Cluster.ClusterSettings": {
      "Documentation": "http://docs.aws.amazon.com/AWSCloudFormation/latest/UserGuide/aws-properties-ecs-cluster-clustersettings.html",
      "Properties": {
        "Value": {
          "Documentation": "http://docs.aws.amazon.com/AWSCloudFormation/latest/UserGuide/aws-properties-ecs-cluster-clustersettings.html#cfn-ecs-cluster-clustersettings-value",
          "UpdateType": "Mutable",
          "Required": false,
          "PrimitiveType": "String"
        },
        "Name": {
          "Documentation": "http://docs.aws.amazon.com/AWSCloudFormation/latest/UserGuide/aws-properties-ecs-cluster-clustersettings.html#cfn-ecs-cluster-clustersettings-name",
          "UpdateType": "Mutable",
          "Required": false,
          "PrimitiveType": "String"
        }
      }
    },
    "Tag": {
      "Documentation": "http://docs.aws.amazon.com/AWSCloudFormation/latest/UserGuide/aws-properties-resource-tags.html",
      "Properties": {
        "Value": {
          "Documentation": "http://docs.aws.amazon.com/AWSCloudFormation/latest/UserGuide/aws-properties-resource-tags.html#cfn-resource-tags-value",
          "UpdateType": "Mutable",
          "Required": true,
          "PrimitiveType": "String"
        },
        "Key": {
          "Documentation": "http://docs.aws.amazon.com/AWSCloudFormation/latest/UserGuide/aws-properties-resource-tags.html#cfn-resource-tags-key",
          "UpdateType": "Mutable",
          "Required": true,
          "PrimitiveType": "String"
        }
      }
    },
    "AWS::ECS::Cluster.ExecuteCommandLogConfiguration": {
      "Documentation": "http://docs.aws.amazon.com/AWSCloudFormation/latest/UserGuide/aws-properties-ecs-cluster-executecommandlogconfiguration.html",
      "Properties": {
        "S3EncryptionEnabled": {
          "Documentation": "http://docs.aws.amazon.com/AWSCloudFormation/latest/UserGuide/aws-properties-ecs-cluster-executecommandlogconfiguration.html#cfn-ecs-cluster-executecommandlogconfiguration-s3encryptionenabled",
          "UpdateType": "Mutable",
          "Required": false,
          "PrimitiveType": "Boolean"
        },
        "CloudWatchEncryptionEnabled": {
          "Documentation": "http://docs.aws.amazon.com/AWSCloudFormation/latest/UserGuide/aws-properties-ecs-cluster-executecommandlogconfiguration.html#cfn-ecs-cluster-executecommandlogconfiguration-cloudwatchencryptionenabled",
          "UpdateType": "Mutable",
          "Required": false,
          "PrimitiveType": "Boolean"
        },
        "CloudWatchLogGroupName": {
          "Documentation": "http://docs.aws.amazon.com/AWSCloudFormation/latest/UserGuide/aws-properties-ecs-cluster-executecommandlogconfiguration.html#cfn-ecs-cluster-executecommandlogconfiguration-cloudwatchloggroupname",
          "UpdateType": "Mutable",
          "Required": false,
          "PrimitiveType": "String"
        },
        "S3KeyPrefix": {
          "Documentation": "http://docs.aws.amazon.com/AWSCloudFormation/latest/UserGuide/aws-properties-ecs-cluster-executecommandlogconfiguration.html#cfn-ecs-cluster-executecommandlogconfiguration-s3keyprefix",
          "UpdateType": "Mutable",
          "Required": false,
          "PrimitiveType": "String"
        },
        "S3BucketName": {
          "Documentation": "http://docs.aws.amazon.com/AWSCloudFormation/latest/UserGuide/aws-properties-ecs-cluster-executecommandlogconfiguration.html#cfn-ecs-cluster-executecommandlogconfiguration-s3bucketname",
          "UpdateType": "Mutable",
          "Required": false,
          "PrimitiveType": "String"
        }
      }
    },
    "AWS::ECS::Cluster.CapacityProviderStrategyItem": {
      "Documentation": "http://docs.aws.amazon.com/AWSCloudFormation/latest/UserGuide/aws-properties-ecs-cluster-capacityproviderstrategyitem.html",
      "Properties": {
        "CapacityProvider": {
          "Documentation": "http://docs.aws.amazon.com/AWSCloudFormation/latest/UserGuide/aws-properties-ecs-cluster-capacityproviderstrategyitem.html#cfn-ecs-cluster-capacityproviderstrategyitem-capacityprovider",
          "UpdateType": "Mutable",
          "Required": false,
          "PrimitiveType": "String"
        },
        "Weight": {
          "Documentation": "http://docs.aws.amazon.com/AWSCloudFormation/latest/UserGuide/aws-properties-ecs-cluster-capacityproviderstrategyitem.html#cfn-ecs-cluster-capacityproviderstrategyitem-weight",
          "UpdateType": "Mutable",
          "Required": false,
          "PrimitiveType": "Integer"
        },
        "Base": {
          "Documentation": "http://docs.aws.amazon.com/AWSCloudFormation/latest/UserGuide/aws-properties-ecs-cluster-capacityproviderstrategyitem.html#cfn-ecs-cluster-capacityproviderstrategyitem-base",
          "UpdateType": "Mutable",
          "Required": false,
          "PrimitiveType": "Integer"
        }
      }
    }
  },
  "ResourceType": {
    "AWS::ECS::Cluster": {
      "Documentation": "http://docs.aws.amazon.com/AWSCloudFormation/latest/UserGuide/aws-resource-ecs-cluster.html",
      "Properties": {
        "ClusterSettings": {
          "Documentation": "http://docs.aws.amazon.com/AWSCloudFormation/latest/UserGuide/aws-resource-ecs-cluster.html#cfn-ecs-cluster-clustersettings",
          "UpdateType": "Mutable",
          "Required": false,
          "Type": "List",
          "ItemType": "ClusterSettings",
          "DuplicatesAllowed": true
        },
        "DefaultCapacityProviderStrategy": {
          "Documentation": "http://docs.aws.amazon.com/AWSCloudFormation/latest/UserGuide/aws-resource-ecs-cluster.html#cfn-ecs-cluster-defaultcapacityproviderstrategy",
          "UpdateType": "Mutable",
          "Required": false,
          "Type": "List",
          "ItemType": "CapacityProviderStrategyItem",
          "DuplicatesAllowed": true
        },
        "Configuration": {
          "Documentation": "http://docs.aws.amazon.com/AWSCloudFormation/latest/UserGuide/aws-resource-ecs-cluster.html#cfn-ecs-cluster-configuration",
          "UpdateType": "Mutable",
          "Required": false,
          "Type": "ClusterConfiguration"
        },
        "ServiceConnectDefaults": {
          "Documentation": "http://docs.aws.amazon.com/AWSCloudFormation/latest/UserGuide/aws-resource-ecs-cluster.html#cfn-ecs-cluster-serviceconnectdefaults",
          "UpdateType": "Mutable",
          "Required": false,
          "Type": "ServiceConnectDefaults"
        },
        "CapacityProviders": {
          "Documentation": "http://docs.aws.amazon.com/AWSCloudFormation/latest/UserGuide/aws-resource-ecs-cluster.html#cfn-ecs-cluster-capacityproviders",
          "UpdateType": "Mutable",
          "Required": false,
          "Type": "List",
          "PrimitiveItemType": "String",
          "DuplicatesAllowed": true
        },
        "ClusterName": {
          "Documentation": "http://docs.aws.amazon.com/AWSCloudFormation/latest/UserGuide/aws-resource-ecs-cluster.html#cfn-ecs-cluster-clustername",
          "UpdateType": "Immutable",
          "Required": false,
          "PrimitiveType": "String"
        },
        "Tags": {
          "Documentation": "http://docs.aws.amazon.com/AWSCloudFormation/latest/UserGuide/aws-resource-ecs-cluster.html#cfn-ecs-cluster-tags",
          "UpdateType": "Mutable",
          "Required": false,
          "Type": "List",
          "ItemType": "Tag",
          "DuplicatesAllowed": true
        }
      },
      "Attributes": {
        "Arn": {
          "PrimitiveType": "String"
        }
      }
    }
  },
  "ResourceSpecificationVersion": "114.0.0"
}