{
  "PropertyTypes": {
    "AWS::ECS::TaskDefinition.Ulimit": {
      "Documentation": "http://docs.aws.amazon.com/AWSCloudFormation/latest/UserGuide/aws-properties-ecs-taskdefinition-ulimit.html",
      "Properties": {
        "SoftLimit": {
          "Documentation": "http://docs.aws.amazon.com/AWSCloudFormation/latest/UserGuide/aws-properties-ecs-taskdefinition-ulimit.html#cfn-ecs-taskdefinition-ulimit-softlimit",
          "UpdateType": "Immutable",
          "Required": true,
          "PrimitiveType": "Integer"
        },
        "HardLimit": {
          "Documentation": "http://docs.aws.amazon.com/AWSCloudFormation/latest/UserGuide/aws-properties-ecs-taskdefinition-ulimit.html#cfn-ecs-taskdefinition-ulimit-hardlimit",
          "UpdateType": "Immutable",
          "Required": true,
          "PrimitiveType": "Integer"
        },
        "Name": {
          "Documentation": "http://docs.aws.amazon.com/AWSCloudFormation/latest/UserGuide/aws-properties-ecs-taskdefinition-ulimit.html#cfn-ecs-taskdefinition-ulimit-name",
          "UpdateType": "Immutable",
          "Required": true,
          "PrimitiveType": "String"
        }
      }
    },
    "AWS::ECS::TaskDefinition.EnvironmentFile": {
      "Documentation": "http://docs.aws.amazon.com/AWSCloudFormation/latest/UserGuide/aws-properties-ecs-taskdefinition-environmentfile.html",
      "Properties": {
        "Type": {
          "Documentation": "http://docs.aws.amazon.com/AWSCloudFormation/latest/UserGuide/aws-properties-ecs-taskdefinition-environmentfile.html#cfn-ecs-taskdefinition-environmentfile-type",
          "UpdateType": "Immutable",
          "Required": false,
          "PrimitiveType": "String"
        },
        "Value": {
          "Documentation": "http://docs.aws.amazon.com/AWSCloudFormation/latest/UserGuide/aws-properties-ecs-taskdefinition-environmentfile.html#cfn-ecs-taskdefinition-environmentfile-value",
          "UpdateType": "Immutable",
          "Required": false,
          "PrimitiveType": "String"
        }
      }
    },
    "AWS::ECS::TaskDefinition.EFSVolumeConfiguration": {
      "Documentation": "http://docs.aws.amazon.com/AWSCloudFormation/latest/UserGuide/aws-properties-ecs-taskdefinition-efsvolumeconfiguration.html",
      "Properties": {
        "FilesystemId": {
          "Documentation": "http://docs.aws.amazon.com/AWSCloudFormation/latest/UserGuide/aws-properties-ecs-taskdefinition-efsvolumeconfiguration.html#cfn-ecs-taskdefinition-efsvolumeconfiguration-filesystemid",
          "UpdateType": "Immutable",
          "Required": true,
          "PrimitiveType": "String"
        },
        "TransitEncryption": {
          "Documentation": "http://docs.aws.amazon.com/AWSCloudFormation/latest/UserGuide/aws-properties-ecs-taskdefinition-efsvolumeconfiguration.html#cfn-ecs-taskdefinition-efsvolumeconfiguration-transitencryption",
          "UpdateType": "Immutable",
          "Required": false,
          "PrimitiveType": "String"
        },
        "AuthorizationConfig": {
          "Documentation": "http://docs.aws.amazon.com/AWSCloudFormation/latest/UserGuide/aws-properties-ecs-taskdefinition-efsvolumeconfiguration.html#cfn-ecs-taskdefinition-efsvolumeconfiguration-authorizationconfig",
          "UpdateType": "Immutable",
          "Required": false,
          "Type": "AuthorizationConfig"
        },
        "RootDirectory": {
          "Documentation": "http://docs.aws.amazon.com/AWSCloudFormation/latest/UserGuide/aws-properties-ecs-taskdefinition-efsvolumeconfiguration.html#cfn-ecs-taskdefinition-efsvolumeconfiguration-rootdirectory",
          "UpdateType": "Immutable",
          "Required": false,
          "PrimitiveType": "String"
        },
        "TransitEncryptionPort": {
          "Documentation": "http://docs.aws.amazon.com/AWSCloudFormation/latest/UserGuide/aws-properties-ecs-taskdefinition-efsvolumeconfiguration.html#cfn-ecs-taskdefinition-efsvolumeconfiguration-transitencryptionport",
          "UpdateType": "Immutable",
          "Required": false,
          "PrimitiveType": "Integer"
        }
      }
    },
    "AWS::ECS::TaskDefinition.HostVolumeProperties": {
      "Documentation": "http://docs.aws.amazon.com/AWSCloudFormation/latest/UserGuide/aws-properties-ecs-taskdefinition-hostvolumeproperties.html",
      "Properties": {
        "SourcePath": {
          "Documentation": "http://docs.aws.amazon.com/AWSCloudFormation/latest/UserGuide/aws-properties-ecs-taskdefinition-hostvolumeproperties.html#cfn-ecs-taskdefinition-hostvolumeproperties-sourcepath",
          "UpdateType": "Immutable",
          "Required": false,
          "PrimitiveType": "String"
        }
      }
    },
    "AWS::ECS::TaskDefinition.FirelensConfiguration": {
      "Documentation": "http://docs.aws.amazon.com/AWSCloudFormation/latest/UserGuide/aws-properties-ecs-taskdefinition-firelensconfiguration.html",
      "Properties": {
        "Options": {
          "Documentation": "http://docs.aws.amazon.com/AWSCloudFormation/latest/UserGuide/aws-properties-ecs-taskdefinition-firelensconfiguration.html#cfn-ecs-taskdefinition-firelensconfiguration-options",
          "UpdateType": "Immutable",
          "Required": false,
          "Type": "Map",
          "PrimitiveItemType": "String"
        },
        "Type": {
          "Documentation": "http://docs.aws.amazon.com/AWSCloudFormation/latest/UserGuide/aws-properties-ecs-taskdefinition-firelensconfiguration.html#cfn-ecs-taskdefinition-firelensconfiguration-type",
          "UpdateType": "Immutable",
          "Required": false,
          "PrimitiveType": "String"
        }
      }
    },
    "AWS::ECS::TaskDefinition.Device": {
      "Documentation": "http://docs.aws.amazon.com/AWSCloudFormation/latest/UserGuide/aws-properties-ecs-taskdefinition-device.html",
      "Properties": {
        "HostPath": {
          "Documentation": "http://docs.aws.amazon.com/AWSCloudFormation/latest/UserGuide/aws-properties-ecs-taskdefinition-device.html#cfn-ecs-taskdefinition-device-hostpath",
          "UpdateType": "Immutable",
          "Required": false,
          "PrimitiveType": "String"
        },
        "Permissions": {
          "Documentation": "http://docs.aws.amazon.com/AWSCloudFormation/latest/UserGuide/aws-properties-ecs-taskdefinition-device.html#cfn-ecs-taskdefinition-device-permissions",
          "UpdateType": "Immutable",
          "Required": false,
          "Type": "List",
          "PrimitiveItemType": "String",
          "DuplicatesAllowed": false
        },
        "ContainerPath": {
          "Documentation": "http://docs.aws.amazon.com/AWSCloudFormation/latest/UserGuide/aws-properties-ecs-taskdefinition-device.html#cfn-ecs-taskdefinition-device-containerpath",
          "UpdateType": "Immutable",
          "Required": false,
          "PrimitiveType": "String"
        }
      }
    },
    "AWS::ECS::TaskDefinition.ResourceRequirement": {
      "Documentation": "http://docs.aws.amazon.com/AWSCloudFormation/latest/UserGuide/aws-properties-ecs-taskdefinition-resourcerequirement.html",
      "Properties": {
        "Type": {
          "Documentation": "http://docs.aws.amazon.com/AWSCloudFormation/latest/UserGuide/aws-properties-ecs-taskdefinition-resourcerequirement.html#cfn-ecs-taskdefinition-resourcerequirement-type",
          "UpdateType": "Immutable",
          "Required": true,
          "PrimitiveType": "String"
        },
        "Value": {
          "Documentation": "http://docs.aws.amazon.com/AWSCloudFormation/latest/UserGuide/aws-properties-ecs-taskdefinition-resourcerequirement.html#cfn-ecs-taskdefinition-resourcerequirement-value",
          "UpdateType": "Immutable",
          "Required": true,
          "PrimitiveType": "String"
        }
      }
    },
    "AWS::ECS::TaskDefinition.ContainerDependency": {
      "Documentation": "http://docs.aws.amazon.com/AWSCloudFormation/latest/UserGuide/aws-properties-ecs-taskdefinition-containerdependency.html",
      "Properties": {
        "Condition": {
          "Documentation": "http://docs.aws.amazon.com/AWSCloudFormation/latest/UserGuide/aws-properties-ecs-taskdefinition-containerdependency.html#cfn-ecs-taskdefinition-containerdependency-condition",
          "UpdateType": "Immutable",
          "Required": false,
          "PrimitiveType": "String"
        },
        "ContainerName": {
          "Documentation": "http://docs.aws.amazon.com/AWSCloudFormation/latest/UserGuide/aws-properties-ecs-taskdefinition-containerdependency.html#cfn-ecs-taskdefinition-containerdependency-containername",
          "UpdateType": "Immutable",
          "Required": false,
          "PrimitiveType": "String"
        }
      }
    },
    "AWS::ECS::TaskDefinition.InferenceAccelerator": {
      "Documentation": "http://docs.aws.amazon.com/AWSCloudFormation/latest/UserGuide/aws-properties-ecs-taskdefinition-inferenceaccelerator.html",
      "Properties": {
        "DeviceType": {
          "Documentation": "http://docs.aws.amazon.com/AWSCloudFormation/latest/UserGuide/aws-properties-ecs-taskdefinition-inferenceaccelerator.html#cfn-ecs-taskdefinition-inferenceaccelerator-devicetype",
          "UpdateType": "Immutable",
          "Required": false,
          "PrimitiveType": "String"
        },
        "DeviceName": {
          "Documentation": "http://docs.aws.amazon.com/AWSCloudFormation/latest/UserGuide/aws-properties-ecs-taskdefinition-inferenceaccelerator.html#cfn-ecs-taskdefinition-inferenceaccelerator-devicename",
          "UpdateType": "Immutable",
          "Required": false,
          "PrimitiveType": "String"
        }
      }
    },
    "AWS::ECS::TaskDefinition.MountPoint": {
      "Documentation": "http://docs.aws.amazon.com/AWSCloudFormation/latest/UserGuide/aws-properties-ecs-taskdefinition-mountpoint.html",
      "Properties": {
        "ReadOnly": {
          "Documentation": "http://docs.aws.amazon.com/AWSCloudFormation/latest/UserGuide/aws-properties-ecs-taskdefinition-mountpoint.html#cfn-ecs-taskdefinition-mountpoint-readonly",
          "UpdateType": "Immutable",
          "Required": false,
          "PrimitiveType": "Boolean"
        },
        "SourceVolume": {
          "Documentation": "http://docs.aws.amazon.com/AWSCloudFormation/latest/UserGuide/aws-properties-ecs-taskdefinition-mountpoint.html#cfn-ecs-taskdefinition-mountpoint-sourcevolume",
          "UpdateType": "Immutable",
          "Required": false,
          "PrimitiveType": "String"
        },
        "ContainerPath": {
          "Documentation": "http://docs.aws.amazon.com/AWSCloudFormation/latest/UserGuide/aws-properties-ecs-taskdefinition-mountpoint.html#cfn-ecs-taskdefinition-mountpoint-containerpath",
          "UpdateType": "Immutable",
          "Required": false,
          "PrimitiveType": "String"
        }
      }
    },
    "AWS::ECS::TaskDefinition.DockerVolumeConfiguration": {
      "Documentation": "http://docs.aws.amazon.com/AWSCloudFormation/latest/UserGuide/aws-properties-ecs-taskdefinition-dockervolumeconfiguration.html",
      "Properties": {
        "DriverOpts": {
          "Documentation": "http://docs.aws.amazon.com/AWSCloudFormation/latest/UserGuide/aws-properties-ecs-taskdefinition-dockervolumeconfiguration.html#cfn-ecs-taskdefinition-dockervolumeconfiguration-driveropts",
          "UpdateType": "Immutable",
          "Required": false,
          "Type": "Map",
          "PrimitiveItemType": "String"
        },
        "Scope": {
          "Documentation": "http://docs.aws.amazon.com/AWSCloudFormation/latest/UserGuide/aws-properties-ecs-taskdefinition-dockervolumeconfiguration.html#cfn-ecs-taskdefinition-dockervolumeconfiguration-scope",
          "UpdateType": "Immutable",
          "Required": false,
          "PrimitiveType": "String"
        },
        "Autoprovision": {
          "Documentation": "http://docs.aws.amazon.com/AWSCloudFormation/latest/UserGuide/aws-properties-ecs-taskdefinition-dockervolumeconfiguration.html#cfn-ecs-taskdefinition-dockervolumeconfiguration-autoprovision",
          "UpdateType": "Immutable",
          "Required": false,
          "PrimitiveType": "Boolean"
        },
        "Driver": {
          "Documentation": "http://docs.aws.amazon.com/AWSCloudFormation/latest/UserGuide/aws-properties-ecs-taskdefinition-dockervolumeconfiguration.html#cfn-ecs-taskdefinition-dockervolumeconfiguration-driver",
          "UpdateType": "Immutable",
          "Required": false,
          "PrimitiveType": "String"
        },
        "Labels": {
          "Documentation": "http://docs.aws.amazon.com/AWSCloudFormation/latest/UserGuide/aws-properties-ecs-taskdefinition-dockervolumeconfiguration.html#cfn-ecs-taskdefinition-dockervolumeconfiguration-labels",
          "UpdateType": "Immutable",
          "Required": false,
          "Type": "Map",
          "PrimitiveItemType": "String"
        }
      }
    },
    "AWS::ECS::TaskDefinition.Volume": {
      "Documentation": "http://docs.aws.amazon.com/AWSCloudFormation/latest/UserGuide/aws-properties-ecs-taskdefinition-volume.html",
      "Properties": {
        "EFSVolumeConfiguration": {
          "Documentation": "http://docs.aws.amazon.com/AWSCloudFormation/latest/UserGuide/aws-properties-ecs-taskdefinition-volume.html#cfn-ecs-taskdefinition-volume-efsvolumeconfiguration",
          "UpdateType": "Immutable",
          "Required": false,
          "Type": "EFSVolumeConfiguration"
        },
        "Host": {
          "Documentation": "http://docs.aws.amazon.com/AWSCloudFormation/latest/UserGuide/aws-properties-ecs-taskdefinition-volume.html#cfn-ecs-taskdefinition-volume-host",
          "UpdateType": "Immutable",
          "Required": false,
          "Type": "HostVolumeProperties"
        },
        "DockerVolumeConfiguration": {
          "Documentation": "http://docs.aws.amazon.com/AWSCloudFormation/latest/UserGuide/aws-properties-ecs-taskdefinition-volume.html#cfn-ecs-taskdefinition-volume-dockervolumeconfiguration",
          "UpdateType": "Immutable",
          "Required": false,
          "Type": "DockerVolumeConfiguration"
        },
        "Name": {
          "Documentation": "http://docs.aws.amazon.com/AWSCloudFormation/latest/UserGuide/aws-properties-ecs-taskdefinition-volume.html#cfn-ecs-taskdefinition-volume-name",
          "UpdateType": "Immutable",
          "Required": false,
          "PrimitiveType": "String"
        }
      }
    },
    "AWS::ECS::TaskDefinition.ContainerDefinition": {
      "Documentation": "http://docs.aws.amazon.com/AWSCloudFormation/latest/UserGuide/aws-properties-ecs-taskdefinition-containerdefinition.html",
      "Properties": {
        "User": {
          "Documentation": "http://docs.aws.amazon.com/AWSCloudFormation/latest/UserGuide/aws-properties-ecs-taskdefinition-containerdefinition.html#cfn-ecs-taskdefinition-containerdefinition-user",
          "UpdateType": "Immutable",
          "Required": false,
          "PrimitiveType": "String"
        },
        "Secrets": {
          "Documentation": "http://docs.aws.amazon.com/AWSCloudFormation/latest/UserGuide/aws-properties-ecs-taskdefinition-containerdefinition.html#cfn-ecs-taskdefinition-containerdefinition-secrets",
          "UpdateType": "Immutable",
          "Required": false,
          "Type": "List",
          "ItemType": "Secret",
          "DuplicatesAllowed": true
        },
        "Memory": {
          "Documentation": "http://docs.aws.amazon.com/AWSCloudFormation/latest/UserGuide/aws-properties-ecs-taskdefinition-containerdefinition.html#cfn-ecs-taskdefinition-containerdefinition-memory",
          "UpdateType": "Immutable",
          "Required": false,
          "PrimitiveType": "Integer"
        },
        "Privileged": {
          "Documentation": "http://docs.aws.amazon.com/AWSCloudFormation/latest/UserGuide/aws-properties-ecs-taskdefinition-containerdefinition.html#cfn-ecs-taskdefinition-containerdefinition-privileged",
          "UpdateType": "Immutable",
          "Required": false,
          "PrimitiveType": "Boolean"
        },
        "HealthCheck": {
          "Documentation": "http://docs.aws.amazon.com/AWSCloudFormation/latest/UserGuide/aws-properties-ecs-taskdefinition-containerdefinition.html#cfn-ecs-taskdefinition-containerdefinition-healthcheck",
          "UpdateType": "Immutable",
          "Required": false,
          "Type": "HealthCheck"
        },
        "StartTimeout": {
          "Documentation": "http://docs.aws.amazon.com/AWSCloudFormation/latest/UserGuide/aws-properties-ecs-taskdefinition-containerdefinition.html#cfn-ecs-taskdefinition-containerdefinition-starttimeout",
          "UpdateType": "Immutable",
          "Required": false,
          "PrimitiveType": "Integer"
        },
        "VolumesFrom": {
          "Documentation": "http://docs.aws.amazon.com/AWSCloudFormation/latest/UserGuide/aws-properties-ecs-taskdefinition-containerdefinition.html#cfn-ecs-taskdefinition-containerdefinition-volumesfrom",
          "UpdateType": "Immutable",
          "Required": false,
          "Type": "List",
          "ItemType": "VolumeFrom",
          "DuplicatesAllowed": false
        },
        "Cpu": {
          "Documentation": "http://docs.aws.amazon.com/AWSCloudFormation/latest/UserGuide/aws-properties-ecs-taskdefinition-containerdefinition.html#cfn-ecs-taskdefinition-containerdefinition-cpu",
          "UpdateType": "Immutable",
          "Required": false,
          "PrimitiveType": "Integer"
        },
        "EntryPoint": {
          "Documentation": "http://docs.aws.amazon.com/AWSCloudFormation/latest/UserGuide/aws-properties-ecs-taskdefinition-containerdefinition.html#cfn-ecs-taskdefinition-containerdefinition-entrypoint",
          "UpdateType": "Immutable",
          "Required": false,
          "Type": "List",
          "PrimitiveItemType": "String",
          "DuplicatesAllowed": true
        },
        "DnsServers": {
          "Documentation": "http://docs.aws.amazon.com/AWSCloudFormation/latest/UserGuide/aws-properties-ecs-taskdefinition-containerdefinition.html#cfn-ecs-taskdefinition-containerdefinition-dnsservers",
          "UpdateType": "Immutable",
          "Required": false,
          "Type": "List",
          "PrimitiveItemType": "String",
          "DuplicatesAllowed": true
        },
        "ReadonlyRootFilesystem": {
          "Documentation": "http://docs.aws.amazon.com/AWSCloudFormation/latest/UserGuide/aws-properties-ecs-taskdefinition-containerdefinition.html#cfn-ecs-taskdefinition-containerdefinition-readonlyrootfilesystem",
          "UpdateType": "Immutable",
          "Required": false,
          "PrimitiveType": "Boolean"
        },
        "Image": {
          "Documentation": "http://docs.aws.amazon.com/AWSCloudFormation/latest/UserGuide/aws-properties-ecs-taskdefinition-containerdefinition.html#cfn-ecs-taskdefinition-containerdefinition-image",
          "UpdateType": "Immutable",
          "Required": true,
          "PrimitiveType": "String"
        },
        "Essential": {
          "Documentation": "http://docs.aws.amazon.com/AWSCloudFormation/latest/UserGuide/aws-properties-ecs-taskdefinition-containerdefinition.html#cfn-ecs-taskdefinition-containerdefinition-essential",
          "UpdateType": "Immutable",
          "Required": false,
          "PrimitiveType": "Boolean"
        },
        "LogConfiguration": {
          "Documentation": "http://docs.aws.amazon.com/AWSCloudFormation/latest/UserGuide/aws-properties-ecs-taskdefinition-containerdefinition.html#cfn-ecs-taskdefinition-containerdefinition-logconfiguration",
          "UpdateType": "Immutable",
          "Required": false,
          "Type": "LogConfiguration"
        },
        "ResourceRequirements": {
          "Documentation": "http://docs.aws.amazon.com/AWSCloudFormation/latest/UserGuide/aws-properties-ecs-taskdefinition-containerdefinition.html#cfn-ecs-taskdefinition-containerdefinition-resourcerequirements",
          "UpdateType": "Immutable",
          "Required": false,
          "Type": "List",
          "ItemType": "ResourceRequirement",
          "DuplicatesAllowed": true
        },
        "EnvironmentFiles": {
          "Documentation": "http://docs.aws.amazon.com/AWSCloudFormation/latest/UserGuide/aws-properties-ecs-taskdefinition-containerdefinition.html#cfn-ecs-taskdefinition-containerdefinition-environmentfiles",
          "UpdateType": "Immutable",
          "Required": false,
          "Type": "List",
          "ItemType": "EnvironmentFile",
          "DuplicatesAllowed": true
        },
        "Name": {
          "Documentation": "http://docs.aws.amazon.com/AWSCloudFormation/latest/UserGuide/aws-properties-ecs-taskdefinition-containerdefinition.html#cfn-ecs-taskdefinition-containerdefinition-name",
          "UpdateType": "Immutable",
          "Required": true,
          "PrimitiveType": "String"
        },
        "FirelensConfiguration": {
          "Documentation": "http://docs.aws.amazon.com/AWSCloudFormation/latest/UserGuide/aws-properties-ecs-taskdefinition-containerdefinition.html#cfn-ecs-taskdefinition-containerdefinition-firelensconfiguration",
          "UpdateType": "Immutable",
          "Required": false,
          "Type": "FirelensConfiguration"
        },
        "DockerSecurityOptions": {
          "Documentation": "http://docs.aws.amazon.com/AWSCloudFormation/latest/UserGuide/aws-properties-ecs-taskdefinition-containerdefinition.html#cfn-ecs-taskdefinition-containerdefinition-dockersecurityoptions",
          "UpdateType": "Immutable",
          "Required": false,
          "Type": "List",
          "PrimitiveItemType": "String",
          "DuplicatesAllowed": true
        },
        "SystemControls": {
          "Documentation": "http://docs.aws.amazon.com/AWSCloudFormation/latest/UserGuide/aws-properties-ecs-taskdefinition-containerdefinition.html#cfn-ecs-taskdefinition-containerdefinition-systemcontrols",
          "UpdateType": "Immutable",
          "Required": false,
          "Type": "List",
          "ItemType": "SystemControl",
          "DuplicatesAllowed": true
        },
        "Interactive": {
          "Documentation": "http://docs.aws.amazon.com/AWSCloudFormation/latest/UserGuide/aws-properties-ecs-taskdefinition-containerdefinition.html#cfn-ecs-taskdefinition-containerdefinition-interactive",
          "UpdateType": "Immutable",
          "Required": false,
          "PrimitiveType": "Boolean"
        },
        "DnsSearchDomains": {
          "Documentation": "http://docs.aws.amazon.com/AWSCloudFormation/latest/UserGuide/aws-properties-ecs-taskdefinition-containerdefinition.html#cfn-ecs-taskdefinition-containerdefinition-dnssearchdomains",
          "UpdateType": "Immutable",
          "Required": false,
          "Type": "List",
          "PrimitiveItemType": "String",
          "DuplicatesAllowed": true
        },
        "Ulimits": {
          "Documentation": "http://docs.aws.amazon.com/AWSCloudFormation/latest/UserGuide/aws-properties-ecs-taskdefinition-containerdefinition.html#cfn-ecs-taskdefinition-containerdefinition-ulimits",
          "UpdateType": "Immutable",
          "Required": false,
          "Type": "List",
          "ItemType": "Ulimit",
          "DuplicatesAllowed": true
        },
        "StopTimeout": {
          "Documentation": "http://docs.aws.amazon.com/AWSCloudFormation/latest/UserGuide/aws-properties-ecs-taskdefinition-containerdefinition.html#cfn-ecs-taskdefinition-containerdefinition-stoptimeout",
          "UpdateType": "Immutable",
          "Required": false,
          "PrimitiveType": "Integer"
        },
        "WorkingDirectory": {
          "Documentation": "http://docs.aws.amazon.com/AWSCloudFormation/latest/UserGuide/aws-properties-ecs-taskdefinition-containerdefinition.html#cfn-ecs-taskdefinition-containerdefinition-workingdirectory",
          "UpdateType": "Immutable",
          "Required": false,
          "PrimitiveType": "String"
        },
        "MemoryReservation": {
          "Documentation": "http://docs.aws.amazon.com/AWSCloudFormation/latest/UserGuide/aws-properties-ecs-taskdefinition-containerdefinition.html#cfn-ecs-taskdefinition-containerdefinition-memoryreservation",
          "UpdateType": "Immutable",
          "Required": false,
          "PrimitiveType": "Integer"
        },
        "RepositoryCredentials": {
          "Documentation": "http://docs.aws.amazon.com/AWSCloudFormation/latest/UserGuide/aws-properties-ecs-taskdefinition-containerdefinition.html#cfn-ecs-taskdefinition-containerdefinition-repositorycredentials",
          "UpdateType": "Immutable",
          "Required": false,
          "Type": "RepositoryCredentials"
        },
        "ExtraHosts": {
          "Documentation": "http://docs.aws.amazon.com/AWSCloudFormation/latest/UserGuide/aws-properties-ecs-taskdefinition-containerdefinition.html#cfn-ecs-taskdefinition-containerdefinition-extrahosts",
          "UpdateType": "Immutable",
          "Required": false,
          "Type": "List",
          "ItemType": "HostEntry",
          "DuplicatesAllowed": true
        },
        "Hostname": {
          "Documentation": "http://docs.aws.amazon.com/AWSCloudFormation/latest/UserGuide/aws-properties-ecs-taskdefinition-containerdefinition.html#cfn-ecs-taskdefinition-containerdefinition-hostname",
          "UpdateType": "Immutable",
          "Required": false,
          "PrimitiveType": "String"
        },
        "LinuxParameters": {
          "Documentation": "http://docs.aws.amazon.com/AWSCloudFormation/latest/UserGuide/aws-properties-ecs-taskdefinition-containerdefinition.html#cfn-ecs-taskdefinition-containerdefinition-linuxparameters",
          "UpdateType": "Immutable",
          "Required": false,
          "Type": "LinuxParameters"
        },
        "DisableNetworking": {
          "Documentation": "http://docs.aws.amazon.com/AWSCloudFormation/latest/UserGuide/aws-properties-ecs-taskdefinition-containerdefinition.html#cfn-ecs-taskdefinition-containerdefinition-disablenetworking",
          "UpdateType": "Immutable",
          "Required": false,
          "PrimitiveType": "Boolean"
        },
        "PseudoTerminal": {
          "Documentation": "http://docs.aws.amazon.com/AWSCloudFormation/latest/UserGuide/aws-properties-ecs-taskdefinition-containerdefinition.html#cfn-ecs-taskdefinition-containerdefinition-pseudoterminal",
          "UpdateType": "Immutable",
          "Required": false,
          "PrimitiveType": "Boolean"
        },
        "MountPoints": {
          "Documentation": "http://docs.aws.amazon.com/AWSCloudFormation/latest/UserGuide/aws-properties-ecs-taskdefinition-containerdefinition.html#cfn-ecs-taskdefinition-containerdefinition-mountpoints",
          "UpdateType": "Immutable",
          "Required": false,
          "Type": "List",
          "ItemType": "MountPoint",
          "DuplicatesAllowed": false
        },
        "DependsOn": {
          "Documentation": "http://docs.aws.amazon.com/AWSCloudFormation/latest/UserGuide/aws-properties-ecs-taskdefinition-containerdefinition.html#cfn-ecs-taskdefinition-containerdefinition-dependson",
          "UpdateType": "Immutable",
          "Required": false,
          "Type": "List",
          "ItemType": "ContainerDependency",
          "DuplicatesAllowed": true
        },
        "DockerLabels": {
          "Documentation": "http://docs.aws.amazon.com/AWSCloudFormation/latest/UserGuide/aws-properties-ecs-taskdefinition-containerdefinition.html#cfn-ecs-taskdefinition-containerdefinition-dockerlabels",
          "UpdateType": "Immutable",
          "Required": false,
          "Type": "Map",
          "PrimitiveItemType": "String"
        },
        "PortMappings": {
          "Documentation": "http://docs.aws.amazon.com/AWSCloudFormation/latest/UserGuide/aws-properties-ecs-taskdefinition-containerdefinition.html#cfn-ecs-taskdefinition-containerdefinition-portmappings",
          "UpdateType": "Immutable",
          "Required": false,
          "Type": "List",
          "ItemType": "PortMapping",
          "DuplicatesAllowed": false
        },
        "Command": {
          "Documentation": "http://docs.aws.amazon.com/AWSCloudFormation/latest/UserGuide/aws-properties-ecs-taskdefinition-containerdefinition.html#cfn-ecs-taskdefinition-containerdefinition-command",
          "UpdateType": "Immutable",
          "Required": false,
          "Type": "List",
          "PrimitiveItemType": "String",
          "DuplicatesAllowed": true
        },
        "Environment": {
          "Documentation": "http://docs.aws.amazon.com/AWSCloudFormation/latest/UserGuide/aws-properties-ecs-taskdefinition-containerdefinition.html#cfn-ecs-taskdefinition-containerdefinition-environment",
          "UpdateType": "Immutable",
          "Required": false,
          "Type": "List",
          "ItemType": "KeyValuePair",
          "DuplicatesAllowed": false
        },
        "Links": {
          "Documentation": "http://docs.aws.amazon.com/AWSCloudFormation/latest/UserGuide/aws-properties-ecs-taskdefinition-containerdefinition.html#cfn-ecs-taskdefinition-containerdefinition-links",
          "UpdateType": "Immutable",
          "Required": false,
          "Type": "List",
          "PrimitiveItemType": "String",
          "DuplicatesAllowed": false
        }
      }
    },
    "AWS::ECS::TaskDefinition.HostEntry": {
      "Documentation": "http://docs.aws.amazon.com/AWSCloudFormation/latest/UserGuide/aws-properties-ecs-taskdefinition-hostentry.html",
      "Properties": {
        "Hostname": {
          "Documentation": "http://docs.aws.amazon.com/AWSCloudFormation/latest/UserGuide/aws-properties-ecs-taskdefinition-hostentry.html#cfn-ecs-taskdefinition-hostentry-hostname",
          "UpdateType": "Immutable",
          "Required": false,
          "PrimitiveType": "String"
        },
        "IpAddress": {
          "Documentation": "http://docs.aws.amazon.com/AWSCloudFormation/latest/UserGuide/aws-properties-ecs-taskdefinition-hostentry.html#cfn-ecs-taskdefinition-hostentry-ipaddress",
          "UpdateType": "Immutable",
          "Required": false,
          "PrimitiveType": "String"
        }
      }
    },
    "AWS::ECS::TaskDefinition.KernelCapabilities": {
      "Documentation": "http://docs.aws.amazon.com/AWSCloudFormation/latest/UserGuide/aws-properties-ecs-taskdefinition-kernelcapabilities.html",
      "Properties": {
        "Add": {
          "Documentation": "http://docs.aws.amazon.com/AWSCloudFormation/latest/UserGuide/aws-properties-ecs-taskdefinition-kernelcapabilities.html#cfn-ecs-taskdefinition-kernelcapabilities-add",
          "UpdateType": "Immutable",
          "Required": false,
          "Type": "List",
          "PrimitiveItemType": "String",
          "DuplicatesAllowed": true
        },
        "Drop": {
          "Documentation": "http://docs.aws.amazon.com/AWSCloudFormation/latest/UserGuide/aws-properties-ecs-taskdefinition-kernelcapabilities.html#cfn-ecs-taskdefinition-kernelcapabilities-drop",
          "UpdateType": "Immutable",
          "Required": false,
          "Type": "List",
          "PrimitiveItemType": "String",
          "DuplicatesAllowed": true
        }
      }
    },
    "AWS::ECS::TaskDefinition.Tmpfs": {
      "Documentation": "http://docs.aws.amazon.com/AWSCloudFormation/latest/UserGuide/aws-properties-ecs-taskdefinition-tmpfs.html",
      "Properties": {
        "Size": {
          "Documentation": "http://docs.aws.amazon.com/AWSCloudFormation/latest/UserGuide/aws-properties-ecs-taskdefinition-tmpfs.html#cfn-ecs-taskdefinition-tmpfs-size",
          "UpdateType": "Immutable",
          "Required": true,
          "PrimitiveType": "Integer"
        },
        "ContainerPath": {
          "Documentation": "http://docs.aws.amazon.com/AWSCloudFormation/latest/UserGuide/aws-properties-ecs-taskdefinition-tmpfs.html#cfn-ecs-taskdefinition-tmpfs-containerpath",
          "UpdateType": "Immutable",
          "Required": false,
          "PrimitiveType": "String"
        },
        "MountOptions": {
          "Documentation": "http://docs.aws.amazon.com/AWSCloudFormation/latest/UserGuide/aws-properties-ecs-taskdefinition-tmpfs.html#cfn-ecs-taskdefinition-tmpfs-mountoptions",
          "UpdateType": "Immutable",
          "Required": false,
          "Type": "List",
          "PrimitiveItemType": "String",
          "DuplicatesAllowed": true
        }
      }
    },
    "AWS::ECS::TaskDefinition.VolumeFrom": {
      "Documentation": "http://docs.aws.amazon.com/AWSCloudFormation/latest/UserGuide/aws-properties-ecs-taskdefinition-volumefrom.html",
      "Properties": {
        "ReadOnly": {
          "Documentation": "http://docs.aws.amazon.com/AWSCloudFormation/latest/UserGuide/aws-properties-ecs-taskdefinition-volumefrom.html#cfn-ecs-taskdefinition-volumefrom-readonly",
          "UpdateType": "Immutable",
          "Required": false,
          "PrimitiveType": "Boolean"
        },
        "SourceContainer": {
          "Documentation": "http://docs.aws.amazon.com/AWSCloudFormation/latest/UserGuide/aws-properties-ecs-taskdefinition-volumefrom.html#cfn-ecs-taskdefinition-volumefrom-sourcecontainer",
          "UpdateType": "Immutable",
          "Required": false,
          "PrimitiveType": "String"
        }
      }
    },
    "AWS::ECS::TaskDefinition.HealthCheck": {
      "Documentation": "http://docs.aws.amazon.com/AWSCloudFormation/latest/UserGuide/aws-properties-ecs-taskdefinition-healthcheck.html",
      "Properties": {
        "Command": {
          "Documentation": "http://docs.aws.amazon.com/AWSCloudFormation/latest/UserGuide/aws-properties-ecs-taskdefinition-healthcheck.html#cfn-ecs-taskdefinition-healthcheck-command",
          "UpdateType": "Immutable",
          "Required": false,
          "Type": "List",
          "PrimitiveItemType": "String",
          "DuplicatesAllowed": true
        },
        "Timeout": {
          "Documentation": "http://docs.aws.amazon.com/AWSCloudFormation/latest/UserGuide/aws-properties-ecs-taskdefinition-healthcheck.html#cfn-ecs-taskdefinition-healthcheck-timeout",
          "UpdateType": "Immutable",
          "Required": false,
          "PrimitiveType": "Integer"
        },
        "Retries": {
          "Documentation": "http://docs.aws.amazon.com/AWSCloudFormation/latest/UserGuide/aws-properties-ecs-taskdefinition-healthcheck.html#cfn-ecs-taskdefinition-healthcheck-retries",
          "UpdateType": "Immutable",
          "Required": false,
          "PrimitiveType": "Integer"
        },
        "Interval": {
          "Documentation": "http://docs.aws.amazon.com/AWSCloudFormation/latest/UserGuide/aws-properties-ecs-taskdefinition-healthcheck.html#cfn-ecs-taskdefinition-healthcheck-interval",
          "UpdateType": "Immutable",
          "Required": false,
          "PrimitiveType": "Integer"
        },
        "StartPeriod": {
          "Documentation": "http://docs.aws.amazon.com/AWSCloudFormation/latest/UserGuide/aws-properties-ecs-taskdefinition-healthcheck.html#cfn-ecs-taskdefinition-healthcheck-startperiod",
          "UpdateType": "Immutable",
          "Required": false,
          "PrimitiveType": "Integer"
        }
      }
    },
    "AWS::ECS::TaskDefinition.EphemeralStorage": {
      "Documentation": "http://docs.aws.amazon.com/AWSCloudFormation/latest/UserGuide/aws-properties-ecs-taskdefinition-ephemeralstorage.html",
      "Properties": {
        "SizeInGiB": {
          "Documentation": "http://docs.aws.amazon.com/AWSCloudFormation/latest/UserGuide/aws-properties-ecs-taskdefinition-ephemeralstorage.html#cfn-ecs-taskdefinition-ephemeralstorage-sizeingib",
          "UpdateType": "Immutable",
          "Required": false,
          "PrimitiveType": "Integer"
        }
      }
    },
    "AWS::ECS::TaskDefinition.ProxyConfiguration": {
      "Documentation": "http://docs.aws.amazon.com/AWSCloudFormation/latest/UserGuide/aws-properties-ecs-taskdefinition-proxyconfiguration.html",
      "Properties": {
        "ProxyConfigurationProperties": {
          "Documentation": "http://docs.aws.amazon.com/AWSCloudFormation/latest/UserGuide/aws-properties-ecs-taskdefinition-proxyconfiguration.html#cfn-ecs-taskdefinition-proxyconfiguration-proxyconfigurationproperties",
          "UpdateType": "Immutable",
          "Required": false,
          "Type": "List",
          "ItemType": "KeyValuePair",
          "DuplicatesAllowed": false
        },
        "Type": {
          "Documentation": "http://docs.aws.amazon.com/AWSCloudFormation/latest/UserGuide/aws-properties-ecs-taskdefinition-proxyconfiguration.html#cfn-ecs-taskdefinition-proxyconfiguration-type",
          "UpdateType": "Immutable",
          "Required": false,
          "PrimitiveType": "String"
        },
        "ContainerName": {
          "Documentation": "http://docs.aws.amazon.com/AWSCloudFormation/latest/UserGuide/aws-properties-ecs-taskdefinition-proxyconfiguration.html#cfn-ecs-taskdefinition-proxyconfiguration-containername",
          "UpdateType": "Immutable",
          "Required": true,
          "PrimitiveType": "String"
        }
      }
    },
    "AWS::ECS::TaskDefinition.KeyValuePair": {
      "Documentation": "http://docs.aws.amazon.com/AWSCloudFormation/latest/UserGuide/aws-properties-ecs-taskdefinition-keyvaluepair.html",
      "Properties": {
        "Value": {
          "Documentation": "http://docs.aws.amazon.com/AWSCloudFormation/latest/UserGuide/aws-properties-ecs-taskdefinition-keyvaluepair.html#cfn-ecs-taskdefinition-keyvaluepair-value",
          "UpdateType": "Immutable",
          "Required": false,
          "PrimitiveType": "String"
        },
        "Name": {
          "Documentation": "http://docs.aws.amazon.com/AWSCloudFormation/latest/UserGuide/aws-properties-ecs-taskdefinition-keyvaluepair.html#cfn-ecs-taskdefinition-keyvaluepair-name",
          "UpdateType": "Immutable",
          "Required": false,
          "PrimitiveType": "String"
        }
      }
    },
    "AWS::ECS::TaskDefinition.SystemControl": {
      "Documentation": "http://docs.aws.amazon.com/AWSCloudFormation/latest/UserGuide/aws-properties-ecs-taskdefinition-systemcontrol.html",
      "Properties": {
        "Value": {
          "Documentation": "http://docs.aws.amazon.com/AWSCloudFormation/latest/UserGuide/aws-properties-ecs-taskdefinition-systemcontrol.html#cfn-ecs-taskdefinition-systemcontrol-value",
          "UpdateType": "Immutable",
          "Required": false,
          "PrimitiveType": "String"
        },
        "Namespace": {
          "Documentation": "http://docs.aws.amazon.com/AWSCloudFormation/latest/UserGuide/aws-properties-ecs-taskdefinition-systemcontrol.html#cfn-ecs-taskdefinition-systemcontrol-namespace",
          "UpdateType": "Immutable",
          "Required": false,
          "PrimitiveType": "String"
        }
      }
    },
    "AWS::ECS::TaskDefinition.LinuxParameters": {
      "Documentation": "http://docs.aws.amazon.com/AWSCloudFormation/latest/UserGuide/aws-properties-ecs-taskdefinition-linuxparameters.html",
      "Properties": {
        "Capabilities": {
          "Documentation": "http://docs.aws.amazon.com/AWSCloudFormation/latest/UserGuide/aws-properties-ecs-taskdefinition-linuxparameters.html#cfn-ecs-taskdefinition-linuxparameters-capabilities",
          "UpdateType": "Immutable",
          "Required": false,
          "Type": "KernelCapabilities"
        },
        "Swappiness": {
          "Documentation": "http://docs.aws.amazon.com/AWSCloudFormation/latest/UserGuide/aws-properties-ecs-taskdefinition-linuxparameters.html#cfn-ecs-taskdefinition-linuxparameters-swappiness",
          "UpdateType": "Immutable",
          "Required": false,
          "PrimitiveType": "Integer"
        },
        "Tmpfs": {
          "Documentation": "http://docs.aws.amazon.com/AWSCloudFormation/latest/UserGuide/aws-properties-ecs-taskdefinition-linuxparameters.html#cfn-ecs-taskdefinition-linuxparameters-tmpfs",
          "UpdateType": "Immutable",
          "Required": false,
          "Type": "List",
          "ItemType": "Tmpfs",
          "DuplicatesAllowed": true
        },
        "SharedMemorySize": {
          "Documentation": "http://docs.aws.amazon.com/AWSCloudFormation/latest/UserGuide/aws-properties-ecs-taskdefinition-linuxparameters.html#cfn-ecs-taskdefinition-linuxparameters-sharedmemorysize",
          "UpdateType": "Immutable",
          "Required": false,
          "PrimitiveType": "Integer"
        },
        "Devices": {
          "Documentation": "http://docs.aws.amazon.com/AWSCloudFormation/latest/UserGuide/aws-properties-ecs-taskdefinition-linuxparameters.html#cfn-ecs-taskdefinition-linuxparameters-devices",
          "UpdateType": "Immutable",
          "Required": false,
          "Type": "List",
          "ItemType": "Device",
          "DuplicatesAllowed": true
        },
        "InitProcessEnabled": {
          "Documentation": "http://docs.aws.amazon.com/AWSCloudFormation/latest/UserGuide/aws-properties-ecs-taskdefinition-linuxparameters.html#cfn-ecs-taskdefinition-linuxparameters-initprocessenabled",
          "UpdateType": "Immutable",
          "Required": false,
          "PrimitiveType": "Boolean"
        },
        "MaxSwap": {
          "Documentation": "http://docs.aws.amazon.com/AWSCloudFormation/latest/UserGuide/aws-properties-ecs-taskdefinition-linuxparameters.html#cfn-ecs-taskdefinition-linuxparameters-maxswap",
          "UpdateType": "Immutable",
          "Required": false,
          "PrimitiveType": "Integer"
        }
      }
    },
    "AWS::ECS::TaskDefinition.TaskDefinitionPlacementConstraint": {
      "Documentation": "http://docs.aws.amazon.com/AWSCloudFormation/latest/UserGuide/aws-properties-ecs-taskdefinition-taskdefinitionplacementconstraint.html",
      "Properties": {
        "Type": {
          "Documentation": "http://docs.aws.amazon.com/AWSCloudFormation/latest/UserGuide/aws-properties-ecs-taskdefinition-taskdefinitionplacementconstraint.html#cfn-ecs-taskdefinition-taskdefinitionplacementconstraint-type",
          "UpdateType": "Immutable",
          "Required": true,
          "PrimitiveType": "String"
        },
        "Expression": {
          "Documentation": "http://docs.aws.amazon.com/AWSCloudFormation/latest/UserGuide/aws-properties-ecs-taskdefinition-taskdefinitionplacementconstraint.html#cfn-ecs-taskdefinition-taskdefinitionplacementconstraint-expression",
          "UpdateType": "Immutable",
          "Required": false,
          "PrimitiveType": "String"
        }
      }
    },
    "AWS::ECS::TaskDefinition.RuntimePlatform": {
      "Documentation": "http://docs.aws.amazon.com/AWSCloudFormation/latest/UserGuide/aws-properties-ecs-taskdefinition-runtimeplatform.html",
      "Properties": {
        "OperatingSystemFamily": {
          "Documentation": "http://docs.aws.amazon.com/AWSCloudFormation/latest/UserGuide/aws-properties-ecs-taskdefinition-runtimeplatform.html#cfn-ecs-taskdefinition-runtimeplatform-operatingsystemfamily",
          "UpdateType": "Immutable",
          "Required": false,
          "PrimitiveType": "String"
        },
        "CpuArchitecture": {
          "Documentation": "http://docs.aws.amazon.com/AWSCloudFormation/latest/UserGuide/aws-properties-ecs-taskdefinition-runtimeplatform.html#cfn-ecs-taskdefinition-runtimeplatform-cpuarchitecture",
          "UpdateType": "Immutable",
          "Required": false,
          "PrimitiveType": "String"
        }
      }
    },
    "AWS::ECS::TaskDefinition.Secret": {
      "Documentation": "http://docs.aws.amazon.com/AWSCloudFormation/latest/UserGuide/aws-properties-ecs-taskdefinition-secret.html",
      "Properties": {
        "ValueFrom": {
          "Documentation": "http://docs.aws.amazon.com/AWSCloudFormation/latest/UserGuide/aws-properties-ecs-taskdefinition-secret.html#cfn-ecs-taskdefinition-secret-valuefrom",
          "UpdateType": "Immutable",
          "Required": true,
          "PrimitiveType": "String"
        },
        "Name": {
          "Documentation": "http://docs.aws.amazon.com/AWSCloudFormation/latest/UserGuide/aws-properties-ecs-taskdefinition-secret.html#cfn-ecs-taskdefinition-secret-name",
          "UpdateType": "Immutable",
          "Required": true,
          "PrimitiveType": "String"
        }
      }
    },
    "Tag": {
      "Documentation": "http://docs.aws.amazon.com/AWSCloudFormation/latest/UserGuide/aws-properties-resource-tags.html",
      "Properties": {
        "Value": {
          "Documentation": "http://docs.aws.amazon.com/AWSCloudFormation/latest/UserGuide/aws-properties-resource-tags.html#cfn-resource-tags-value",
          "UpdateType": "Mutable",
          "Required": true,
          "PrimitiveType": "String"
        },
        "Key": {
          "Documentation": "http://docs.aws.amazon.com/AWSCloudFormation/latest/UserGuide/aws-properties-resource-tags.html#cfn-resource-tags-key",
          "UpdateType": "Mutable",
          "Required": true,
          "PrimitiveType": "String"
        }
      }
    },
    "AWS::ECS::TaskDefinition.AuthorizationConfig": {
      "Documentation": "http://docs.aws.amazon.com/AWSCloudFormation/latest/UserGuide/aws-properties-ecs-taskdefinition-authorizationconfig.html",
      "Properties": {
        "IAM": {
          "Documentation": "http://docs.aws.amazon.com/AWSCloudFormation/latest/UserGuide/aws-properties-ecs-taskdefinition-authorizationconfig.html#cfn-ecs-taskdefinition-authorizationconfig-iam",
          "UpdateType": "Immutable",
          "Required": false,
          "PrimitiveType": "String"
        },
        "AccessPointId": {
          "Documentation": "http://docs.aws.amazon.com/AWSCloudFormation/latest/UserGuide/aws-properties-ecs-taskdefinition-authorizationconfig.html#cfn-ecs-taskdefinition-authorizationconfig-accesspointid",
          "UpdateType": "Immutable",
          "Required": false,
          "PrimitiveType": "String"
        }
      }
    },
    "AWS::ECS::TaskDefinition.PortMapping": {
      "Documentation": "http://docs.aws.amazon.com/AWSCloudFormation/latest/UserGuide/aws-properties-ecs-taskdefinition-portmapping.html",
      "Properties": {
        "AppProtocol": {
          "Documentation": "http://docs.aws.amazon.com/AWSCloudFormation/latest/UserGuide/aws-properties-ecs-taskdefinition-portmapping.html#cfn-ecs-taskdefinition-portmapping-appprotocol",
          "UpdateType": "Immutable",
          "Required": false,
          "PrimitiveType": "String"
        },
        "ContainerPortRange": {
          "Documentation": "http://docs.aws.amazon.com/AWSCloudFormation/latest/UserGuide/aws-properties-ecs-taskdefinition-portmapping.html#cfn-ecs-taskdefinition-portmapping-containerportrange",
          "UpdateType": "Immutable",
          "Required": false,
          "PrimitiveType": "String"
        },
        "HostPort": {
          "Documentation": "http://docs.aws.amazon.com/AWSCloudFormation/latest/UserGuide/aws-properties-ecs-taskdefinition-portmapping.html#cfn-ecs-taskdefinition-portmapping-hostport",
          "UpdateType": "Immutable",
          "Required": false,
          "PrimitiveType": "Integer"
        },
        "ContainerPort": {
          "Documentation": "http://docs.aws.amazon.com/AWSCloudFormation/latest/UserGuide/aws-properties-ecs-taskdefinition-portmapping.html#cfn-ecs-taskdefinition-portmapping-containerport",
          "UpdateType": "Immutable",
          "Required": false,
          "PrimitiveType": "Integer"
        },
        "Protocol": {
          "Documentation": "http://docs.aws.amazon.com/AWSCloudFormation/latest/UserGuide/aws-properties-ecs-taskdefinition-portmapping.html#cfn-ecs-taskdefinition-portmapping-protocol",
          "UpdateType": "Immutable",
          "Required": false,
          "PrimitiveType": "String"
        },
        "Name": {
          "Documentation": "http://docs.aws.amazon.com/AWSCloudFormation/latest/UserGuide/aws-properties-ecs-taskdefinition-portmapping.html#cfn-ecs-taskdefinition-portmapping-name",
          "UpdateType": "Immutable",
          "Required": false,
          "PrimitiveType": "String"
        }
      }
    },
    "AWS::ECS::TaskDefinition.LogConfiguration": {
      "Documentation": "http://docs.aws.amazon.com/AWSCloudFormation/latest/UserGuide/aws-properties-ecs-taskdefinition-logconfiguration.html",
      "Properties": {
        "SecretOptions": {
          "Documentation": "http://docs.aws.amazon.com/AWSCloudFormation/latest/UserGuide/aws-properties-ecs-taskdefinition-logconfiguration.html#cfn-ecs-taskdefinition-logconfiguration-secretoptions",
          "UpdateType": "Immutable",
          "Required": false,
          "Type": "List",
          "ItemType": "Secret",
          "DuplicatesAllowed": true
        },
        "Options": {
          "Documentation": "http://docs.aws.amazon.com/AWSCloudFormation/latest/UserGuide/aws-properties-ecs-taskdefinition-logconfiguration.html#cfn-ecs-taskdefinition-logconfiguration-options",
          "UpdateType": "Immutable",
          "Required": false,
          "Type": "Map",
          "PrimitiveItemType": "String"
        },
        "LogDriver": {
          "Documentation": "http://docs.aws.amazon.com/AWSCloudFormation/latest/UserGuide/aws-properties-ecs-taskdefinition-logconfiguration.html#cfn-ecs-taskdefinition-logconfiguration-logdriver",
          "UpdateType": "Immutable",
          "Required": true,
          "PrimitiveType": "String"
        }
      }
    },
    "AWS::ECS::TaskDefinition.RepositoryCredentials": {
      "Documentation": "http://docs.aws.amazon.com/AWSCloudFormation/latest/UserGuide/aws-properties-ecs-taskdefinition-repositorycredentials.html",
      "Properties": {
        "CredentialsParameter": {
          "Documentation": "http://docs.aws.amazon.com/AWSCloudFormation/latest/UserGuide/aws-properties-ecs-taskdefinition-repositorycredentials.html#cfn-ecs-taskdefinition-repositorycredentials-credentialsparameter",
          "UpdateType": "Immutable",
          "Required": false,
          "PrimitiveType": "String"
        }
      }
    }
  },
  "ResourceType": {
    "AWS::ECS::TaskDefinition": {
      "Documentation": "http://docs.aws.amazon.com/AWSCloudFormation/latest/UserGuide/aws-resource-ecs-taskdefinition.html",
      "Properties": {
        "TaskRoleArn": {
          "Documentation": "http://docs.aws.amazon.com/AWSCloudFormation/latest/UserGuide/aws-resource-ecs-taskdefinition.html#cfn-ecs-taskdefinition-taskrolearn",
          "UpdateType": "Immutable",
          "Required": false,
          "PrimitiveType": "String"
        },
        "IpcMode": {
          "Documentation": "http://docs.aws.amazon.com/AWSCloudFormation/latest/UserGuide/aws-resource-ecs-taskdefinition.html#cfn-ecs-taskdefinition-ipcmode",
          "UpdateType": "Immutable",
          "Required": false,
          "PrimitiveType": "String"
        },
        "InferenceAccelerators": {
          "Documentation": "http://docs.aws.amazon.com/AWSCloudFormation/latest/UserGuide/aws-resource-ecs-taskdefinition.html#cfn-ecs-taskdefinition-inferenceaccelerators",
          "UpdateType": "Immutable",
          "Required": false,
          "Type": "List",
          "ItemType": "InferenceAccelerator",
          "DuplicatesAllowed": false
        },
        "Memory": {
          "Documentation": "http://docs.aws.amazon.com/AWSCloudFormation/latest/UserGuide/aws-resource-ecs-taskdefinition.html#cfn-ecs-taskdefinition-memory",
          "UpdateType": "Immutable",
          "Required": false,
          "PrimitiveType": "String"
        },
        "PlacementConstraints": {
          "Documentation": "http://docs.aws.amazon.com/AWSCloudFormation/latest/UserGuide/aws-resource-ecs-taskdefinition.html#cfn-ecs-taskdefinition-placementconstraints",
          "UpdateType": "Immutable",
          "Required": false,
          "Type": "List",
          "ItemType": "TaskDefinitionPlacementConstraint",
          "DuplicatesAllowed": false
        },
        "Cpu": {
          "Documentation": "http://docs.aws.amazon.com/AWSCloudFormation/latest/UserGuide/aws-resource-ecs-taskdefinition.html#cfn-ecs-taskdefinition-cpu",
          "UpdateType": "Immutable",
          "Required": false,
          "PrimitiveType": "String"
        },
        "RequiresCompatibilities": {
          "Documentation": "http://docs.aws.amazon.com/AWSCloudFormation/latest/UserGuide/aws-resource-ecs-taskdefinition.html#cfn-ecs-taskdefinition-requirescompatibilities",
          "UpdateType": "Immutable",
          "Required": false,
          "Type": "List",
          "PrimitiveItemType": "String",
          "DuplicatesAllowed": false
        },
        "NetworkMode": {
          "Documentation": "http://docs.aws.amazon.com/AWSCloudFormation/latest/UserGuide/aws-resource-ecs-taskdefinition.html#cfn-ecs-taskdefinition-networkmode",
          "UpdateType": "Immutable",
          "Required": false,
          "PrimitiveType": "String"
        },
        "PidMode": {
          "Documentation": "http://docs.aws.amazon.com/AWSCloudFormation/latest/UserGuide/aws-resource-ecs-taskdefinition.html#cfn-ecs-taskdefinition-pidmode",
          "UpdateType": "Immutable",
          "Required": false,
          "PrimitiveType": "String"
        },
        "ExecutionRoleArn": {
          "Documentation": "http://docs.aws.amazon.com/AWSCloudFormation/latest/UserGuide/aws-resource-ecs-taskdefinition.html#cfn-ecs-taskdefinition-executionrolearn",
          "UpdateType": "Immutable",
          "Required": false,
          "PrimitiveType": "String"
        },
        "RuntimePlatform": {
          "Documentation": "http://docs.aws.amazon.com/AWSCloudFormation/latest/UserGuide/aws-resource-ecs-taskdefinition.html#cfn-ecs-taskdefinition-runtimeplatform",
          "UpdateType": "Immutable",
          "Required": false,
          "Type": "RuntimePlatform"
        },
        "ProxyConfiguration": {
          "Documentation": "http://docs.aws.amazon.com/AWSCloudFormation/latest/UserGuide/aws-resource-ecs-taskdefinition.html#cfn-ecs-taskdefinition-proxyconfiguration",
          "UpdateType": "Immutable",
          "Required": false,
          "Type": "ProxyConfiguration"
        },
        "Volumes": {
          "Documentation": "http://docs.aws.amazon.com/AWSCloudFormation/latest/UserGuide/aws-resource-ecs-taskdefinition.html#cfn-ecs-taskdefinition-volumes",
          "UpdateType": "Immutable",
          "Required": false,
          "Type": "List",
          "ItemType": "Volume",
          "DuplicatesAllowed": false
        },
        "ContainerDefinitions": {
          "Documentation": "http://docs.aws.amazon.com/AWSCloudFormation/latest/UserGuide/aws-resource-ecs-taskdefinition.html#cfn-ecs-taskdefinition-containerdefinitions",
          "UpdateType": "Immutable",
          "Required": false,
          "Type": "List",
          "ItemType": "ContainerDefinition",
          "DuplicatesAllowed": false
        },
        "Family": {
          "Documentation": "http://docs.aws.amazon.com/AWSCloudFormation/latest/UserGuide/aws-resource-ecs-taskdefinition.html#cfn-ecs-taskdefinition-family",
          "UpdateType": "Immutable",
          "Required": false,
          "PrimitiveType": "String"
        },
        "EphemeralStorage": {
          "Documentation": "http://docs.aws.amazon.com/AWSCloudFormation/latest/UserGuide/aws-resource-ecs-taskdefinition.html#cfn-ecs-taskdefinition-ephemeralstorage",
          "UpdateType": "Immutable",
          "Required": false,
          "Type": "EphemeralStorage"
        },
        "Tags": {
          "Documentation": "http://docs.aws.amazon.com/AWSCloudFormation/latest/UserGuide/aws-resource-ecs-taskdefinition.html#cfn-ecs-taskdefinition-tags",
          "UpdateType": "Mutable",
          "Required": false,
          "Type": "List",
          "ItemType": "Tag",
          "DuplicatesAllowed": true
        }
      },
      "Attributes": {
        "TaskDefinitionArn": {
          "PrimitiveType": "String"
        }
      }
    }
  },
  "ResourceSpecificationVersion": "114.0.0"
}