{
  "PropertyTypes": {
    "AWS::ECS::TaskSet.NetworkConfiguration": {
      "Documentation": "http://docs.aws.amazon.com/AWSCloudFormation/latest/UserGuide/aws-properties-ecs-taskset-networkconfiguration.html",
      "Properties": {
        "AwsVpcConfiguration": {
          "Documentation": "http://docs.aws.amazon.com/AWSCloudFormation/latest/UserGuide/aws-properties-ecs-taskset-networkconfiguration.html#cfn-ecs-taskset-networkconfiguration-awsvpcconfiguration",
          "UpdateType": "Immutable",
          "Required": false,
          "Type": "AwsVpcConfiguration"
        }
      }
    },
    "AWS::ECS::TaskSet.Scale": {
      "Documentation": "http://docs.aws.amazon.com/AWSCloudFormation/latest/UserGuide/aws-properties-ecs-taskset-scale.html",
      "Properties": {
        "Value": {
          "Documentation": "http://docs.aws.amazon.com/AWSCloudFormation/latest/UserGuide/aws-properties-ecs-taskset-scale.html#cfn-ecs-taskset-scale-value",
          "UpdateType": "Mutable",
          "Required": false,
          "PrimitiveType": "Double"
        },
        "Unit": {
          "Documentation": "http://docs.aws.amazon.com/AWSCloudFormation/latest/UserGuide/aws-properties-ecs-taskset-scale.html#cfn-ecs-taskset-scale-unit",
          "UpdateType": "Mutable",
          "Required": false,
          "PrimitiveType": "String"
        }
      }
    },
    "AWS::ECS::TaskSet.LoadBalancer": {
      "Documentation": "http://docs.aws.amazon.com/AWSCloudFormation/latest/UserGuide/aws-properties-ecs-taskset-loadbalancer.html",
      "Properties": {
        "TargetGroupArn": {
          "Documentation": "http://docs.aws.amazon.com/AWSCloudFormation/latest/UserGuide/aws-properties-ecs-taskset-loadbalancer.html#cfn-ecs-taskset-loadbalancer-targetgrouparn",
          "UpdateType": "Immutable",
          "Required": false,
          "PrimitiveType": "String"
        },
        "LoadBalancerName": {
          "Documentation": "http://docs.aws.amazon.com/AWSCloudFormation/latest/UserGuide/aws-properties-ecs-taskset-loadbalancer.html#cfn-ecs-taskset-loadbalancer-loadbalancername",
          "UpdateType": "Immutable",
          "Required": false,
          "PrimitiveType": "String"
        },
        "ContainerName": {
          "Documentation": "http://docs.aws.amazon.com/AWSCloudFormation/latest/UserGuide/aws-properties-ecs-taskset-loadbalancer.html#cfn-ecs-taskset-loadbalancer-containername",
          "UpdateType": "Immutable",
          "Required": false,
          "PrimitiveType": "String"
        },
        "ContainerPort": {
          "Documentation": "http://docs.aws.amazon.com/AWSCloudFormation/latest/UserGuide/aws-properties-ecs-taskset-loadbalancer.html#cfn-ecs-taskset-loadbalancer-containerport",
          "UpdateType": "Immutable",
          "Required": false,
          "PrimitiveType": "Integer"
        }
      }
    },
    "AWS::ECS::TaskSet.ServiceRegistry": {
      "Documentation": "http://docs.aws.amazon.com/AWSCloudFormation/latest/UserGuide/aws-properties-ecs-taskset-serviceregistry.html",
      "Properties": {
        "ContainerName": {
          "Documentation": "http://docs.aws.amazon.com/AWSCloudFormation/latest/UserGuide/aws-properties-ecs-taskset-serviceregistry.html#cfn-ecs-taskset-serviceregistry-containername",
          "UpdateType": "Immutable",
          "Required": false,
          "PrimitiveType": "String"
        },
        "Port": {
          "Documentation": "http://docs.aws.amazon.com/AWSCloudFormation/latest/UserGuide/aws-properties-ecs-taskset-serviceregistry.html#cfn-ecs-taskset-serviceregistry-port",
          "UpdateType": "Immutable",
          "Required": false,
          "PrimitiveType": "Integer"
        },
        "ContainerPort": {
          "Documentation": "http://docs.aws.amazon.com/AWSCloudFormation/latest/UserGuide/aws-properties-ecs-taskset-serviceregistry.html#cfn-ecs-taskset-serviceregistry-containerport",
          "UpdateType": "Immutable",
          "Required": false,
          "PrimitiveType": "Integer"
        },
        "RegistryArn": {
          "Documentation": "http://docs.aws.amazon.com/AWSCloudFormation/latest/UserGuide/aws-properties-ecs-taskset-serviceregistry.html#cfn-ecs-taskset-serviceregistry-registryarn",
          "UpdateType": "Immutable",
          "Required": false,
          "PrimitiveType": "String"
        }
      }
    },
    "AWS::ECS::TaskSet.AwsVpcConfiguration": {
      "Documentation": "http://docs.aws.amazon.com/AWSCloudFormation/latest/UserGuide/aws-properties-ecs-taskset-awsvpcconfiguration.html",
      "Properties": {
        "SecurityGroups": {
          "Documentation": "http://docs.aws.amazon.com/AWSCloudFormation/latest/UserGuide/aws-properties-ecs-taskset-awsvpcconfiguration.html#cfn-ecs-taskset-awsvpcconfiguration-securitygroups",
          "UpdateType": "Immutable",
          "Required": false,
          "Type": "List",
          "PrimitiveItemType": "String",
          "DuplicatesAllowed": true
        },
        "Subnets": {
          "Documentation": "http://docs.aws.amazon.com/AWSCloudFormation/latest/UserGuide/aws-properties-ecs-taskset-awsvpcconfiguration.html#cfn-ecs-taskset-awsvpcconfiguration-subnets",
          "UpdateType": "Immutable",
          "Required": true,
          "Type": "List",
          "PrimitiveItemType": "String",
          "DuplicatesAllowed": true
        },
        "AssignPublicIp": {
          "Documentation": "http://docs.aws.amazon.com/AWSCloudFormation/latest/UserGuide/aws-properties-ecs-taskset-awsvpcconfiguration.html#cfn-ecs-taskset-awsvpcconfiguration-assignpublicip",
          "UpdateType": "Immutable",
          "Required": false,
          "PrimitiveType": "String"
        }
      }
    }
  },
  "ResourceType": {
    "AWS::ECS::TaskSet": {
      "Documentation": "http://docs.aws.amazon.com/AWSCloudFormation/latest/UserGuide/aws-resource-ecs-taskset.html",
      "Properties": {
        "PlatformVersion": {
          "Documentation": "http://docs.aws.amazon.com/AWSCloudFormation/latest/UserGuide/aws-resource-ecs-taskset.html#cfn-ecs-taskset-platformversion",
          "UpdateType": "Immutable",
          "Required": false,
          "PrimitiveType": "String"
        },
        "TaskDefinition": {
          "Documentation": "http://docs.aws.amazon.com/AWSCloudFormation/latest/UserGuide/aws-resource-ecs-taskset.html#cfn-ecs-taskset-taskdefinition",
          "UpdateType": "Immutable",
          "Required": true,
          "PrimitiveType": "String"
        },
        "ExternalId": {
          "Documentation": "http://docs.aws.amazon.com/AWSCloudFormation/latest/UserGuide/aws-resource-ecs-taskset.html#cfn-ecs-taskset-externalid",
          "UpdateType": "Immutable",
          "Required": false,
          "PrimitiveType": "String"
        },
        "Cluster": {
          "Documentation": "http://docs.aws.amazon.com/AWSCloudFormation/latest/UserGuide/aws-resource-ecs-taskset.html#cfn-ecs-taskset-cluster",
          "UpdateType": "Immutable",
          "Required": true,
          "PrimitiveType": "String"
        },
        "LoadBalancers": {
          "Documentation": "http://docs.aws.amazon.com/AWSCloudFormation/latest/UserGuide/aws-resource-ecs-taskset.html#cfn-ecs-taskset-loadbalancers",
          "UpdateType": "Immutable",
          "Required": false,
          "Type": "List",
          "ItemType": "LoadBalancer",
          "DuplicatesAllowed": true
        },
        "Service": {
          "Documentation": "http://docs.aws.amazon.com/AWSCloudFormation/latest/UserGuide/aws-resource-ecs-taskset.html#cfn-ecs-taskset-service",
          "UpdateType": "Immutable",
          "Required": true,
          "PrimitiveType": "String"
        },
        "NetworkConfiguration": {
          "Documentation": "http://docs.aws.amazon.com/AWSCloudFormation/latest/UserGuide/aws-resource-ecs-taskset.html#cfn-ecs-taskset-networkconfiguration",
          "UpdateType": "Immutable",
          "Required": false,
          "Type": "NetworkConfiguration"
        },
        "Scale": {
          "Documentation": "http://docs.aws.amazon.com/AWSCloudFormation/latest/UserGuide/aws-resource-ecs-taskset.html#cfn-ecs-taskset-scale",
          "UpdateType": "Mutable",
          "Required": false,
          "Type": "Scale"
        },
        "ServiceRegistries": {
          "Documentation": "http://docs.aws.amazon.com/AWSCloudFormation/latest/UserGuide/aws-resource-ecs-taskset.html#cfn-ecs-taskset-serviceregistries",
          "UpdateType": "Immutable",
          "Required": false,
          "Type": "List",
          "ItemType": "ServiceRegistry",
          "DuplicatesAllowed": true
        },
        "LaunchType": {
          "Documentation": "http://docs.aws.amazon.com/AWSCloudFormation/latest/UserGuide/aws-resource-ecs-taskset.html#cfn-ecs-taskset-launchtype",
          "UpdateType": "Immutable",
          "Required": false,
          "PrimitiveType": "String"
        }
      },
      "Attributes": {
        "Id": {
          "PrimitiveType": "String"
        }
      }
    }
  },
  "ResourceSpecificationVersion": "114.0.0"
}