{
  "PropertyTypes": {
    "AWS::EFS::AccessPoint.PosixUser": {
      "Documentation": "http://docs.aws.amazon.com/AWSCloudFormation/latest/UserGuide/aws-properties-efs-accesspoint-posixuser.html",
      "Properties": {
        "Uid": {
          "Documentation": "http://docs.aws.amazon.com/AWSCloudFormation/latest/UserGuide/aws-properties-efs-accesspoint-posixuser.html#cfn-efs-accesspoint-posixuser-uid",
          "UpdateType": "Immutable",
          "Required": true,
          "PrimitiveType": "String"
        },
        "SecondaryGids": {
          "Documentation": "http://docs.aws.amazon.com/AWSCloudFormation/latest/UserGuide/aws-properties-efs-accesspoint-posixuser.html#cfn-efs-accesspoint-posixuser-secondarygids",
          "UpdateType": "Immutable",
          "Required": false,
          "Type": "List",
          "PrimitiveItemType": "String",
          "DuplicatesAllowed": true
        },
        "Gid": {
          "Documentation": "http://docs.aws.amazon.com/AWSCloudFormation/latest/UserGuide/aws-properties-efs-accesspoint-posixuser.html#cfn-efs-accesspoint-posixuser-gid",
          "UpdateType": "Immutable",
          "Required": true,
          "PrimitiveType": "String"
        }
      }
    },
    "AWS::EFS::AccessPoint.CreationInfo": {
      "Documentation": "http://docs.aws.amazon.com/AWSCloudFormation/latest/UserGuide/aws-properties-efs-accesspoint-creationinfo.html",
      "Properties": {
        "OwnerGid": {
          "Documentation": "http://docs.aws.amazon.com/AWSCloudFormation/latest/UserGuide/aws-properties-efs-accesspoint-creationinfo.html#cfn-efs-accesspoint-creationinfo-ownergid",
          "UpdateType": "Immutable",
          "Required": true,
          "PrimitiveType": "String"
        },
        "OwnerUid": {
          "Documentation": "http://docs.aws.amazon.com/AWSCloudFormation/latest/UserGuide/aws-properties-efs-accesspoint-creationinfo.html#cfn-efs-accesspoint-creationinfo-owneruid",
          "UpdateType": "Immutable",
          "Required": true,
          "PrimitiveType": "String"
        },
        "Permissions": {
          "Documentation": "http://docs.aws.amazon.com/AWSCloudFormation/latest/UserGuide/aws-properties-efs-accesspoint-creationinfo.html#cfn-efs-accesspoint-creationinfo-permissions",
          "UpdateType": "Immutable",
          "Required": true,
          "PrimitiveType": "String"
        }
      }
    },
    "AWS::EFS::AccessPoint.RootDirectory": {
      "Documentation": "http://docs.aws.amazon.com/AWSCloudFormation/latest/UserGuide/aws-properties-efs-accesspoint-rootdirectory.html",
      "Properties": {
        "Path": {
          "Documentation": "http://docs.aws.amazon.com/AWSCloudFormation/latest/UserGuide/aws-properties-efs-accesspoint-rootdirectory.html#cfn-efs-accesspoint-rootdirectory-path",
          "UpdateType": "Immutable",
          "Required": false,
          "PrimitiveType": "String"
        },
        "CreationInfo": {
          "Documentation": "http://docs.aws.amazon.com/AWSCloudFormation/latest/UserGuide/aws-properties-efs-accesspoint-rootdirectory.html#cfn-efs-accesspoint-rootdirectory-creationinfo",
          "UpdateType": "Immutable",
          "Required": false,
          "Type": "CreationInfo"
        }
      }
    },
    "AWS::EFS::AccessPoint.AccessPointTag": {
      "Documentation": "http://docs.aws.amazon.com/AWSCloudFormation/latest/UserGuide/aws-properties-efs-accesspoint-accesspointtag.html",
      "Properties": {
        "Value": {
          "Documentation": "http://docs.aws.amazon.com/AWSCloudFormation/latest/UserGuide/aws-properties-efs-accesspoint-accesspointtag.html#cfn-efs-accesspoint-accesspointtag-value",
          "UpdateType": "Mutable",
          "Required": false,
          "PrimitiveType": "String"
        },
        "Key": {
          "Documentation": "http://docs.aws.amazon.com/AWSCloudFormation/latest/UserGuide/aws-properties-efs-accesspoint-accesspointtag.html#cfn-efs-accesspoint-accesspointtag-key",
          "UpdateType": "Mutable",
          "Required": false,
          "PrimitiveType": "String"
        }
      }
    }
  },
  "ResourceType": {
    "AWS::EFS::AccessPoint": {
      "Documentation": "http://docs.aws.amazon.com/AWSCloudFormation/latest/UserGuide/aws-resource-efs-accesspoint.html",
      "Properties": {
        "FileSystemId": {
          "Documentation": "http://docs.aws.amazon.com/AWSCloudFormation/latest/UserGuide/aws-resource-efs-accesspoint.html#cfn-efs-accesspoint-filesystemid",
          "UpdateType": "Immutable",
          "Required": true,
          "PrimitiveType": "String"
        },
        "RootDirectory": {
          "Documentation": "http://docs.aws.amazon.com/AWSCloudFormation/latest/UserGuide/aws-resource-efs-accesspoint.html#cfn-efs-accesspoint-rootdirectory",
          "UpdateType": "Immutable",
          "Required": false,
          "Type": "RootDirectory"
        },
        "ClientToken": {
          "Documentation": "http://docs.aws.amazon.com/AWSCloudFormation/latest/UserGuide/aws-resource-efs-accesspoint.html#cfn-efs-accesspoint-clienttoken",
          "UpdateType": "Immutable",
          "Required": false,
          "PrimitiveType": "String"
        },
        "AccessPointTags": {
          "Documentation": "http://docs.aws.amazon.com/AWSCloudFormation/latest/UserGuide/aws-resource-efs-accesspoint.html#cfn-efs-accesspoint-accesspointtags",
          "UpdateType": "Mutable",
          "Required": false,
          "Type": "List",
          "ItemType": "AccessPointTag",
          "DuplicatesAllowed": false
        },
        "PosixUser": {
          "Documentation": "http://docs.aws.amazon.com/AWSCloudFormation/latest/UserGuide/aws-resource-efs-accesspoint.html#cfn-efs-accesspoint-posixuser",
          "UpdateType": "Immutable",
          "Required": false,
          "Type": "PosixUser"
        }
      },
      "Attributes": {
        "AccessPointId": {
          "PrimitiveType": "String"
        },
        "Arn": {
          "PrimitiveType": "String"
        }
      }
    }
  },
  "ResourceSpecificationVersion": "114.0.0"
}