{
  "PropertyTypes": {
    "Tag": {
      "Documentation": "http://docs.aws.amazon.com/AWSCloudFormation/latest/UserGuide/aws-properties-resource-tags.html",
      "Properties": {
        "Value": {
          "Documentation": "http://docs.aws.amazon.com/AWSCloudFormation/latest/UserGuide/aws-properties-resource-tags.html#cfn-resource-tags-value",
          "UpdateType": "Mutable",
          "Required": true,
          "PrimitiveType": "String"
        },
        "Key": {
          "Documentation": "http://docs.aws.amazon.com/AWSCloudFormation/latest/UserGuide/aws-properties-resource-tags.html#cfn-resource-tags-key",
          "UpdateType": "Mutable",
          "Required": true,
          "PrimitiveType": "String"
        }
      }
    },
    "AWS::EKS::IdentityProviderConfig.RequiredClaim": {
      "Documentation": "http://docs.aws.amazon.com/AWSCloudFormation/latest/UserGuide/aws-properties-eks-identityproviderconfig-requiredclaim.html",
      "Properties": {
        "Value": {
          "Documentation": "http://docs.aws.amazon.com/AWSCloudFormation/latest/UserGuide/aws-properties-eks-identityproviderconfig-requiredclaim.html#cfn-eks-identityproviderconfig-requiredclaim-value",
          "UpdateType": "Immutable",
          "Required": true,
          "PrimitiveType": "String"
        },
        "Key": {
          "Documentation": "http://docs.aws.amazon.com/AWSCloudFormation/latest/UserGuide/aws-properties-eks-identityproviderconfig-requiredclaim.html#cfn-eks-identityproviderconfig-requiredclaim-key",
          "UpdateType": "Immutable",
          "Required": true,
          "PrimitiveType": "String"
        }
      }
    },
    "AWS::EKS::IdentityProviderConfig.OidcIdentityProviderConfig": {
      "Documentation": "http://docs.aws.amazon.com/AWSCloudFormation/latest/UserGuide/aws-properties-eks-identityproviderconfig-oidcidentityproviderconfig.html",
      "Properties": {
        "UsernamePrefix": {
          "Documentation": "http://docs.aws.amazon.com/AWSCloudFormation/latest/UserGuide/aws-properties-eks-identityproviderconfig-oidcidentityproviderconfig.html#cfn-eks-identityproviderconfig-oidcidentityproviderconfig-usernameprefix",
          "UpdateType": "Immutable",
          "Required": false,
          "PrimitiveType": "String"
        },
        "GroupsPrefix": {
          "Documentation": "http://docs.aws.amazon.com/AWSCloudFormation/latest/UserGuide/aws-properties-eks-identityproviderconfig-oidcidentityproviderconfig.html#cfn-eks-identityproviderconfig-oidcidentityproviderconfig-groupsprefix",
          "UpdateType": "Immutable",
          "Required": false,
          "PrimitiveType": "String"
        },
        "IssuerUrl": {
          "Documentation": "http://docs.aws.amazon.com/AWSCloudFormation/latest/UserGuide/aws-properties-eks-identityproviderconfig-oidcidentityproviderconfig.html#cfn-eks-identityproviderconfig-oidcidentityproviderconfig-issuerurl",
          "UpdateType": "Immutable",
          "Required": true,
          "PrimitiveType": "String"
        },
        "RequiredClaims": {
          "Documentation": "http://docs.aws.amazon.com/AWSCloudFormation/latest/UserGuide/aws-properties-eks-identityproviderconfig-oidcidentityproviderconfig.html#cfn-eks-identityproviderconfig-oidcidentityproviderconfig-requiredclaims",
          "UpdateType": "Immutable",
          "Required": false,
          "Type": "List",
          "ItemType": "RequiredClaim",
          "DuplicatesAllowed": false
        },
        "ClientId": {
          "Documentation": "http://docs.aws.amazon.com/AWSCloudFormation/latest/UserGuide/aws-properties-eks-identityproviderconfig-oidcidentityproviderconfig.html#cfn-eks-identityproviderconfig-oidcidentityproviderconfig-clientid",
          "UpdateType": "Immutable",
          "Required": true,
          "PrimitiveType": "String"
        },
        "GroupsClaim": {
          "Documentation": "http://docs.aws.amazon.com/AWSCloudFormation/latest/UserGuide/aws-properties-eks-identityproviderconfig-oidcidentityproviderconfig.html#cfn-eks-identityproviderconfig-oidcidentityproviderconfig-groupsclaim",
          "UpdateType": "Immutable",
          "Required": false,
          "PrimitiveType": "String"
        },
        "UsernameClaim": {
          "Documentation": "http://docs.aws.amazon.com/AWSCloudFormation/latest/UserGuide/aws-properties-eks-identityproviderconfig-oidcidentityproviderconfig.html#cfn-eks-identityproviderconfig-oidcidentityproviderconfig-usernameclaim",
          "UpdateType": "Immutable",
          "Required": false,
          "PrimitiveType": "String"
        }
      }
    }
  },
  "ResourceType": {
    "AWS::EKS::IdentityProviderConfig": {
      "Documentation": "http://docs.aws.amazon.com/AWSCloudFormation/latest/UserGuide/aws-resource-eks-identityproviderconfig.html",
      "Properties": {
        "Type": {
          "Documentation": "http://docs.aws.amazon.com/AWSCloudFormation/latest/UserGuide/aws-resource-eks-identityproviderconfig.html#cfn-eks-identityproviderconfig-type",
          "UpdateType": "Immutable",
          "Required": true,
          "PrimitiveType": "String"
        },
        "ClusterName": {
          "Documentation": "http://docs.aws.amazon.com/AWSCloudFormation/latest/UserGuide/aws-resource-eks-identityproviderconfig.html#cfn-eks-identityproviderconfig-clustername",
          "UpdateType": "Immutable",
          "Required": true,
          "PrimitiveType": "String"
        },
        "IdentityProviderConfigName": {
          "Documentation": "http://docs.aws.amazon.com/AWSCloudFormation/latest/UserGuide/aws-resource-eks-identityproviderconfig.html#cfn-eks-identityproviderconfig-identityproviderconfigname",
          "UpdateType": "Immutable",
          "Required": false,
          "PrimitiveType": "String"
        },
        "Oidc": {
          "Documentation": "http://docs.aws.amazon.com/AWSCloudFormation/latest/UserGuide/aws-resource-eks-identityproviderconfig.html#cfn-eks-identityproviderconfig-oidc",
          "UpdateType": "Immutable",
          "Required": false,
          "Type": "OidcIdentityProviderConfig"
        },
        "Tags": {
          "Documentation": "http://docs.aws.amazon.com/AWSCloudFormation/latest/UserGuide/aws-resource-eks-identityproviderconfig.html#cfn-eks-identityproviderconfig-tags",
          "UpdateType": "Mutable",
          "Required": false,
          "Type": "List",
          "ItemType": "Tag",
          "DuplicatesAllowed": false
        }
      },
      "Attributes": {
        "IdentityProviderConfigArn": {
          "PrimitiveType": "String"
        }
      }
    }
  },
  "ResourceSpecificationVersion": "114.0.0"
}