{
  "PropertyTypes": {
    "AWS::ElastiCache::CacheCluster.CloudWatchLogsDestinationDetails": {
      "Documentation": "http://docs.aws.amazon.com/AWSCloudFormation/latest/UserGuide/aws-properties-elasticache-cachecluster-cloudwatchlogsdestinationdetails.html",
      "Properties": {
        "LogGroup": {
          "Documentation": "http://docs.aws.amazon.com/AWSCloudFormation/latest/UserGuide/aws-properties-elasticache-cachecluster-cloudwatchlogsdestinationdetails.html#cfn-elasticache-cachecluster-cloudwatchlogsdestinationdetails-loggroup",
          "PrimitiveType": "String",
          "Required": true,
          "UpdateType": "Mutable"
        }
      }
    },
    "AWS::ElastiCache::CacheCluster.DestinationDetails": {
      "Documentation": "http://docs.aws.amazon.com/AWSCloudFormation/latest/UserGuide/aws-properties-elasticache-cachecluster-destinationdetails.html",
      "Properties": {
        "CloudWatchLogsDetails": {
          "Documentation": "http://docs.aws.amazon.com/AWSCloudFormation/latest/UserGuide/aws-properties-elasticache-cachecluster-destinationdetails.html#cfn-elasticache-cachecluster-destinationdetails-cloudwatchlogsdetails",
          "Required": false,
          "Type": "CloudWatchLogsDestinationDetails",
          "UpdateType": "Mutable"
        },
        "KinesisFirehoseDetails": {
          "Documentation": "http://docs.aws.amazon.com/AWSCloudFormation/latest/UserGuide/aws-properties-elasticache-cachecluster-destinationdetails.html#cfn-elasticache-cachecluster-destinationdetails-kinesisfirehosedetails",
          "Required": false,
          "Type": "KinesisFirehoseDestinationDetails",
          "UpdateType": "Mutable"
        }
      }
    },
    "AWS::ElastiCache::CacheCluster.KinesisFirehoseDestinationDetails": {
      "Documentation": "http://docs.aws.amazon.com/AWSCloudFormation/latest/UserGuide/aws-properties-elasticache-cachecluster-kinesisfirehosedestinationdetails.html",
      "Properties": {
        "DeliveryStream": {
          "Documentation": "http://docs.aws.amazon.com/AWSCloudFormation/latest/UserGuide/aws-properties-elasticache-cachecluster-kinesisfirehosedestinationdetails.html#cfn-elasticache-cachecluster-kinesisfirehosedestinationdetails-deliverystream",
          "PrimitiveType": "String",
          "Required": true,
          "UpdateType": "Mutable"
        }
      }
    },
    "AWS::ElastiCache::CacheCluster.LogDeliveryConfigurationRequest": {
      "Documentation": "http://docs.aws.amazon.com/AWSCloudFormation/latest/UserGuide/aws-properties-elasticache-cachecluster-logdeliveryconfigurationrequest.html",
      "Properties": {
        "DestinationDetails": {
          "Documentation": "http://docs.aws.amazon.com/AWSCloudFormation/latest/UserGuide/aws-properties-elasticache-cachecluster-logdeliveryconfigurationrequest.html#cfn-elasticache-cachecluster-logdeliveryconfigurationrequest-destinationdetails",
          "Required": true,
          "Type": "DestinationDetails",
          "UpdateType": "Mutable"
        },
        "DestinationType": {
          "Documentation": "http://docs.aws.amazon.com/AWSCloudFormation/latest/UserGuide/aws-properties-elasticache-cachecluster-logdeliveryconfigurationrequest.html#cfn-elasticache-cachecluster-logdeliveryconfigurationrequest-destinationtype",
          "PrimitiveType": "String",
          "Required": true,
          "UpdateType": "Mutable"
        },
        "LogFormat": {
          "Documentation": "http://docs.aws.amazon.com/AWSCloudFormation/latest/UserGuide/aws-properties-elasticache-cachecluster-logdeliveryconfigurationrequest.html#cfn-elasticache-cachecluster-logdeliveryconfigurationrequest-logformat",
          "PrimitiveType": "String",
          "Required": true,
          "UpdateType": "Mutable"
        },
        "LogType": {
          "Documentation": "http://docs.aws.amazon.com/AWSCloudFormation/latest/UserGuide/aws-properties-elasticache-cachecluster-logdeliveryconfigurationrequest.html#cfn-elasticache-cachecluster-logdeliveryconfigurationrequest-logtype",
          "PrimitiveType": "String",
          "Required": true,
          "UpdateType": "Mutable"
        }
      }
    },
    "Tag": {
      "Documentation": "http://docs.aws.amazon.com/AWSCloudFormation/latest/UserGuide/aws-properties-resource-tags.html",
      "Properties": {
        "Key": {
          "Documentation": "http://docs.aws.amazon.com/AWSCloudFormation/latest/UserGuide/aws-properties-resource-tags.html#cfn-resource-tags-key",
          "PrimitiveType": "String",
          "Required": true,
          "UpdateType": "Mutable"
        },
        "Value": {
          "Documentation": "http://docs.aws.amazon.com/AWSCloudFormation/latest/UserGuide/aws-properties-resource-tags.html#cfn-resource-tags-value",
          "PrimitiveType": "String",
          "Required": true,
          "UpdateType": "Mutable"
        }
      }
    }
  },
  "ResourceType": {
    "AWS::ElastiCache::CacheCluster": {
      "Attributes": {
        "ConfigurationEndpoint.Address": {
          "PrimitiveType": "String"
        },
        "ConfigurationEndpoint.Port": {
          "PrimitiveType": "String"
        },
        "RedisEndpoint.Address": {
          "PrimitiveType": "String"
        },
        "RedisEndpoint.Port": {
          "PrimitiveType": "String"
        }
      },
      "Documentation": "http://docs.aws.amazon.com/AWSCloudFormation/latest/UserGuide/aws-properties-elasticache-cache-cluster.html",
      "Properties": {
        "AZMode": {
          "Documentation": "http://docs.aws.amazon.com/AWSCloudFormation/latest/UserGuide/aws-properties-elasticache-cache-cluster.html#cfn-elasticache-cachecluster-azmode",
          "PrimitiveType": "String",
          "Required": false,
          "UpdateType": "Conditional"
        },
        "AutoMinorVersionUpgrade": {
          "Documentation": "http://docs.aws.amazon.com/AWSCloudFormation/latest/UserGuide/aws-properties-elasticache-cache-cluster.html#cfn-elasticache-cachecluster-autominorversionupgrade",
          "PrimitiveType": "Boolean",
          "Required": false,
          "UpdateType": "Mutable"
        },
        "CacheNodeType": {
          "Documentation": "http://docs.aws.amazon.com/AWSCloudFormation/latest/UserGuide/aws-properties-elasticache-cache-cluster.html#cfn-elasticache-cachecluster-cachenodetype",
          "PrimitiveType": "String",
          "Required": true,
          "UpdateType": "Mutable"
        },
        "CacheParameterGroupName": {
          "Documentation": "http://docs.aws.amazon.com/AWSCloudFormation/latest/UserGuide/aws-properties-elasticache-cache-cluster.html#cfn-elasticache-cachecluster-cacheparametergroupname",
          "PrimitiveType": "String",
          "Required": false,
          "UpdateType": "Mutable"
        },
        "CacheSecurityGroupNames": {
          "Documentation": "http://docs.aws.amazon.com/AWSCloudFormation/latest/UserGuide/aws-properties-elasticache-cache-cluster.html#cfn-elasticache-cachecluster-cachesecuritygroupnames",
          "DuplicatesAllowed": true,
          "PrimitiveItemType": "String",
          "Required": false,
          "Type": "List",
          "UpdateType": "Mutable"
        },
        "CacheSubnetGroupName": {
          "Documentation": "http://docs.aws.amazon.com/AWSCloudFormation/latest/UserGuide/aws-properties-elasticache-cache-cluster.html#cfn-elasticache-cachecluster-cachesubnetgroupname",
          "PrimitiveType": "String",
          "Required": false,
          "UpdateType": "Immutable"
        },
        "ClusterName": {
          "Documentation": "http://docs.aws.amazon.com/AWSCloudFormation/latest/UserGuide/aws-properties-elasticache-cache-cluster.html#cfn-elasticache-cachecluster-clustername",
          "PrimitiveType": "String",
          "Required": false,
          "UpdateType": "Immutable"
        },
        "Engine": {
          "Documentation": "http://docs.aws.amazon.com/AWSCloudFormation/latest/UserGuide/aws-properties-elasticache-cache-cluster.html#cfn-elasticache-cachecluster-engine",
          "PrimitiveType": "String",
          "Required": true,
          "UpdateType": "Immutable"
        },
        "EngineVersion": {
          "Documentation": "http://docs.aws.amazon.com/AWSCloudFormation/latest/UserGuide/aws-properties-elasticache-cache-cluster.html#cfn-elasticache-cachecluster-engineversion",
          "PrimitiveType": "String",
          "Required": false,
          "UpdateType": "Mutable"
        },
        "IpDiscovery": {
          "Documentation": "http://docs.aws.amazon.com/AWSCloudFormation/latest/UserGuide/aws-properties-elasticache-cache-cluster.html#cfn-elasticache-cachecluster-ipdiscovery",
          "PrimitiveType": "String",
          "Required": false,
          "UpdateType": "Mutable"
        },
        "LogDeliveryConfigurations": {
          "Documentation": "http://docs.aws.amazon.com/AWSCloudFormation/latest/UserGuide/aws-properties-elasticache-cache-cluster.html#cfn-elasticache-cachecluster-logdeliveryconfigurations",
          "DuplicatesAllowed": false,
          "ItemType": "LogDeliveryConfigurationRequest",
          "Required": false,
          "Type": "List",
          "UpdateType": "Mutable"
        },
        "NetworkType": {
          "Documentation": "http://docs.aws.amazon.com/AWSCloudFormation/latest/UserGuide/aws-properties-elasticache-cache-cluster.html#cfn-elasticache-cachecluster-networktype",
          "PrimitiveType": "String",
          "Required": false,
          "UpdateType": "Immutable"
        },
        "NotificationTopicArn": {
          "Documentation": "http://docs.aws.amazon.com/AWSCloudFormation/latest/UserGuide/aws-properties-elasticache-cache-cluster.html#cfn-elasticache-cachecluster-notificationtopicarn",
          "PrimitiveType": "String",
          "Required": false,
          "UpdateType": "Mutable"
        },
        "NumCacheNodes": {
          "Documentation": "http://docs.aws.amazon.com/AWSCloudFormation/latest/UserGuide/aws-properties-elasticache-cache-cluster.html#cfn-elasticache-cachecluster-numcachenodes",
          "PrimitiveType": "Integer",
          "Required": true,
          "UpdateType": "Conditional"
        },
        "Port": {
          "Documentation": "http://docs.aws.amazon.com/AWSCloudFormation/latest/UserGuide/aws-properties-elasticache-cache-cluster.html#cfn-elasticache-cachecluster-port",
          "PrimitiveType": "Integer",
          "Required": false,
          "UpdateType": "Immutable"
        },
        "PreferredAvailabilityZone": {
          "Documentation": "http://docs.aws.amazon.com/AWSCloudFormation/latest/UserGuide/aws-properties-elasticache-cache-cluster.html#cfn-elasticache-cachecluster-preferredavailabilityzone",
          "PrimitiveType": "String",
          "Required": false,
          "UpdateType": "Conditional"
        },
        "PreferredAvailabilityZones": {
          "Documentation": "http://docs.aws.amazon.com/AWSCloudFormation/latest/UserGuide/aws-properties-elasticache-cache-cluster.html#cfn-elasticache-cachecluster-preferredavailabilityzones",
          "DuplicatesAllowed": false,
          "PrimitiveItemType": "String",
          "Required": false,
          "Type": "List",
          "UpdateType": "Conditional"
        },
        "PreferredMaintenanceWindow": {
          "Documentation": "http://docs.aws.amazon.com/AWSCloudFormation/latest/UserGuide/aws-properties-elasticache-cache-cluster.html#cfn-elasticache-cachecluster-preferredmaintenancewindow",
          "PrimitiveType": "String",
          "Required": false,
          "UpdateType": "Mutable"
        },
        "SnapshotArns": {
          "Documentation": "http://docs.aws.amazon.com/AWSCloudFormation/latest/UserGuide/aws-properties-elasticache-cache-cluster.html#cfn-elasticache-cachecluster-snapshotarns",
          "DuplicatesAllowed": false,
          "PrimitiveItemType": "String",
          "Required": false,
          "Type": "List",
          "UpdateType": "Immutable"
        },
        "SnapshotName": {
          "Documentation": "http://docs.aws.amazon.com/AWSCloudFormation/latest/UserGuide/aws-properties-elasticache-cache-cluster.html#cfn-elasticache-cachecluster-snapshotname",
          "PrimitiveType": "String",
          "Required": false,
          "UpdateType": "Immutable"
        },
        "SnapshotRetentionLimit": {
          "Documentation": "http://docs.aws.amazon.com/AWSCloudFormation/latest/UserGuide/aws-properties-elasticache-cache-cluster.html#cfn-elasticache-cachecluster-snapshotretentionlimit",
          "PrimitiveType": "Integer",
          "Required": false,
          "UpdateType": "Mutable"
        },
        "SnapshotWindow": {
          "Documentation": "http://docs.aws.amazon.com/AWSCloudFormation/latest/UserGuide/aws-properties-elasticache-cache-cluster.html#cfn-elasticache-cachecluster-snapshotwindow",
          "PrimitiveType": "String",
          "Required": false,
          "UpdateType": "Mutable"
        },
        "Tags": {
          "Documentation": "http://docs.aws.amazon.com/AWSCloudFormation/latest/UserGuide/aws-properties-elasticache-cache-cluster.html#cfn-elasticache-cachecluster-tags",
          "DuplicatesAllowed": true,
          "ItemType": "Tag",
          "Required": false,
          "Type": "List",
          "UpdateType": "Mutable"
        },
        "TransitEncryptionEnabled": {
          "Documentation": "http://docs.aws.amazon.com/AWSCloudFormation/latest/UserGuide/aws-properties-elasticache-cache-cluster.html#cfn-elasticache-cachecluster-transitencryptionenabled",
          "PrimitiveType": "Boolean",
          "Required": false,
          "UpdateType": "Mutable"
        },
        "VpcSecurityGroupIds": {
          "Documentation": "http://docs.aws.amazon.com/AWSCloudFormation/latest/UserGuide/aws-properties-elasticache-cache-cluster.html#cfn-elasticache-cachecluster-vpcsecuritygroupids",
          "DuplicatesAllowed": true,
          "PrimitiveItemType": "String",
          "Required": false,
          "Type": "List",
          "UpdateType": "Mutable"
        }
      }
    }
  },
  "ResourceSpecificationVersion": "114.0.0"
}