{
  "PropertyTypes": {
    "AWS::ElasticBeanstalk::Application.MaxAgeRule": {
      "Documentation": "http://docs.aws.amazon.com/AWSCloudFormation/latest/UserGuide/aws-properties-elasticbeanstalk-application-maxagerule.html",
      "Properties": {
        "DeleteSourceFromS3": {
          "Documentation": "http://docs.aws.amazon.com/AWSCloudFormation/latest/UserGuide/aws-properties-elasticbeanstalk-application-maxagerule.html#cfn-elasticbeanstalk-application-maxagerule-deletesourcefroms3",
          "UpdateType": "Mutable",
          "Required": false,
          "PrimitiveType": "Boolean"
        },
        "MaxAgeInDays": {
          "Documentation": "http://docs.aws.amazon.com/AWSCloudFormation/latest/UserGuide/aws-properties-elasticbeanstalk-application-maxagerule.html#cfn-elasticbeanstalk-application-maxagerule-maxageindays",
          "UpdateType": "Mutable",
          "Required": false,
          "PrimitiveType": "Integer"
        },
        "Enabled": {
          "Documentation": "http://docs.aws.amazon.com/AWSCloudFormation/latest/UserGuide/aws-properties-elasticbeanstalk-application-maxagerule.html#cfn-elasticbeanstalk-application-maxagerule-enabled",
          "UpdateType": "Mutable",
          "Required": false,
          "PrimitiveType": "Boolean"
        }
      }
    },
    "AWS::ElasticBeanstalk::Application.ApplicationVersionLifecycleConfig": {
      "Documentation": "http://docs.aws.amazon.com/AWSCloudFormation/latest/UserGuide/aws-properties-elasticbeanstalk-application-applicationversionlifecycleconfig.html",
      "Properties": {
        "MaxCountRule": {
          "Documentation": "http://docs.aws.amazon.com/AWSCloudFormation/latest/UserGuide/aws-properties-elasticbeanstalk-application-applicationversionlifecycleconfig.html#cfn-elasticbeanstalk-application-applicationversionlifecycleconfig-maxcountrule",
          "UpdateType": "Mutable",
          "Required": false,
          "Type": "MaxCountRule"
        },
        "MaxAgeRule": {
          "Documentation": "http://docs.aws.amazon.com/AWSCloudFormation/latest/UserGuide/aws-properties-elasticbeanstalk-application-applicationversionlifecycleconfig.html#cfn-elasticbeanstalk-application-applicationversionlifecycleconfig-maxagerule",
          "UpdateType": "Mutable",
          "Required": false,
          "Type": "MaxAgeRule"
        }
      }
    },
    "AWS::ElasticBeanstalk::Application.ApplicationResourceLifecycleConfig": {
      "Documentation": "http://docs.aws.amazon.com/AWSCloudFormation/latest/UserGuide/aws-properties-elasticbeanstalk-application-applicationresourcelifecycleconfig.html",
      "Properties": {
        "ServiceRole": {
          "Documentation": "http://docs.aws.amazon.com/AWSCloudFormation/latest/UserGuide/aws-properties-elasticbeanstalk-application-applicationresourcelifecycleconfig.html#cfn-elasticbeanstalk-application-applicationresourcelifecycleconfig-servicerole",
          "UpdateType": "Mutable",
          "Required": false,
          "PrimitiveType": "String"
        },
        "VersionLifecycleConfig": {
          "Documentation": "http://docs.aws.amazon.com/AWSCloudFormation/latest/UserGuide/aws-properties-elasticbeanstalk-application-applicationresourcelifecycleconfig.html#cfn-elasticbeanstalk-application-applicationresourcelifecycleconfig-versionlifecycleconfig",
          "UpdateType": "Mutable",
          "Required": false,
          "Type": "ApplicationVersionLifecycleConfig"
        }
      }
    },
    "AWS::ElasticBeanstalk::Application.MaxCountRule": {
      "Documentation": "http://docs.aws.amazon.com/AWSCloudFormation/latest/UserGuide/aws-properties-elasticbeanstalk-application-maxcountrule.html",
      "Properties": {
        "DeleteSourceFromS3": {
          "Documentation": "http://docs.aws.amazon.com/AWSCloudFormation/latest/UserGuide/aws-properties-elasticbeanstalk-application-maxcountrule.html#cfn-elasticbeanstalk-application-maxcountrule-deletesourcefroms3",
          "UpdateType": "Mutable",
          "Required": false,
          "PrimitiveType": "Boolean"
        },
        "Enabled": {
          "Documentation": "http://docs.aws.amazon.com/AWSCloudFormation/latest/UserGuide/aws-properties-elasticbeanstalk-application-maxcountrule.html#cfn-elasticbeanstalk-application-maxcountrule-enabled",
          "UpdateType": "Mutable",
          "Required": false,
          "PrimitiveType": "Boolean"
        },
        "MaxCount": {
          "Documentation": "http://docs.aws.amazon.com/AWSCloudFormation/latest/UserGuide/aws-properties-elasticbeanstalk-application-maxcountrule.html#cfn-elasticbeanstalk-application-maxcountrule-maxcount",
          "UpdateType": "Mutable",
          "Required": false,
          "PrimitiveType": "Integer"
        }
      }
    }
  },
  "ResourceType": {
    "AWS::ElasticBeanstalk::Application": {
      "Documentation": "http://docs.aws.amazon.com/AWSCloudFormation/latest/UserGuide/aws-resource-elasticbeanstalk-application.html",
      "Properties": {
        "ApplicationName": {
          "Documentation": "http://docs.aws.amazon.com/AWSCloudFormation/latest/UserGuide/aws-resource-elasticbeanstalk-application.html#cfn-elasticbeanstalk-application-applicationname",
          "UpdateType": "Immutable",
          "Required": false,
          "PrimitiveType": "String"
        },
        "Description": {
          "Documentation": "http://docs.aws.amazon.com/AWSCloudFormation/latest/UserGuide/aws-resource-elasticbeanstalk-application.html#cfn-elasticbeanstalk-application-description",
          "UpdateType": "Mutable",
          "Required": false,
          "PrimitiveType": "String"
        },
        "ResourceLifecycleConfig": {
          "Documentation": "http://docs.aws.amazon.com/AWSCloudFormation/latest/UserGuide/aws-resource-elasticbeanstalk-application.html#cfn-elasticbeanstalk-application-resourcelifecycleconfig",
          "UpdateType": "Mutable",
          "Required": false,
          "Type": "ApplicationResourceLifecycleConfig"
        }
      }
    }
  },
  "ResourceSpecificationVersion": "114.0.0"
}