{
  "PropertyTypes": {
    "AWS::EMR::Cluster.Application": {
      "Documentation": "http://docs.aws.amazon.com/AWSCloudFormation/latest/UserGuide/aws-properties-elasticmapreduce-cluster-application.html",
      "Properties": {
        "AdditionalInfo": {
          "Documentation": "http://docs.aws.amazon.com/AWSCloudFormation/latest/UserGuide/aws-properties-elasticmapreduce-cluster-application.html#cfn-elasticmapreduce-cluster-application-additionalinfo",
          "DuplicatesAllowed": false,
          "PrimitiveItemType": "String",
          "Required": false,
          "Type": "Map",
          "UpdateType": "Mutable"
        },
        "Args": {
          "Documentation": "http://docs.aws.amazon.com/AWSCloudFormation/latest/UserGuide/aws-properties-elasticmapreduce-cluster-application.html#cfn-elasticmapreduce-cluster-application-args",
          "DuplicatesAllowed": false,
          "PrimitiveItemType": "String",
          "Required": false,
          "Type": "List",
          "UpdateType": "Mutable"
        },
        "Name": {
          "Documentation": "http://docs.aws.amazon.com/AWSCloudFormation/latest/UserGuide/aws-properties-elasticmapreduce-cluster-application.html#cfn-elasticmapreduce-cluster-application-name",
          "PrimitiveType": "String",
          "Required": false,
          "UpdateType": "Mutable"
        },
        "Version": {
          "Documentation": "http://docs.aws.amazon.com/AWSCloudFormation/latest/UserGuide/aws-properties-elasticmapreduce-cluster-application.html#cfn-elasticmapreduce-cluster-application-version",
          "PrimitiveType": "String",
          "Required": false,
          "UpdateType": "Mutable"
        }
      }
    },
    "AWS::EMR::Cluster.AutoScalingPolicy": {
      "Documentation": "http://docs.aws.amazon.com/AWSCloudFormation/latest/UserGuide/aws-properties-elasticmapreduce-cluster-autoscalingpolicy.html",
      "Properties": {
        "Constraints": {
          "Documentation": "http://docs.aws.amazon.com/AWSCloudFormation/latest/UserGuide/aws-properties-elasticmapreduce-cluster-autoscalingpolicy.html#cfn-elasticmapreduce-cluster-autoscalingpolicy-constraints",
          "Required": true,
          "Type": "ScalingConstraints",
          "UpdateType": "Mutable"
        },
        "Rules": {
          "Documentation": "http://docs.aws.amazon.com/AWSCloudFormation/latest/UserGuide/aws-properties-elasticmapreduce-cluster-autoscalingpolicy.html#cfn-elasticmapreduce-cluster-autoscalingpolicy-rules",
          "DuplicatesAllowed": false,
          "ItemType": "ScalingRule",
          "Required": true,
          "Type": "List",
          "UpdateType": "Mutable"
        }
      }
    },
    "AWS::EMR::Cluster.AutoTerminationPolicy": {
      "Documentation": "http://docs.aws.amazon.com/AWSCloudFormation/latest/UserGuide/aws-properties-elasticmapreduce-cluster-autoterminationpolicy.html",
      "Properties": {
        "IdleTimeout": {
          "Documentation": "http://docs.aws.amazon.com/AWSCloudFormation/latest/UserGuide/aws-properties-elasticmapreduce-cluster-autoterminationpolicy.html#cfn-elasticmapreduce-cluster-autoterminationpolicy-idletimeout",
          "PrimitiveType": "Long",
          "Required": false,
          "UpdateType": "Mutable"
        }
      }
    },
    "AWS::EMR::Cluster.BootstrapActionConfig": {
      "Documentation": "http://docs.aws.amazon.com/AWSCloudFormation/latest/UserGuide/aws-properties-elasticmapreduce-cluster-bootstrapactionconfig.html",
      "Properties": {
        "Name": {
          "Documentation": "http://docs.aws.amazon.com/AWSCloudFormation/latest/UserGuide/aws-properties-elasticmapreduce-cluster-bootstrapactionconfig.html#cfn-elasticmapreduce-cluster-bootstrapactionconfig-name",
          "PrimitiveType": "String",
          "Required": true,
          "UpdateType": "Mutable"
        },
        "ScriptBootstrapAction": {
          "Documentation": "http://docs.aws.amazon.com/AWSCloudFormation/latest/UserGuide/aws-properties-elasticmapreduce-cluster-bootstrapactionconfig.html#cfn-elasticmapreduce-cluster-bootstrapactionconfig-scriptbootstrapaction",
          "Required": true,
          "Type": "ScriptBootstrapActionConfig",
          "UpdateType": "Mutable"
        }
      }
    },
    "AWS::EMR::Cluster.CloudWatchAlarmDefinition": {
      "Documentation": "http://docs.aws.amazon.com/AWSCloudFormation/latest/UserGuide/aws-properties-elasticmapreduce-cluster-cloudwatchalarmdefinition.html",
      "Properties": {
        "ComparisonOperator": {
          "Documentation": "http://docs.aws.amazon.com/AWSCloudFormation/latest/UserGuide/aws-properties-elasticmapreduce-cluster-cloudwatchalarmdefinition.html#cfn-elasticmapreduce-cluster-cloudwatchalarmdefinition-comparisonoperator",
          "PrimitiveType": "String",
          "Required": true,
          "UpdateType": "Mutable"
        },
        "Dimensions": {
          "Documentation": "http://docs.aws.amazon.com/AWSCloudFormation/latest/UserGuide/aws-properties-elasticmapreduce-cluster-cloudwatchalarmdefinition.html#cfn-elasticmapreduce-cluster-cloudwatchalarmdefinition-dimensions",
          "DuplicatesAllowed": false,
          "ItemType": "MetricDimension",
          "Required": false,
          "Type": "List",
          "UpdateType": "Mutable"
        },
        "EvaluationPeriods": {
          "Documentation": "http://docs.aws.amazon.com/AWSCloudFormation/latest/UserGuide/aws-properties-elasticmapreduce-cluster-cloudwatchalarmdefinition.html#cfn-elasticmapreduce-cluster-cloudwatchalarmdefinition-evaluationperiods",
          "PrimitiveType": "Integer",
          "Required": false,
          "UpdateType": "Mutable"
        },
        "MetricName": {
          "Documentation": "http://docs.aws.amazon.com/AWSCloudFormation/latest/UserGuide/aws-properties-elasticmapreduce-cluster-cloudwatchalarmdefinition.html#cfn-elasticmapreduce-cluster-cloudwatchalarmdefinition-metricname",
          "PrimitiveType": "String",
          "Required": true,
          "UpdateType": "Mutable"
        },
        "Namespace": {
          "Documentation": "http://docs.aws.amazon.com/AWSCloudFormation/latest/UserGuide/aws-properties-elasticmapreduce-cluster-cloudwatchalarmdefinition.html#cfn-elasticmapreduce-cluster-cloudwatchalarmdefinition-namespace",
          "PrimitiveType": "String",
          "Required": false,
          "UpdateType": "Mutable"
        },
        "Period": {
          "Documentation": "http://docs.aws.amazon.com/AWSCloudFormation/latest/UserGuide/aws-properties-elasticmapreduce-cluster-cloudwatchalarmdefinition.html#cfn-elasticmapreduce-cluster-cloudwatchalarmdefinition-period",
          "PrimitiveType": "Integer",
          "Required": true,
          "UpdateType": "Mutable"
        },
        "Statistic": {
          "Documentation": "http://docs.aws.amazon.com/AWSCloudFormation/latest/UserGuide/aws-properties-elasticmapreduce-cluster-cloudwatchalarmdefinition.html#cfn-elasticmapreduce-cluster-cloudwatchalarmdefinition-statistic",
          "PrimitiveType": "String",
          "Required": false,
          "UpdateType": "Mutable"
        },
        "Threshold": {
          "Documentation": "http://docs.aws.amazon.com/AWSCloudFormation/latest/UserGuide/aws-properties-elasticmapreduce-cluster-cloudwatchalarmdefinition.html#cfn-elasticmapreduce-cluster-cloudwatchalarmdefinition-threshold",
          "PrimitiveType": "Double",
          "Required": true,
          "UpdateType": "Mutable"
        },
        "Unit": {
          "Documentation": "http://docs.aws.amazon.com/AWSCloudFormation/latest/UserGuide/aws-properties-elasticmapreduce-cluster-cloudwatchalarmdefinition.html#cfn-elasticmapreduce-cluster-cloudwatchalarmdefinition-unit",
          "PrimitiveType": "String",
          "Required": false,
          "UpdateType": "Mutable"
        }
      }
    },
    "AWS::EMR::Cluster.ComputeLimits": {
      "Documentation": "http://docs.aws.amazon.com/AWSCloudFormation/latest/UserGuide/aws-properties-elasticmapreduce-cluster-computelimits.html",
      "Properties": {
        "MaximumCapacityUnits": {
          "Documentation": "http://docs.aws.amazon.com/AWSCloudFormation/latest/UserGuide/aws-properties-elasticmapreduce-cluster-computelimits.html#cfn-elasticmapreduce-cluster-computelimits-maximumcapacityunits",
          "PrimitiveType": "Integer",
          "Required": true,
          "UpdateType": "Mutable"
        },
        "MaximumCoreCapacityUnits": {
          "Documentation": "http://docs.aws.amazon.com/AWSCloudFormation/latest/UserGuide/aws-properties-elasticmapreduce-cluster-computelimits.html#cfn-elasticmapreduce-cluster-computelimits-maximumcorecapacityunits",
          "PrimitiveType": "Integer",
          "Required": false,
          "UpdateType": "Mutable"
        },
        "MaximumOnDemandCapacityUnits": {
          "Documentation": "http://docs.aws.amazon.com/AWSCloudFormation/latest/UserGuide/aws-properties-elasticmapreduce-cluster-computelimits.html#cfn-elasticmapreduce-cluster-computelimits-maximumondemandcapacityunits",
          "PrimitiveType": "Integer",
          "Required": false,
          "UpdateType": "Mutable"
        },
        "MinimumCapacityUnits": {
          "Documentation": "http://docs.aws.amazon.com/AWSCloudFormation/latest/UserGuide/aws-properties-elasticmapreduce-cluster-computelimits.html#cfn-elasticmapreduce-cluster-computelimits-minimumcapacityunits",
          "PrimitiveType": "Integer",
          "Required": true,
          "UpdateType": "Mutable"
        },
        "UnitType": {
          "Documentation": "http://docs.aws.amazon.com/AWSCloudFormation/latest/UserGuide/aws-properties-elasticmapreduce-cluster-computelimits.html#cfn-elasticmapreduce-cluster-computelimits-unittype",
          "PrimitiveType": "String",
          "Required": true,
          "UpdateType": "Mutable"
        }
      }
    },
    "AWS::EMR::Cluster.Configuration": {
      "Documentation": "http://docs.aws.amazon.com/AWSCloudFormation/latest/UserGuide/aws-properties-elasticmapreduce-cluster-configuration.html",
      "Properties": {
        "Classification": {
          "Documentation": "http://docs.aws.amazon.com/AWSCloudFormation/latest/UserGuide/aws-properties-elasticmapreduce-cluster-configuration.html#cfn-elasticmapreduce-cluster-configuration-classification",
          "PrimitiveType": "String",
          "Required": false,
          "UpdateType": "Mutable"
        },
        "ConfigurationProperties": {
          "Documentation": "http://docs.aws.amazon.com/AWSCloudFormation/latest/UserGuide/aws-properties-elasticmapreduce-cluster-configuration.html#cfn-elasticmapreduce-cluster-configuration-configurationproperties",
          "DuplicatesAllowed": false,
          "PrimitiveItemType": "String",
          "Required": false,
          "Type": "Map",
          "UpdateType": "Mutable"
        },
        "Configurations": {
          "Documentation": "http://docs.aws.amazon.com/AWSCloudFormation/latest/UserGuide/aws-properties-elasticmapreduce-cluster-configuration.html#cfn-elasticmapreduce-cluster-configuration-configurations",
          "DuplicatesAllowed": false,
          "ItemType": "Configuration",
          "Required": false,
          "Type": "List",
          "UpdateType": "Mutable"
        }
      }
    },
    "AWS::EMR::Cluster.EbsBlockDeviceConfig": {
      "Documentation": "http://docs.aws.amazon.com/AWSCloudFormation/latest/UserGuide/aws-properties-elasticmapreduce-cluster-ebsblockdeviceconfig.html",
      "Properties": {
        "VolumeSpecification": {
          "Documentation": "http://docs.aws.amazon.com/AWSCloudFormation/latest/UserGuide/aws-properties-elasticmapreduce-cluster-ebsblockdeviceconfig.html#cfn-elasticmapreduce-cluster-ebsblockdeviceconfig-volumespecification",
          "Required": true,
          "Type": "VolumeSpecification",
          "UpdateType": "Mutable"
        },
        "VolumesPerInstance": {
          "Documentation": "http://docs.aws.amazon.com/AWSCloudFormation/latest/UserGuide/aws-properties-elasticmapreduce-cluster-ebsblockdeviceconfig.html#cfn-elasticmapreduce-cluster-ebsblockdeviceconfig-volumesperinstance",
          "PrimitiveType": "Integer",
          "Required": false,
          "UpdateType": "Mutable"
        }
      }
    },
    "AWS::EMR::Cluster.EbsConfiguration": {
      "Documentation": "http://docs.aws.amazon.com/AWSCloudFormation/latest/UserGuide/aws-properties-elasticmapreduce-cluster-ebsconfiguration.html",
      "Properties": {
        "EbsBlockDeviceConfigs": {
          "Documentation": "http://docs.aws.amazon.com/AWSCloudFormation/latest/UserGuide/aws-properties-elasticmapreduce-cluster-ebsconfiguration.html#cfn-elasticmapreduce-cluster-ebsconfiguration-ebsblockdeviceconfigs",
          "DuplicatesAllowed": false,
          "ItemType": "EbsBlockDeviceConfig",
          "Required": false,
          "Type": "List",
          "UpdateType": "Mutable"
        },
        "EbsOptimized": {
          "Documentation": "http://docs.aws.amazon.com/AWSCloudFormation/latest/UserGuide/aws-properties-elasticmapreduce-cluster-ebsconfiguration.html#cfn-elasticmapreduce-cluster-ebsconfiguration-ebsoptimized",
          "PrimitiveType": "Boolean",
          "Required": false,
          "UpdateType": "Mutable"
        }
      }
    },
    "AWS::EMR::Cluster.HadoopJarStepConfig": {
      "Documentation": "http://docs.aws.amazon.com/AWSCloudFormation/latest/UserGuide/aws-properties-elasticmapreduce-cluster-hadoopjarstepconfig.html",
      "Properties": {
        "Args": {
          "Documentation": "http://docs.aws.amazon.com/AWSCloudFormation/latest/UserGuide/aws-properties-elasticmapreduce-cluster-hadoopjarstepconfig.html#cfn-elasticmapreduce-cluster-hadoopjarstepconfig-args",
          "DuplicatesAllowed": false,
          "PrimitiveItemType": "String",
          "Required": false,
          "Type": "List",
          "UpdateType": "Mutable"
        },
        "Jar": {
          "Documentation": "http://docs.aws.amazon.com/AWSCloudFormation/latest/UserGuide/aws-properties-elasticmapreduce-cluster-hadoopjarstepconfig.html#cfn-elasticmapreduce-cluster-hadoopjarstepconfig-jar",
          "PrimitiveType": "String",
          "Required": true,
          "UpdateType": "Mutable"
        },
        "MainClass": {
          "Documentation": "http://docs.aws.amazon.com/AWSCloudFormation/latest/UserGuide/aws-properties-elasticmapreduce-cluster-hadoopjarstepconfig.html#cfn-elasticmapreduce-cluster-hadoopjarstepconfig-mainclass",
          "PrimitiveType": "String",
          "Required": false,
          "UpdateType": "Mutable"
        },
        "StepProperties": {
          "Documentation": "http://docs.aws.amazon.com/AWSCloudFormation/latest/UserGuide/aws-properties-elasticmapreduce-cluster-hadoopjarstepconfig.html#cfn-elasticmapreduce-cluster-hadoopjarstepconfig-stepproperties",
          "DuplicatesAllowed": false,
          "ItemType": "KeyValue",
          "Required": false,
          "Type": "List",
          "UpdateType": "Mutable"
        }
      }
    },
    "AWS::EMR::Cluster.InstanceFleetConfig": {
      "Documentation": "http://docs.aws.amazon.com/AWSCloudFormation/latest/UserGuide/aws-properties-elasticmapreduce-cluster-instancefleetconfig.html",
      "Properties": {
        "InstanceTypeConfigs": {
          "Documentation": "http://docs.aws.amazon.com/AWSCloudFormation/latest/UserGuide/aws-properties-elasticmapreduce-cluster-instancefleetconfig.html#cfn-elasticmapreduce-cluster-instancefleetconfig-instancetypeconfigs",
          "DuplicatesAllowed": false,
          "ItemType": "InstanceTypeConfig",
          "Required": false,
          "Type": "List",
          "UpdateType": "Immutable"
        },
        "LaunchSpecifications": {
          "Documentation": "http://docs.aws.amazon.com/AWSCloudFormation/latest/UserGuide/aws-properties-elasticmapreduce-cluster-instancefleetconfig.html#cfn-elasticmapreduce-cluster-instancefleetconfig-launchspecifications",
          "Required": false,
          "Type": "InstanceFleetProvisioningSpecifications",
          "UpdateType": "Immutable"
        },
        "Name": {
          "Documentation": "http://docs.aws.amazon.com/AWSCloudFormation/latest/UserGuide/aws-properties-elasticmapreduce-cluster-instancefleetconfig.html#cfn-elasticmapreduce-cluster-instancefleetconfig-name",
          "PrimitiveType": "String",
          "Required": false,
          "UpdateType": "Immutable"
        },
        "TargetOnDemandCapacity": {
          "Documentation": "http://docs.aws.amazon.com/AWSCloudFormation/latest/UserGuide/aws-properties-elasticmapreduce-cluster-instancefleetconfig.html#cfn-elasticmapreduce-cluster-instancefleetconfig-targetondemandcapacity",
          "PrimitiveType": "Integer",
          "Required": false,
          "UpdateType": "Mutable"
        },
        "TargetSpotCapacity": {
          "Documentation": "http://docs.aws.amazon.com/AWSCloudFormation/latest/UserGuide/aws-properties-elasticmapreduce-cluster-instancefleetconfig.html#cfn-elasticmapreduce-cluster-instancefleetconfig-targetspotcapacity",
          "PrimitiveType": "Integer",
          "Required": false,
          "UpdateType": "Mutable"
        }
      }
    },
    "AWS::EMR::Cluster.InstanceFleetProvisioningSpecifications": {
      "Documentation": "http://docs.aws.amazon.com/AWSCloudFormation/latest/UserGuide/aws-properties-elasticmapreduce-cluster-instancefleetprovisioningspecifications.html",
      "Properties": {
        "OnDemandSpecification": {
          "Documentation": "http://docs.aws.amazon.com/AWSCloudFormation/latest/UserGuide/aws-properties-elasticmapreduce-cluster-instancefleetprovisioningspecifications.html#cfn-elasticmapreduce-cluster-instancefleetprovisioningspecifications-ondemandspecification",
          "Required": false,
          "Type": "OnDemandProvisioningSpecification",
          "UpdateType": "Mutable"
        },
        "SpotSpecification": {
          "Documentation": "http://docs.aws.amazon.com/AWSCloudFormation/latest/UserGuide/aws-properties-elasticmapreduce-cluster-instancefleetprovisioningspecifications.html#cfn-elasticmapreduce-cluster-instancefleetprovisioningspecifications-spotspecification",
          "Required": false,
          "Type": "SpotProvisioningSpecification",
          "UpdateType": "Mutable"
        }
      }
    },
    "AWS::EMR::Cluster.InstanceGroupConfig": {
      "Documentation": "http://docs.aws.amazon.com/AWSCloudFormation/latest/UserGuide/aws-properties-elasticmapreduce-cluster-instancegroupconfig.html",
      "Properties": {
        "AutoScalingPolicy": {
          "Documentation": "http://docs.aws.amazon.com/AWSCloudFormation/latest/UserGuide/aws-properties-elasticmapreduce-cluster-instancegroupconfig.html#cfn-elasticmapreduce-cluster-instancegroupconfig-autoscalingpolicy",
          "Required": false,
          "Type": "AutoScalingPolicy",
          "UpdateType": "Mutable"
        },
        "BidPrice": {
          "Documentation": "http://docs.aws.amazon.com/AWSCloudFormation/latest/UserGuide/aws-properties-elasticmapreduce-cluster-instancegroupconfig.html#cfn-elasticmapreduce-cluster-instancegroupconfig-bidprice",
          "PrimitiveType": "String",
          "Required": false,
          "UpdateType": "Immutable"
        },
        "Configurations": {
          "Documentation": "http://docs.aws.amazon.com/AWSCloudFormation/latest/UserGuide/aws-properties-elasticmapreduce-cluster-instancegroupconfig.html#cfn-elasticmapreduce-cluster-instancegroupconfig-configurations",
          "DuplicatesAllowed": false,
          "ItemType": "Configuration",
          "Required": false,
          "Type": "List",
          "UpdateType": "Immutable"
        },
        "CustomAmiId": {
          "Documentation": "http://docs.aws.amazon.com/AWSCloudFormation/latest/UserGuide/aws-properties-elasticmapreduce-cluster-instancegroupconfig.html#cfn-elasticmapreduce-cluster-instancegroupconfig-customamiid",
          "PrimitiveType": "String",
          "Required": false,
          "UpdateType": "Immutable"
        },
        "EbsConfiguration": {
          "Documentation": "http://docs.aws.amazon.com/AWSCloudFormation/latest/UserGuide/aws-properties-elasticmapreduce-cluster-instancegroupconfig.html#cfn-elasticmapreduce-cluster-instancegroupconfig-ebsconfiguration",
          "Required": false,
          "Type": "EbsConfiguration",
          "UpdateType": "Immutable"
        },
        "InstanceCount": {
          "Documentation": "http://docs.aws.amazon.com/AWSCloudFormation/latest/UserGuide/aws-properties-elasticmapreduce-cluster-instancegroupconfig.html#cfn-elasticmapreduce-cluster-instancegroupconfig-instancecount",
          "PrimitiveType": "Integer",
          "Required": true,
          "UpdateType": "Mutable"
        },
        "InstanceType": {
          "Documentation": "http://docs.aws.amazon.com/AWSCloudFormation/latest/UserGuide/aws-properties-elasticmapreduce-cluster-instancegroupconfig.html#cfn-elasticmapreduce-cluster-instancegroupconfig-instancetype",
          "PrimitiveType": "String",
          "Required": true,
          "UpdateType": "Immutable"
        },
        "Market": {
          "Documentation": "http://docs.aws.amazon.com/AWSCloudFormation/latest/UserGuide/aws-properties-elasticmapreduce-cluster-instancegroupconfig.html#cfn-elasticmapreduce-cluster-instancegroupconfig-market",
          "PrimitiveType": "String",
          "Required": false,
          "UpdateType": "Immutable"
        },
        "Name": {
          "Documentation": "http://docs.aws.amazon.com/AWSCloudFormation/latest/UserGuide/aws-properties-elasticmapreduce-cluster-instancegroupconfig.html#cfn-elasticmapreduce-cluster-instancegroupconfig-name",
          "PrimitiveType": "String",
          "Required": false,
          "UpdateType": "Immutable"
        }
      }
    },
    "AWS::EMR::Cluster.InstanceTypeConfig": {
      "Documentation": "http://docs.aws.amazon.com/AWSCloudFormation/latest/UserGuide/aws-properties-elasticmapreduce-cluster-instancetypeconfig.html",
      "Properties": {
        "BidPrice": {
          "Documentation": "http://docs.aws.amazon.com/AWSCloudFormation/latest/UserGuide/aws-properties-elasticmapreduce-cluster-instancetypeconfig.html#cfn-elasticmapreduce-cluster-instancetypeconfig-bidprice",
          "PrimitiveType": "String",
          "Required": false,
          "UpdateType": "Immutable"
        },
        "BidPriceAsPercentageOfOnDemandPrice": {
          "Documentation": "http://docs.aws.amazon.com/AWSCloudFormation/latest/UserGuide/aws-properties-elasticmapreduce-cluster-instancetypeconfig.html#cfn-elasticmapreduce-cluster-instancetypeconfig-bidpriceaspercentageofondemandprice",
          "PrimitiveType": "Double",
          "Required": false,
          "UpdateType": "Immutable"
        },
        "Configurations": {
          "Documentation": "http://docs.aws.amazon.com/AWSCloudFormation/latest/UserGuide/aws-properties-elasticmapreduce-cluster-instancetypeconfig.html#cfn-elasticmapreduce-cluster-instancetypeconfig-configurations",
          "DuplicatesAllowed": false,
          "ItemType": "Configuration",
          "Required": false,
          "Type": "List",
          "UpdateType": "Immutable"
        },
        "CustomAmiId": {
          "Documentation": "http://docs.aws.amazon.com/AWSCloudFormation/latest/UserGuide/aws-properties-elasticmapreduce-cluster-instancetypeconfig.html#cfn-elasticmapreduce-cluster-instancetypeconfig-customamiid",
          "PrimitiveType": "String",
          "Required": false,
          "UpdateType": "Immutable"
        },
        "EbsConfiguration": {
          "Documentation": "http://docs.aws.amazon.com/AWSCloudFormation/latest/UserGuide/aws-properties-elasticmapreduce-cluster-instancetypeconfig.html#cfn-elasticmapreduce-cluster-instancetypeconfig-ebsconfiguration",
          "Required": false,
          "Type": "EbsConfiguration",
          "UpdateType": "Immutable"
        },
        "InstanceType": {
          "Documentation": "http://docs.aws.amazon.com/AWSCloudFormation/latest/UserGuide/aws-properties-elasticmapreduce-cluster-instancetypeconfig.html#cfn-elasticmapreduce-cluster-instancetypeconfig-instancetype",
          "PrimitiveType": "String",
          "Required": true,
          "UpdateType": "Immutable"
        },
        "WeightedCapacity": {
          "Documentation": "http://docs.aws.amazon.com/AWSCloudFormation/latest/UserGuide/aws-properties-elasticmapreduce-cluster-instancetypeconfig.html#cfn-elasticmapreduce-cluster-instancetypeconfig-weightedcapacity",
          "PrimitiveType": "Integer",
          "Required": false,
          "UpdateType": "Immutable"
        }
      }
    },
    "AWS::EMR::Cluster.JobFlowInstancesConfig": {
      "Documentation": "http://docs.aws.amazon.com/AWSCloudFormation/latest/UserGuide/aws-properties-elasticmapreduce-cluster-jobflowinstancesconfig.html",
      "Properties": {
        "AdditionalMasterSecurityGroups": {
          "Documentation": "http://docs.aws.amazon.com/AWSCloudFormation/latest/UserGuide/aws-properties-elasticmapreduce-cluster-jobflowinstancesconfig.html#cfn-elasticmapreduce-cluster-jobflowinstancesconfig-additionalmastersecuritygroups",
          "DuplicatesAllowed": false,
          "PrimitiveItemType": "String",
          "Required": false,
          "Type": "List",
          "UpdateType": "Immutable"
        },
        "AdditionalSlaveSecurityGroups": {
          "Documentation": "http://docs.aws.amazon.com/AWSCloudFormation/latest/UserGuide/aws-properties-elasticmapreduce-cluster-jobflowinstancesconfig.html#cfn-elasticmapreduce-cluster-jobflowinstancesconfig-additionalslavesecuritygroups",
          "DuplicatesAllowed": false,
          "PrimitiveItemType": "String",
          "Required": false,
          "Type": "List",
          "UpdateType": "Immutable"
        },
        "CoreInstanceFleet": {
          "Documentation": "http://docs.aws.amazon.com/AWSCloudFormation/latest/UserGuide/aws-properties-elasticmapreduce-cluster-jobflowinstancesconfig.html#cfn-elasticmapreduce-cluster-jobflowinstancesconfig-coreinstancefleet",
          "Required": false,
          "Type": "InstanceFleetConfig",
          "UpdateType": "Immutable"
        },
        "CoreInstanceGroup": {
          "Documentation": "http://docs.aws.amazon.com/AWSCloudFormation/latest/UserGuide/aws-properties-elasticmapreduce-cluster-jobflowinstancesconfig.html#cfn-elasticmapreduce-cluster-jobflowinstancesconfig-coreinstancegroup",
          "Required": false,
          "Type": "InstanceGroupConfig",
          "UpdateType": "Immutable"
        },
        "Ec2KeyName": {
          "Documentation": "http://docs.aws.amazon.com/AWSCloudFormation/latest/UserGuide/aws-properties-elasticmapreduce-cluster-jobflowinstancesconfig.html#cfn-elasticmapreduce-cluster-jobflowinstancesconfig-ec2keyname",
          "PrimitiveType": "String",
          "Required": false,
          "UpdateType": "Immutable"
        },
        "Ec2SubnetId": {
          "Documentation": "http://docs.aws.amazon.com/AWSCloudFormation/latest/UserGuide/aws-properties-elasticmapreduce-cluster-jobflowinstancesconfig.html#cfn-elasticmapreduce-cluster-jobflowinstancesconfig-ec2subnetid",
          "PrimitiveType": "String",
          "Required": false,
          "UpdateType": "Immutable"
        },
        "Ec2SubnetIds": {
          "Documentation": "http://docs.aws.amazon.com/AWSCloudFormation/latest/UserGuide/aws-properties-elasticmapreduce-cluster-jobflowinstancesconfig.html#cfn-elasticmapreduce-cluster-jobflowinstancesconfig-ec2subnetids",
          "DuplicatesAllowed": false,
          "PrimitiveItemType": "String",
          "Required": false,
          "Type": "List",
          "UpdateType": "Immutable"
        },
        "EmrManagedMasterSecurityGroup": {
          "Documentation": "http://docs.aws.amazon.com/AWSCloudFormation/latest/UserGuide/aws-properties-elasticmapreduce-cluster-jobflowinstancesconfig.html#cfn-elasticmapreduce-cluster-jobflowinstancesconfig-emrmanagedmastersecuritygroup",
          "PrimitiveType": "String",
          "Required": false,
          "UpdateType": "Immutable"
        },
        "EmrManagedSlaveSecurityGroup": {
          "Documentation": "http://docs.aws.amazon.com/AWSCloudFormation/latest/UserGuide/aws-properties-elasticmapreduce-cluster-jobflowinstancesconfig.html#cfn-elasticmapreduce-cluster-jobflowinstancesconfig-emrmanagedslavesecuritygroup",
          "PrimitiveType": "String",
          "Required": false,
          "UpdateType": "Immutable"
        },
        "HadoopVersion": {
          "Documentation": "http://docs.aws.amazon.com/AWSCloudFormation/latest/UserGuide/aws-properties-elasticmapreduce-cluster-jobflowinstancesconfig.html#cfn-elasticmapreduce-cluster-jobflowinstancesconfig-hadoopversion",
          "PrimitiveType": "String",
          "Required": false,
          "UpdateType": "Immutable"
        },
        "KeepJobFlowAliveWhenNoSteps": {
          "Documentation": "http://docs.aws.amazon.com/AWSCloudFormation/latest/UserGuide/aws-properties-elasticmapreduce-cluster-jobflowinstancesconfig.html#cfn-elasticmapreduce-cluster-jobflowinstancesconfig-keepjobflowalivewhennosteps",
          "PrimitiveType": "Boolean",
          "Required": false,
          "UpdateType": "Immutable"
        },
        "MasterInstanceFleet": {
          "Documentation": "http://docs.aws.amazon.com/AWSCloudFormation/latest/UserGuide/aws-properties-elasticmapreduce-cluster-jobflowinstancesconfig.html#cfn-elasticmapreduce-cluster-jobflowinstancesconfig-masterinstancefleet",
          "Required": false,
          "Type": "InstanceFleetConfig",
          "UpdateType": "Immutable"
        },
        "MasterInstanceGroup": {
          "Documentation": "http://docs.aws.amazon.com/AWSCloudFormation/latest/UserGuide/aws-properties-elasticmapreduce-cluster-jobflowinstancesconfig.html#cfn-elasticmapreduce-cluster-jobflowinstancesconfig-masterinstancegroup",
          "Required": false,
          "Type": "InstanceGroupConfig",
          "UpdateType": "Immutable"
        },
        "Placement": {
          "Documentation": "http://docs.aws.amazon.com/AWSCloudFormation/latest/UserGuide/aws-properties-elasticmapreduce-cluster-jobflowinstancesconfig.html#cfn-elasticmapreduce-cluster-jobflowinstancesconfig-placement",
          "Required": false,
          "Type": "PlacementType",
          "UpdateType": "Immutable"
        },
        "ServiceAccessSecurityGroup": {
          "Documentation": "http://docs.aws.amazon.com/AWSCloudFormation/latest/UserGuide/aws-properties-elasticmapreduce-cluster-jobflowinstancesconfig.html#cfn-elasticmapreduce-cluster-jobflowinstancesconfig-serviceaccesssecuritygroup",
          "PrimitiveType": "String",
          "Required": false,
          "UpdateType": "Immutable"
        },
        "TaskInstanceFleets": {
          "Documentation": "http://docs.aws.amazon.com/AWSCloudFormation/latest/UserGuide/aws-properties-elasticmapreduce-cluster-jobflowinstancesconfig.html#cfn-elasticmapreduce-cluster-jobflowinstancesconfig-taskinstancefleets",
          "DuplicatesAllowed": false,
          "ItemType": "InstanceFleetConfig",
          "Required": false,
          "Type": "List",
          "UpdateType": "Conditional"
        },
        "TaskInstanceGroups": {
          "Documentation": "http://docs.aws.amazon.com/AWSCloudFormation/latest/UserGuide/aws-properties-elasticmapreduce-cluster-jobflowinstancesconfig.html#cfn-elasticmapreduce-cluster-jobflowinstancesconfig-taskinstancegroups",
          "DuplicatesAllowed": false,
          "ItemType": "InstanceGroupConfig",
          "Required": false,
          "Type": "List",
          "UpdateType": "Conditional"
        },
        "TerminationProtected": {
          "Documentation": "http://docs.aws.amazon.com/AWSCloudFormation/latest/UserGuide/aws-properties-elasticmapreduce-cluster-jobflowinstancesconfig.html#cfn-elasticmapreduce-cluster-jobflowinstancesconfig-terminationprotected",
          "PrimitiveType": "Boolean",
          "Required": false,
          "UpdateType": "Mutable"
        }
      }
    },
    "AWS::EMR::Cluster.KerberosAttributes": {
      "Documentation": "http://docs.aws.amazon.com/AWSCloudFormation/latest/UserGuide/aws-properties-elasticmapreduce-cluster-kerberosattributes.html",
      "Properties": {
        "ADDomainJoinPassword": {
          "Documentation": "http://docs.aws.amazon.com/AWSCloudFormation/latest/UserGuide/aws-properties-elasticmapreduce-cluster-kerberosattributes.html#cfn-elasticmapreduce-cluster-kerberosattributes-addomainjoinpassword",
          "PrimitiveType": "String",
          "Required": false,
          "UpdateType": "Mutable"
        },
        "ADDomainJoinUser": {
          "Documentation": "http://docs.aws.amazon.com/AWSCloudFormation/latest/UserGuide/aws-properties-elasticmapreduce-cluster-kerberosattributes.html#cfn-elasticmapreduce-cluster-kerberosattributes-addomainjoinuser",
          "PrimitiveType": "String",
          "Required": false,
          "UpdateType": "Mutable"
        },
        "CrossRealmTrustPrincipalPassword": {
          "Documentation": "http://docs.aws.amazon.com/AWSCloudFormation/latest/UserGuide/aws-properties-elasticmapreduce-cluster-kerberosattributes.html#cfn-elasticmapreduce-cluster-kerberosattributes-crossrealmtrustprincipalpassword",
          "PrimitiveType": "String",
          "Required": false,
          "UpdateType": "Mutable"
        },
        "KdcAdminPassword": {
          "Documentation": "http://docs.aws.amazon.com/AWSCloudFormation/latest/UserGuide/aws-properties-elasticmapreduce-cluster-kerberosattributes.html#cfn-elasticmapreduce-cluster-kerberosattributes-kdcadminpassword",
          "PrimitiveType": "String",
          "Required": true,
          "UpdateType": "Mutable"
        },
        "Realm": {
          "Documentation": "http://docs.aws.amazon.com/AWSCloudFormation/latest/UserGuide/aws-properties-elasticmapreduce-cluster-kerberosattributes.html#cfn-elasticmapreduce-cluster-kerberosattributes-realm",
          "PrimitiveType": "String",
          "Required": true,
          "UpdateType": "Mutable"
        }
      }
    },
    "AWS::EMR::Cluster.KeyValue": {
      "Documentation": "http://docs.aws.amazon.com/AWSCloudFormation/latest/UserGuide/aws-properties-elasticmapreduce-cluster-keyvalue.html",
      "Properties": {
        "Key": {
          "Documentation": "http://docs.aws.amazon.com/AWSCloudFormation/latest/UserGuide/aws-properties-elasticmapreduce-cluster-keyvalue.html#cfn-elasticmapreduce-cluster-keyvalue-key",
          "PrimitiveType": "String",
          "Required": false,
          "UpdateType": "Mutable"
        },
        "Value": {
          "Documentation": "http://docs.aws.amazon.com/AWSCloudFormation/latest/UserGuide/aws-properties-elasticmapreduce-cluster-keyvalue.html#cfn-elasticmapreduce-cluster-keyvalue-value",
          "PrimitiveType": "String",
          "Required": false,
          "UpdateType": "Mutable"
        }
      }
    },
    "AWS::EMR::Cluster.ManagedScalingPolicy": {
      "Documentation": "http://docs.aws.amazon.com/AWSCloudFormation/latest/UserGuide/aws-properties-elasticmapreduce-cluster-managedscalingpolicy.html",
      "Properties": {
        "ComputeLimits": {
          "Documentation": "http://docs.aws.amazon.com/AWSCloudFormation/latest/UserGuide/aws-properties-elasticmapreduce-cluster-managedscalingpolicy.html#cfn-elasticmapreduce-cluster-managedscalingpolicy-computelimits",
          "Required": false,
          "Type": "ComputeLimits",
          "UpdateType": "Mutable"
        }
      }
    },
    "AWS::EMR::Cluster.MetricDimension": {
      "Documentation": "http://docs.aws.amazon.com/AWSCloudFormation/latest/UserGuide/aws-properties-elasticmapreduce-cluster-metricdimension.html",
      "Properties": {
        "Key": {
          "Documentation": "http://docs.aws.amazon.com/AWSCloudFormation/latest/UserGuide/aws-properties-elasticmapreduce-cluster-metricdimension.html#cfn-elasticmapreduce-cluster-metricdimension-key",
          "PrimitiveType": "String",
          "Required": true,
          "UpdateType": "Mutable"
        },
        "Value": {
          "Documentation": "http://docs.aws.amazon.com/AWSCloudFormation/latest/UserGuide/aws-properties-elasticmapreduce-cluster-metricdimension.html#cfn-elasticmapreduce-cluster-metricdimension-value",
          "PrimitiveType": "String",
          "Required": true,
          "UpdateType": "Mutable"
        }
      }
    },
    "AWS::EMR::Cluster.OnDemandProvisioningSpecification": {
      "Documentation": "http://docs.aws.amazon.com/AWSCloudFormation/latest/UserGuide/aws-properties-elasticmapreduce-cluster-ondemandprovisioningspecification.html",
      "Properties": {
        "AllocationStrategy": {
          "Documentation": "http://docs.aws.amazon.com/AWSCloudFormation/latest/UserGuide/aws-properties-elasticmapreduce-cluster-ondemandprovisioningspecification.html#cfn-elasticmapreduce-cluster-ondemandprovisioningspecification-allocationstrategy",
          "PrimitiveType": "String",
          "Required": true,
          "UpdateType": "Mutable"
        }
      }
    },
    "AWS::EMR::Cluster.PlacementType": {
      "Documentation": "http://docs.aws.amazon.com/AWSCloudFormation/latest/UserGuide/aws-properties-elasticmapreduce-cluster-placementtype.html",
      "Properties": {
        "AvailabilityZone": {
          "Documentation": "http://docs.aws.amazon.com/AWSCloudFormation/latest/UserGuide/aws-properties-elasticmapreduce-cluster-placementtype.html#cfn-elasticmapreduce-cluster-placementtype-availabilityzone",
          "PrimitiveType": "String",
          "Required": true,
          "UpdateType": "Immutable"
        }
      }
    },
    "AWS::EMR::Cluster.ScalingAction": {
      "Documentation": "http://docs.aws.amazon.com/AWSCloudFormation/latest/UserGuide/aws-properties-elasticmapreduce-cluster-scalingaction.html",
      "Properties": {
        "Market": {
          "Documentation": "http://docs.aws.amazon.com/AWSCloudFormation/latest/UserGuide/aws-properties-elasticmapreduce-cluster-scalingaction.html#cfn-elasticmapreduce-cluster-scalingaction-market",
          "PrimitiveType": "String",
          "Required": false,
          "UpdateType": "Mutable"
        },
        "SimpleScalingPolicyConfiguration": {
          "Documentation": "http://docs.aws.amazon.com/AWSCloudFormation/latest/UserGuide/aws-properties-elasticmapreduce-cluster-scalingaction.html#cfn-elasticmapreduce-cluster-scalingaction-simplescalingpolicyconfiguration",
          "Required": true,
          "Type": "SimpleScalingPolicyConfiguration",
          "UpdateType": "Mutable"
        }
      }
    },
    "AWS::EMR::Cluster.ScalingConstraints": {
      "Documentation": "http://docs.aws.amazon.com/AWSCloudFormation/latest/UserGuide/aws-properties-elasticmapreduce-cluster-scalingconstraints.html",
      "Properties": {
        "MaxCapacity": {
          "Documentation": "http://docs.aws.amazon.com/AWSCloudFormation/latest/UserGuide/aws-properties-elasticmapreduce-cluster-scalingconstraints.html#cfn-elasticmapreduce-cluster-scalingconstraints-maxcapacity",
          "PrimitiveType": "Integer",
          "Required": true,
          "UpdateType": "Mutable"
        },
        "MinCapacity": {
          "Documentation": "http://docs.aws.amazon.com/AWSCloudFormation/latest/UserGuide/aws-properties-elasticmapreduce-cluster-scalingconstraints.html#cfn-elasticmapreduce-cluster-scalingconstraints-mincapacity",
          "PrimitiveType": "Integer",
          "Required": true,
          "UpdateType": "Mutable"
        }
      }
    },
    "AWS::EMR::Cluster.ScalingRule": {
      "Documentation": "http://docs.aws.amazon.com/AWSCloudFormation/latest/UserGuide/aws-properties-elasticmapreduce-cluster-scalingrule.html",
      "Properties": {
        "Action": {
          "Documentation": "http://docs.aws.amazon.com/AWSCloudFormation/latest/UserGuide/aws-properties-elasticmapreduce-cluster-scalingrule.html#cfn-elasticmapreduce-cluster-scalingrule-action",
          "Required": true,
          "Type": "ScalingAction",
          "UpdateType": "Mutable"
        },
        "Description": {
          "Documentation": "http://docs.aws.amazon.com/AWSCloudFormation/latest/UserGuide/aws-properties-elasticmapreduce-cluster-scalingrule.html#cfn-elasticmapreduce-cluster-scalingrule-description",
          "PrimitiveType": "String",
          "Required": false,
          "UpdateType": "Mutable"
        },
        "Name": {
          "Documentation": "http://docs.aws.amazon.com/AWSCloudFormation/latest/UserGuide/aws-properties-elasticmapreduce-cluster-scalingrule.html#cfn-elasticmapreduce-cluster-scalingrule-name",
          "PrimitiveType": "String",
          "Required": true,
          "UpdateType": "Mutable"
        },
        "Trigger": {
          "Documentation": "http://docs.aws.amazon.com/AWSCloudFormation/latest/UserGuide/aws-properties-elasticmapreduce-cluster-scalingrule.html#cfn-elasticmapreduce-cluster-scalingrule-trigger",
          "Required": true,
          "Type": "ScalingTrigger",
          "UpdateType": "Mutable"
        }
      }
    },
    "AWS::EMR::Cluster.ScalingTrigger": {
      "Documentation": "http://docs.aws.amazon.com/AWSCloudFormation/latest/UserGuide/aws-properties-elasticmapreduce-cluster-scalingtrigger.html",
      "Properties": {
        "CloudWatchAlarmDefinition": {
          "Documentation": "http://docs.aws.amazon.com/AWSCloudFormation/latest/UserGuide/aws-properties-elasticmapreduce-cluster-scalingtrigger.html#cfn-elasticmapreduce-cluster-scalingtrigger-cloudwatchalarmdefinition",
          "Required": true,
          "Type": "CloudWatchAlarmDefinition",
          "UpdateType": "Mutable"
        }
      }
    },
    "AWS::EMR::Cluster.ScriptBootstrapActionConfig": {
      "Documentation": "http://docs.aws.amazon.com/AWSCloudFormation/latest/UserGuide/aws-properties-elasticmapreduce-cluster-scriptbootstrapactionconfig.html",
      "Properties": {
        "Args": {
          "Documentation": "http://docs.aws.amazon.com/AWSCloudFormation/latest/UserGuide/aws-properties-elasticmapreduce-cluster-scriptbootstrapactionconfig.html#cfn-elasticmapreduce-cluster-scriptbootstrapactionconfig-args",
          "DuplicatesAllowed": false,
          "PrimitiveItemType": "String",
          "Required": false,
          "Type": "List",
          "UpdateType": "Mutable"
        },
        "Path": {
          "Documentation": "http://docs.aws.amazon.com/AWSCloudFormation/latest/UserGuide/aws-properties-elasticmapreduce-cluster-scriptbootstrapactionconfig.html#cfn-elasticmapreduce-cluster-scriptbootstrapactionconfig-path",
          "PrimitiveType": "String",
          "Required": true,
          "UpdateType": "Mutable"
        }
      }
    },
    "AWS::EMR::Cluster.SimpleScalingPolicyConfiguration": {
      "Documentation": "http://docs.aws.amazon.com/AWSCloudFormation/latest/UserGuide/aws-properties-elasticmapreduce-cluster-simplescalingpolicyconfiguration.html",
      "Properties": {
        "AdjustmentType": {
          "Documentation": "http://docs.aws.amazon.com/AWSCloudFormation/latest/UserGuide/aws-properties-elasticmapreduce-cluster-simplescalingpolicyconfiguration.html#cfn-elasticmapreduce-cluster-simplescalingpolicyconfiguration-adjustmenttype",
          "PrimitiveType": "String",
          "Required": false,
          "UpdateType": "Mutable"
        },
        "CoolDown": {
          "Documentation": "http://docs.aws.amazon.com/AWSCloudFormation/latest/UserGuide/aws-properties-elasticmapreduce-cluster-simplescalingpolicyconfiguration.html#cfn-elasticmapreduce-cluster-simplescalingpolicyconfiguration-cooldown",
          "PrimitiveType": "Integer",
          "Required": false,
          "UpdateType": "Mutable"
        },
        "ScalingAdjustment": {
          "Documentation": "http://docs.aws.amazon.com/AWSCloudFormation/latest/UserGuide/aws-properties-elasticmapreduce-cluster-simplescalingpolicyconfiguration.html#cfn-elasticmapreduce-cluster-simplescalingpolicyconfiguration-scalingadjustment",
          "PrimitiveType": "Integer",
          "Required": true,
          "UpdateType": "Mutable"
        }
      }
    },
    "AWS::EMR::Cluster.SpotProvisioningSpecification": {
      "Documentation": "http://docs.aws.amazon.com/AWSCloudFormation/latest/UserGuide/aws-properties-elasticmapreduce-cluster-spotprovisioningspecification.html",
      "Properties": {
        "AllocationStrategy": {
          "Documentation": "http://docs.aws.amazon.com/AWSCloudFormation/latest/UserGuide/aws-properties-elasticmapreduce-cluster-spotprovisioningspecification.html#cfn-elasticmapreduce-cluster-spotprovisioningspecification-allocationstrategy",
          "PrimitiveType": "String",
          "Required": false,
          "UpdateType": "Mutable"
        },
        "BlockDurationMinutes": {
          "Documentation": "http://docs.aws.amazon.com/AWSCloudFormation/latest/UserGuide/aws-properties-elasticmapreduce-cluster-spotprovisioningspecification.html#cfn-elasticmapreduce-cluster-spotprovisioningspecification-blockdurationminutes",
          "PrimitiveType": "Integer",
          "Required": false,
          "UpdateType": "Mutable"
        },
        "TimeoutAction": {
          "Documentation": "http://docs.aws.amazon.com/AWSCloudFormation/latest/UserGuide/aws-properties-elasticmapreduce-cluster-spotprovisioningspecification.html#cfn-elasticmapreduce-cluster-spotprovisioningspecification-timeoutaction",
          "PrimitiveType": "String",
          "Required": true,
          "UpdateType": "Mutable"
        },
        "TimeoutDurationMinutes": {
          "Documentation": "http://docs.aws.amazon.com/AWSCloudFormation/latest/UserGuide/aws-properties-elasticmapreduce-cluster-spotprovisioningspecification.html#cfn-elasticmapreduce-cluster-spotprovisioningspecification-timeoutdurationminutes",
          "PrimitiveType": "Integer",
          "Required": true,
          "UpdateType": "Mutable"
        }
      }
    },
    "AWS::EMR::Cluster.StepConfig": {
      "Documentation": "http://docs.aws.amazon.com/AWSCloudFormation/latest/UserGuide/aws-properties-elasticmapreduce-cluster-stepconfig.html",
      "Properties": {
        "ActionOnFailure": {
          "Documentation": "http://docs.aws.amazon.com/AWSCloudFormation/latest/UserGuide/aws-properties-elasticmapreduce-cluster-stepconfig.html#cfn-elasticmapreduce-cluster-stepconfig-actiononfailure",
          "PrimitiveType": "String",
          "Required": false,
          "UpdateType": "Mutable"
        },
        "HadoopJarStep": {
          "Documentation": "http://docs.aws.amazon.com/AWSCloudFormation/latest/UserGuide/aws-properties-elasticmapreduce-cluster-stepconfig.html#cfn-elasticmapreduce-cluster-stepconfig-hadoopjarstep",
          "Required": true,
          "Type": "HadoopJarStepConfig",
          "UpdateType": "Mutable"
        },
        "Name": {
          "Documentation": "http://docs.aws.amazon.com/AWSCloudFormation/latest/UserGuide/aws-properties-elasticmapreduce-cluster-stepconfig.html#cfn-elasticmapreduce-cluster-stepconfig-name",
          "PrimitiveType": "String",
          "Required": true,
          "UpdateType": "Mutable"
        }
      }
    },
    "AWS::EMR::Cluster.VolumeSpecification": {
      "Documentation": "http://docs.aws.amazon.com/AWSCloudFormation/latest/UserGuide/aws-properties-elasticmapreduce-cluster-volumespecification.html",
      "Properties": {
        "Iops": {
          "Documentation": "http://docs.aws.amazon.com/AWSCloudFormation/latest/UserGuide/aws-properties-elasticmapreduce-cluster-volumespecification.html#cfn-elasticmapreduce-cluster-volumespecification-iops",
          "PrimitiveType": "Integer",
          "Required": false,
          "UpdateType": "Mutable"
        },
        "SizeInGB": {
          "Documentation": "http://docs.aws.amazon.com/AWSCloudFormation/latest/UserGuide/aws-properties-elasticmapreduce-cluster-volumespecification.html#cfn-elasticmapreduce-cluster-volumespecification-sizeingb",
          "PrimitiveType": "Integer",
          "Required": true,
          "UpdateType": "Mutable"
        },
        "VolumeType": {
          "Documentation": "http://docs.aws.amazon.com/AWSCloudFormation/latest/UserGuide/aws-properties-elasticmapreduce-cluster-volumespecification.html#cfn-elasticmapreduce-cluster-volumespecification-volumetype",
          "PrimitiveType": "String",
          "Required": true,
          "UpdateType": "Mutable"
        }
      }
    },
    "Tag": {
      "Documentation": "http://docs.aws.amazon.com/AWSCloudFormation/latest/UserGuide/aws-properties-resource-tags.html",
      "Properties": {
        "Key": {
          "Documentation": "http://docs.aws.amazon.com/AWSCloudFormation/latest/UserGuide/aws-properties-resource-tags.html#cfn-resource-tags-key",
          "PrimitiveType": "String",
          "Required": true,
          "UpdateType": "Mutable"
        },
        "Value": {
          "Documentation": "http://docs.aws.amazon.com/AWSCloudFormation/latest/UserGuide/aws-properties-resource-tags.html#cfn-resource-tags-value",
          "PrimitiveType": "String",
          "Required": true,
          "UpdateType": "Mutable"
        }
      }
    }
  },
  "ResourceType": {
    "AWS::EMR::Cluster": {
      "Attributes": {
        "MasterPublicDNS": {
          "PrimitiveType": "String"
        }
      },
      "Documentation": "http://docs.aws.amazon.com/AWSCloudFormation/latest/UserGuide/aws-resource-elasticmapreduce-cluster.html",
      "Properties": {
        "AdditionalInfo": {
          "Documentation": "http://docs.aws.amazon.com/AWSCloudFormation/latest/UserGuide/aws-resource-elasticmapreduce-cluster.html#cfn-elasticmapreduce-cluster-additionalinfo",
          "PrimitiveType": "Json",
          "Required": false,
          "UpdateType": "Immutable"
        },
        "Applications": {
          "Documentation": "http://docs.aws.amazon.com/AWSCloudFormation/latest/UserGuide/aws-resource-elasticmapreduce-cluster.html#cfn-elasticmapreduce-cluster-applications",
          "DuplicatesAllowed": false,
          "ItemType": "Application",
          "Required": false,
          "Type": "List",
          "UpdateType": "Immutable"
        },
        "AutoScalingRole": {
          "Documentation": "http://docs.aws.amazon.com/AWSCloudFormation/latest/UserGuide/aws-resource-elasticmapreduce-cluster.html#cfn-elasticmapreduce-cluster-autoscalingrole",
          "PrimitiveType": "String",
          "Required": false,
          "UpdateType": "Immutable"
        },
        "AutoTerminationPolicy": {
          "Documentation": "http://docs.aws.amazon.com/AWSCloudFormation/latest/UserGuide/aws-resource-elasticmapreduce-cluster.html#cfn-elasticmapreduce-cluster-autoterminationpolicy",
          "Required": false,
          "Type": "AutoTerminationPolicy",
          "UpdateType": "Mutable"
        },
        "BootstrapActions": {
          "Documentation": "http://docs.aws.amazon.com/AWSCloudFormation/latest/UserGuide/aws-resource-elasticmapreduce-cluster.html#cfn-elasticmapreduce-cluster-bootstrapactions",
          "DuplicatesAllowed": false,
          "ItemType": "BootstrapActionConfig",
          "Required": false,
          "Type": "List",
          "UpdateType": "Immutable"
        },
        "Configurations": {
          "Documentation": "http://docs.aws.amazon.com/AWSCloudFormation/latest/UserGuide/aws-resource-elasticmapreduce-cluster.html#cfn-elasticmapreduce-cluster-configurations",
          "DuplicatesAllowed": false,
          "ItemType": "Configuration",
          "Required": false,
          "Type": "List",
          "UpdateType": "Immutable"
        },
        "CustomAmiId": {
          "Documentation": "http://docs.aws.amazon.com/AWSCloudFormation/latest/UserGuide/aws-resource-elasticmapreduce-cluster.html#cfn-elasticmapreduce-cluster-customamiid",
          "PrimitiveType": "String",
          "Required": false,
          "UpdateType": "Immutable"
        },
        "EbsRootVolumeSize": {
          "Documentation": "http://docs.aws.amazon.com/AWSCloudFormation/latest/UserGuide/aws-resource-elasticmapreduce-cluster.html#cfn-elasticmapreduce-cluster-ebsrootvolumesize",
          "PrimitiveType": "Integer",
          "Required": false,
          "UpdateType": "Immutable"
        },
        "Instances": {
          "Documentation": "http://docs.aws.amazon.com/AWSCloudFormation/latest/UserGuide/aws-resource-elasticmapreduce-cluster.html#cfn-elasticmapreduce-cluster-instances",
          "Required": true,
          "Type": "JobFlowInstancesConfig",
          "UpdateType": "Conditional"
        },
        "JobFlowRole": {
          "Documentation": "http://docs.aws.amazon.com/AWSCloudFormation/latest/UserGuide/aws-resource-elasticmapreduce-cluster.html#cfn-elasticmapreduce-cluster-jobflowrole",
          "PrimitiveType": "String",
          "Required": true,
          "UpdateType": "Immutable"
        },
        "KerberosAttributes": {
          "Documentation": "http://docs.aws.amazon.com/AWSCloudFormation/latest/UserGuide/aws-resource-elasticmapreduce-cluster.html#cfn-elasticmapreduce-cluster-kerberosattributes",
          "Required": false,
          "Type": "KerberosAttributes",
          "UpdateType": "Immutable"
        },
        "LogEncryptionKmsKeyId": {
          "Documentation": "http://docs.aws.amazon.com/AWSCloudFormation/latest/UserGuide/aws-resource-elasticmapreduce-cluster.html#cfn-elasticmapreduce-cluster-logencryptionkmskeyid",
          "PrimitiveType": "String",
          "Required": false,
          "UpdateType": "Immutable"
        },
        "LogUri": {
          "Documentation": "http://docs.aws.amazon.com/AWSCloudFormation/latest/UserGuide/aws-resource-elasticmapreduce-cluster.html#cfn-elasticmapreduce-cluster-loguri",
          "PrimitiveType": "String",
          "Required": false,
          "UpdateType": "Immutable"
        },
        "ManagedScalingPolicy": {
          "Documentation": "http://docs.aws.amazon.com/AWSCloudFormation/latest/UserGuide/aws-resource-elasticmapreduce-cluster.html#cfn-elasticmapreduce-cluster-managedscalingpolicy",
          "Required": false,
          "Type": "ManagedScalingPolicy",
          "UpdateType": "Mutable"
        },
        "Name": {
          "Documentation": "http://docs.aws.amazon.com/AWSCloudFormation/latest/UserGuide/aws-resource-elasticmapreduce-cluster.html#cfn-elasticmapreduce-cluster-name",
          "PrimitiveType": "String",
          "Required": true,
          "UpdateType": "Immutable"
        },
        "OSReleaseLabel": {
          "Documentation": "http://docs.aws.amazon.com/AWSCloudFormation/latest/UserGuide/aws-resource-elasticmapreduce-cluster.html#cfn-elasticmapreduce-cluster-osreleaselabel",
          "PrimitiveType": "String",
          "Required": false,
          "UpdateType": "Immutable"
        },
        "ReleaseLabel": {
          "Documentation": "http://docs.aws.amazon.com/AWSCloudFormation/latest/UserGuide/aws-resource-elasticmapreduce-cluster.html#cfn-elasticmapreduce-cluster-releaselabel",
          "PrimitiveType": "String",
          "Required": false,
          "UpdateType": "Immutable"
        },
        "ScaleDownBehavior": {
          "Documentation": "http://docs.aws.amazon.com/AWSCloudFormation/latest/UserGuide/aws-resource-elasticmapreduce-cluster.html#cfn-elasticmapreduce-cluster-scaledownbehavior",
          "PrimitiveType": "String",
          "Required": false,
          "UpdateType": "Immutable"
        },
        "SecurityConfiguration": {
          "Documentation": "http://docs.aws.amazon.com/AWSCloudFormation/latest/UserGuide/aws-resource-elasticmapreduce-cluster.html#cfn-elasticmapreduce-cluster-securityconfiguration",
          "PrimitiveType": "String",
          "Required": false,
          "UpdateType": "Immutable"
        },
        "ServiceRole": {
          "Documentation": "http://docs.aws.amazon.com/AWSCloudFormation/latest/UserGuide/aws-resource-elasticmapreduce-cluster.html#cfn-elasticmapreduce-cluster-servicerole",
          "PrimitiveType": "String",
          "Required": true,
          "UpdateType": "Immutable"
        },
        "StepConcurrencyLevel": {
          "Documentation": "http://docs.aws.amazon.com/AWSCloudFormation/latest/UserGuide/aws-resource-elasticmapreduce-cluster.html#cfn-elasticmapreduce-cluster-stepconcurrencylevel",
          "PrimitiveType": "Integer",
          "Required": false,
          "UpdateType": "Mutable"
        },
        "Steps": {
          "Documentation": "http://docs.aws.amazon.com/AWSCloudFormation/latest/UserGuide/aws-resource-elasticmapreduce-cluster.html#cfn-elasticmapreduce-cluster-steps",
          "DuplicatesAllowed": false,
          "ItemType": "StepConfig",
          "Required": false,
          "Type": "List",
          "UpdateType": "Immutable"
        },
        "Tags": {
          "Documentation": "http://docs.aws.amazon.com/AWSCloudFormation/latest/UserGuide/aws-resource-elasticmapreduce-cluster.html#cfn-elasticmapreduce-cluster-tags",
          "DuplicatesAllowed": true,
          "ItemType": "Tag",
          "Required": false,
          "Type": "List",
          "UpdateType": "Mutable"
        },
        "VisibleToAllUsers": {
          "Documentation": "http://docs.aws.amazon.com/AWSCloudFormation/latest/UserGuide/aws-resource-elasticmapreduce-cluster.html#cfn-elasticmapreduce-cluster-visibletoallusers",
          "PrimitiveType": "Boolean",
          "Required": false,
          "UpdateType": "Mutable"
        }
      }
    }
  },
  "ResourceSpecificationVersion": "114.0.0"
}