{
  "PropertyTypes": {
    "AWS::EMR::InstanceFleetConfig.Configuration": {
      "Documentation": "http://docs.aws.amazon.com/AWSCloudFormation/latest/UserGuide/aws-properties-elasticmapreduce-instancefleetconfig-configuration.html",
      "Properties": {
        "Classification": {
          "Documentation": "http://docs.aws.amazon.com/AWSCloudFormation/latest/UserGuide/aws-properties-elasticmapreduce-instancefleetconfig-configuration.html#cfn-elasticmapreduce-instancefleetconfig-configuration-classification",
          "PrimitiveType": "String",
          "Required": false,
          "UpdateType": "Immutable"
        },
        "ConfigurationProperties": {
          "Documentation": "http://docs.aws.amazon.com/AWSCloudFormation/latest/UserGuide/aws-properties-elasticmapreduce-instancefleetconfig-configuration.html#cfn-elasticmapreduce-instancefleetconfig-configuration-configurationproperties",
          "DuplicatesAllowed": false,
          "PrimitiveItemType": "String",
          "Required": false,
          "Type": "Map",
          "UpdateType": "Immutable"
        },
        "Configurations": {
          "Documentation": "http://docs.aws.amazon.com/AWSCloudFormation/latest/UserGuide/aws-properties-elasticmapreduce-instancefleetconfig-configuration.html#cfn-elasticmapreduce-instancefleetconfig-configuration-configurations",
          "DuplicatesAllowed": false,
          "ItemType": "Configuration",
          "Required": false,
          "Type": "List",
          "UpdateType": "Immutable"
        }
      }
    },
    "AWS::EMR::InstanceFleetConfig.EbsBlockDeviceConfig": {
      "Documentation": "http://docs.aws.amazon.com/AWSCloudFormation/latest/UserGuide/aws-properties-elasticmapreduce-instancefleetconfig-ebsblockdeviceconfig.html",
      "Properties": {
        "VolumeSpecification": {
          "Documentation": "http://docs.aws.amazon.com/AWSCloudFormation/latest/UserGuide/aws-properties-elasticmapreduce-instancefleetconfig-ebsblockdeviceconfig.html#cfn-elasticmapreduce-instancefleetconfig-ebsblockdeviceconfig-volumespecification",
          "Required": true,
          "Type": "VolumeSpecification",
          "UpdateType": "Immutable"
        },
        "VolumesPerInstance": {
          "Documentation": "http://docs.aws.amazon.com/AWSCloudFormation/latest/UserGuide/aws-properties-elasticmapreduce-instancefleetconfig-ebsblockdeviceconfig.html#cfn-elasticmapreduce-instancefleetconfig-ebsblockdeviceconfig-volumesperinstance",
          "PrimitiveType": "Integer",
          "Required": false,
          "UpdateType": "Immutable"
        }
      }
    },
    "AWS::EMR::InstanceFleetConfig.EbsConfiguration": {
      "Documentation": "http://docs.aws.amazon.com/AWSCloudFormation/latest/UserGuide/aws-properties-elasticmapreduce-instancefleetconfig-ebsconfiguration.html",
      "Properties": {
        "EbsBlockDeviceConfigs": {
          "Documentation": "http://docs.aws.amazon.com/AWSCloudFormation/latest/UserGuide/aws-properties-elasticmapreduce-instancefleetconfig-ebsconfiguration.html#cfn-elasticmapreduce-instancefleetconfig-ebsconfiguration-ebsblockdeviceconfigs",
          "DuplicatesAllowed": false,
          "ItemType": "EbsBlockDeviceConfig",
          "Required": false,
          "Type": "List",
          "UpdateType": "Immutable"
        },
        "EbsOptimized": {
          "Documentation": "http://docs.aws.amazon.com/AWSCloudFormation/latest/UserGuide/aws-properties-elasticmapreduce-instancefleetconfig-ebsconfiguration.html#cfn-elasticmapreduce-instancefleetconfig-ebsconfiguration-ebsoptimized",
          "PrimitiveType": "Boolean",
          "Required": false,
          "UpdateType": "Immutable"
        }
      }
    },
    "AWS::EMR::InstanceFleetConfig.InstanceFleetProvisioningSpecifications": {
      "Documentation": "http://docs.aws.amazon.com/AWSCloudFormation/latest/UserGuide/aws-properties-elasticmapreduce-instancefleetconfig-instancefleetprovisioningspecifications.html",
      "Properties": {
        "OnDemandSpecification": {
          "Documentation": "http://docs.aws.amazon.com/AWSCloudFormation/latest/UserGuide/aws-properties-elasticmapreduce-instancefleetconfig-instancefleetprovisioningspecifications.html#cfn-elasticmapreduce-instancefleetconfig-instancefleetprovisioningspecifications-ondemandspecification",
          "Required": false,
          "Type": "OnDemandProvisioningSpecification",
          "UpdateType": "Mutable"
        },
        "SpotSpecification": {
          "Documentation": "http://docs.aws.amazon.com/AWSCloudFormation/latest/UserGuide/aws-properties-elasticmapreduce-instancefleetconfig-instancefleetprovisioningspecifications.html#cfn-elasticmapreduce-instancefleetconfig-instancefleetprovisioningspecifications-spotspecification",
          "Required": false,
          "Type": "SpotProvisioningSpecification",
          "UpdateType": "Mutable"
        }
      }
    },
    "AWS::EMR::InstanceFleetConfig.InstanceTypeConfig": {
      "Documentation": "http://docs.aws.amazon.com/AWSCloudFormation/latest/UserGuide/aws-properties-elasticmapreduce-instancefleetconfig-instancetypeconfig.html",
      "Properties": {
        "BidPrice": {
          "Documentation": "http://docs.aws.amazon.com/AWSCloudFormation/latest/UserGuide/aws-properties-elasticmapreduce-instancefleetconfig-instancetypeconfig.html#cfn-elasticmapreduce-instancefleetconfig-instancetypeconfig-bidprice",
          "PrimitiveType": "String",
          "Required": false,
          "UpdateType": "Immutable"
        },
        "BidPriceAsPercentageOfOnDemandPrice": {
          "Documentation": "http://docs.aws.amazon.com/AWSCloudFormation/latest/UserGuide/aws-properties-elasticmapreduce-instancefleetconfig-instancetypeconfig.html#cfn-elasticmapreduce-instancefleetconfig-instancetypeconfig-bidpriceaspercentageofondemandprice",
          "PrimitiveType": "Double",
          "Required": false,
          "UpdateType": "Immutable"
        },
        "Configurations": {
          "Documentation": "http://docs.aws.amazon.com/AWSCloudFormation/latest/UserGuide/aws-properties-elasticmapreduce-instancefleetconfig-instancetypeconfig.html#cfn-elasticmapreduce-instancefleetconfig-instancetypeconfig-configurations",
          "DuplicatesAllowed": false,
          "ItemType": "Configuration",
          "Required": false,
          "Type": "List",
          "UpdateType": "Immutable"
        },
        "CustomAmiId": {
          "Documentation": "http://docs.aws.amazon.com/AWSCloudFormation/latest/UserGuide/aws-properties-elasticmapreduce-instancefleetconfig-instancetypeconfig.html#cfn-elasticmapreduce-instancefleetconfig-instancetypeconfig-customamiid",
          "PrimitiveType": "String",
          "Required": false,
          "UpdateType": "Immutable"
        },
        "EbsConfiguration": {
          "Documentation": "http://docs.aws.amazon.com/AWSCloudFormation/latest/UserGuide/aws-properties-elasticmapreduce-instancefleetconfig-instancetypeconfig.html#cfn-elasticmapreduce-instancefleetconfig-instancetypeconfig-ebsconfiguration",
          "Required": false,
          "Type": "EbsConfiguration",
          "UpdateType": "Immutable"
        },
        "InstanceType": {
          "Documentation": "http://docs.aws.amazon.com/AWSCloudFormation/latest/UserGuide/aws-properties-elasticmapreduce-instancefleetconfig-instancetypeconfig.html#cfn-elasticmapreduce-instancefleetconfig-instancetypeconfig-instancetype",
          "PrimitiveType": "String",
          "Required": true,
          "UpdateType": "Immutable"
        },
        "WeightedCapacity": {
          "Documentation": "http://docs.aws.amazon.com/AWSCloudFormation/latest/UserGuide/aws-properties-elasticmapreduce-instancefleetconfig-instancetypeconfig.html#cfn-elasticmapreduce-instancefleetconfig-instancetypeconfig-weightedcapacity",
          "PrimitiveType": "Integer",
          "Required": false,
          "UpdateType": "Immutable"
        }
      }
    },
    "AWS::EMR::InstanceFleetConfig.OnDemandProvisioningSpecification": {
      "Documentation": "http://docs.aws.amazon.com/AWSCloudFormation/latest/UserGuide/aws-properties-elasticmapreduce-instancefleetconfig-ondemandprovisioningspecification.html",
      "Properties": {
        "AllocationStrategy": {
          "Documentation": "http://docs.aws.amazon.com/AWSCloudFormation/latest/UserGuide/aws-properties-elasticmapreduce-instancefleetconfig-ondemandprovisioningspecification.html#cfn-elasticmapreduce-instancefleetconfig-ondemandprovisioningspecification-allocationstrategy",
          "PrimitiveType": "String",
          "Required": true,
          "UpdateType": "Mutable"
        }
      }
    },
    "AWS::EMR::InstanceFleetConfig.SpotProvisioningSpecification": {
      "Documentation": "http://docs.aws.amazon.com/AWSCloudFormation/latest/UserGuide/aws-properties-elasticmapreduce-instancefleetconfig-spotprovisioningspecification.html",
      "Properties": {
        "AllocationStrategy": {
          "Documentation": "http://docs.aws.amazon.com/AWSCloudFormation/latest/UserGuide/aws-properties-elasticmapreduce-instancefleetconfig-spotprovisioningspecification.html#cfn-elasticmapreduce-instancefleetconfig-spotprovisioningspecification-allocationstrategy",
          "PrimitiveType": "String",
          "Required": false,
          "UpdateType": "Mutable"
        },
        "BlockDurationMinutes": {
          "Documentation": "http://docs.aws.amazon.com/AWSCloudFormation/latest/UserGuide/aws-properties-elasticmapreduce-instancefleetconfig-spotprovisioningspecification.html#cfn-elasticmapreduce-instancefleetconfig-spotprovisioningspecification-blockdurationminutes",
          "PrimitiveType": "Integer",
          "Required": false,
          "UpdateType": "Mutable"
        },
        "TimeoutAction": {
          "Documentation": "http://docs.aws.amazon.com/AWSCloudFormation/latest/UserGuide/aws-properties-elasticmapreduce-instancefleetconfig-spotprovisioningspecification.html#cfn-elasticmapreduce-instancefleetconfig-spotprovisioningspecification-timeoutaction",
          "PrimitiveType": "String",
          "Required": true,
          "UpdateType": "Mutable"
        },
        "TimeoutDurationMinutes": {
          "Documentation": "http://docs.aws.amazon.com/AWSCloudFormation/latest/UserGuide/aws-properties-elasticmapreduce-instancefleetconfig-spotprovisioningspecification.html#cfn-elasticmapreduce-instancefleetconfig-spotprovisioningspecification-timeoutdurationminutes",
          "PrimitiveType": "Integer",
          "Required": true,
          "UpdateType": "Mutable"
        }
      }
    },
    "AWS::EMR::InstanceFleetConfig.VolumeSpecification": {
      "Documentation": "http://docs.aws.amazon.com/AWSCloudFormation/latest/UserGuide/aws-properties-elasticmapreduce-instancefleetconfig-volumespecification.html",
      "Properties": {
        "Iops": {
          "Documentation": "http://docs.aws.amazon.com/AWSCloudFormation/latest/UserGuide/aws-properties-elasticmapreduce-instancefleetconfig-volumespecification.html#cfn-elasticmapreduce-instancefleetconfig-volumespecification-iops",
          "PrimitiveType": "Integer",
          "Required": false,
          "UpdateType": "Immutable"
        },
        "SizeInGB": {
          "Documentation": "http://docs.aws.amazon.com/AWSCloudFormation/latest/UserGuide/aws-properties-elasticmapreduce-instancefleetconfig-volumespecification.html#cfn-elasticmapreduce-instancefleetconfig-volumespecification-sizeingb",
          "PrimitiveType": "Integer",
          "Required": true,
          "UpdateType": "Immutable"
        },
        "VolumeType": {
          "Documentation": "http://docs.aws.amazon.com/AWSCloudFormation/latest/UserGuide/aws-properties-elasticmapreduce-instancefleetconfig-volumespecification.html#cfn-elasticmapreduce-instancefleetconfig-volumespecification-volumetype",
          "PrimitiveType": "String",
          "Required": true,
          "UpdateType": "Immutable"
        }
      }
    }
  },
  "ResourceType": {
    "AWS::EMR::InstanceFleetConfig": {
      "Documentation": "http://docs.aws.amazon.com/AWSCloudFormation/latest/UserGuide/aws-resource-elasticmapreduce-instancefleetconfig.html",
      "Properties": {
        "ClusterId": {
          "Documentation": "http://docs.aws.amazon.com/AWSCloudFormation/latest/UserGuide/aws-resource-elasticmapreduce-instancefleetconfig.html#cfn-elasticmapreduce-instancefleetconfig-clusterid",
          "PrimitiveType": "String",
          "Required": true,
          "UpdateType": "Immutable"
        },
        "InstanceFleetType": {
          "Documentation": "http://docs.aws.amazon.com/AWSCloudFormation/latest/UserGuide/aws-resource-elasticmapreduce-instancefleetconfig.html#cfn-elasticmapreduce-instancefleetconfig-instancefleettype",
          "PrimitiveType": "String",
          "Required": true,
          "UpdateType": "Immutable"
        },
        "InstanceTypeConfigs": {
          "Documentation": "http://docs.aws.amazon.com/AWSCloudFormation/latest/UserGuide/aws-resource-elasticmapreduce-instancefleetconfig.html#cfn-elasticmapreduce-instancefleetconfig-instancetypeconfigs",
          "DuplicatesAllowed": false,
          "ItemType": "InstanceTypeConfig",
          "Required": false,
          "Type": "List",
          "UpdateType": "Immutable"
        },
        "LaunchSpecifications": {
          "Documentation": "http://docs.aws.amazon.com/AWSCloudFormation/latest/UserGuide/aws-resource-elasticmapreduce-instancefleetconfig.html#cfn-elasticmapreduce-instancefleetconfig-launchspecifications",
          "Required": false,
          "Type": "InstanceFleetProvisioningSpecifications",
          "UpdateType": "Immutable"
        },
        "Name": {
          "Documentation": "http://docs.aws.amazon.com/AWSCloudFormation/latest/UserGuide/aws-resource-elasticmapreduce-instancefleetconfig.html#cfn-elasticmapreduce-instancefleetconfig-name",
          "PrimitiveType": "String",
          "Required": false,
          "UpdateType": "Immutable"
        },
        "TargetOnDemandCapacity": {
          "Documentation": "http://docs.aws.amazon.com/AWSCloudFormation/latest/UserGuide/aws-resource-elasticmapreduce-instancefleetconfig.html#cfn-elasticmapreduce-instancefleetconfig-targetondemandcapacity",
          "PrimitiveType": "Integer",
          "Required": false,
          "UpdateType": "Mutable"
        },
        "TargetSpotCapacity": {
          "Documentation": "http://docs.aws.amazon.com/AWSCloudFormation/latest/UserGuide/aws-resource-elasticmapreduce-instancefleetconfig.html#cfn-elasticmapreduce-instancefleetconfig-targetspotcapacity",
          "PrimitiveType": "Integer",
          "Required": false,
          "UpdateType": "Mutable"
        }
      }
    }
  },
  "ResourceSpecificationVersion": "114.0.0"
}