{
  "PropertyTypes": {
    "AWS::EMR::InstanceGroupConfig.AutoScalingPolicy": {
      "Documentation": "http://docs.aws.amazon.com/AWSCloudFormation/latest/UserGuide/aws-properties-elasticmapreduce-instancegroupconfig-autoscalingpolicy.html",
      "Properties": {
        "Constraints": {
          "Documentation": "http://docs.aws.amazon.com/AWSCloudFormation/latest/UserGuide/aws-properties-elasticmapreduce-instancegroupconfig-autoscalingpolicy.html#cfn-elasticmapreduce-instancegroupconfig-autoscalingpolicy-constraints",
          "Required": true,
          "Type": "ScalingConstraints",
          "UpdateType": "Mutable"
        },
        "Rules": {
          "Documentation": "http://docs.aws.amazon.com/AWSCloudFormation/latest/UserGuide/aws-properties-elasticmapreduce-instancegroupconfig-autoscalingpolicy.html#cfn-elasticmapreduce-instancegroupconfig-autoscalingpolicy-rules",
          "DuplicatesAllowed": false,
          "ItemType": "ScalingRule",
          "Required": true,
          "Type": "List",
          "UpdateType": "Mutable"
        }
      }
    },
    "AWS::EMR::InstanceGroupConfig.CloudWatchAlarmDefinition": {
      "Documentation": "http://docs.aws.amazon.com/AWSCloudFormation/latest/UserGuide/aws-properties-elasticmapreduce-instancegroupconfig-cloudwatchalarmdefinition.html",
      "Properties": {
        "ComparisonOperator": {
          "Documentation": "http://docs.aws.amazon.com/AWSCloudFormation/latest/UserGuide/aws-properties-elasticmapreduce-instancegroupconfig-cloudwatchalarmdefinition.html#cfn-elasticmapreduce-instancegroupconfig-cloudwatchalarmdefinition-comparisonoperator",
          "PrimitiveType": "String",
          "Required": true,
          "UpdateType": "Mutable"
        },
        "Dimensions": {
          "Documentation": "http://docs.aws.amazon.com/AWSCloudFormation/latest/UserGuide/aws-properties-elasticmapreduce-instancegroupconfig-cloudwatchalarmdefinition.html#cfn-elasticmapreduce-instancegroupconfig-cloudwatchalarmdefinition-dimensions",
          "DuplicatesAllowed": false,
          "ItemType": "MetricDimension",
          "Required": false,
          "Type": "List",
          "UpdateType": "Mutable"
        },
        "EvaluationPeriods": {
          "Documentation": "http://docs.aws.amazon.com/AWSCloudFormation/latest/UserGuide/aws-properties-elasticmapreduce-instancegroupconfig-cloudwatchalarmdefinition.html#cfn-elasticmapreduce-instancegroupconfig-cloudwatchalarmdefinition-evaluationperiods",
          "PrimitiveType": "Integer",
          "Required": false,
          "UpdateType": "Mutable"
        },
        "MetricName": {
          "Documentation": "http://docs.aws.amazon.com/AWSCloudFormation/latest/UserGuide/aws-properties-elasticmapreduce-instancegroupconfig-cloudwatchalarmdefinition.html#cfn-elasticmapreduce-instancegroupconfig-cloudwatchalarmdefinition-metricname",
          "PrimitiveType": "String",
          "Required": true,
          "UpdateType": "Mutable"
        },
        "Namespace": {
          "Documentation": "http://docs.aws.amazon.com/AWSCloudFormation/latest/UserGuide/aws-properties-elasticmapreduce-instancegroupconfig-cloudwatchalarmdefinition.html#cfn-elasticmapreduce-instancegroupconfig-cloudwatchalarmdefinition-namespace",
          "PrimitiveType": "String",
          "Required": false,
          "UpdateType": "Mutable"
        },
        "Period": {
          "Documentation": "http://docs.aws.amazon.com/AWSCloudFormation/latest/UserGuide/aws-properties-elasticmapreduce-instancegroupconfig-cloudwatchalarmdefinition.html#cfn-elasticmapreduce-instancegroupconfig-cloudwatchalarmdefinition-period",
          "PrimitiveType": "Integer",
          "Required": true,
          "UpdateType": "Mutable"
        },
        "Statistic": {
          "Documentation": "http://docs.aws.amazon.com/AWSCloudFormation/latest/UserGuide/aws-properties-elasticmapreduce-instancegroupconfig-cloudwatchalarmdefinition.html#cfn-elasticmapreduce-instancegroupconfig-cloudwatchalarmdefinition-statistic",
          "PrimitiveType": "String",
          "Required": false,
          "UpdateType": "Mutable"
        },
        "Threshold": {
          "Documentation": "http://docs.aws.amazon.com/AWSCloudFormation/latest/UserGuide/aws-properties-elasticmapreduce-instancegroupconfig-cloudwatchalarmdefinition.html#cfn-elasticmapreduce-instancegroupconfig-cloudwatchalarmdefinition-threshold",
          "PrimitiveType": "Double",
          "Required": true,
          "UpdateType": "Mutable"
        },
        "Unit": {
          "Documentation": "http://docs.aws.amazon.com/AWSCloudFormation/latest/UserGuide/aws-properties-elasticmapreduce-instancegroupconfig-cloudwatchalarmdefinition.html#cfn-elasticmapreduce-instancegroupconfig-cloudwatchalarmdefinition-unit",
          "PrimitiveType": "String",
          "Required": false,
          "UpdateType": "Mutable"
        }
      }
    },
    "AWS::EMR::InstanceGroupConfig.Configuration": {
      "Documentation": "http://docs.aws.amazon.com/AWSCloudFormation/latest/UserGuide/aws-properties-emr-cluster-configuration.html",
      "Properties": {
        "Classification": {
          "Documentation": "http://docs.aws.amazon.com/AWSCloudFormation/latest/UserGuide/aws-properties-emr-cluster-configuration.html#cfn-emr-cluster-configuration-classification",
          "PrimitiveType": "String",
          "Required": false,
          "UpdateType": "Immutable"
        },
        "ConfigurationProperties": {
          "Documentation": "http://docs.aws.amazon.com/AWSCloudFormation/latest/UserGuide/aws-properties-emr-cluster-configuration.html#cfn-emr-cluster-configuration-configurationproperties",
          "DuplicatesAllowed": false,
          "PrimitiveItemType": "String",
          "Required": false,
          "Type": "Map",
          "UpdateType": "Immutable"
        },
        "Configurations": {
          "Documentation": "http://docs.aws.amazon.com/AWSCloudFormation/latest/UserGuide/aws-properties-emr-cluster-configuration.html#cfn-emr-cluster-configuration-configurations",
          "DuplicatesAllowed": false,
          "ItemType": "Configuration",
          "Required": false,
          "Type": "List",
          "UpdateType": "Immutable"
        }
      }
    },
    "AWS::EMR::InstanceGroupConfig.EbsBlockDeviceConfig": {
      "Documentation": "http://docs.aws.amazon.com/AWSCloudFormation/latest/UserGuide/aws-properties-emr-ebsconfiguration-ebsblockdeviceconfig.html",
      "Properties": {
        "VolumeSpecification": {
          "Documentation": "http://docs.aws.amazon.com/AWSCloudFormation/latest/UserGuide/aws-properties-emr-ebsconfiguration-ebsblockdeviceconfig.html#cfn-emr-ebsconfiguration-ebsblockdeviceconfig-volumespecification",
          "Required": true,
          "Type": "VolumeSpecification",
          "UpdateType": "Mutable"
        },
        "VolumesPerInstance": {
          "Documentation": "http://docs.aws.amazon.com/AWSCloudFormation/latest/UserGuide/aws-properties-emr-ebsconfiguration-ebsblockdeviceconfig.html#cfn-emr-ebsconfiguration-ebsblockdeviceconfig-volumesperinstance",
          "PrimitiveType": "Integer",
          "Required": false,
          "UpdateType": "Mutable"
        }
      }
    },
    "AWS::EMR::InstanceGroupConfig.EbsConfiguration": {
      "Documentation": "http://docs.aws.amazon.com/AWSCloudFormation/latest/UserGuide/aws-properties-emr-ebsconfiguration.html",
      "Properties": {
        "EbsBlockDeviceConfigs": {
          "Documentation": "http://docs.aws.amazon.com/AWSCloudFormation/latest/UserGuide/aws-properties-emr-ebsconfiguration.html#cfn-emr-ebsconfiguration-ebsblockdeviceconfigs",
          "DuplicatesAllowed": false,
          "ItemType": "EbsBlockDeviceConfig",
          "Required": false,
          "Type": "List",
          "UpdateType": "Mutable"
        },
        "EbsOptimized": {
          "Documentation": "http://docs.aws.amazon.com/AWSCloudFormation/latest/UserGuide/aws-properties-emr-ebsconfiguration.html#cfn-emr-ebsconfiguration-ebsoptimized",
          "PrimitiveType": "Boolean",
          "Required": false,
          "UpdateType": "Mutable"
        }
      }
    },
    "AWS::EMR::InstanceGroupConfig.MetricDimension": {
      "Documentation": "http://docs.aws.amazon.com/AWSCloudFormation/latest/UserGuide/aws-properties-elasticmapreduce-instancegroupconfig-metricdimension.html",
      "Properties": {
        "Key": {
          "Documentation": "http://docs.aws.amazon.com/AWSCloudFormation/latest/UserGuide/aws-properties-elasticmapreduce-instancegroupconfig-metricdimension.html#cfn-elasticmapreduce-instancegroupconfig-metricdimension-key",
          "PrimitiveType": "String",
          "Required": true,
          "UpdateType": "Mutable"
        },
        "Value": {
          "Documentation": "http://docs.aws.amazon.com/AWSCloudFormation/latest/UserGuide/aws-properties-elasticmapreduce-instancegroupconfig-metricdimension.html#cfn-elasticmapreduce-instancegroupconfig-metricdimension-value",
          "PrimitiveType": "String",
          "Required": true,
          "UpdateType": "Mutable"
        }
      }
    },
    "AWS::EMR::InstanceGroupConfig.ScalingAction": {
      "Documentation": "http://docs.aws.amazon.com/AWSCloudFormation/latest/UserGuide/aws-properties-elasticmapreduce-instancegroupconfig-scalingaction.html",
      "Properties": {
        "Market": {
          "Documentation": "http://docs.aws.amazon.com/AWSCloudFormation/latest/UserGuide/aws-properties-elasticmapreduce-instancegroupconfig-scalingaction.html#cfn-elasticmapreduce-instancegroupconfig-scalingaction-market",
          "PrimitiveType": "String",
          "Required": false,
          "UpdateType": "Mutable"
        },
        "SimpleScalingPolicyConfiguration": {
          "Documentation": "http://docs.aws.amazon.com/AWSCloudFormation/latest/UserGuide/aws-properties-elasticmapreduce-instancegroupconfig-scalingaction.html#cfn-elasticmapreduce-instancegroupconfig-scalingaction-simplescalingpolicyconfiguration",
          "Required": true,
          "Type": "SimpleScalingPolicyConfiguration",
          "UpdateType": "Mutable"
        }
      }
    },
    "AWS::EMR::InstanceGroupConfig.ScalingConstraints": {
      "Documentation": "http://docs.aws.amazon.com/AWSCloudFormation/latest/UserGuide/aws-properties-elasticmapreduce-instancegroupconfig-scalingconstraints.html",
      "Properties": {
        "MaxCapacity": {
          "Documentation": "http://docs.aws.amazon.com/AWSCloudFormation/latest/UserGuide/aws-properties-elasticmapreduce-instancegroupconfig-scalingconstraints.html#cfn-elasticmapreduce-instancegroupconfig-scalingconstraints-maxcapacity",
          "PrimitiveType": "Integer",
          "Required": true,
          "UpdateType": "Mutable"
        },
        "MinCapacity": {
          "Documentation": "http://docs.aws.amazon.com/AWSCloudFormation/latest/UserGuide/aws-properties-elasticmapreduce-instancegroupconfig-scalingconstraints.html#cfn-elasticmapreduce-instancegroupconfig-scalingconstraints-mincapacity",
          "PrimitiveType": "Integer",
          "Required": true,
          "UpdateType": "Mutable"
        }
      }
    },
    "AWS::EMR::InstanceGroupConfig.ScalingRule": {
      "Documentation": "http://docs.aws.amazon.com/AWSCloudFormation/latest/UserGuide/aws-properties-elasticmapreduce-instancegroupconfig-scalingrule.html",
      "Properties": {
        "Action": {
          "Documentation": "http://docs.aws.amazon.com/AWSCloudFormation/latest/UserGuide/aws-properties-elasticmapreduce-instancegroupconfig-scalingrule.html#cfn-elasticmapreduce-instancegroupconfig-scalingrule-action",
          "Required": true,
          "Type": "ScalingAction",
          "UpdateType": "Mutable"
        },
        "Description": {
          "Documentation": "http://docs.aws.amazon.com/AWSCloudFormation/latest/UserGuide/aws-properties-elasticmapreduce-instancegroupconfig-scalingrule.html#cfn-elasticmapreduce-instancegroupconfig-scalingrule-description",
          "PrimitiveType": "String",
          "Required": false,
          "UpdateType": "Mutable"
        },
        "Name": {
          "Documentation": "http://docs.aws.amazon.com/AWSCloudFormation/latest/UserGuide/aws-properties-elasticmapreduce-instancegroupconfig-scalingrule.html#cfn-elasticmapreduce-instancegroupconfig-scalingrule-name",
          "PrimitiveType": "String",
          "Required": true,
          "UpdateType": "Mutable"
        },
        "Trigger": {
          "Documentation": "http://docs.aws.amazon.com/AWSCloudFormation/latest/UserGuide/aws-properties-elasticmapreduce-instancegroupconfig-scalingrule.html#cfn-elasticmapreduce-instancegroupconfig-scalingrule-trigger",
          "Required": true,
          "Type": "ScalingTrigger",
          "UpdateType": "Mutable"
        }
      }
    },
    "AWS::EMR::InstanceGroupConfig.ScalingTrigger": {
      "Documentation": "http://docs.aws.amazon.com/AWSCloudFormation/latest/UserGuide/aws-properties-elasticmapreduce-instancegroupconfig-scalingtrigger.html",
      "Properties": {
        "CloudWatchAlarmDefinition": {
          "Documentation": "http://docs.aws.amazon.com/AWSCloudFormation/latest/UserGuide/aws-properties-elasticmapreduce-instancegroupconfig-scalingtrigger.html#cfn-elasticmapreduce-instancegroupconfig-scalingtrigger-cloudwatchalarmdefinition",
          "Required": true,
          "Type": "CloudWatchAlarmDefinition",
          "UpdateType": "Mutable"
        }
      }
    },
    "AWS::EMR::InstanceGroupConfig.SimpleScalingPolicyConfiguration": {
      "Documentation": "http://docs.aws.amazon.com/AWSCloudFormation/latest/UserGuide/aws-properties-elasticmapreduce-instancegroupconfig-simplescalingpolicyconfiguration.html",
      "Properties": {
        "AdjustmentType": {
          "Documentation": "http://docs.aws.amazon.com/AWSCloudFormation/latest/UserGuide/aws-properties-elasticmapreduce-instancegroupconfig-simplescalingpolicyconfiguration.html#cfn-elasticmapreduce-instancegroupconfig-simplescalingpolicyconfiguration-adjustmenttype",
          "PrimitiveType": "String",
          "Required": false,
          "UpdateType": "Mutable"
        },
        "CoolDown": {
          "Documentation": "http://docs.aws.amazon.com/AWSCloudFormation/latest/UserGuide/aws-properties-elasticmapreduce-instancegroupconfig-simplescalingpolicyconfiguration.html#cfn-elasticmapreduce-instancegroupconfig-simplescalingpolicyconfiguration-cooldown",
          "PrimitiveType": "Integer",
          "Required": false,
          "UpdateType": "Mutable"
        },
        "ScalingAdjustment": {
          "Documentation": "http://docs.aws.amazon.com/AWSCloudFormation/latest/UserGuide/aws-properties-elasticmapreduce-instancegroupconfig-simplescalingpolicyconfiguration.html#cfn-elasticmapreduce-instancegroupconfig-simplescalingpolicyconfiguration-scalingadjustment",
          "PrimitiveType": "Integer",
          "Required": true,
          "UpdateType": "Mutable"
        }
      }
    },
    "AWS::EMR::InstanceGroupConfig.VolumeSpecification": {
      "Documentation": "http://docs.aws.amazon.com/AWSCloudFormation/latest/UserGuide/aws-properties-emr-ebsconfiguration-ebsblockdeviceconfig-volumespecification.html",
      "Properties": {
        "Iops": {
          "Documentation": "http://docs.aws.amazon.com/AWSCloudFormation/latest/UserGuide/aws-properties-emr-ebsconfiguration-ebsblockdeviceconfig-volumespecification.html#cfn-emr-ebsconfiguration-ebsblockdeviceconfig-volumespecification-iops",
          "PrimitiveType": "Integer",
          "Required": false,
          "UpdateType": "Mutable"
        },
        "SizeInGB": {
          "Documentation": "http://docs.aws.amazon.com/AWSCloudFormation/latest/UserGuide/aws-properties-emr-ebsconfiguration-ebsblockdeviceconfig-volumespecification.html#cfn-emr-ebsconfiguration-ebsblockdeviceconfig-volumespecification-sizeingb",
          "PrimitiveType": "Integer",
          "Required": true,
          "UpdateType": "Mutable"
        },
        "VolumeType": {
          "Documentation": "http://docs.aws.amazon.com/AWSCloudFormation/latest/UserGuide/aws-properties-emr-ebsconfiguration-ebsblockdeviceconfig-volumespecification.html#cfn-emr-ebsconfiguration-ebsblockdeviceconfig-volumespecification-volumetype",
          "PrimitiveType": "String",
          "Required": true,
          "UpdateType": "Mutable"
        }
      }
    }
  },
  "ResourceType": {
    "AWS::EMR::InstanceGroupConfig": {
      "Documentation": "http://docs.aws.amazon.com/AWSCloudFormation/latest/UserGuide/aws-resource-emr-instancegroupconfig.html",
      "Properties": {
        "AutoScalingPolicy": {
          "Documentation": "http://docs.aws.amazon.com/AWSCloudFormation/latest/UserGuide/aws-resource-emr-instancegroupconfig.html#cfn-elasticmapreduce-instancegroupconfig-autoscalingpolicy",
          "Required": false,
          "Type": "AutoScalingPolicy",
          "UpdateType": "Mutable"
        },
        "BidPrice": {
          "Documentation": "http://docs.aws.amazon.com/AWSCloudFormation/latest/UserGuide/aws-resource-emr-instancegroupconfig.html#cfn-emr-instancegroupconfig-bidprice",
          "PrimitiveType": "String",
          "Required": false,
          "UpdateType": "Immutable"
        },
        "Configurations": {
          "Documentation": "http://docs.aws.amazon.com/AWSCloudFormation/latest/UserGuide/aws-resource-emr-instancegroupconfig.html#cfn-emr-instancegroupconfig-configurations",
          "DuplicatesAllowed": false,
          "ItemType": "Configuration",
          "Required": false,
          "Type": "List",
          "UpdateType": "Immutable"
        },
        "CustomAmiId": {
          "Documentation": "http://docs.aws.amazon.com/AWSCloudFormation/latest/UserGuide/aws-resource-emr-instancegroupconfig.html#cfn-emr-instancegroupconfig-customamiid",
          "PrimitiveType": "String",
          "Required": false,
          "UpdateType": "Immutable"
        },
        "EbsConfiguration": {
          "Documentation": "http://docs.aws.amazon.com/AWSCloudFormation/latest/UserGuide/aws-resource-emr-instancegroupconfig.html#cfn-emr-instancegroupconfig-ebsconfiguration",
          "Required": false,
          "Type": "EbsConfiguration",
          "UpdateType": "Immutable"
        },
        "InstanceCount": {
          "Documentation": "http://docs.aws.amazon.com/AWSCloudFormation/latest/UserGuide/aws-resource-emr-instancegroupconfig.html#cfn-emr-instancegroupconfiginstancecount-",
          "PrimitiveType": "Integer",
          "Required": true,
          "UpdateType": "Mutable"
        },
        "InstanceRole": {
          "Documentation": "http://docs.aws.amazon.com/AWSCloudFormation/latest/UserGuide/aws-resource-emr-instancegroupconfig.html#cfn-emr-instancegroupconfig-instancerole",
          "PrimitiveType": "String",
          "Required": true,
          "UpdateType": "Immutable"
        },
        "InstanceType": {
          "Documentation": "http://docs.aws.amazon.com/AWSCloudFormation/latest/UserGuide/aws-resource-emr-instancegroupconfig.html#cfn-emr-instancegroupconfig-instancetype",
          "PrimitiveType": "String",
          "Required": true,
          "UpdateType": "Immutable"
        },
        "JobFlowId": {
          "Documentation": "http://docs.aws.amazon.com/AWSCloudFormation/latest/UserGuide/aws-resource-emr-instancegroupconfig.html#cfn-emr-instancegroupconfig-jobflowid",
          "PrimitiveType": "String",
          "Required": true,
          "UpdateType": "Immutable"
        },
        "Market": {
          "Documentation": "http://docs.aws.amazon.com/AWSCloudFormation/latest/UserGuide/aws-resource-emr-instancegroupconfig.html#cfn-emr-instancegroupconfig-market",
          "PrimitiveType": "String",
          "Required": false,
          "UpdateType": "Immutable"
        },
        "Name": {
          "Documentation": "http://docs.aws.amazon.com/AWSCloudFormation/latest/UserGuide/aws-resource-emr-instancegroupconfig.html#cfn-emr-instancegroupconfig-name",
          "PrimitiveType": "String",
          "Required": false,
          "UpdateType": "Immutable"
        }
      }
    }
  },
  "ResourceSpecificationVersion": "114.0.0"
}