{
  "PropertyTypes": {
    "AWS::EMRServerless::Application.ImageConfigurationInput": {
      "Documentation": "http://docs.aws.amazon.com/AWSCloudFormation/latest/UserGuide/aws-properties-emrserverless-application-imageconfigurationinput.html",
      "Properties": {
        "ImageUri": {
          "Documentation": "http://docs.aws.amazon.com/AWSCloudFormation/latest/UserGuide/aws-properties-emrserverless-application-imageconfigurationinput.html#cfn-emrserverless-application-imageconfigurationinput-imageuri",
          "UpdateType": "Mutable",
          "Required": false,
          "PrimitiveType": "String"
        }
      }
    },
    "AWS::EMRServerless::Application.WorkerTypeSpecificationInput": {
      "Documentation": "http://docs.aws.amazon.com/AWSCloudFormation/latest/UserGuide/aws-properties-emrserverless-application-workertypespecificationinput.html",
      "Properties": {
        "ImageConfiguration": {
          "Documentation": "http://docs.aws.amazon.com/AWSCloudFormation/latest/UserGuide/aws-properties-emrserverless-application-workertypespecificationinput.html#cfn-emrserverless-application-workertypespecificationinput-imageconfiguration",
          "UpdateType": "Mutable",
          "Required": false,
          "Type": "ImageConfigurationInput"
        }
      }
    },
    "AWS::EMRServerless::Application.AutoStopConfiguration": {
      "Documentation": "http://docs.aws.amazon.com/AWSCloudFormation/latest/UserGuide/aws-properties-emrserverless-application-autostopconfiguration.html",
      "Properties": {
        "Enabled": {
          "Documentation": "http://docs.aws.amazon.com/AWSCloudFormation/latest/UserGuide/aws-properties-emrserverless-application-autostopconfiguration.html#cfn-emrserverless-application-autostopconfiguration-enabled",
          "UpdateType": "Mutable",
          "Required": false,
          "PrimitiveType": "Boolean"
        },
        "IdleTimeoutMinutes": {
          "Documentation": "http://docs.aws.amazon.com/AWSCloudFormation/latest/UserGuide/aws-properties-emrserverless-application-autostopconfiguration.html#cfn-emrserverless-application-autostopconfiguration-idletimeoutminutes",
          "UpdateType": "Mutable",
          "Required": false,
          "PrimitiveType": "Integer"
        }
      }
    },
    "AWS::EMRServerless::Application.AutoStartConfiguration": {
      "Documentation": "http://docs.aws.amazon.com/AWSCloudFormation/latest/UserGuide/aws-properties-emrserverless-application-autostartconfiguration.html",
      "Properties": {
        "Enabled": {
          "Documentation": "http://docs.aws.amazon.com/AWSCloudFormation/latest/UserGuide/aws-properties-emrserverless-application-autostartconfiguration.html#cfn-emrserverless-application-autostartconfiguration-enabled",
          "UpdateType": "Mutable",
          "Required": false,
          "PrimitiveType": "Boolean"
        }
      }
    },
    "AWS::EMRServerless::Application.InitialCapacityConfig": {
      "Documentation": "http://docs.aws.amazon.com/AWSCloudFormation/latest/UserGuide/aws-properties-emrserverless-application-initialcapacityconfig.html",
      "Properties": {
        "WorkerConfiguration": {
          "Documentation": "http://docs.aws.amazon.com/AWSCloudFormation/latest/UserGuide/aws-properties-emrserverless-application-initialcapacityconfig.html#cfn-emrserverless-application-initialcapacityconfig-workerconfiguration",
          "UpdateType": "Mutable",
          "Required": true,
          "Type": "WorkerConfiguration"
        },
        "WorkerCount": {
          "Documentation": "http://docs.aws.amazon.com/AWSCloudFormation/latest/UserGuide/aws-properties-emrserverless-application-initialcapacityconfig.html#cfn-emrserverless-application-initialcapacityconfig-workercount",
          "UpdateType": "Mutable",
          "Required": true,
          "PrimitiveType": "Integer"
        }
      }
    },
    "AWS::EMRServerless::Application.MaximumAllowedResources": {
      "Documentation": "http://docs.aws.amazon.com/AWSCloudFormation/latest/UserGuide/aws-properties-emrserverless-application-maximumallowedresources.html",
      "Properties": {
        "Memory": {
          "Documentation": "http://docs.aws.amazon.com/AWSCloudFormation/latest/UserGuide/aws-properties-emrserverless-application-maximumallowedresources.html#cfn-emrserverless-application-maximumallowedresources-memory",
          "UpdateType": "Mutable",
          "Required": true,
          "PrimitiveType": "String"
        },
        "Cpu": {
          "Documentation": "http://docs.aws.amazon.com/AWSCloudFormation/latest/UserGuide/aws-properties-emrserverless-application-maximumallowedresources.html#cfn-emrserverless-application-maximumallowedresources-cpu",
          "UpdateType": "Mutable",
          "Required": true,
          "PrimitiveType": "String"
        },
        "Disk": {
          "Documentation": "http://docs.aws.amazon.com/AWSCloudFormation/latest/UserGuide/aws-properties-emrserverless-application-maximumallowedresources.html#cfn-emrserverless-application-maximumallowedresources-disk",
          "UpdateType": "Mutable",
          "Required": false,
          "PrimitiveType": "String"
        }
      }
    },
    "Tag": {
      "Documentation": "http://docs.aws.amazon.com/AWSCloudFormation/latest/UserGuide/aws-properties-resource-tags.html",
      "Properties": {
        "Value": {
          "Documentation": "http://docs.aws.amazon.com/AWSCloudFormation/latest/UserGuide/aws-properties-resource-tags.html#cfn-resource-tags-value",
          "UpdateType": "Mutable",
          "Required": true,
          "PrimitiveType": "String"
        },
        "Key": {
          "Documentation": "http://docs.aws.amazon.com/AWSCloudFormation/latest/UserGuide/aws-properties-resource-tags.html#cfn-resource-tags-key",
          "UpdateType": "Mutable",
          "Required": true,
          "PrimitiveType": "String"
        }
      }
    },
    "AWS::EMRServerless::Application.InitialCapacityConfigKeyValuePair": {
      "Documentation": "http://docs.aws.amazon.com/AWSCloudFormation/latest/UserGuide/aws-properties-emrserverless-application-initialcapacityconfigkeyvaluepair.html",
      "Properties": {
        "Value": {
          "Documentation": "http://docs.aws.amazon.com/AWSCloudFormation/latest/UserGuide/aws-properties-emrserverless-application-initialcapacityconfigkeyvaluepair.html#cfn-emrserverless-application-initialcapacityconfigkeyvaluepair-value",
          "UpdateType": "Mutable",
          "Required": true,
          "Type": "InitialCapacityConfig"
        },
        "Key": {
          "Documentation": "http://docs.aws.amazon.com/AWSCloudFormation/latest/UserGuide/aws-properties-emrserverless-application-initialcapacityconfigkeyvaluepair.html#cfn-emrserverless-application-initialcapacityconfigkeyvaluepair-key",
          "UpdateType": "Mutable",
          "Required": true,
          "PrimitiveType": "String"
        }
      }
    },
    "AWS::EMRServerless::Application.NetworkConfiguration": {
      "Documentation": "http://docs.aws.amazon.com/AWSCloudFormation/latest/UserGuide/aws-properties-emrserverless-application-networkconfiguration.html",
      "Properties": {
        "SubnetIds": {
          "Documentation": "http://docs.aws.amazon.com/AWSCloudFormation/latest/UserGuide/aws-properties-emrserverless-application-networkconfiguration.html#cfn-emrserverless-application-networkconfiguration-subnetids",
          "UpdateType": "Mutable",
          "Required": false,
          "Type": "List",
          "PrimitiveItemType": "String",
          "DuplicatesAllowed": false
        },
        "SecurityGroupIds": {
          "Documentation": "http://docs.aws.amazon.com/AWSCloudFormation/latest/UserGuide/aws-properties-emrserverless-application-networkconfiguration.html#cfn-emrserverless-application-networkconfiguration-securitygroupids",
          "UpdateType": "Mutable",
          "Required": false,
          "Type": "List",
          "PrimitiveItemType": "String",
          "DuplicatesAllowed": false
        }
      }
    },
    "AWS::EMRServerless::Application.WorkerConfiguration": {
      "Documentation": "http://docs.aws.amazon.com/AWSCloudFormation/latest/UserGuide/aws-properties-emrserverless-application-workerconfiguration.html",
      "Properties": {
        "Memory": {
          "Documentation": "http://docs.aws.amazon.com/AWSCloudFormation/latest/UserGuide/aws-properties-emrserverless-application-workerconfiguration.html#cfn-emrserverless-application-workerconfiguration-memory",
          "UpdateType": "Mutable",
          "Required": true,
          "PrimitiveType": "String"
        },
        "Cpu": {
          "Documentation": "http://docs.aws.amazon.com/AWSCloudFormation/latest/UserGuide/aws-properties-emrserverless-application-workerconfiguration.html#cfn-emrserverless-application-workerconfiguration-cpu",
          "UpdateType": "Mutable",
          "Required": true,
          "PrimitiveType": "String"
        },
        "Disk": {
          "Documentation": "http://docs.aws.amazon.com/AWSCloudFormation/latest/UserGuide/aws-properties-emrserverless-application-workerconfiguration.html#cfn-emrserverless-application-workerconfiguration-disk",
          "UpdateType": "Mutable",
          "Required": false,
          "PrimitiveType": "String"
        }
      }
    }
  },
  "ResourceType": {
    "AWS::EMRServerless::Application": {
      "Documentation": "http://docs.aws.amazon.com/AWSCloudFormation/latest/UserGuide/aws-resource-emrserverless-application.html",
      "Properties": {
        "AutoStartConfiguration": {
          "Documentation": "http://docs.aws.amazon.com/AWSCloudFormation/latest/UserGuide/aws-resource-emrserverless-application.html#cfn-emrserverless-application-autostartconfiguration",
          "UpdateType": "Mutable",
          "Required": false,
          "Type": "AutoStartConfiguration"
        },
        "Type": {
          "Documentation": "http://docs.aws.amazon.com/AWSCloudFormation/latest/UserGuide/aws-resource-emrserverless-application.html#cfn-emrserverless-application-type",
          "UpdateType": "Immutable",
          "Required": true,
          "PrimitiveType": "String"
        },
        "Architecture": {
          "Documentation": "http://docs.aws.amazon.com/AWSCloudFormation/latest/UserGuide/aws-resource-emrserverless-application.html#cfn-emrserverless-application-architecture",
          "UpdateType": "Mutable",
          "Required": false,
          "PrimitiveType": "String"
        },
        "WorkerTypeSpecifications": {
          "Documentation": "http://docs.aws.amazon.com/AWSCloudFormation/latest/UserGuide/aws-resource-emrserverless-application.html#cfn-emrserverless-application-workertypespecifications",
          "UpdateType": "Mutable",
          "Required": false,
          "Type": "Map",
          "ItemType": "WorkerTypeSpecificationInput"
        },
        "InitialCapacity": {
          "Documentation": "http://docs.aws.amazon.com/AWSCloudFormation/latest/UserGuide/aws-resource-emrserverless-application.html#cfn-emrserverless-application-initialcapacity",
          "UpdateType": "Mutable",
          "Required": false,
          "Type": "List",
          "ItemType": "InitialCapacityConfigKeyValuePair",
          "DuplicatesAllowed": false
        },
        "ImageConfiguration": {
          "Documentation": "http://docs.aws.amazon.com/AWSCloudFormation/latest/UserGuide/aws-resource-emrserverless-application.html#cfn-emrserverless-application-imageconfiguration",
          "UpdateType": "Mutable",
          "Required": false,
          "Type": "ImageConfigurationInput"
        },
        "MaximumCapacity": {
          "Documentation": "http://docs.aws.amazon.com/AWSCloudFormation/latest/UserGuide/aws-resource-emrserverless-application.html#cfn-emrserverless-application-maximumcapacity",
          "UpdateType": "Mutable",
          "Required": false,
          "Type": "MaximumAllowedResources"
        },
        "AutoStopConfiguration": {
          "Documentation": "http://docs.aws.amazon.com/AWSCloudFormation/latest/UserGuide/aws-resource-emrserverless-application.html#cfn-emrserverless-application-autostopconfiguration",
          "UpdateType": "Mutable",
          "Required": false,
          "Type": "AutoStopConfiguration"
        },
        "NetworkConfiguration": {
          "Documentation": "http://docs.aws.amazon.com/AWSCloudFormation/latest/UserGuide/aws-resource-emrserverless-application.html#cfn-emrserverless-application-networkconfiguration",
          "UpdateType": "Mutable",
          "Required": false,
          "Type": "NetworkConfiguration"
        },
        "ReleaseLabel": {
          "Documentation": "http://docs.aws.amazon.com/AWSCloudFormation/latest/UserGuide/aws-resource-emrserverless-application.html#cfn-emrserverless-application-releaselabel",
          "UpdateType": "Immutable",
          "Required": true,
          "PrimitiveType": "String"
        },
        "Tags": {
          "Documentation": "http://docs.aws.amazon.com/AWSCloudFormation/latest/UserGuide/aws-resource-emrserverless-application.html#cfn-emrserverless-application-tags",
          "UpdateType": "Mutable",
          "Required": false,
          "Type": "List",
          "ItemType": "Tag",
          "DuplicatesAllowed": false
        },
        "Name": {
          "Documentation": "http://docs.aws.amazon.com/AWSCloudFormation/latest/UserGuide/aws-resource-emrserverless-application.html#cfn-emrserverless-application-name",
          "UpdateType": "Immutable",
          "Required": false,
          "PrimitiveType": "String"
        }
      },
      "Attributes": {
        "Arn": {
          "PrimitiveType": "String"
        },
        "ApplicationId": {
          "PrimitiveType": "String"
        }
      }
    }
  },
  "ResourceSpecificationVersion": "114.0.0"
}