{
  "PropertyTypes": {
    "AWS::EMR::Step.HadoopJarStepConfig": {
      "Documentation": "http://docs.aws.amazon.com/AWSCloudFormation/latest/UserGuide/aws-properties-elasticmapreduce-step-hadoopjarstepconfig.html",
      "Properties": {
        "Args": {
          "Documentation": "http://docs.aws.amazon.com/AWSCloudFormation/latest/UserGuide/aws-properties-elasticmapreduce-step-hadoopjarstepconfig.html#cfn-elasticmapreduce-step-hadoopjarstepconfig-args",
          "DuplicatesAllowed": false,
          "PrimitiveItemType": "String",
          "Required": false,
          "Type": "List",
          "UpdateType": "Immutable"
        },
        "Jar": {
          "Documentation": "http://docs.aws.amazon.com/AWSCloudFormation/latest/UserGuide/aws-properties-elasticmapreduce-step-hadoopjarstepconfig.html#cfn-elasticmapreduce-step-hadoopjarstepconfig-jar",
          "PrimitiveType": "String",
          "Required": true,
          "UpdateType": "Immutable"
        },
        "MainClass": {
          "Documentation": "http://docs.aws.amazon.com/AWSCloudFormation/latest/UserGuide/aws-properties-elasticmapreduce-step-hadoopjarstepconfig.html#cfn-elasticmapreduce-step-hadoopjarstepconfig-mainclass",
          "PrimitiveType": "String",
          "Required": false,
          "UpdateType": "Immutable"
        },
        "StepProperties": {
          "Documentation": "http://docs.aws.amazon.com/AWSCloudFormation/latest/UserGuide/aws-properties-elasticmapreduce-step-hadoopjarstepconfig.html#cfn-elasticmapreduce-step-hadoopjarstepconfig-stepproperties",
          "DuplicatesAllowed": false,
          "ItemType": "KeyValue",
          "Required": false,
          "Type": "List",
          "UpdateType": "Immutable"
        }
      }
    },
    "AWS::EMR::Step.KeyValue": {
      "Documentation": "http://docs.aws.amazon.com/AWSCloudFormation/latest/UserGuide/aws-properties-elasticmapreduce-step-keyvalue.html",
      "Properties": {
        "Key": {
          "Documentation": "http://docs.aws.amazon.com/AWSCloudFormation/latest/UserGuide/aws-properties-elasticmapreduce-step-keyvalue.html#cfn-elasticmapreduce-step-keyvalue-key",
          "PrimitiveType": "String",
          "Required": false,
          "UpdateType": "Immutable"
        },
        "Value": {
          "Documentation": "http://docs.aws.amazon.com/AWSCloudFormation/latest/UserGuide/aws-properties-elasticmapreduce-step-keyvalue.html#cfn-elasticmapreduce-step-keyvalue-value",
          "PrimitiveType": "String",
          "Required": false,
          "UpdateType": "Immutable"
        }
      }
    }
  },
  "ResourceType": {
    "AWS::EMR::Step": {
      "Documentation": "http://docs.aws.amazon.com/AWSCloudFormation/latest/UserGuide/aws-resource-emr-step.html",
      "Properties": {
        "ActionOnFailure": {
          "Documentation": "http://docs.aws.amazon.com/AWSCloudFormation/latest/UserGuide/aws-resource-emr-step.html#cfn-elasticmapreduce-step-actiononfailure",
          "PrimitiveType": "String",
          "Required": true,
          "UpdateType": "Immutable"
        },
        "HadoopJarStep": {
          "Documentation": "http://docs.aws.amazon.com/AWSCloudFormation/latest/UserGuide/aws-resource-emr-step.html#cfn-elasticmapreduce-step-hadoopjarstep",
          "Required": true,
          "Type": "HadoopJarStepConfig",
          "UpdateType": "Immutable"
        },
        "JobFlowId": {
          "Documentation": "http://docs.aws.amazon.com/AWSCloudFormation/latest/UserGuide/aws-resource-emr-step.html#cfn-elasticmapreduce-step-jobflowid",
          "PrimitiveType": "String",
          "Required": true,
          "UpdateType": "Immutable"
        },
        "Name": {
          "Documentation": "http://docs.aws.amazon.com/AWSCloudFormation/latest/UserGuide/aws-resource-emr-step.html#cfn-elasticmapreduce-step-name",
          "PrimitiveType": "String",
          "Required": true,
          "UpdateType": "Immutable"
        }
      }
    }
  },
  "ResourceSpecificationVersion": "114.0.0"
}