{
  "PropertyTypes": {
    "AWS::EventSchemas::Registry.TagsEntry": {
      "Documentation": "http://docs.aws.amazon.com/AWSCloudFormation/latest/UserGuide/aws-properties-eventschemas-registry-tagsentry.html",
      "Properties": {
        "Value": {
          "Required": true,
          "Documentation": "http://docs.aws.amazon.com/AWSCloudFormation/latest/UserGuide/aws-properties-eventschemas-registry-tagsentry.html#cfn-eventschemas-registry-tagsentry-value",
          "PrimitiveType": "String",
          "UpdateType": "Mutable"
        },
        "Key": {
          "Required": true,
          "Documentation": "http://docs.aws.amazon.com/AWSCloudFormation/latest/UserGuide/aws-properties-eventschemas-registry-tagsentry.html#cfn-eventschemas-registry-tagsentry-key",
          "PrimitiveType": "String",
          "UpdateType": "Mutable"
        }
      }
    }
  },
  "ResourceType": {
    "AWS::EventSchemas::Registry": {
      "Documentation": "http://docs.aws.amazon.com/AWSCloudFormation/latest/UserGuide/aws-resource-eventschemas-registry.html",
      "Attributes": {
        "RegistryName": {
          "PrimitiveType": "String"
        },
        "RegistryArn": {
          "PrimitiveType": "String"
        }
      },
      "Properties": {
        "Description": {
          "Required": false,
          "Documentation": "http://docs.aws.amazon.com/AWSCloudFormation/latest/UserGuide/aws-resource-eventschemas-registry.html#cfn-eventschemas-registry-description",
          "PrimitiveType": "String",
          "UpdateType": "Mutable"
        },
        "RegistryName": {
          "Required": false,
          "Documentation": "http://docs.aws.amazon.com/AWSCloudFormation/latest/UserGuide/aws-resource-eventschemas-registry.html#cfn-eventschemas-registry-registryname",
          "PrimitiveType": "String",
          "UpdateType": "Immutable"
        },
        "Tags": {
          "Type": "List",
          "Required": false,
          "Documentation": "http://docs.aws.amazon.com/AWSCloudFormation/latest/UserGuide/aws-resource-eventschemas-registry.html#cfn-eventschemas-registry-tags",
          "ItemType": "TagsEntry",
          "UpdateType": "Mutable"
        }
      }
    }
  },
  "ResourceSpecificationVersion": "114.0.0"
}