{
  "PropertyTypes": {
    "AWS::EventSchemas::Schema.TagsEntry": {
      "Documentation": "http://docs.aws.amazon.com/AWSCloudFormation/latest/UserGuide/aws-properties-eventschemas-schema-tagsentry.html",
      "Properties": {
        "Value": {
          "Required": true,
          "Documentation": "http://docs.aws.amazon.com/AWSCloudFormation/latest/UserGuide/aws-properties-eventschemas-schema-tagsentry.html#cfn-eventschemas-schema-tagsentry-value",
          "PrimitiveType": "String",
          "UpdateType": "Mutable"
        },
        "Key": {
          "Required": true,
          "Documentation": "http://docs.aws.amazon.com/AWSCloudFormation/latest/UserGuide/aws-properties-eventschemas-schema-tagsentry.html#cfn-eventschemas-schema-tagsentry-key",
          "PrimitiveType": "String",
          "UpdateType": "Mutable"
        }
      }
    }
  },
  "ResourceType": {
    "AWS::EventSchemas::Schema": {
      "Documentation": "http://docs.aws.amazon.com/AWSCloudFormation/latest/UserGuide/aws-resource-eventschemas-schema.html",
      "Attributes": {
        "SchemaVersion": {
          "PrimitiveType": "String"
        },
        "SchemaArn": {
          "PrimitiveType": "String"
        },
        "SchemaName": {
          "PrimitiveType": "String"
        }
      },
      "Properties": {
        "Type": {
          "Required": true,
          "Documentation": "http://docs.aws.amazon.com/AWSCloudFormation/latest/UserGuide/aws-resource-eventschemas-schema.html#cfn-eventschemas-schema-type",
          "PrimitiveType": "String",
          "UpdateType": "Mutable"
        },
        "Description": {
          "Required": false,
          "Documentation": "http://docs.aws.amazon.com/AWSCloudFormation/latest/UserGuide/aws-resource-eventschemas-schema.html#cfn-eventschemas-schema-description",
          "PrimitiveType": "String",
          "UpdateType": "Mutable"
        },
        "Content": {
          "Required": true,
          "Documentation": "http://docs.aws.amazon.com/AWSCloudFormation/latest/UserGuide/aws-resource-eventschemas-schema.html#cfn-eventschemas-schema-content",
          "PrimitiveType": "String",
          "UpdateType": "Mutable"
        },
        "RegistryName": {
          "Required": true,
          "Documentation": "http://docs.aws.amazon.com/AWSCloudFormation/latest/UserGuide/aws-resource-eventschemas-schema.html#cfn-eventschemas-schema-registryname",
          "PrimitiveType": "String",
          "UpdateType": "Immutable"
        },
        "SchemaName": {
          "Required": false,
          "Documentation": "http://docs.aws.amazon.com/AWSCloudFormation/latest/UserGuide/aws-resource-eventschemas-schema.html#cfn-eventschemas-schema-schemaname",
          "PrimitiveType": "String",
          "UpdateType": "Immutable"
        },
        "Tags": {
          "Type": "List",
          "Required": false,
          "Documentation": "http://docs.aws.amazon.com/AWSCloudFormation/latest/UserGuide/aws-resource-eventschemas-schema.html#cfn-eventschemas-schema-tags",
          "ItemType": "TagsEntry",
          "UpdateType": "Mutable"
        }
      }
    }
  },
  "ResourceSpecificationVersion": "114.0.0"
}