{
  "PropertyTypes": {
    "AWS::Evidently::Launch.GroupToWeight": {
      "Documentation": "http://docs.aws.amazon.com/AWSCloudFormation/latest/UserGuide/aws-properties-evidently-launch-grouptoweight.html",
      "Properties": {
        "GroupName": {
          "Documentation": "http://docs.aws.amazon.com/AWSCloudFormation/latest/UserGuide/aws-properties-evidently-launch-grouptoweight.html#cfn-evidently-launch-grouptoweight-groupname",
          "UpdateType": "Mutable",
          "Required": true,
          "PrimitiveType": "String"
        },
        "SplitWeight": {
          "Documentation": "http://docs.aws.amazon.com/AWSCloudFormation/latest/UserGuide/aws-properties-evidently-launch-grouptoweight.html#cfn-evidently-launch-grouptoweight-splitweight",
          "UpdateType": "Mutable",
          "Required": true,
          "PrimitiveType": "Integer"
        }
      }
    },
    "AWS::Evidently::Launch.SegmentOverride": {
      "Documentation": "http://docs.aws.amazon.com/AWSCloudFormation/latest/UserGuide/aws-properties-evidently-launch-segmentoverride.html",
      "Properties": {
        "Weights": {
          "Documentation": "http://docs.aws.amazon.com/AWSCloudFormation/latest/UserGuide/aws-properties-evidently-launch-segmentoverride.html#cfn-evidently-launch-segmentoverride-weights",
          "UpdateType": "Mutable",
          "Required": true,
          "Type": "List",
          "ItemType": "GroupToWeight",
          "DuplicatesAllowed": false
        },
        "EvaluationOrder": {
          "Documentation": "http://docs.aws.amazon.com/AWSCloudFormation/latest/UserGuide/aws-properties-evidently-launch-segmentoverride.html#cfn-evidently-launch-segmentoverride-evaluationorder",
          "UpdateType": "Mutable",
          "Required": true,
          "PrimitiveType": "Integer"
        },
        "Segment": {
          "Documentation": "http://docs.aws.amazon.com/AWSCloudFormation/latest/UserGuide/aws-properties-evidently-launch-segmentoverride.html#cfn-evidently-launch-segmentoverride-segment",
          "UpdateType": "Mutable",
          "Required": true,
          "PrimitiveType": "String"
        }
      }
    },
    "AWS::Evidently::Launch.StepConfig": {
      "Documentation": "http://docs.aws.amazon.com/AWSCloudFormation/latest/UserGuide/aws-properties-evidently-launch-stepconfig.html",
      "Properties": {
        "GroupWeights": {
          "Documentation": "http://docs.aws.amazon.com/AWSCloudFormation/latest/UserGuide/aws-properties-evidently-launch-stepconfig.html#cfn-evidently-launch-stepconfig-groupweights",
          "UpdateType": "Mutable",
          "Required": true,
          "Type": "List",
          "ItemType": "GroupToWeight",
          "DuplicatesAllowed": false
        },
        "SegmentOverrides": {
          "Documentation": "http://docs.aws.amazon.com/AWSCloudFormation/latest/UserGuide/aws-properties-evidently-launch-stepconfig.html#cfn-evidently-launch-stepconfig-segmentoverrides",
          "UpdateType": "Mutable",
          "Required": false,
          "Type": "List",
          "ItemType": "SegmentOverride",
          "DuplicatesAllowed": false
        },
        "StartTime": {
          "Documentation": "http://docs.aws.amazon.com/AWSCloudFormation/latest/UserGuide/aws-properties-evidently-launch-stepconfig.html#cfn-evidently-launch-stepconfig-starttime",
          "UpdateType": "Mutable",
          "Required": true,
          "PrimitiveType": "String"
        }
      }
    },
    "Tag": {
      "Documentation": "http://docs.aws.amazon.com/AWSCloudFormation/latest/UserGuide/aws-properties-resource-tags.html",
      "Properties": {
        "Value": {
          "Documentation": "http://docs.aws.amazon.com/AWSCloudFormation/latest/UserGuide/aws-properties-resource-tags.html#cfn-resource-tags-value",
          "UpdateType": "Mutable",
          "Required": true,
          "PrimitiveType": "String"
        },
        "Key": {
          "Documentation": "http://docs.aws.amazon.com/AWSCloudFormation/latest/UserGuide/aws-properties-resource-tags.html#cfn-resource-tags-key",
          "UpdateType": "Mutable",
          "Required": true,
          "PrimitiveType": "String"
        }
      }
    },
    "AWS::Evidently::Launch.ExecutionStatusObject": {
      "Documentation": "http://docs.aws.amazon.com/AWSCloudFormation/latest/UserGuide/aws-properties-evidently-launch-executionstatusobject.html",
      "Properties": {
        "Status": {
          "Documentation": "http://docs.aws.amazon.com/AWSCloudFormation/latest/UserGuide/aws-properties-evidently-launch-executionstatusobject.html#cfn-evidently-launch-executionstatusobject-status",
          "UpdateType": "Mutable",
          "Required": true,
          "PrimitiveType": "String"
        },
        "DesiredState": {
          "Documentation": "http://docs.aws.amazon.com/AWSCloudFormation/latest/UserGuide/aws-properties-evidently-launch-executionstatusobject.html#cfn-evidently-launch-executionstatusobject-desiredstate",
          "UpdateType": "Mutable",
          "Required": false,
          "PrimitiveType": "String"
        },
        "Reason": {
          "Documentation": "http://docs.aws.amazon.com/AWSCloudFormation/latest/UserGuide/aws-properties-evidently-launch-executionstatusobject.html#cfn-evidently-launch-executionstatusobject-reason",
          "UpdateType": "Mutable",
          "Required": false,
          "PrimitiveType": "String"
        }
      }
    },
    "AWS::Evidently::Launch.MetricDefinitionObject": {
      "Documentation": "http://docs.aws.amazon.com/AWSCloudFormation/latest/UserGuide/aws-properties-evidently-launch-metricdefinitionobject.html",
      "Properties": {
        "EntityIdKey": {
          "Documentation": "http://docs.aws.amazon.com/AWSCloudFormation/latest/UserGuide/aws-properties-evidently-launch-metricdefinitionobject.html#cfn-evidently-launch-metricdefinitionobject-entityidkey",
          "UpdateType": "Mutable",
          "Required": true,
          "PrimitiveType": "String"
        },
        "MetricName": {
          "Documentation": "http://docs.aws.amazon.com/AWSCloudFormation/latest/UserGuide/aws-properties-evidently-launch-metricdefinitionobject.html#cfn-evidently-launch-metricdefinitionobject-metricname",
          "UpdateType": "Mutable",
          "Required": true,
          "PrimitiveType": "String"
        },
        "EventPattern": {
          "Documentation": "http://docs.aws.amazon.com/AWSCloudFormation/latest/UserGuide/aws-properties-evidently-launch-metricdefinitionobject.html#cfn-evidently-launch-metricdefinitionobject-eventpattern",
          "UpdateType": "Mutable",
          "Required": false,
          "PrimitiveType": "String"
        },
        "ValueKey": {
          "Documentation": "http://docs.aws.amazon.com/AWSCloudFormation/latest/UserGuide/aws-properties-evidently-launch-metricdefinitionobject.html#cfn-evidently-launch-metricdefinitionobject-valuekey",
          "UpdateType": "Mutable",
          "Required": true,
          "PrimitiveType": "String"
        },
        "UnitLabel": {
          "Documentation": "http://docs.aws.amazon.com/AWSCloudFormation/latest/UserGuide/aws-properties-evidently-launch-metricdefinitionobject.html#cfn-evidently-launch-metricdefinitionobject-unitlabel",
          "UpdateType": "Mutable",
          "Required": false,
          "PrimitiveType": "String"
        }
      }
    },
    "AWS::Evidently::Launch.LaunchGroupObject": {
      "Documentation": "http://docs.aws.amazon.com/AWSCloudFormation/latest/UserGuide/aws-properties-evidently-launch-launchgroupobject.html",
      "Properties": {
        "GroupName": {
          "Documentation": "http://docs.aws.amazon.com/AWSCloudFormation/latest/UserGuide/aws-properties-evidently-launch-launchgroupobject.html#cfn-evidently-launch-launchgroupobject-groupname",
          "UpdateType": "Mutable",
          "Required": true,
          "PrimitiveType": "String"
        },
        "Description": {
          "Documentation": "http://docs.aws.amazon.com/AWSCloudFormation/latest/UserGuide/aws-properties-evidently-launch-launchgroupobject.html#cfn-evidently-launch-launchgroupobject-description",
          "UpdateType": "Mutable",
          "Required": false,
          "PrimitiveType": "String"
        },
        "Variation": {
          "Documentation": "http://docs.aws.amazon.com/AWSCloudFormation/latest/UserGuide/aws-properties-evidently-launch-launchgroupobject.html#cfn-evidently-launch-launchgroupobject-variation",
          "UpdateType": "Mutable",
          "Required": true,
          "PrimitiveType": "String"
        },
        "Feature": {
          "Documentation": "http://docs.aws.amazon.com/AWSCloudFormation/latest/UserGuide/aws-properties-evidently-launch-launchgroupobject.html#cfn-evidently-launch-launchgroupobject-feature",
          "UpdateType": "Mutable",
          "Required": true,
          "PrimitiveType": "String"
        }
      }
    }
  },
  "ResourceType": {
    "AWS::Evidently::Launch": {
      "Documentation": "http://docs.aws.amazon.com/AWSCloudFormation/latest/UserGuide/aws-resource-evidently-launch.html",
      "Properties": {
        "Project": {
          "Documentation": "http://docs.aws.amazon.com/AWSCloudFormation/latest/UserGuide/aws-resource-evidently-launch.html#cfn-evidently-launch-project",
          "UpdateType": "Immutable",
          "Required": true,
          "PrimitiveType": "String"
        },
        "Description": {
          "Documentation": "http://docs.aws.amazon.com/AWSCloudFormation/latest/UserGuide/aws-resource-evidently-launch.html#cfn-evidently-launch-description",
          "UpdateType": "Mutable",
          "Required": false,
          "PrimitiveType": "String"
        },
        "ExecutionStatus": {
          "Documentation": "http://docs.aws.amazon.com/AWSCloudFormation/latest/UserGuide/aws-resource-evidently-launch.html#cfn-evidently-launch-executionstatus",
          "UpdateType": "Mutable",
          "Required": false,
          "Type": "ExecutionStatusObject"
        },
        "Groups": {
          "Documentation": "http://docs.aws.amazon.com/AWSCloudFormation/latest/UserGuide/aws-resource-evidently-launch.html#cfn-evidently-launch-groups",
          "UpdateType": "Mutable",
          "Required": true,
          "Type": "List",
          "ItemType": "LaunchGroupObject",
          "DuplicatesAllowed": false
        },
        "RandomizationSalt": {
          "Documentation": "http://docs.aws.amazon.com/AWSCloudFormation/latest/UserGuide/aws-resource-evidently-launch.html#cfn-evidently-launch-randomizationsalt",
          "UpdateType": "Mutable",
          "Required": false,
          "PrimitiveType": "String"
        },
        "MetricMonitors": {
          "Documentation": "http://docs.aws.amazon.com/AWSCloudFormation/latest/UserGuide/aws-resource-evidently-launch.html#cfn-evidently-launch-metricmonitors",
          "UpdateType": "Mutable",
          "Required": false,
          "Type": "List",
          "ItemType": "MetricDefinitionObject",
          "DuplicatesAllowed": false
        },
        "ScheduledSplitsConfig": {
          "Documentation": "http://docs.aws.amazon.com/AWSCloudFormation/latest/UserGuide/aws-resource-evidently-launch.html#cfn-evidently-launch-scheduledsplitsconfig",
          "UpdateType": "Mutable",
          "Required": true,
          "Type": "List",
          "ItemType": "StepConfig",
          "DuplicatesAllowed": false
        },
        "Tags": {
          "Documentation": "http://docs.aws.amazon.com/AWSCloudFormation/latest/UserGuide/aws-resource-evidently-launch.html#cfn-evidently-launch-tags",
          "UpdateType": "Mutable",
          "Required": false,
          "Type": "List",
          "ItemType": "Tag",
          "DuplicatesAllowed": false
        },
        "Name": {
          "Documentation": "http://docs.aws.amazon.com/AWSCloudFormation/latest/UserGuide/aws-resource-evidently-launch.html#cfn-evidently-launch-name",
          "UpdateType": "Immutable",
          "Required": true,
          "PrimitiveType": "String"
        }
      },
      "Attributes": {
        "Arn": {
          "PrimitiveType": "String"
        }
      }
    }
  },
  "ResourceSpecificationVersion": "114.0.0"
}