{
  "PropertyTypes": {
    "AWS::FMS::Policy.SecurityServicePolicyData": {
      "Documentation": "http://docs.aws.amazon.com/AWSCloudFormation/latest/UserGuide/aws-properties-fms-policy-securityservicepolicydata.html",
      "Properties": {
        "ManagedServiceData": {
          "Documentation": "http://docs.aws.amazon.com/AWSCloudFormation/latest/UserGuide/aws-properties-fms-policy-securityservicepolicydata.html#cfn-fms-policy-securityservicepolicydata-managedservicedata",
          "UpdateType": "Mutable",
          "Required": false,
          "PrimitiveType": "String"
        },
        "Type": {
          "Documentation": "http://docs.aws.amazon.com/AWSCloudFormation/latest/UserGuide/aws-properties-fms-policy-securityservicepolicydata.html#cfn-fms-policy-securityservicepolicydata-type",
          "UpdateType": "Mutable",
          "Required": true,
          "PrimitiveType": "String"
        },
        "PolicyOption": {
          "Documentation": "http://docs.aws.amazon.com/AWSCloudFormation/latest/UserGuide/aws-properties-fms-policy-securityservicepolicydata.html#cfn-fms-policy-securityservicepolicydata-policyoption",
          "UpdateType": "Mutable",
          "Required": false,
          "Type": "PolicyOption"
        }
      }
    },
    "AWS::FMS::Policy.NetworkFirewallPolicy": {
      "Documentation": "http://docs.aws.amazon.com/AWSCloudFormation/latest/UserGuide/aws-properties-fms-policy-networkfirewallpolicy.html",
      "Properties": {
        "FirewallDeploymentModel": {
          "Documentation": "http://docs.aws.amazon.com/AWSCloudFormation/latest/UserGuide/aws-properties-fms-policy-networkfirewallpolicy.html#cfn-fms-policy-networkfirewallpolicy-firewalldeploymentmodel",
          "UpdateType": "Mutable",
          "Required": true,
          "PrimitiveType": "String"
        }
      }
    },
    "AWS::FMS::Policy.PolicyOption": {
      "Documentation": "http://docs.aws.amazon.com/AWSCloudFormation/latest/UserGuide/aws-properties-fms-policy-policyoption.html",
      "Properties": {
        "NetworkFirewallPolicy": {
          "Documentation": "http://docs.aws.amazon.com/AWSCloudFormation/latest/UserGuide/aws-properties-fms-policy-policyoption.html#cfn-fms-policy-policyoption-networkfirewallpolicy",
          "UpdateType": "Mutable",
          "Required": false,
          "Type": "NetworkFirewallPolicy"
        },
        "ThirdPartyFirewallPolicy": {
          "Documentation": "http://docs.aws.amazon.com/AWSCloudFormation/latest/UserGuide/aws-properties-fms-policy-policyoption.html#cfn-fms-policy-policyoption-thirdpartyfirewallpolicy",
          "UpdateType": "Mutable",
          "Required": false,
          "Type": "ThirdPartyFirewallPolicy"
        }
      }
    },
    "AWS::FMS::Policy.ResourceTag": {
      "Documentation": "http://docs.aws.amazon.com/AWSCloudFormation/latest/UserGuide/aws-properties-fms-policy-resourcetag.html",
      "Properties": {
        "Value": {
          "Documentation": "http://docs.aws.amazon.com/AWSCloudFormation/latest/UserGuide/aws-properties-fms-policy-resourcetag.html#cfn-fms-policy-resourcetag-value",
          "UpdateType": "Mutable",
          "Required": false,
          "PrimitiveType": "String"
        },
        "Key": {
          "Documentation": "http://docs.aws.amazon.com/AWSCloudFormation/latest/UserGuide/aws-properties-fms-policy-resourcetag.html#cfn-fms-policy-resourcetag-key",
          "UpdateType": "Mutable",
          "Required": true,
          "PrimitiveType": "String"
        }
      }
    },
    "AWS::FMS::Policy.PolicyTag": {
      "Documentation": "http://docs.aws.amazon.com/AWSCloudFormation/latest/UserGuide/aws-properties-fms-policy-policytag.html",
      "Properties": {
        "Value": {
          "Documentation": "http://docs.aws.amazon.com/AWSCloudFormation/latest/UserGuide/aws-properties-fms-policy-policytag.html#cfn-fms-policy-policytag-value",
          "UpdateType": "Mutable",
          "Required": true,
          "PrimitiveType": "String"
        },
        "Key": {
          "Documentation": "http://docs.aws.amazon.com/AWSCloudFormation/latest/UserGuide/aws-properties-fms-policy-policytag.html#cfn-fms-policy-policytag-key",
          "UpdateType": "Mutable",
          "Required": true,
          "PrimitiveType": "String"
        }
      }
    },
    "AWS::FMS::Policy.IEMap": {
      "Documentation": "http://docs.aws.amazon.com/AWSCloudFormation/latest/UserGuide/aws-properties-fms-policy-iemap.html",
      "Properties": {
        "ACCOUNT": {
          "Documentation": "http://docs.aws.amazon.com/AWSCloudFormation/latest/UserGuide/aws-properties-fms-policy-iemap.html#cfn-fms-policy-iemap-account",
          "UpdateType": "Mutable",
          "Required": false,
          "Type": "List",
          "PrimitiveItemType": "String",
          "DuplicatesAllowed": true
        },
        "ORGUNIT": {
          "Documentation": "http://docs.aws.amazon.com/AWSCloudFormation/latest/UserGuide/aws-properties-fms-policy-iemap.html#cfn-fms-policy-iemap-orgunit",
          "UpdateType": "Mutable",
          "Required": false,
          "Type": "List",
          "PrimitiveItemType": "String",
          "DuplicatesAllowed": true
        }
      }
    },
    "AWS::FMS::Policy.ThirdPartyFirewallPolicy": {
      "Documentation": "http://docs.aws.amazon.com/AWSCloudFormation/latest/UserGuide/aws-properties-fms-policy-thirdpartyfirewallpolicy.html",
      "Properties": {
        "FirewallDeploymentModel": {
          "Documentation": "http://docs.aws.amazon.com/AWSCloudFormation/latest/UserGuide/aws-properties-fms-policy-thirdpartyfirewallpolicy.html#cfn-fms-policy-thirdpartyfirewallpolicy-firewalldeploymentmodel",
          "UpdateType": "Mutable",
          "Required": true,
          "PrimitiveType": "String"
        }
      }
    }
  },
  "ResourceType": {
    "AWS::FMS::Policy": {
      "Documentation": "http://docs.aws.amazon.com/AWSCloudFormation/latest/UserGuide/aws-resource-fms-policy.html",
      "Properties": {
        "ResourcesCleanUp": {
          "Documentation": "http://docs.aws.amazon.com/AWSCloudFormation/latest/UserGuide/aws-resource-fms-policy.html#cfn-fms-policy-resourcescleanup",
          "UpdateType": "Mutable",
          "Required": false,
          "PrimitiveType": "Boolean"
        },
        "ResourceTags": {
          "Documentation": "http://docs.aws.amazon.com/AWSCloudFormation/latest/UserGuide/aws-resource-fms-policy.html#cfn-fms-policy-resourcetags",
          "UpdateType": "Mutable",
          "Required": false,
          "Type": "List",
          "ItemType": "ResourceTag",
          "DuplicatesAllowed": true
        },
        "ExcludeResourceTags": {
          "Documentation": "http://docs.aws.amazon.com/AWSCloudFormation/latest/UserGuide/aws-resource-fms-policy.html#cfn-fms-policy-excluderesourcetags",
          "UpdateType": "Mutable",
          "Required": true,
          "PrimitiveType": "Boolean"
        },
        "ResourceType": {
          "Documentation": "http://docs.aws.amazon.com/AWSCloudFormation/latest/UserGuide/aws-resource-fms-policy.html#cfn-fms-policy-resourcetype",
          "UpdateType": "Mutable",
          "Required": false,
          "PrimitiveType": "String"
        },
        "ResourceSetIds": {
          "Documentation": "http://docs.aws.amazon.com/AWSCloudFormation/latest/UserGuide/aws-resource-fms-policy.html#cfn-fms-policy-resourcesetids",
          "UpdateType": "Mutable",
          "Required": false,
          "Type": "List",
          "PrimitiveItemType": "String",
          "DuplicatesAllowed": false
        },
        "SecurityServicePolicyData": {
          "Documentation": "http://docs.aws.amazon.com/AWSCloudFormation/latest/UserGuide/aws-resource-fms-policy.html#cfn-fms-policy-securityservicepolicydata",
          "UpdateType": "Mutable",
          "Required": true,
          "Type": "SecurityServicePolicyData"
        },
        "RemediationEnabled": {
          "Documentation": "http://docs.aws.amazon.com/AWSCloudFormation/latest/UserGuide/aws-resource-fms-policy.html#cfn-fms-policy-remediationenabled",
          "UpdateType": "Mutable",
          "Required": true,
          "PrimitiveType": "Boolean"
        },
        "DeleteAllPolicyResources": {
          "Documentation": "http://docs.aws.amazon.com/AWSCloudFormation/latest/UserGuide/aws-resource-fms-policy.html#cfn-fms-policy-deleteallpolicyresources",
          "UpdateType": "Mutable",
          "Required": false,
          "PrimitiveType": "Boolean"
        },
        "ExcludeMap": {
          "Documentation": "http://docs.aws.amazon.com/AWSCloudFormation/latest/UserGuide/aws-resource-fms-policy.html#cfn-fms-policy-excludemap",
          "UpdateType": "Mutable",
          "Required": false,
          "Type": "IEMap"
        },
        "IncludeMap": {
          "Documentation": "http://docs.aws.amazon.com/AWSCloudFormation/latest/UserGuide/aws-resource-fms-policy.html#cfn-fms-policy-includemap",
          "UpdateType": "Mutable",
          "Required": false,
          "Type": "IEMap"
        },
        "PolicyDescription": {
          "Documentation": "http://docs.aws.amazon.com/AWSCloudFormation/latest/UserGuide/aws-resource-fms-policy.html#cfn-fms-policy-policydescription",
          "UpdateType": "Mutable",
          "Required": false,
          "PrimitiveType": "String"
        },
        "PolicyName": {
          "Documentation": "http://docs.aws.amazon.com/AWSCloudFormation/latest/UserGuide/aws-resource-fms-policy.html#cfn-fms-policy-policyname",
          "UpdateType": "Mutable",
          "Required": true,
          "PrimitiveType": "String"
        },
        "ResourceTypeList": {
          "Documentation": "http://docs.aws.amazon.com/AWSCloudFormation/latest/UserGuide/aws-resource-fms-policy.html#cfn-fms-policy-resourcetypelist",
          "UpdateType": "Mutable",
          "Required": false,
          "Type": "List",
          "PrimitiveItemType": "String",
          "DuplicatesAllowed": true
        },
        "Tags": {
          "Documentation": "http://docs.aws.amazon.com/AWSCloudFormation/latest/UserGuide/aws-resource-fms-policy.html#cfn-fms-policy-tags",
          "UpdateType": "Mutable",
          "Required": false,
          "Type": "List",
          "ItemType": "PolicyTag",
          "DuplicatesAllowed": true
        }
      },
      "Attributes": {
        "Id": {
          "PrimitiveType": "String"
        },
        "Arn": {
          "PrimitiveType": "String"
        }
      }
    }
  },
  "ResourceSpecificationVersion": "114.0.0"
}