{
  "PropertyTypes": {
    "AWS::FraudDetector::EventType.Label": {
      "Documentation": "http://docs.aws.amazon.com/AWSCloudFormation/latest/UserGuide/aws-properties-frauddetector-eventtype-label.html",
      "Properties": {
        "Description": {
          "Documentation": "http://docs.aws.amazon.com/AWSCloudFormation/latest/UserGuide/aws-properties-frauddetector-eventtype-label.html#cfn-frauddetector-eventtype-label-description",
          "UpdateType": "Mutable",
          "Required": false,
          "PrimitiveType": "String"
        },
        "CreatedTime": {
          "Documentation": "http://docs.aws.amazon.com/AWSCloudFormation/latest/UserGuide/aws-properties-frauddetector-eventtype-label.html#cfn-frauddetector-eventtype-label-createdtime",
          "UpdateType": "Mutable",
          "Required": false,
          "PrimitiveType": "String"
        },
        "LastUpdatedTime": {
          "Documentation": "http://docs.aws.amazon.com/AWSCloudFormation/latest/UserGuide/aws-properties-frauddetector-eventtype-label.html#cfn-frauddetector-eventtype-label-lastupdatedtime",
          "UpdateType": "Mutable",
          "Required": false,
          "PrimitiveType": "String"
        },
        "Inline": {
          "Documentation": "http://docs.aws.amazon.com/AWSCloudFormation/latest/UserGuide/aws-properties-frauddetector-eventtype-label.html#cfn-frauddetector-eventtype-label-inline",
          "UpdateType": "Mutable",
          "Required": false,
          "PrimitiveType": "Boolean"
        },
        "Arn": {
          "Documentation": "http://docs.aws.amazon.com/AWSCloudFormation/latest/UserGuide/aws-properties-frauddetector-eventtype-label.html#cfn-frauddetector-eventtype-label-arn",
          "UpdateType": "Mutable",
          "Required": false,
          "PrimitiveType": "String"
        },
        "Tags": {
          "Documentation": "http://docs.aws.amazon.com/AWSCloudFormation/latest/UserGuide/aws-properties-frauddetector-eventtype-label.html#cfn-frauddetector-eventtype-label-tags",
          "UpdateType": "Mutable",
          "Required": false,
          "Type": "List",
          "ItemType": "Tag",
          "DuplicatesAllowed": true
        },
        "Name": {
          "Documentation": "http://docs.aws.amazon.com/AWSCloudFormation/latest/UserGuide/aws-properties-frauddetector-eventtype-label.html#cfn-frauddetector-eventtype-label-name",
          "UpdateType": "Mutable",
          "Required": false,
          "PrimitiveType": "String"
        }
      }
    },
    "Tag": {
      "Documentation": "http://docs.aws.amazon.com/AWSCloudFormation/latest/UserGuide/aws-properties-resource-tags.html",
      "Properties": {
        "Value": {
          "Documentation": "http://docs.aws.amazon.com/AWSCloudFormation/latest/UserGuide/aws-properties-resource-tags.html#cfn-resource-tags-value",
          "UpdateType": "Mutable",
          "Required": true,
          "PrimitiveType": "String"
        },
        "Key": {
          "Documentation": "http://docs.aws.amazon.com/AWSCloudFormation/latest/UserGuide/aws-properties-resource-tags.html#cfn-resource-tags-key",
          "UpdateType": "Mutable",
          "Required": true,
          "PrimitiveType": "String"
        }
      }
    },
    "AWS::FraudDetector::EventType.EventVariable": {
      "Documentation": "http://docs.aws.amazon.com/AWSCloudFormation/latest/UserGuide/aws-properties-frauddetector-eventtype-eventvariable.html",
      "Properties": {
        "DefaultValue": {
          "Documentation": "http://docs.aws.amazon.com/AWSCloudFormation/latest/UserGuide/aws-properties-frauddetector-eventtype-eventvariable.html#cfn-frauddetector-eventtype-eventvariable-defaultvalue",
          "UpdateType": "Mutable",
          "Required": false,
          "PrimitiveType": "String"
        },
        "Description": {
          "Documentation": "http://docs.aws.amazon.com/AWSCloudFormation/latest/UserGuide/aws-properties-frauddetector-eventtype-eventvariable.html#cfn-frauddetector-eventtype-eventvariable-description",
          "UpdateType": "Mutable",
          "Required": false,
          "PrimitiveType": "String"
        },
        "CreatedTime": {
          "Documentation": "http://docs.aws.amazon.com/AWSCloudFormation/latest/UserGuide/aws-properties-frauddetector-eventtype-eventvariable.html#cfn-frauddetector-eventtype-eventvariable-createdtime",
          "UpdateType": "Mutable",
          "Required": false,
          "PrimitiveType": "String"
        },
        "VariableType": {
          "Documentation": "http://docs.aws.amazon.com/AWSCloudFormation/latest/UserGuide/aws-properties-frauddetector-eventtype-eventvariable.html#cfn-frauddetector-eventtype-eventvariable-variabletype",
          "UpdateType": "Mutable",
          "Required": false,
          "PrimitiveType": "String"
        },
        "DataType": {
          "Documentation": "http://docs.aws.amazon.com/AWSCloudFormation/latest/UserGuide/aws-properties-frauddetector-eventtype-eventvariable.html#cfn-frauddetector-eventtype-eventvariable-datatype",
          "UpdateType": "Mutable",
          "Required": false,
          "PrimitiveType": "String"
        },
        "LastUpdatedTime": {
          "Documentation": "http://docs.aws.amazon.com/AWSCloudFormation/latest/UserGuide/aws-properties-frauddetector-eventtype-eventvariable.html#cfn-frauddetector-eventtype-eventvariable-lastupdatedtime",
          "UpdateType": "Mutable",
          "Required": false,
          "PrimitiveType": "String"
        },
        "Inline": {
          "Documentation": "http://docs.aws.amazon.com/AWSCloudFormation/latest/UserGuide/aws-properties-frauddetector-eventtype-eventvariable.html#cfn-frauddetector-eventtype-eventvariable-inline",
          "UpdateType": "Mutable",
          "Required": false,
          "PrimitiveType": "Boolean"
        },
        "Arn": {
          "Documentation": "http://docs.aws.amazon.com/AWSCloudFormation/latest/UserGuide/aws-properties-frauddetector-eventtype-eventvariable.html#cfn-frauddetector-eventtype-eventvariable-arn",
          "UpdateType": "Mutable",
          "Required": false,
          "PrimitiveType": "String"
        },
        "Tags": {
          "Documentation": "http://docs.aws.amazon.com/AWSCloudFormation/latest/UserGuide/aws-properties-frauddetector-eventtype-eventvariable.html#cfn-frauddetector-eventtype-eventvariable-tags",
          "UpdateType": "Mutable",
          "Required": false,
          "Type": "List",
          "ItemType": "Tag",
          "DuplicatesAllowed": true
        },
        "Name": {
          "Documentation": "http://docs.aws.amazon.com/AWSCloudFormation/latest/UserGuide/aws-properties-frauddetector-eventtype-eventvariable.html#cfn-frauddetector-eventtype-eventvariable-name",
          "UpdateType": "Mutable",
          "Required": false,
          "PrimitiveType": "String"
        },
        "DataSource": {
          "Documentation": "http://docs.aws.amazon.com/AWSCloudFormation/latest/UserGuide/aws-properties-frauddetector-eventtype-eventvariable.html#cfn-frauddetector-eventtype-eventvariable-datasource",
          "UpdateType": "Mutable",
          "Required": false,
          "PrimitiveType": "String"
        }
      }
    },
    "AWS::FraudDetector::EventType.EntityType": {
      "Documentation": "http://docs.aws.amazon.com/AWSCloudFormation/latest/UserGuide/aws-properties-frauddetector-eventtype-entitytype.html",
      "Properties": {
        "Description": {
          "Documentation": "http://docs.aws.amazon.com/AWSCloudFormation/latest/UserGuide/aws-properties-frauddetector-eventtype-entitytype.html#cfn-frauddetector-eventtype-entitytype-description",
          "UpdateType": "Mutable",
          "Required": false,
          "PrimitiveType": "String"
        },
        "CreatedTime": {
          "Documentation": "http://docs.aws.amazon.com/AWSCloudFormation/latest/UserGuide/aws-properties-frauddetector-eventtype-entitytype.html#cfn-frauddetector-eventtype-entitytype-createdtime",
          "UpdateType": "Mutable",
          "Required": false,
          "PrimitiveType": "String"
        },
        "LastUpdatedTime": {
          "Documentation": "http://docs.aws.amazon.com/AWSCloudFormation/latest/UserGuide/aws-properties-frauddetector-eventtype-entitytype.html#cfn-frauddetector-eventtype-entitytype-lastupdatedtime",
          "UpdateType": "Mutable",
          "Required": false,
          "PrimitiveType": "String"
        },
        "Inline": {
          "Documentation": "http://docs.aws.amazon.com/AWSCloudFormation/latest/UserGuide/aws-properties-frauddetector-eventtype-entitytype.html#cfn-frauddetector-eventtype-entitytype-inline",
          "UpdateType": "Mutable",
          "Required": false,
          "PrimitiveType": "Boolean"
        },
        "Arn": {
          "Documentation": "http://docs.aws.amazon.com/AWSCloudFormation/latest/UserGuide/aws-properties-frauddetector-eventtype-entitytype.html#cfn-frauddetector-eventtype-entitytype-arn",
          "UpdateType": "Mutable",
          "Required": false,
          "PrimitiveType": "String"
        },
        "Tags": {
          "Documentation": "http://docs.aws.amazon.com/AWSCloudFormation/latest/UserGuide/aws-properties-frauddetector-eventtype-entitytype.html#cfn-frauddetector-eventtype-entitytype-tags",
          "UpdateType": "Mutable",
          "Required": false,
          "Type": "List",
          "ItemType": "Tag",
          "DuplicatesAllowed": true
        },
        "Name": {
          "Documentation": "http://docs.aws.amazon.com/AWSCloudFormation/latest/UserGuide/aws-properties-frauddetector-eventtype-entitytype.html#cfn-frauddetector-eventtype-entitytype-name",
          "UpdateType": "Mutable",
          "Required": false,
          "PrimitiveType": "String"
        }
      }
    }
  },
  "ResourceType": {
    "AWS::FraudDetector::EventType": {
      "Documentation": "http://docs.aws.amazon.com/AWSCloudFormation/latest/UserGuide/aws-resource-frauddetector-eventtype.html",
      "Properties": {
        "EntityTypes": {
          "Documentation": "http://docs.aws.amazon.com/AWSCloudFormation/latest/UserGuide/aws-resource-frauddetector-eventtype.html#cfn-frauddetector-eventtype-entitytypes",
          "UpdateType": "Mutable",
          "Required": true,
          "Type": "List",
          "ItemType": "EntityType",
          "DuplicatesAllowed": true
        },
        "Description": {
          "Documentation": "http://docs.aws.amazon.com/AWSCloudFormation/latest/UserGuide/aws-resource-frauddetector-eventtype.html#cfn-frauddetector-eventtype-description",
          "UpdateType": "Mutable",
          "Required": false,
          "PrimitiveType": "String"
        },
        "Labels": {
          "Documentation": "http://docs.aws.amazon.com/AWSCloudFormation/latest/UserGuide/aws-resource-frauddetector-eventtype.html#cfn-frauddetector-eventtype-labels",
          "UpdateType": "Mutable",
          "Required": true,
          "Type": "List",
          "ItemType": "Label",
          "DuplicatesAllowed": true
        },
        "EventVariables": {
          "Documentation": "http://docs.aws.amazon.com/AWSCloudFormation/latest/UserGuide/aws-resource-frauddetector-eventtype.html#cfn-frauddetector-eventtype-eventvariables",
          "UpdateType": "Mutable",
          "Required": true,
          "Type": "List",
          "ItemType": "EventVariable",
          "DuplicatesAllowed": true
        },
        "Tags": {
          "Documentation": "http://docs.aws.amazon.com/AWSCloudFormation/latest/UserGuide/aws-resource-frauddetector-eventtype.html#cfn-frauddetector-eventtype-tags",
          "UpdateType": "Mutable",
          "Required": false,
          "Type": "List",
          "ItemType": "Tag",
          "DuplicatesAllowed": true
        },
        "Name": {
          "Documentation": "http://docs.aws.amazon.com/AWSCloudFormation/latest/UserGuide/aws-resource-frauddetector-eventtype.html#cfn-frauddetector-eventtype-name",
          "UpdateType": "Immutable",
          "Required": true,
          "PrimitiveType": "String"
        }
      },
      "Attributes": {
        "CreatedTime": {
          "PrimitiveType": "String"
        },
        "LastUpdatedTime": {
          "PrimitiveType": "String"
        },
        "Arn": {
          "PrimitiveType": "String"
        }
      }
    }
  },
  "ResourceSpecificationVersion": "114.0.0"
}