{
  "PropertyTypes": {
    "Tag": {
      "Documentation": "http://docs.aws.amazon.com/AWSCloudFormation/latest/UserGuide/aws-properties-resource-tags.html",
      "Properties": {
        "Value": {
          "Documentation": "http://docs.aws.amazon.com/AWSCloudFormation/latest/UserGuide/aws-properties-resource-tags.html#cfn-resource-tags-value",
          "UpdateType": "Mutable",
          "Required": true,
          "PrimitiveType": "String"
        },
        "Key": {
          "Documentation": "http://docs.aws.amazon.com/AWSCloudFormation/latest/UserGuide/aws-properties-resource-tags.html#cfn-resource-tags-key",
          "UpdateType": "Mutable",
          "Required": true,
          "PrimitiveType": "String"
        }
      }
    }
  },
  "ResourceType": {
    "AWS::FraudDetector::Variable": {
      "Documentation": "http://docs.aws.amazon.com/AWSCloudFormation/latest/UserGuide/aws-resource-frauddetector-variable.html",
      "Properties": {
        "DefaultValue": {
          "Documentation": "http://docs.aws.amazon.com/AWSCloudFormation/latest/UserGuide/aws-resource-frauddetector-variable.html#cfn-frauddetector-variable-defaultvalue",
          "UpdateType": "Mutable",
          "Required": true,
          "PrimitiveType": "String"
        },
        "Description": {
          "Documentation": "http://docs.aws.amazon.com/AWSCloudFormation/latest/UserGuide/aws-resource-frauddetector-variable.html#cfn-frauddetector-variable-description",
          "UpdateType": "Mutable",
          "Required": false,
          "PrimitiveType": "String"
        },
        "VariableType": {
          "Documentation": "http://docs.aws.amazon.com/AWSCloudFormation/latest/UserGuide/aws-resource-frauddetector-variable.html#cfn-frauddetector-variable-variabletype",
          "UpdateType": "Mutable",
          "Required": false,
          "PrimitiveType": "String"
        },
        "DataType": {
          "Documentation": "http://docs.aws.amazon.com/AWSCloudFormation/latest/UserGuide/aws-resource-frauddetector-variable.html#cfn-frauddetector-variable-datatype",
          "UpdateType": "Mutable",
          "Required": true,
          "PrimitiveType": "String"
        },
        "Tags": {
          "Documentation": "http://docs.aws.amazon.com/AWSCloudFormation/latest/UserGuide/aws-resource-frauddetector-variable.html#cfn-frauddetector-variable-tags",
          "UpdateType": "Mutable",
          "Required": false,
          "Type": "List",
          "ItemType": "Tag",
          "DuplicatesAllowed": true
        },
        "Name": {
          "Documentation": "http://docs.aws.amazon.com/AWSCloudFormation/latest/UserGuide/aws-resource-frauddetector-variable.html#cfn-frauddetector-variable-name",
          "UpdateType": "Immutable",
          "Required": true,
          "PrimitiveType": "String"
        },
        "DataSource": {
          "Documentation": "http://docs.aws.amazon.com/AWSCloudFormation/latest/UserGuide/aws-resource-frauddetector-variable.html#cfn-frauddetector-variable-datasource",
          "UpdateType": "Mutable",
          "Required": true,
          "PrimitiveType": "String"
        }
      },
      "Attributes": {
        "CreatedTime": {
          "PrimitiveType": "String"
        },
        "LastUpdatedTime": {
          "PrimitiveType": "String"
        },
        "Arn": {
          "PrimitiveType": "String"
        }
      }
    }
  },
  "ResourceSpecificationVersion": "114.0.0"
}