{
  "PropertyTypes": {
    "AWS::GameLift::GameServerGroup.LaunchTemplate": {
      "Documentation": "http://docs.aws.amazon.com/AWSCloudFormation/latest/UserGuide/aws-properties-gamelift-gameservergroup-launchtemplate.html",
      "Properties": {
        "LaunchTemplateName": {
          "Documentation": "http://docs.aws.amazon.com/AWSCloudFormation/latest/UserGuide/aws-properties-gamelift-gameservergroup-launchtemplate.html#cfn-gamelift-gameservergroup-launchtemplate-launchtemplatename",
          "UpdateType": "Mutable",
          "Required": false,
          "PrimitiveType": "String"
        },
        "Version": {
          "Documentation": "http://docs.aws.amazon.com/AWSCloudFormation/latest/UserGuide/aws-properties-gamelift-gameservergroup-launchtemplate.html#cfn-gamelift-gameservergroup-launchtemplate-version",
          "UpdateType": "Mutable",
          "Required": false,
          "PrimitiveType": "String"
        },
        "LaunchTemplateId": {
          "Documentation": "http://docs.aws.amazon.com/AWSCloudFormation/latest/UserGuide/aws-properties-gamelift-gameservergroup-launchtemplate.html#cfn-gamelift-gameservergroup-launchtemplate-launchtemplateid",
          "UpdateType": "Mutable",
          "Required": false,
          "PrimitiveType": "String"
        }
      }
    },
    "AWS::GameLift::GameServerGroup.TargetTrackingConfiguration": {
      "Documentation": "http://docs.aws.amazon.com/AWSCloudFormation/latest/UserGuide/aws-properties-gamelift-gameservergroup-targettrackingconfiguration.html",
      "Properties": {
        "TargetValue": {
          "Documentation": "http://docs.aws.amazon.com/AWSCloudFormation/latest/UserGuide/aws-properties-gamelift-gameservergroup-targettrackingconfiguration.html#cfn-gamelift-gameservergroup-targettrackingconfiguration-targetvalue",
          "UpdateType": "Mutable",
          "Required": true,
          "PrimitiveType": "Double"
        }
      }
    },
    "AWS::GameLift::GameServerGroup.InstanceDefinition": {
      "Documentation": "http://docs.aws.amazon.com/AWSCloudFormation/latest/UserGuide/aws-properties-gamelift-gameservergroup-instancedefinition.html",
      "Properties": {
        "WeightedCapacity": {
          "Documentation": "http://docs.aws.amazon.com/AWSCloudFormation/latest/UserGuide/aws-properties-gamelift-gameservergroup-instancedefinition.html#cfn-gamelift-gameservergroup-instancedefinition-weightedcapacity",
          "UpdateType": "Mutable",
          "Required": false,
          "PrimitiveType": "String"
        },
        "InstanceType": {
          "Documentation": "http://docs.aws.amazon.com/AWSCloudFormation/latest/UserGuide/aws-properties-gamelift-gameservergroup-instancedefinition.html#cfn-gamelift-gameservergroup-instancedefinition-instancetype",
          "UpdateType": "Mutable",
          "Required": true,
          "PrimitiveType": "String"
        }
      }
    },
    "Tag": {
      "Documentation": "http://docs.aws.amazon.com/AWSCloudFormation/latest/UserGuide/aws-properties-resource-tags.html",
      "Properties": {
        "Value": {
          "Documentation": "http://docs.aws.amazon.com/AWSCloudFormation/latest/UserGuide/aws-properties-resource-tags.html#cfn-resource-tags-value",
          "UpdateType": "Mutable",
          "Required": true,
          "PrimitiveType": "String"
        },
        "Key": {
          "Documentation": "http://docs.aws.amazon.com/AWSCloudFormation/latest/UserGuide/aws-properties-resource-tags.html#cfn-resource-tags-key",
          "UpdateType": "Mutable",
          "Required": true,
          "PrimitiveType": "String"
        }
      }
    },
    "AWS::GameLift::GameServerGroup.AutoScalingPolicy": {
      "Documentation": "http://docs.aws.amazon.com/AWSCloudFormation/latest/UserGuide/aws-properties-gamelift-gameservergroup-autoscalingpolicy.html",
      "Properties": {
        "TargetTrackingConfiguration": {
          "Documentation": "http://docs.aws.amazon.com/AWSCloudFormation/latest/UserGuide/aws-properties-gamelift-gameservergroup-autoscalingpolicy.html#cfn-gamelift-gameservergroup-autoscalingpolicy-targettrackingconfiguration",
          "UpdateType": "Mutable",
          "Required": true,
          "Type": "TargetTrackingConfiguration"
        },
        "EstimatedInstanceWarmup": {
          "Documentation": "http://docs.aws.amazon.com/AWSCloudFormation/latest/UserGuide/aws-properties-gamelift-gameservergroup-autoscalingpolicy.html#cfn-gamelift-gameservergroup-autoscalingpolicy-estimatedinstancewarmup",
          "UpdateType": "Mutable",
          "Required": false,
          "PrimitiveType": "Double"
        }
      }
    }
  },
  "ResourceType": {
    "AWS::GameLift::GameServerGroup": {
      "Documentation": "http://docs.aws.amazon.com/AWSCloudFormation/latest/UserGuide/aws-resource-gamelift-gameservergroup.html",
      "Properties": {
        "AutoScalingPolicy": {
          "Documentation": "http://docs.aws.amazon.com/AWSCloudFormation/latest/UserGuide/aws-resource-gamelift-gameservergroup.html#cfn-gamelift-gameservergroup-autoscalingpolicy",
          "UpdateType": "Mutable",
          "Required": false,
          "Type": "AutoScalingPolicy"
        },
        "MinSize": {
          "Documentation": "http://docs.aws.amazon.com/AWSCloudFormation/latest/UserGuide/aws-resource-gamelift-gameservergroup.html#cfn-gamelift-gameservergroup-minsize",
          "UpdateType": "Mutable",
          "Required": false,
          "PrimitiveType": "Double"
        },
        "DeleteOption": {
          "Documentation": "http://docs.aws.amazon.com/AWSCloudFormation/latest/UserGuide/aws-resource-gamelift-gameservergroup.html#cfn-gamelift-gameservergroup-deleteoption",
          "UpdateType": "Mutable",
          "Required": false,
          "PrimitiveType": "String"
        },
        "BalancingStrategy": {
          "Documentation": "http://docs.aws.amazon.com/AWSCloudFormation/latest/UserGuide/aws-resource-gamelift-gameservergroup.html#cfn-gamelift-gameservergroup-balancingstrategy",
          "UpdateType": "Mutable",
          "Required": false,
          "PrimitiveType": "String"
        },
        "GameServerGroupName": {
          "Documentation": "http://docs.aws.amazon.com/AWSCloudFormation/latest/UserGuide/aws-resource-gamelift-gameservergroup.html#cfn-gamelift-gameservergroup-gameservergroupname",
          "UpdateType": "Mutable",
          "Required": true,
          "PrimitiveType": "String"
        },
        "LaunchTemplate": {
          "Documentation": "http://docs.aws.amazon.com/AWSCloudFormation/latest/UserGuide/aws-resource-gamelift-gameservergroup.html#cfn-gamelift-gameservergroup-launchtemplate",
          "UpdateType": "Mutable",
          "Required": true,
          "Type": "LaunchTemplate"
        },
        "GameServerProtectionPolicy": {
          "Documentation": "http://docs.aws.amazon.com/AWSCloudFormation/latest/UserGuide/aws-resource-gamelift-gameservergroup.html#cfn-gamelift-gameservergroup-gameserverprotectionpolicy",
          "UpdateType": "Mutable",
          "Required": false,
          "PrimitiveType": "String"
        },
        "VpcSubnets": {
          "Documentation": "http://docs.aws.amazon.com/AWSCloudFormation/latest/UserGuide/aws-resource-gamelift-gameservergroup.html#cfn-gamelift-gameservergroup-vpcsubnets",
          "UpdateType": "Mutable",
          "Required": false,
          "Type": "List",
          "PrimitiveItemType": "String",
          "DuplicatesAllowed": true
        },
        "MaxSize": {
          "Documentation": "http://docs.aws.amazon.com/AWSCloudFormation/latest/UserGuide/aws-resource-gamelift-gameservergroup.html#cfn-gamelift-gameservergroup-maxsize",
          "UpdateType": "Mutable",
          "Required": false,
          "PrimitiveType": "Double"
        },
        "InstanceDefinitions": {
          "Documentation": "http://docs.aws.amazon.com/AWSCloudFormation/latest/UserGuide/aws-resource-gamelift-gameservergroup.html#cfn-gamelift-gameservergroup-instancedefinitions",
          "UpdateType": "Mutable",
          "Required": true,
          "Type": "List",
          "ItemType": "InstanceDefinition",
          "DuplicatesAllowed": true
        },
        "RoleArn": {
          "Documentation": "http://docs.aws.amazon.com/AWSCloudFormation/latest/UserGuide/aws-resource-gamelift-gameservergroup.html#cfn-gamelift-gameservergroup-rolearn",
          "UpdateType": "Mutable",
          "Required": true,
          "PrimitiveType": "String"
        },
        "Tags": {
          "Documentation": "http://docs.aws.amazon.com/AWSCloudFormation/latest/UserGuide/aws-resource-gamelift-gameservergroup.html#cfn-gamelift-gameservergroup-tags",
          "UpdateType": "Mutable",
          "Required": false,
          "Type": "List",
          "ItemType": "Tag",
          "DuplicatesAllowed": true
        }
      },
      "Attributes": {
        "AutoScalingGroupArn": {
          "PrimitiveType": "String"
        },
        "GameServerGroupArn": {
          "PrimitiveType": "String"
        }
      }
    }
  },
  "ResourceSpecificationVersion": "114.0.0"
}