{
  "PropertyTypes": {
    "Tag": {
      "Documentation": "http://docs.aws.amazon.com/AWSCloudFormation/latest/UserGuide/aws-properties-resource-tags.html",
      "Properties": {
        "Value": {
          "Documentation": "http://docs.aws.amazon.com/AWSCloudFormation/latest/UserGuide/aws-properties-resource-tags.html#cfn-resource-tags-value",
          "UpdateType": "Mutable",
          "Required": true,
          "PrimitiveType": "String"
        },
        "Key": {
          "Documentation": "http://docs.aws.amazon.com/AWSCloudFormation/latest/UserGuide/aws-properties-resource-tags.html#cfn-resource-tags-key",
          "UpdateType": "Mutable",
          "Required": true,
          "PrimitiveType": "String"
        }
      }
    }
  },
  "ResourceType": {
    "AWS::GlobalAccelerator::Accelerator": {
      "Documentation": "http://docs.aws.amazon.com/AWSCloudFormation/latest/UserGuide/aws-resource-globalaccelerator-accelerator.html",
      "Properties": {
        "IpAddressType": {
          "Documentation": "http://docs.aws.amazon.com/AWSCloudFormation/latest/UserGuide/aws-resource-globalaccelerator-accelerator.html#cfn-globalaccelerator-accelerator-ipaddresstype",
          "UpdateType": "Mutable",
          "Required": false,
          "PrimitiveType": "String"
        },
        "IpAddresses": {
          "Documentation": "http://docs.aws.amazon.com/AWSCloudFormation/latest/UserGuide/aws-resource-globalaccelerator-accelerator.html#cfn-globalaccelerator-accelerator-ipaddresses",
          "UpdateType": "Mutable",
          "Required": false,
          "Type": "List",
          "PrimitiveItemType": "String",
          "DuplicatesAllowed": true
        },
        "Enabled": {
          "Documentation": "http://docs.aws.amazon.com/AWSCloudFormation/latest/UserGuide/aws-resource-globalaccelerator-accelerator.html#cfn-globalaccelerator-accelerator-enabled",
          "UpdateType": "Mutable",
          "Required": false,
          "PrimitiveType": "Boolean"
        },
        "Tags": {
          "Documentation": "http://docs.aws.amazon.com/AWSCloudFormation/latest/UserGuide/aws-resource-globalaccelerator-accelerator.html#cfn-globalaccelerator-accelerator-tags",
          "UpdateType": "Mutable",
          "Required": false,
          "Type": "List",
          "ItemType": "Tag",
          "DuplicatesAllowed": true
        },
        "Name": {
          "Documentation": "http://docs.aws.amazon.com/AWSCloudFormation/latest/UserGuide/aws-resource-globalaccelerator-accelerator.html#cfn-globalaccelerator-accelerator-name",
          "UpdateType": "Mutable",
          "Required": true,
          "PrimitiveType": "String"
        }
      },
      "Attributes": {
        "Ipv4Addresses": {
          "Type": "List",
          "PrimitiveItemType": "String"
        },
        "DnsName": {
          "PrimitiveType": "String"
        },
        "DualStackDnsName": {
          "PrimitiveType": "String"
        },
        "AcceleratorArn": {
          "PrimitiveType": "String"
        },
        "Ipv6Addresses": {
          "Type": "List",
          "PrimitiveItemType": "String"
        }
      }
    }
  },
  "ResourceSpecificationVersion": "114.0.0"
}