{
  "ResourceType": {
    "AWS::Glue::DevEndpoint": {
      "Documentation": "http://docs.aws.amazon.com/AWSCloudFormation/latest/UserGuide/aws-resource-glue-devendpoint.html",
      "Properties": {
        "ExtraJarsS3Path": {
          "Required": false,
          "Documentation": "http://docs.aws.amazon.com/AWSCloudFormation/latest/UserGuide/aws-resource-glue-devendpoint.html#cfn-glue-devendpoint-extrajarss3path",
          "PrimitiveType": "String",
          "UpdateType": "Mutable"
        },
        "PublicKey": {
          "Required": false,
          "Documentation": "http://docs.aws.amazon.com/AWSCloudFormation/latest/UserGuide/aws-resource-glue-devendpoint.html#cfn-glue-devendpoint-publickey",
          "PrimitiveType": "String",
          "UpdateType": "Mutable"
        },
        "NumberOfNodes": {
          "Required": false,
          "Documentation": "http://docs.aws.amazon.com/AWSCloudFormation/latest/UserGuide/aws-resource-glue-devendpoint.html#cfn-glue-devendpoint-numberofnodes",
          "PrimitiveType": "Integer",
          "UpdateType": "Mutable"
        },
        "Arguments": {
          "Required": false,
          "Documentation": "http://docs.aws.amazon.com/AWSCloudFormation/latest/UserGuide/aws-resource-glue-devendpoint.html#cfn-glue-devendpoint-arguments",
          "PrimitiveType": "Json",
          "UpdateType": "Mutable"
        },
        "SubnetId": {
          "Required": false,
          "Documentation": "http://docs.aws.amazon.com/AWSCloudFormation/latest/UserGuide/aws-resource-glue-devendpoint.html#cfn-glue-devendpoint-subnetid",
          "PrimitiveType": "String",
          "UpdateType": "Mutable"
        },
        "PublicKeys": {
          "PrimitiveItemType": "String",
          "Type": "List",
          "Required": false,
          "Documentation": "http://docs.aws.amazon.com/AWSCloudFormation/latest/UserGuide/aws-resource-glue-devendpoint.html#cfn-glue-devendpoint-publickeys",
          "UpdateType": "Mutable"
        },
        "SecurityGroupIds": {
          "PrimitiveItemType": "String",
          "Type": "List",
          "Required": false,
          "Documentation": "http://docs.aws.amazon.com/AWSCloudFormation/latest/UserGuide/aws-resource-glue-devendpoint.html#cfn-glue-devendpoint-securitygroupids",
          "UpdateType": "Mutable"
        },
        "RoleArn": {
          "Required": true,
          "Documentation": "http://docs.aws.amazon.com/AWSCloudFormation/latest/UserGuide/aws-resource-glue-devendpoint.html#cfn-glue-devendpoint-rolearn",
          "PrimitiveType": "String",
          "UpdateType": "Mutable"
        },
        "WorkerType": {
          "Required": false,
          "Documentation": "http://docs.aws.amazon.com/AWSCloudFormation/latest/UserGuide/aws-resource-glue-devendpoint.html#cfn-glue-devendpoint-workertype",
          "PrimitiveType": "String",
          "UpdateType": "Mutable"
        },
        "EndpointName": {
          "Required": false,
          "Documentation": "http://docs.aws.amazon.com/AWSCloudFormation/latest/UserGuide/aws-resource-glue-devendpoint.html#cfn-glue-devendpoint-endpointname",
          "PrimitiveType": "String",
          "UpdateType": "Immutable"
        },
        "GlueVersion": {
          "Required": false,
          "Documentation": "http://docs.aws.amazon.com/AWSCloudFormation/latest/UserGuide/aws-resource-glue-devendpoint.html#cfn-glue-devendpoint-glueversion",
          "PrimitiveType": "String",
          "UpdateType": "Mutable"
        },
        "ExtraPythonLibsS3Path": {
          "Required": false,
          "Documentation": "http://docs.aws.amazon.com/AWSCloudFormation/latest/UserGuide/aws-resource-glue-devendpoint.html#cfn-glue-devendpoint-extrapythonlibss3path",
          "PrimitiveType": "String",
          "UpdateType": "Mutable"
        },
        "SecurityConfiguration": {
          "Required": false,
          "Documentation": "http://docs.aws.amazon.com/AWSCloudFormation/latest/UserGuide/aws-resource-glue-devendpoint.html#cfn-glue-devendpoint-securityconfiguration",
          "PrimitiveType": "String",
          "UpdateType": "Mutable"
        },
        "NumberOfWorkers": {
          "Required": false,
          "Documentation": "http://docs.aws.amazon.com/AWSCloudFormation/latest/UserGuide/aws-resource-glue-devendpoint.html#cfn-glue-devendpoint-numberofworkers",
          "PrimitiveType": "Integer",
          "UpdateType": "Mutable"
        },
        "Tags": {
          "Required": false,
          "Documentation": "http://docs.aws.amazon.com/AWSCloudFormation/latest/UserGuide/aws-resource-glue-devendpoint.html#cfn-glue-devendpoint-tags",
          "PrimitiveType": "Json",
          "UpdateType": "Mutable"
        }
      }
    }
  },
  "ResourceSpecificationVersion": "114.0.0"
}