{
  "PropertyTypes": {
    "AWS::Glue::Classifier.CsvClassifier": {
      "Documentation": "http://docs.aws.amazon.com/AWSCloudFormation/latest/UserGuide/aws-properties-glue-classifier-csvclassifier.html",
      "Properties": {
        "QuoteSymbol": {
          "Required": false,
          "Documentation": "http://docs.aws.amazon.com/AWSCloudFormation/latest/UserGuide/aws-properties-glue-classifier-csvclassifier.html#cfn-glue-classifier-csvclassifier-quotesymbol",
          "PrimitiveType": "String",
          "UpdateType": "Mutable"
        },
        "ContainsHeader": {
          "Required": false,
          "Documentation": "http://docs.aws.amazon.com/AWSCloudFormation/latest/UserGuide/aws-properties-glue-classifier-csvclassifier.html#cfn-glue-classifier-csvclassifier-containsheader",
          "PrimitiveType": "String",
          "UpdateType": "Mutable"
        },
        "Delimiter": {
          "Required": false,
          "Documentation": "http://docs.aws.amazon.com/AWSCloudFormation/latest/UserGuide/aws-properties-glue-classifier-csvclassifier.html#cfn-glue-classifier-csvclassifier-delimiter",
          "PrimitiveType": "String",
          "UpdateType": "Mutable"
        },
        "Header": {
          "PrimitiveItemType": "String",
          "Type": "List",
          "Required": false,
          "Documentation": "http://docs.aws.amazon.com/AWSCloudFormation/latest/UserGuide/aws-properties-glue-classifier-csvclassifier.html#cfn-glue-classifier-csvclassifier-header",
          "UpdateType": "Mutable"
        },
        "AllowSingleColumn": {
          "Required": false,
          "Documentation": "http://docs.aws.amazon.com/AWSCloudFormation/latest/UserGuide/aws-properties-glue-classifier-csvclassifier.html#cfn-glue-classifier-csvclassifier-allowsinglecolumn",
          "PrimitiveType": "Boolean",
          "UpdateType": "Mutable"
        },
        "DisableValueTrimming": {
          "Required": false,
          "Documentation": "http://docs.aws.amazon.com/AWSCloudFormation/latest/UserGuide/aws-properties-glue-classifier-csvclassifier.html#cfn-glue-classifier-csvclassifier-disablevaluetrimming",
          "PrimitiveType": "Boolean",
          "UpdateType": "Mutable"
        },
        "Name": {
          "Required": false,
          "Documentation": "http://docs.aws.amazon.com/AWSCloudFormation/latest/UserGuide/aws-properties-glue-classifier-csvclassifier.html#cfn-glue-classifier-csvclassifier-name",
          "PrimitiveType": "String",
          "UpdateType": "Immutable"
        }
      }
    },
    "AWS::Glue::Classifier.XMLClassifier": {
      "Documentation": "http://docs.aws.amazon.com/AWSCloudFormation/latest/UserGuide/aws-properties-glue-classifier-xmlclassifier.html",
      "Properties": {
        "RowTag": {
          "Required": true,
          "Documentation": "http://docs.aws.amazon.com/AWSCloudFormation/latest/UserGuide/aws-properties-glue-classifier-xmlclassifier.html#cfn-glue-classifier-xmlclassifier-rowtag",
          "PrimitiveType": "String",
          "UpdateType": "Mutable"
        },
        "Classification": {
          "Required": true,
          "Documentation": "http://docs.aws.amazon.com/AWSCloudFormation/latest/UserGuide/aws-properties-glue-classifier-xmlclassifier.html#cfn-glue-classifier-xmlclassifier-classification",
          "PrimitiveType": "String",
          "UpdateType": "Mutable"
        },
        "Name": {
          "Required": false,
          "Documentation": "http://docs.aws.amazon.com/AWSCloudFormation/latest/UserGuide/aws-properties-glue-classifier-xmlclassifier.html#cfn-glue-classifier-xmlclassifier-name",
          "PrimitiveType": "String",
          "UpdateType": "Immutable"
        }
      }
    },
    "AWS::Glue::Classifier.GrokClassifier": {
      "Documentation": "http://docs.aws.amazon.com/AWSCloudFormation/latest/UserGuide/aws-properties-glue-classifier-grokclassifier.html",
      "Properties": {
        "CustomPatterns": {
          "Required": false,
          "Documentation": "http://docs.aws.amazon.com/AWSCloudFormation/latest/UserGuide/aws-properties-glue-classifier-grokclassifier.html#cfn-glue-classifier-grokclassifier-custompatterns",
          "PrimitiveType": "String",
          "UpdateType": "Mutable"
        },
        "GrokPattern": {
          "Required": true,
          "Documentation": "http://docs.aws.amazon.com/AWSCloudFormation/latest/UserGuide/aws-properties-glue-classifier-grokclassifier.html#cfn-glue-classifier-grokclassifier-grokpattern",
          "PrimitiveType": "String",
          "UpdateType": "Mutable"
        },
        "Classification": {
          "Required": true,
          "Documentation": "http://docs.aws.amazon.com/AWSCloudFormation/latest/UserGuide/aws-properties-glue-classifier-grokclassifier.html#cfn-glue-classifier-grokclassifier-classification",
          "PrimitiveType": "String",
          "UpdateType": "Mutable"
        },
        "Name": {
          "Required": false,
          "Documentation": "http://docs.aws.amazon.com/AWSCloudFormation/latest/UserGuide/aws-properties-glue-classifier-grokclassifier.html#cfn-glue-classifier-grokclassifier-name",
          "PrimitiveType": "String",
          "UpdateType": "Immutable"
        }
      }
    },
    "AWS::Glue::Classifier.JsonClassifier": {
      "Documentation": "http://docs.aws.amazon.com/AWSCloudFormation/latest/UserGuide/aws-properties-glue-classifier-jsonclassifier.html",
      "Properties": {
        "JsonPath": {
          "Required": true,
          "Documentation": "http://docs.aws.amazon.com/AWSCloudFormation/latest/UserGuide/aws-properties-glue-classifier-jsonclassifier.html#cfn-glue-classifier-jsonclassifier-jsonpath",
          "PrimitiveType": "String",
          "UpdateType": "Mutable"
        },
        "Name": {
          "Required": false,
          "Documentation": "http://docs.aws.amazon.com/AWSCloudFormation/latest/UserGuide/aws-properties-glue-classifier-jsonclassifier.html#cfn-glue-classifier-jsonclassifier-name",
          "PrimitiveType": "String",
          "UpdateType": "Immutable"
        }
      }
    }
  },
  "ResourceType": {
    "AWS::Glue::Classifier": {
      "Documentation": "http://docs.aws.amazon.com/AWSCloudFormation/latest/UserGuide/aws-resource-glue-classifier.html",
      "Properties": {
        "XMLClassifier": {
          "Type": "XMLClassifier",
          "Required": false,
          "Documentation": "http://docs.aws.amazon.com/AWSCloudFormation/latest/UserGuide/aws-resource-glue-classifier.html#cfn-glue-classifier-xmlclassifier",
          "UpdateType": "Mutable"
        },
        "JsonClassifier": {
          "Type": "JsonClassifier",
          "Required": false,
          "Documentation": "http://docs.aws.amazon.com/AWSCloudFormation/latest/UserGuide/aws-resource-glue-classifier.html#cfn-glue-classifier-jsonclassifier",
          "UpdateType": "Mutable"
        },
        "CsvClassifier": {
          "Type": "CsvClassifier",
          "Required": false,
          "Documentation": "http://docs.aws.amazon.com/AWSCloudFormation/latest/UserGuide/aws-resource-glue-classifier.html#cfn-glue-classifier-csvclassifier",
          "UpdateType": "Mutable"
        },
        "GrokClassifier": {
          "Type": "GrokClassifier",
          "Required": false,
          "Documentation": "http://docs.aws.amazon.com/AWSCloudFormation/latest/UserGuide/aws-resource-glue-classifier.html#cfn-glue-classifier-grokclassifier",
          "UpdateType": "Mutable"
        }
      }
    }
  },
  "ResourceSpecificationVersion": "114.0.0"
}