{
  "PropertyTypes": {
    "AWS::Grafana::Workspace.SamlConfiguration": {
      "Documentation": "http://docs.aws.amazon.com/AWSCloudFormation/latest/UserGuide/aws-properties-grafana-workspace-samlconfiguration.html",
      "Properties": {
        "LoginValidityDuration": {
          "Documentation": "http://docs.aws.amazon.com/AWSCloudFormation/latest/UserGuide/aws-properties-grafana-workspace-samlconfiguration.html#cfn-grafana-workspace-samlconfiguration-loginvalidityduration",
          "UpdateType": "Mutable",
          "Required": false,
          "PrimitiveType": "Double"
        },
        "RoleValues": {
          "Documentation": "http://docs.aws.amazon.com/AWSCloudFormation/latest/UserGuide/aws-properties-grafana-workspace-samlconfiguration.html#cfn-grafana-workspace-samlconfiguration-rolevalues",
          "UpdateType": "Mutable",
          "Required": false,
          "Type": "RoleValues"
        },
        "IdpMetadata": {
          "Documentation": "http://docs.aws.amazon.com/AWSCloudFormation/latest/UserGuide/aws-properties-grafana-workspace-samlconfiguration.html#cfn-grafana-workspace-samlconfiguration-idpmetadata",
          "UpdateType": "Mutable",
          "Required": true,
          "Type": "IdpMetadata"
        },
        "AssertionAttributes": {
          "Documentation": "http://docs.aws.amazon.com/AWSCloudFormation/latest/UserGuide/aws-properties-grafana-workspace-samlconfiguration.html#cfn-grafana-workspace-samlconfiguration-assertionattributes",
          "UpdateType": "Mutable",
          "Required": false,
          "Type": "AssertionAttributes"
        },
        "AllowedOrganizations": {
          "Documentation": "http://docs.aws.amazon.com/AWSCloudFormation/latest/UserGuide/aws-properties-grafana-workspace-samlconfiguration.html#cfn-grafana-workspace-samlconfiguration-allowedorganizations",
          "UpdateType": "Mutable",
          "Required": false,
          "Type": "List",
          "PrimitiveItemType": "String",
          "DuplicatesAllowed": true
        }
      }
    },
    "AWS::Grafana::Workspace.VpcConfiguration": {
      "Documentation": "http://docs.aws.amazon.com/AWSCloudFormation/latest/UserGuide/aws-properties-grafana-workspace-vpcconfiguration.html",
      "Properties": {
        "SecurityGroupIds": {
          "Documentation": "http://docs.aws.amazon.com/AWSCloudFormation/latest/UserGuide/aws-properties-grafana-workspace-vpcconfiguration.html#cfn-grafana-workspace-vpcconfiguration-securitygroupids",
          "UpdateType": "Mutable",
          "Required": true,
          "Type": "List",
          "PrimitiveItemType": "String",
          "DuplicatesAllowed": false
        },
        "SubnetIds": {
          "Documentation": "http://docs.aws.amazon.com/AWSCloudFormation/latest/UserGuide/aws-properties-grafana-workspace-vpcconfiguration.html#cfn-grafana-workspace-vpcconfiguration-subnetids",
          "UpdateType": "Mutable",
          "Required": true,
          "Type": "List",
          "PrimitiveItemType": "String",
          "DuplicatesAllowed": false
        }
      }
    },
    "AWS::Grafana::Workspace.AssertionAttributes": {
      "Documentation": "http://docs.aws.amazon.com/AWSCloudFormation/latest/UserGuide/aws-properties-grafana-workspace-assertionattributes.html",
      "Properties": {
        "Role": {
          "Documentation": "http://docs.aws.amazon.com/AWSCloudFormation/latest/UserGuide/aws-properties-grafana-workspace-assertionattributes.html#cfn-grafana-workspace-assertionattributes-role",
          "UpdateType": "Mutable",
          "Required": false,
          "PrimitiveType": "String"
        },
        "Email": {
          "Documentation": "http://docs.aws.amazon.com/AWSCloudFormation/latest/UserGuide/aws-properties-grafana-workspace-assertionattributes.html#cfn-grafana-workspace-assertionattributes-email",
          "UpdateType": "Mutable",
          "Required": false,
          "PrimitiveType": "String"
        },
        "Org": {
          "Documentation": "http://docs.aws.amazon.com/AWSCloudFormation/latest/UserGuide/aws-properties-grafana-workspace-assertionattributes.html#cfn-grafana-workspace-assertionattributes-org",
          "UpdateType": "Mutable",
          "Required": false,
          "PrimitiveType": "String"
        },
        "Groups": {
          "Documentation": "http://docs.aws.amazon.com/AWSCloudFormation/latest/UserGuide/aws-properties-grafana-workspace-assertionattributes.html#cfn-grafana-workspace-assertionattributes-groups",
          "UpdateType": "Mutable",
          "Required": false,
          "PrimitiveType": "String"
        },
        "Login": {
          "Documentation": "http://docs.aws.amazon.com/AWSCloudFormation/latest/UserGuide/aws-properties-grafana-workspace-assertionattributes.html#cfn-grafana-workspace-assertionattributes-login",
          "UpdateType": "Mutable",
          "Required": false,
          "PrimitiveType": "String"
        },
        "Name": {
          "Documentation": "http://docs.aws.amazon.com/AWSCloudFormation/latest/UserGuide/aws-properties-grafana-workspace-assertionattributes.html#cfn-grafana-workspace-assertionattributes-name",
          "UpdateType": "Mutable",
          "Required": false,
          "PrimitiveType": "String"
        }
      }
    },
    "AWS::Grafana::Workspace.IdpMetadata": {
      "Documentation": "http://docs.aws.amazon.com/AWSCloudFormation/latest/UserGuide/aws-properties-grafana-workspace-idpmetadata.html",
      "Properties": {
        "Xml": {
          "Documentation": "http://docs.aws.amazon.com/AWSCloudFormation/latest/UserGuide/aws-properties-grafana-workspace-idpmetadata.html#cfn-grafana-workspace-idpmetadata-xml",
          "UpdateType": "Mutable",
          "Required": false,
          "PrimitiveType": "String"
        },
        "Url": {
          "Documentation": "http://docs.aws.amazon.com/AWSCloudFormation/latest/UserGuide/aws-properties-grafana-workspace-idpmetadata.html#cfn-grafana-workspace-idpmetadata-url",
          "UpdateType": "Mutable",
          "Required": false,
          "PrimitiveType": "String"
        }
      }
    },
    "AWS::Grafana::Workspace.RoleValues": {
      "Documentation": "http://docs.aws.amazon.com/AWSCloudFormation/latest/UserGuide/aws-properties-grafana-workspace-rolevalues.html",
      "Properties": {
        "Editor": {
          "Documentation": "http://docs.aws.amazon.com/AWSCloudFormation/latest/UserGuide/aws-properties-grafana-workspace-rolevalues.html#cfn-grafana-workspace-rolevalues-editor",
          "UpdateType": "Mutable",
          "Required": false,
          "Type": "List",
          "PrimitiveItemType": "String",
          "DuplicatesAllowed": true
        },
        "Admin": {
          "Documentation": "http://docs.aws.amazon.com/AWSCloudFormation/latest/UserGuide/aws-properties-grafana-workspace-rolevalues.html#cfn-grafana-workspace-rolevalues-admin",
          "UpdateType": "Mutable",
          "Required": false,
          "Type": "List",
          "PrimitiveItemType": "String",
          "DuplicatesAllowed": true
        }
      }
    }
  },
  "ResourceType": {
    "AWS::Grafana::Workspace": {
      "Documentation": "http://docs.aws.amazon.com/AWSCloudFormation/latest/UserGuide/aws-resource-grafana-workspace.html",
      "Properties": {
        "NotificationDestinations": {
          "Documentation": "http://docs.aws.amazon.com/AWSCloudFormation/latest/UserGuide/aws-resource-grafana-workspace.html#cfn-grafana-workspace-notificationdestinations",
          "UpdateType": "Mutable",
          "Required": false,
          "Type": "List",
          "PrimitiveItemType": "String",
          "DuplicatesAllowed": true
        },
        "Description": {
          "Documentation": "http://docs.aws.amazon.com/AWSCloudFormation/latest/UserGuide/aws-resource-grafana-workspace.html#cfn-grafana-workspace-description",
          "UpdateType": "Mutable",
          "Required": false,
          "PrimitiveType": "String"
        },
        "PermissionType": {
          "Documentation": "http://docs.aws.amazon.com/AWSCloudFormation/latest/UserGuide/aws-resource-grafana-workspace.html#cfn-grafana-workspace-permissiontype",
          "UpdateType": "Mutable",
          "Required": false,
          "PrimitiveType": "String"
        },
        "AccountAccessType": {
          "Documentation": "http://docs.aws.amazon.com/AWSCloudFormation/latest/UserGuide/aws-resource-grafana-workspace.html#cfn-grafana-workspace-accountaccesstype",
          "UpdateType": "Mutable",
          "Required": false,
          "PrimitiveType": "String"
        },
        "StackSetName": {
          "Documentation": "http://docs.aws.amazon.com/AWSCloudFormation/latest/UserGuide/aws-resource-grafana-workspace.html#cfn-grafana-workspace-stacksetname",
          "UpdateType": "Mutable",
          "Required": false,
          "PrimitiveType": "String"
        },
        "SamlConfiguration": {
          "Documentation": "http://docs.aws.amazon.com/AWSCloudFormation/latest/UserGuide/aws-resource-grafana-workspace.html#cfn-grafana-workspace-samlconfiguration",
          "UpdateType": "Mutable",
          "Required": false,
          "Type": "SamlConfiguration"
        },
        "OrganizationalUnits": {
          "Documentation": "http://docs.aws.amazon.com/AWSCloudFormation/latest/UserGuide/aws-resource-grafana-workspace.html#cfn-grafana-workspace-organizationalunits",
          "UpdateType": "Mutable",
          "Required": false,
          "Type": "List",
          "PrimitiveItemType": "String",
          "DuplicatesAllowed": true
        },
        "RoleArn": {
          "Documentation": "http://docs.aws.amazon.com/AWSCloudFormation/latest/UserGuide/aws-resource-grafana-workspace.html#cfn-grafana-workspace-rolearn",
          "UpdateType": "Mutable",
          "Required": false,
          "PrimitiveType": "String"
        },
        "Name": {
          "Documentation": "http://docs.aws.amazon.com/AWSCloudFormation/latest/UserGuide/aws-resource-grafana-workspace.html#cfn-grafana-workspace-name",
          "UpdateType": "Mutable",
          "Required": false,
          "PrimitiveType": "String"
        },
        "DataSources": {
          "Documentation": "http://docs.aws.amazon.com/AWSCloudFormation/latest/UserGuide/aws-resource-grafana-workspace.html#cfn-grafana-workspace-datasources",
          "UpdateType": "Mutable",
          "Required": false,
          "Type": "List",
          "PrimitiveItemType": "String",
          "DuplicatesAllowed": true
        },
        "AuthenticationProviders": {
          "Documentation": "http://docs.aws.amazon.com/AWSCloudFormation/latest/UserGuide/aws-resource-grafana-workspace.html#cfn-grafana-workspace-authenticationproviders",
          "UpdateType": "Mutable",
          "Required": false,
          "Type": "List",
          "PrimitiveItemType": "String",
          "DuplicatesAllowed": false
        },
        "OrganizationRoleName": {
          "Documentation": "http://docs.aws.amazon.com/AWSCloudFormation/latest/UserGuide/aws-resource-grafana-workspace.html#cfn-grafana-workspace-organizationrolename",
          "UpdateType": "Mutable",
          "Required": false,
          "PrimitiveType": "String"
        },
        "VpcConfiguration": {
          "Documentation": "http://docs.aws.amazon.com/AWSCloudFormation/latest/UserGuide/aws-resource-grafana-workspace.html#cfn-grafana-workspace-vpcconfiguration",
          "UpdateType": "Mutable",
          "Required": false,
          "Type": "VpcConfiguration"
        },
        "ClientToken": {
          "Documentation": "http://docs.aws.amazon.com/AWSCloudFormation/latest/UserGuide/aws-resource-grafana-workspace.html#cfn-grafana-workspace-clienttoken",
          "UpdateType": "Immutable",
          "Required": false,
          "PrimitiveType": "String"
        }
      },
      "Attributes": {
        "Status": {
          "PrimitiveType": "String"
        },
        "GrafanaVersion": {
          "PrimitiveType": "String"
        },
        "CreationTimestamp": {
          "PrimitiveType": "String"
        },
        "Endpoint": {
          "PrimitiveType": "String"
        },
        "SsoClientId": {
          "PrimitiveType": "String"
        },
        "Id": {
          "PrimitiveType": "String"
        },
        "SamlConfigurationStatus": {
          "PrimitiveType": "String"
        },
        "ModificationTimestamp": {
          "PrimitiveType": "String"
        }
      }
    }
  },
  "ResourceSpecificationVersion": "114.0.0"
}