{
  "PropertyTypes": {
    "AWS::Greengrass::ConnectorDefinitionVersion.Connector": {
      "Documentation": "http://docs.aws.amazon.com/AWSCloudFormation/latest/UserGuide/aws-properties-greengrass-connectordefinitionversion-connector.html",
      "Properties": {
        "ConnectorArn": {
          "Required": true,
          "Documentation": "http://docs.aws.amazon.com/AWSCloudFormation/latest/UserGuide/aws-properties-greengrass-connectordefinitionversion-connector.html#cfn-greengrass-connectordefinitionversion-connector-connectorarn",
          "PrimitiveType": "String",
          "UpdateType": "Immutable"
        },
        "Parameters": {
          "Required": false,
          "Documentation": "http://docs.aws.amazon.com/AWSCloudFormation/latest/UserGuide/aws-properties-greengrass-connectordefinitionversion-connector.html#cfn-greengrass-connectordefinitionversion-connector-parameters",
          "PrimitiveType": "Json",
          "UpdateType": "Immutable"
        },
        "Id": {
          "Required": true,
          "Documentation": "http://docs.aws.amazon.com/AWSCloudFormation/latest/UserGuide/aws-properties-greengrass-connectordefinitionversion-connector.html#cfn-greengrass-connectordefinitionversion-connector-id",
          "PrimitiveType": "String",
          "UpdateType": "Immutable"
        }
      }
    }
  },
  "ResourceType": {
    "AWS::Greengrass::ConnectorDefinitionVersion": {
      "Documentation": "http://docs.aws.amazon.com/AWSCloudFormation/latest/UserGuide/aws-resource-greengrass-connectordefinitionversion.html",
      "Properties": {
        "Connectors": {
          "Type": "List",
          "Required": true,
          "Documentation": "http://docs.aws.amazon.com/AWSCloudFormation/latest/UserGuide/aws-resource-greengrass-connectordefinitionversion.html#cfn-greengrass-connectordefinitionversion-connectors",
          "ItemType": "Connector",
          "UpdateType": "Immutable"
        },
        "ConnectorDefinitionId": {
          "Required": true,
          "Documentation": "http://docs.aws.amazon.com/AWSCloudFormation/latest/UserGuide/aws-resource-greengrass-connectordefinitionversion.html#cfn-greengrass-connectordefinitionversion-connectordefinitionid",
          "PrimitiveType": "String",
          "UpdateType": "Immutable"
        }
      }
    }
  },
  "ResourceSpecificationVersion": "114.0.0"
}