{
  "PropertyTypes": {
    "AWS::Greengrass::LoggerDefinition.LoggerDefinitionVersion": {
      "Documentation": "http://docs.aws.amazon.com/AWSCloudFormation/latest/UserGuide/aws-properties-greengrass-loggerdefinition-loggerdefinitionversion.html",
      "Properties": {
        "Loggers": {
          "Type": "List",
          "Required": true,
          "Documentation": "http://docs.aws.amazon.com/AWSCloudFormation/latest/UserGuide/aws-properties-greengrass-loggerdefinition-loggerdefinitionversion.html#cfn-greengrass-loggerdefinition-loggerdefinitionversion-loggers",
          "ItemType": "Logger",
          "UpdateType": "Immutable"
        }
      }
    },
    "AWS::Greengrass::LoggerDefinition.Logger": {
      "Documentation": "http://docs.aws.amazon.com/AWSCloudFormation/latest/UserGuide/aws-properties-greengrass-loggerdefinition-logger.html",
      "Properties": {
        "Space": {
          "Required": false,
          "Documentation": "http://docs.aws.amazon.com/AWSCloudFormation/latest/UserGuide/aws-properties-greengrass-loggerdefinition-logger.html#cfn-greengrass-loggerdefinition-logger-space",
          "PrimitiveType": "Integer",
          "UpdateType": "Immutable"
        },
        "Type": {
          "Required": true,
          "Documentation": "http://docs.aws.amazon.com/AWSCloudFormation/latest/UserGuide/aws-properties-greengrass-loggerdefinition-logger.html#cfn-greengrass-loggerdefinition-logger-type",
          "PrimitiveType": "String",
          "UpdateType": "Immutable"
        },
        "Level": {
          "Required": true,
          "Documentation": "http://docs.aws.amazon.com/AWSCloudFormation/latest/UserGuide/aws-properties-greengrass-loggerdefinition-logger.html#cfn-greengrass-loggerdefinition-logger-level",
          "PrimitiveType": "String",
          "UpdateType": "Immutable"
        },
        "Id": {
          "Required": true,
          "Documentation": "http://docs.aws.amazon.com/AWSCloudFormation/latest/UserGuide/aws-properties-greengrass-loggerdefinition-logger.html#cfn-greengrass-loggerdefinition-logger-id",
          "PrimitiveType": "String",
          "UpdateType": "Immutable"
        },
        "Component": {
          "Required": true,
          "Documentation": "http://docs.aws.amazon.com/AWSCloudFormation/latest/UserGuide/aws-properties-greengrass-loggerdefinition-logger.html#cfn-greengrass-loggerdefinition-logger-component",
          "PrimitiveType": "String",
          "UpdateType": "Immutable"
        }
      }
    }
  },
  "ResourceType": {
    "AWS::Greengrass::LoggerDefinition": {
      "Documentation": "http://docs.aws.amazon.com/AWSCloudFormation/latest/UserGuide/aws-resource-greengrass-loggerdefinition.html",
      "Attributes": {
        "LatestVersionArn": {
          "PrimitiveType": "String"
        },
        "Id": {
          "PrimitiveType": "String"
        },
        "Arn": {
          "PrimitiveType": "String"
        },
        "Name": {
          "PrimitiveType": "String"
        }
      },
      "Properties": {
        "InitialVersion": {
          "Type": "LoggerDefinitionVersion",
          "Required": false,
          "Documentation": "http://docs.aws.amazon.com/AWSCloudFormation/latest/UserGuide/aws-resource-greengrass-loggerdefinition.html#cfn-greengrass-loggerdefinition-initialversion",
          "UpdateType": "Immutable"
        },
        "Tags": {
          "Required": false,
          "Documentation": "http://docs.aws.amazon.com/AWSCloudFormation/latest/UserGuide/aws-resource-greengrass-loggerdefinition.html#cfn-greengrass-loggerdefinition-tags",
          "PrimitiveType": "Json",
          "UpdateType": "Mutable"
        },
        "Name": {
          "Required": true,
          "Documentation": "http://docs.aws.amazon.com/AWSCloudFormation/latest/UserGuide/aws-resource-greengrass-loggerdefinition.html#cfn-greengrass-loggerdefinition-name",
          "PrimitiveType": "String",
          "UpdateType": "Mutable"
        }
      }
    }
  },
  "ResourceSpecificationVersion": "114.0.0"
}