{
  "PropertyTypes": {
    "AWS::Greengrass::FunctionDefinition.Execution": {
      "Documentation": "http://docs.aws.amazon.com/AWSCloudFormation/latest/UserGuide/aws-properties-greengrass-functiondefinition-execution.html",
      "Properties": {
        "IsolationMode": {
          "Required": false,
          "Documentation": "http://docs.aws.amazon.com/AWSCloudFormation/latest/UserGuide/aws-properties-greengrass-functiondefinition-execution.html#cfn-greengrass-functiondefinition-execution-isolationmode",
          "PrimitiveType": "String",
          "UpdateType": "Immutable"
        },
        "RunAs": {
          "Type": "RunAs",
          "Required": false,
          "Documentation": "http://docs.aws.amazon.com/AWSCloudFormation/latest/UserGuide/aws-properties-greengrass-functiondefinition-execution.html#cfn-greengrass-functiondefinition-execution-runas",
          "UpdateType": "Immutable"
        }
      }
    },
    "AWS::Greengrass::FunctionDefinition.Function": {
      "Documentation": "http://docs.aws.amazon.com/AWSCloudFormation/latest/UserGuide/aws-properties-greengrass-functiondefinition-function.html",
      "Properties": {
        "FunctionArn": {
          "Required": true,
          "Documentation": "http://docs.aws.amazon.com/AWSCloudFormation/latest/UserGuide/aws-properties-greengrass-functiondefinition-function.html#cfn-greengrass-functiondefinition-function-functionarn",
          "PrimitiveType": "String",
          "UpdateType": "Immutable"
        },
        "FunctionConfiguration": {
          "Type": "FunctionConfiguration",
          "Required": true,
          "Documentation": "http://docs.aws.amazon.com/AWSCloudFormation/latest/UserGuide/aws-properties-greengrass-functiondefinition-function.html#cfn-greengrass-functiondefinition-function-functionconfiguration",
          "UpdateType": "Immutable"
        },
        "Id": {
          "Required": true,
          "Documentation": "http://docs.aws.amazon.com/AWSCloudFormation/latest/UserGuide/aws-properties-greengrass-functiondefinition-function.html#cfn-greengrass-functiondefinition-function-id",
          "PrimitiveType": "String",
          "UpdateType": "Immutable"
        }
      }
    },
    "AWS::Greengrass::FunctionDefinition.FunctionDefinitionVersion": {
      "Documentation": "http://docs.aws.amazon.com/AWSCloudFormation/latest/UserGuide/aws-properties-greengrass-functiondefinition-functiondefinitionversion.html",
      "Properties": {
        "DefaultConfig": {
          "Type": "DefaultConfig",
          "Required": false,
          "Documentation": "http://docs.aws.amazon.com/AWSCloudFormation/latest/UserGuide/aws-properties-greengrass-functiondefinition-functiondefinitionversion.html#cfn-greengrass-functiondefinition-functiondefinitionversion-defaultconfig",
          "UpdateType": "Immutable"
        },
        "Functions": {
          "Type": "List",
          "Required": true,
          "Documentation": "http://docs.aws.amazon.com/AWSCloudFormation/latest/UserGuide/aws-properties-greengrass-functiondefinition-functiondefinitionversion.html#cfn-greengrass-functiondefinition-functiondefinitionversion-functions",
          "ItemType": "Function",
          "UpdateType": "Immutable"
        }
      }
    },
    "AWS::Greengrass::FunctionDefinition.RunAs": {
      "Documentation": "http://docs.aws.amazon.com/AWSCloudFormation/latest/UserGuide/aws-properties-greengrass-functiondefinition-runas.html",
      "Properties": {
        "Uid": {
          "Required": false,
          "Documentation": "http://docs.aws.amazon.com/AWSCloudFormation/latest/UserGuide/aws-properties-greengrass-functiondefinition-runas.html#cfn-greengrass-functiondefinition-runas-uid",
          "PrimitiveType": "Integer",
          "UpdateType": "Immutable"
        },
        "Gid": {
          "Required": false,
          "Documentation": "http://docs.aws.amazon.com/AWSCloudFormation/latest/UserGuide/aws-properties-greengrass-functiondefinition-runas.html#cfn-greengrass-functiondefinition-runas-gid",
          "PrimitiveType": "Integer",
          "UpdateType": "Immutable"
        }
      }
    },
    "AWS::Greengrass::FunctionDefinition.Environment": {
      "Documentation": "http://docs.aws.amazon.com/AWSCloudFormation/latest/UserGuide/aws-properties-greengrass-functiondefinition-environment.html",
      "Properties": {
        "Variables": {
          "Required": false,
          "Documentation": "http://docs.aws.amazon.com/AWSCloudFormation/latest/UserGuide/aws-properties-greengrass-functiondefinition-environment.html#cfn-greengrass-functiondefinition-environment-variables",
          "PrimitiveType": "Json",
          "UpdateType": "Immutable"
        },
        "Execution": {
          "Type": "Execution",
          "Required": false,
          "Documentation": "http://docs.aws.amazon.com/AWSCloudFormation/latest/UserGuide/aws-properties-greengrass-functiondefinition-environment.html#cfn-greengrass-functiondefinition-environment-execution",
          "UpdateType": "Immutable"
        },
        "ResourceAccessPolicies": {
          "Type": "List",
          "Required": false,
          "Documentation": "http://docs.aws.amazon.com/AWSCloudFormation/latest/UserGuide/aws-properties-greengrass-functiondefinition-environment.html#cfn-greengrass-functiondefinition-environment-resourceaccesspolicies",
          "ItemType": "ResourceAccessPolicy",
          "UpdateType": "Immutable"
        },
        "AccessSysfs": {
          "Required": false,
          "Documentation": "http://docs.aws.amazon.com/AWSCloudFormation/latest/UserGuide/aws-properties-greengrass-functiondefinition-environment.html#cfn-greengrass-functiondefinition-environment-accesssysfs",
          "PrimitiveType": "Boolean",
          "UpdateType": "Immutable"
        }
      }
    },
    "AWS::Greengrass::FunctionDefinition.DefaultConfig": {
      "Documentation": "http://docs.aws.amazon.com/AWSCloudFormation/latest/UserGuide/aws-properties-greengrass-functiondefinition-defaultconfig.html",
      "Properties": {
        "Execution": {
          "Type": "Execution",
          "Required": true,
          "Documentation": "http://docs.aws.amazon.com/AWSCloudFormation/latest/UserGuide/aws-properties-greengrass-functiondefinition-defaultconfig.html#cfn-greengrass-functiondefinition-defaultconfig-execution",
          "UpdateType": "Mutable"
        }
      }
    },
    "AWS::Greengrass::FunctionDefinition.FunctionConfiguration": {
      "Documentation": "http://docs.aws.amazon.com/AWSCloudFormation/latest/UserGuide/aws-properties-greengrass-functiondefinition-functionconfiguration.html",
      "Properties": {
        "MemorySize": {
          "Required": false,
          "Documentation": "http://docs.aws.amazon.com/AWSCloudFormation/latest/UserGuide/aws-properties-greengrass-functiondefinition-functionconfiguration.html#cfn-greengrass-functiondefinition-functionconfiguration-memorysize",
          "PrimitiveType": "Integer",
          "UpdateType": "Immutable"
        },
        "Pinned": {
          "Required": false,
          "Documentation": "http://docs.aws.amazon.com/AWSCloudFormation/latest/UserGuide/aws-properties-greengrass-functiondefinition-functionconfiguration.html#cfn-greengrass-functiondefinition-functionconfiguration-pinned",
          "PrimitiveType": "Boolean",
          "UpdateType": "Mutable"
        },
        "ExecArgs": {
          "Required": false,
          "Documentation": "http://docs.aws.amazon.com/AWSCloudFormation/latest/UserGuide/aws-properties-greengrass-functiondefinition-functionconfiguration.html#cfn-greengrass-functiondefinition-functionconfiguration-execargs",
          "PrimitiveType": "String",
          "UpdateType": "Immutable"
        },
        "Timeout": {
          "Required": false,
          "Documentation": "http://docs.aws.amazon.com/AWSCloudFormation/latest/UserGuide/aws-properties-greengrass-functiondefinition-functionconfiguration.html#cfn-greengrass-functiondefinition-functionconfiguration-timeout",
          "PrimitiveType": "Integer",
          "UpdateType": "Immutable"
        },
        "EncodingType": {
          "Required": false,
          "Documentation": "http://docs.aws.amazon.com/AWSCloudFormation/latest/UserGuide/aws-properties-greengrass-functiondefinition-functionconfiguration.html#cfn-greengrass-functiondefinition-functionconfiguration-encodingtype",
          "PrimitiveType": "String",
          "UpdateType": "Immutable"
        },
        "Environment": {
          "Type": "Environment",
          "Required": false,
          "Documentation": "http://docs.aws.amazon.com/AWSCloudFormation/latest/UserGuide/aws-properties-greengrass-functiondefinition-functionconfiguration.html#cfn-greengrass-functiondefinition-functionconfiguration-environment",
          "UpdateType": "Immutable"
        },
        "Executable": {
          "Required": false,
          "Documentation": "http://docs.aws.amazon.com/AWSCloudFormation/latest/UserGuide/aws-properties-greengrass-functiondefinition-functionconfiguration.html#cfn-greengrass-functiondefinition-functionconfiguration-executable",
          "PrimitiveType": "String",
          "UpdateType": "Immutable"
        }
      }
    },
    "AWS::Greengrass::FunctionDefinition.ResourceAccessPolicy": {
      "Documentation": "http://docs.aws.amazon.com/AWSCloudFormation/latest/UserGuide/aws-properties-greengrass-functiondefinition-resourceaccesspolicy.html",
      "Properties": {
        "ResourceId": {
          "Required": true,
          "Documentation": "http://docs.aws.amazon.com/AWSCloudFormation/latest/UserGuide/aws-properties-greengrass-functiondefinition-resourceaccesspolicy.html#cfn-greengrass-functiondefinition-resourceaccesspolicy-resourceid",
          "PrimitiveType": "String",
          "UpdateType": "Immutable"
        },
        "Permission": {
          "Required": false,
          "Documentation": "http://docs.aws.amazon.com/AWSCloudFormation/latest/UserGuide/aws-properties-greengrass-functiondefinition-resourceaccesspolicy.html#cfn-greengrass-functiondefinition-resourceaccesspolicy-permission",
          "PrimitiveType": "String",
          "UpdateType": "Immutable"
        }
      }
    }
  },
  "ResourceType": {
    "AWS::Greengrass::FunctionDefinition": {
      "Documentation": "http://docs.aws.amazon.com/AWSCloudFormation/latest/UserGuide/aws-resource-greengrass-functiondefinition.html",
      "Attributes": {
        "LatestVersionArn": {
          "PrimitiveType": "String"
        },
        "Id": {
          "PrimitiveType": "String"
        },
        "Arn": {
          "PrimitiveType": "String"
        },
        "Name": {
          "PrimitiveType": "String"
        }
      },
      "Properties": {
        "InitialVersion": {
          "Type": "FunctionDefinitionVersion",
          "Required": false,
          "Documentation": "http://docs.aws.amazon.com/AWSCloudFormation/latest/UserGuide/aws-resource-greengrass-functiondefinition.html#cfn-greengrass-functiondefinition-initialversion",
          "UpdateType": "Immutable"
        },
        "Tags": {
          "Required": false,
          "Documentation": "http://docs.aws.amazon.com/AWSCloudFormation/latest/UserGuide/aws-resource-greengrass-functiondefinition.html#cfn-greengrass-functiondefinition-tags",
          "PrimitiveType": "Json",
          "UpdateType": "Mutable"
        },
        "Name": {
          "Required": true,
          "Documentation": "http://docs.aws.amazon.com/AWSCloudFormation/latest/UserGuide/aws-resource-greengrass-functiondefinition.html#cfn-greengrass-functiondefinition-name",
          "PrimitiveType": "String",
          "UpdateType": "Mutable"
        }
      }
    }
  },
  "ResourceSpecificationVersion": "114.0.0"
}