{
  "PropertyTypes": {
    "AWS::Greengrass::ResourceDefinition.SageMakerMachineLearningModelResourceData": {
      "Documentation": "http://docs.aws.amazon.com/AWSCloudFormation/latest/UserGuide/aws-properties-greengrass-resourcedefinition-sagemakermachinelearningmodelresourcedata.html",
      "Properties": {
        "OwnerSetting": {
          "Type": "ResourceDownloadOwnerSetting",
          "Required": false,
          "Documentation": "http://docs.aws.amazon.com/AWSCloudFormation/latest/UserGuide/aws-properties-greengrass-resourcedefinition-sagemakermachinelearningmodelresourcedata.html#cfn-greengrass-resourcedefinition-sagemakermachinelearningmodelresourcedata-ownersetting",
          "UpdateType": "Immutable"
        },
        "DestinationPath": {
          "Required": true,
          "Documentation": "http://docs.aws.amazon.com/AWSCloudFormation/latest/UserGuide/aws-properties-greengrass-resourcedefinition-sagemakermachinelearningmodelresourcedata.html#cfn-greengrass-resourcedefinition-sagemakermachinelearningmodelresourcedata-destinationpath",
          "PrimitiveType": "String",
          "UpdateType": "Immutable"
        },
        "SageMakerJobArn": {
          "Required": true,
          "Documentation": "http://docs.aws.amazon.com/AWSCloudFormation/latest/UserGuide/aws-properties-greengrass-resourcedefinition-sagemakermachinelearningmodelresourcedata.html#cfn-greengrass-resourcedefinition-sagemakermachinelearningmodelresourcedata-sagemakerjobarn",
          "PrimitiveType": "String",
          "UpdateType": "Immutable"
        }
      }
    },
    "AWS::Greengrass::ResourceDefinition.ResourceInstance": {
      "Documentation": "http://docs.aws.amazon.com/AWSCloudFormation/latest/UserGuide/aws-properties-greengrass-resourcedefinition-resourceinstance.html",
      "Properties": {
        "ResourceDataContainer": {
          "Type": "ResourceDataContainer",
          "Required": true,
          "Documentation": "http://docs.aws.amazon.com/AWSCloudFormation/latest/UserGuide/aws-properties-greengrass-resourcedefinition-resourceinstance.html#cfn-greengrass-resourcedefinition-resourceinstance-resourcedatacontainer",
          "UpdateType": "Immutable"
        },
        "Id": {
          "Required": true,
          "Documentation": "http://docs.aws.amazon.com/AWSCloudFormation/latest/UserGuide/aws-properties-greengrass-resourcedefinition-resourceinstance.html#cfn-greengrass-resourcedefinition-resourceinstance-id",
          "PrimitiveType": "String",
          "UpdateType": "Immutable"
        },
        "Name": {
          "Required": true,
          "Documentation": "http://docs.aws.amazon.com/AWSCloudFormation/latest/UserGuide/aws-properties-greengrass-resourcedefinition-resourceinstance.html#cfn-greengrass-resourcedefinition-resourceinstance-name",
          "PrimitiveType": "String",
          "UpdateType": "Immutable"
        }
      }
    },
    "AWS::Greengrass::ResourceDefinition.SecretsManagerSecretResourceData": {
      "Documentation": "http://docs.aws.amazon.com/AWSCloudFormation/latest/UserGuide/aws-properties-greengrass-resourcedefinition-secretsmanagersecretresourcedata.html",
      "Properties": {
        "ARN": {
          "Required": true,
          "Documentation": "http://docs.aws.amazon.com/AWSCloudFormation/latest/UserGuide/aws-properties-greengrass-resourcedefinition-secretsmanagersecretresourcedata.html#cfn-greengrass-resourcedefinition-secretsmanagersecretresourcedata-arn",
          "PrimitiveType": "String",
          "UpdateType": "Immutable"
        },
        "AdditionalStagingLabelsToDownload": {
          "PrimitiveItemType": "String",
          "Type": "List",
          "Required": false,
          "Documentation": "http://docs.aws.amazon.com/AWSCloudFormation/latest/UserGuide/aws-properties-greengrass-resourcedefinition-secretsmanagersecretresourcedata.html#cfn-greengrass-resourcedefinition-secretsmanagersecretresourcedata-additionalstaginglabelstodownload",
          "UpdateType": "Immutable"
        }
      }
    },
    "AWS::Greengrass::ResourceDefinition.ResourceDownloadOwnerSetting": {
      "Documentation": "http://docs.aws.amazon.com/AWSCloudFormation/latest/UserGuide/aws-properties-greengrass-resourcedefinition-resourcedownloadownersetting.html",
      "Properties": {
        "GroupOwner": {
          "Required": true,
          "Documentation": "http://docs.aws.amazon.com/AWSCloudFormation/latest/UserGuide/aws-properties-greengrass-resourcedefinition-resourcedownloadownersetting.html#cfn-greengrass-resourcedefinition-resourcedownloadownersetting-groupowner",
          "PrimitiveType": "String",
          "UpdateType": "Immutable"
        },
        "GroupPermission": {
          "Required": true,
          "Documentation": "http://docs.aws.amazon.com/AWSCloudFormation/latest/UserGuide/aws-properties-greengrass-resourcedefinition-resourcedownloadownersetting.html#cfn-greengrass-resourcedefinition-resourcedownloadownersetting-grouppermission",
          "PrimitiveType": "String",
          "UpdateType": "Immutable"
        }
      }
    },
    "AWS::Greengrass::ResourceDefinition.ResourceDefinitionVersion": {
      "Documentation": "http://docs.aws.amazon.com/AWSCloudFormation/latest/UserGuide/aws-properties-greengrass-resourcedefinition-resourcedefinitionversion.html",
      "Properties": {
        "Resources": {
          "Type": "List",
          "Required": true,
          "Documentation": "http://docs.aws.amazon.com/AWSCloudFormation/latest/UserGuide/aws-properties-greengrass-resourcedefinition-resourcedefinitionversion.html#cfn-greengrass-resourcedefinition-resourcedefinitionversion-resources",
          "ItemType": "ResourceInstance",
          "UpdateType": "Immutable"
        }
      }
    },
    "AWS::Greengrass::ResourceDefinition.LocalVolumeResourceData": {
      "Documentation": "http://docs.aws.amazon.com/AWSCloudFormation/latest/UserGuide/aws-properties-greengrass-resourcedefinition-localvolumeresourcedata.html",
      "Properties": {
        "SourcePath": {
          "Required": true,
          "Documentation": "http://docs.aws.amazon.com/AWSCloudFormation/latest/UserGuide/aws-properties-greengrass-resourcedefinition-localvolumeresourcedata.html#cfn-greengrass-resourcedefinition-localvolumeresourcedata-sourcepath",
          "PrimitiveType": "String",
          "UpdateType": "Immutable"
        },
        "DestinationPath": {
          "Required": true,
          "Documentation": "http://docs.aws.amazon.com/AWSCloudFormation/latest/UserGuide/aws-properties-greengrass-resourcedefinition-localvolumeresourcedata.html#cfn-greengrass-resourcedefinition-localvolumeresourcedata-destinationpath",
          "PrimitiveType": "String",
          "UpdateType": "Immutable"
        },
        "GroupOwnerSetting": {
          "Type": "GroupOwnerSetting",
          "Required": false,
          "Documentation": "http://docs.aws.amazon.com/AWSCloudFormation/latest/UserGuide/aws-properties-greengrass-resourcedefinition-localvolumeresourcedata.html#cfn-greengrass-resourcedefinition-localvolumeresourcedata-groupownersetting",
          "UpdateType": "Immutable"
        }
      }
    },
    "AWS::Greengrass::ResourceDefinition.LocalDeviceResourceData": {
      "Documentation": "http://docs.aws.amazon.com/AWSCloudFormation/latest/UserGuide/aws-properties-greengrass-resourcedefinition-localdeviceresourcedata.html",
      "Properties": {
        "SourcePath": {
          "Required": true,
          "Documentation": "http://docs.aws.amazon.com/AWSCloudFormation/latest/UserGuide/aws-properties-greengrass-resourcedefinition-localdeviceresourcedata.html#cfn-greengrass-resourcedefinition-localdeviceresourcedata-sourcepath",
          "PrimitiveType": "String",
          "UpdateType": "Immutable"
        },
        "GroupOwnerSetting": {
          "Type": "GroupOwnerSetting",
          "Required": false,
          "Documentation": "http://docs.aws.amazon.com/AWSCloudFormation/latest/UserGuide/aws-properties-greengrass-resourcedefinition-localdeviceresourcedata.html#cfn-greengrass-resourcedefinition-localdeviceresourcedata-groupownersetting",
          "UpdateType": "Immutable"
        }
      }
    },
    "AWS::Greengrass::ResourceDefinition.GroupOwnerSetting": {
      "Documentation": "http://docs.aws.amazon.com/AWSCloudFormation/latest/UserGuide/aws-properties-greengrass-resourcedefinition-groupownersetting.html",
      "Properties": {
        "AutoAddGroupOwner": {
          "Required": true,
          "Documentation": "http://docs.aws.amazon.com/AWSCloudFormation/latest/UserGuide/aws-properties-greengrass-resourcedefinition-groupownersetting.html#cfn-greengrass-resourcedefinition-groupownersetting-autoaddgroupowner",
          "PrimitiveType": "Boolean",
          "UpdateType": "Immutable"
        },
        "GroupOwner": {
          "Required": false,
          "Documentation": "http://docs.aws.amazon.com/AWSCloudFormation/latest/UserGuide/aws-properties-greengrass-resourcedefinition-groupownersetting.html#cfn-greengrass-resourcedefinition-groupownersetting-groupowner",
          "PrimitiveType": "String",
          "UpdateType": "Immutable"
        }
      }
    },
    "AWS::Greengrass::ResourceDefinition.S3MachineLearningModelResourceData": {
      "Documentation": "http://docs.aws.amazon.com/AWSCloudFormation/latest/UserGuide/aws-properties-greengrass-resourcedefinition-s3machinelearningmodelresourcedata.html",
      "Properties": {
        "OwnerSetting": {
          "Type": "ResourceDownloadOwnerSetting",
          "Required": false,
          "Documentation": "http://docs.aws.amazon.com/AWSCloudFormation/latest/UserGuide/aws-properties-greengrass-resourcedefinition-s3machinelearningmodelresourcedata.html#cfn-greengrass-resourcedefinition-s3machinelearningmodelresourcedata-ownersetting",
          "UpdateType": "Immutable"
        },
        "DestinationPath": {
          "Required": true,
          "Documentation": "http://docs.aws.amazon.com/AWSCloudFormation/latest/UserGuide/aws-properties-greengrass-resourcedefinition-s3machinelearningmodelresourcedata.html#cfn-greengrass-resourcedefinition-s3machinelearningmodelresourcedata-destinationpath",
          "PrimitiveType": "String",
          "UpdateType": "Immutable"
        },
        "S3Uri": {
          "Required": true,
          "Documentation": "http://docs.aws.amazon.com/AWSCloudFormation/latest/UserGuide/aws-properties-greengrass-resourcedefinition-s3machinelearningmodelresourcedata.html#cfn-greengrass-resourcedefinition-s3machinelearningmodelresourcedata-s3uri",
          "PrimitiveType": "String",
          "UpdateType": "Immutable"
        }
      }
    },
    "AWS::Greengrass::ResourceDefinition.ResourceDataContainer": {
      "Documentation": "http://docs.aws.amazon.com/AWSCloudFormation/latest/UserGuide/aws-properties-greengrass-resourcedefinition-resourcedatacontainer.html",
      "Properties": {
        "SecretsManagerSecretResourceData": {
          "Type": "SecretsManagerSecretResourceData",
          "Required": false,
          "Documentation": "http://docs.aws.amazon.com/AWSCloudFormation/latest/UserGuide/aws-properties-greengrass-resourcedefinition-resourcedatacontainer.html#cfn-greengrass-resourcedefinition-resourcedatacontainer-secretsmanagersecretresourcedata",
          "UpdateType": "Immutable"
        },
        "SageMakerMachineLearningModelResourceData": {
          "Type": "SageMakerMachineLearningModelResourceData",
          "Required": false,
          "Documentation": "http://docs.aws.amazon.com/AWSCloudFormation/latest/UserGuide/aws-properties-greengrass-resourcedefinition-resourcedatacontainer.html#cfn-greengrass-resourcedefinition-resourcedatacontainer-sagemakermachinelearningmodelresourcedata",
          "UpdateType": "Immutable"
        },
        "LocalVolumeResourceData": {
          "Type": "LocalVolumeResourceData",
          "Required": false,
          "Documentation": "http://docs.aws.amazon.com/AWSCloudFormation/latest/UserGuide/aws-properties-greengrass-resourcedefinition-resourcedatacontainer.html#cfn-greengrass-resourcedefinition-resourcedatacontainer-localvolumeresourcedata",
          "UpdateType": "Immutable"
        },
        "LocalDeviceResourceData": {
          "Type": "LocalDeviceResourceData",
          "Required": false,
          "Documentation": "http://docs.aws.amazon.com/AWSCloudFormation/latest/UserGuide/aws-properties-greengrass-resourcedefinition-resourcedatacontainer.html#cfn-greengrass-resourcedefinition-resourcedatacontainer-localdeviceresourcedata",
          "UpdateType": "Immutable"
        },
        "S3MachineLearningModelResourceData": {
          "Type": "S3MachineLearningModelResourceData",
          "Required": false,
          "Documentation": "http://docs.aws.amazon.com/AWSCloudFormation/latest/UserGuide/aws-properties-greengrass-resourcedefinition-resourcedatacontainer.html#cfn-greengrass-resourcedefinition-resourcedatacontainer-s3machinelearningmodelresourcedata",
          "UpdateType": "Immutable"
        }
      }
    }
  },
  "ResourceType": {
    "AWS::Greengrass::ResourceDefinition": {
      "Documentation": "http://docs.aws.amazon.com/AWSCloudFormation/latest/UserGuide/aws-resource-greengrass-resourcedefinition.html",
      "Attributes": {
        "LatestVersionArn": {
          "PrimitiveType": "String"
        },
        "Id": {
          "PrimitiveType": "String"
        },
        "Arn": {
          "PrimitiveType": "String"
        },
        "Name": {
          "PrimitiveType": "String"
        }
      },
      "Properties": {
        "InitialVersion": {
          "Type": "ResourceDefinitionVersion",
          "Required": false,
          "Documentation": "http://docs.aws.amazon.com/AWSCloudFormation/latest/UserGuide/aws-resource-greengrass-resourcedefinition.html#cfn-greengrass-resourcedefinition-initialversion",
          "UpdateType": "Immutable"
        },
        "Tags": {
          "Required": false,
          "Documentation": "http://docs.aws.amazon.com/AWSCloudFormation/latest/UserGuide/aws-resource-greengrass-resourcedefinition.html#cfn-greengrass-resourcedefinition-tags",
          "PrimitiveType": "Json",
          "UpdateType": "Mutable"
        },
        "Name": {
          "Required": true,
          "Documentation": "http://docs.aws.amazon.com/AWSCloudFormation/latest/UserGuide/aws-resource-greengrass-resourcedefinition.html#cfn-greengrass-resourcedefinition-name",
          "PrimitiveType": "String",
          "UpdateType": "Mutable"
        }
      }
    }
  },
  "ResourceSpecificationVersion": "114.0.0"
}