{
  "PropertyTypes": {
    "AWS::GreengrassV2::ComponentVersion.LambdaEventSource": {
      "Documentation": "http://docs.aws.amazon.com/AWSCloudFormation/latest/UserGuide/aws-properties-greengrassv2-componentversion-lambdaeventsource.html",
      "Properties": {
        "Type": {
          "Documentation": "http://docs.aws.amazon.com/AWSCloudFormation/latest/UserGuide/aws-properties-greengrassv2-componentversion-lambdaeventsource.html#cfn-greengrassv2-componentversion-lambdaeventsource-type",
          "UpdateType": "Immutable",
          "Required": false,
          "PrimitiveType": "String"
        },
        "Topic": {
          "Documentation": "http://docs.aws.amazon.com/AWSCloudFormation/latest/UserGuide/aws-properties-greengrassv2-componentversion-lambdaeventsource.html#cfn-greengrassv2-componentversion-lambdaeventsource-topic",
          "UpdateType": "Immutable",
          "Required": false,
          "PrimitiveType": "String"
        }
      }
    },
    "AWS::GreengrassV2::ComponentVersion.LambdaContainerParams": {
      "Documentation": "http://docs.aws.amazon.com/AWSCloudFormation/latest/UserGuide/aws-properties-greengrassv2-componentversion-lambdacontainerparams.html",
      "Properties": {
        "Volumes": {
          "Documentation": "http://docs.aws.amazon.com/AWSCloudFormation/latest/UserGuide/aws-properties-greengrassv2-componentversion-lambdacontainerparams.html#cfn-greengrassv2-componentversion-lambdacontainerparams-volumes",
          "UpdateType": "Immutable",
          "Required": false,
          "Type": "List",
          "ItemType": "LambdaVolumeMount",
          "DuplicatesAllowed": true
        },
        "MountROSysfs": {
          "Documentation": "http://docs.aws.amazon.com/AWSCloudFormation/latest/UserGuide/aws-properties-greengrassv2-componentversion-lambdacontainerparams.html#cfn-greengrassv2-componentversion-lambdacontainerparams-mountrosysfs",
          "UpdateType": "Immutable",
          "Required": false,
          "PrimitiveType": "Boolean"
        },
        "MemorySizeInKB": {
          "Documentation": "http://docs.aws.amazon.com/AWSCloudFormation/latest/UserGuide/aws-properties-greengrassv2-componentversion-lambdacontainerparams.html#cfn-greengrassv2-componentversion-lambdacontainerparams-memorysizeinkb",
          "UpdateType": "Immutable",
          "Required": false,
          "PrimitiveType": "Integer"
        },
        "Devices": {
          "Documentation": "http://docs.aws.amazon.com/AWSCloudFormation/latest/UserGuide/aws-properties-greengrassv2-componentversion-lambdacontainerparams.html#cfn-greengrassv2-componentversion-lambdacontainerparams-devices",
          "UpdateType": "Immutable",
          "Required": false,
          "Type": "List",
          "ItemType": "LambdaDeviceMount",
          "DuplicatesAllowed": true
        }
      }
    },
    "AWS::GreengrassV2::ComponentVersion.ComponentPlatform": {
      "Documentation": "http://docs.aws.amazon.com/AWSCloudFormation/latest/UserGuide/aws-properties-greengrassv2-componentversion-componentplatform.html",
      "Properties": {
        "Attributes": {
          "Documentation": "http://docs.aws.amazon.com/AWSCloudFormation/latest/UserGuide/aws-properties-greengrassv2-componentversion-componentplatform.html#cfn-greengrassv2-componentversion-componentplatform-attributes",
          "UpdateType": "Immutable",
          "Required": false,
          "Type": "Map",
          "PrimitiveItemType": "String"
        },
        "Name": {
          "Documentation": "http://docs.aws.amazon.com/AWSCloudFormation/latest/UserGuide/aws-properties-greengrassv2-componentversion-componentplatform.html#cfn-greengrassv2-componentversion-componentplatform-name",
          "UpdateType": "Immutable",
          "Required": false,
          "PrimitiveType": "String"
        }
      }
    },
    "AWS::GreengrassV2::ComponentVersion.LambdaVolumeMount": {
      "Documentation": "http://docs.aws.amazon.com/AWSCloudFormation/latest/UserGuide/aws-properties-greengrassv2-componentversion-lambdavolumemount.html",
      "Properties": {
        "SourcePath": {
          "Documentation": "http://docs.aws.amazon.com/AWSCloudFormation/latest/UserGuide/aws-properties-greengrassv2-componentversion-lambdavolumemount.html#cfn-greengrassv2-componentversion-lambdavolumemount-sourcepath",
          "UpdateType": "Immutable",
          "Required": false,
          "PrimitiveType": "String"
        },
        "DestinationPath": {
          "Documentation": "http://docs.aws.amazon.com/AWSCloudFormation/latest/UserGuide/aws-properties-greengrassv2-componentversion-lambdavolumemount.html#cfn-greengrassv2-componentversion-lambdavolumemount-destinationpath",
          "UpdateType": "Immutable",
          "Required": false,
          "PrimitiveType": "String"
        },
        "AddGroupOwner": {
          "Documentation": "http://docs.aws.amazon.com/AWSCloudFormation/latest/UserGuide/aws-properties-greengrassv2-componentversion-lambdavolumemount.html#cfn-greengrassv2-componentversion-lambdavolumemount-addgroupowner",
          "UpdateType": "Immutable",
          "Required": false,
          "PrimitiveType": "Boolean"
        },
        "Permission": {
          "Documentation": "http://docs.aws.amazon.com/AWSCloudFormation/latest/UserGuide/aws-properties-greengrassv2-componentversion-lambdavolumemount.html#cfn-greengrassv2-componentversion-lambdavolumemount-permission",
          "UpdateType": "Immutable",
          "Required": false,
          "PrimitiveType": "String"
        }
      }
    },
    "AWS::GreengrassV2::ComponentVersion.LambdaDeviceMount": {
      "Documentation": "http://docs.aws.amazon.com/AWSCloudFormation/latest/UserGuide/aws-properties-greengrassv2-componentversion-lambdadevicemount.html",
      "Properties": {
        "Path": {
          "Documentation": "http://docs.aws.amazon.com/AWSCloudFormation/latest/UserGuide/aws-properties-greengrassv2-componentversion-lambdadevicemount.html#cfn-greengrassv2-componentversion-lambdadevicemount-path",
          "UpdateType": "Immutable",
          "Required": false,
          "PrimitiveType": "String"
        },
        "AddGroupOwner": {
          "Documentation": "http://docs.aws.amazon.com/AWSCloudFormation/latest/UserGuide/aws-properties-greengrassv2-componentversion-lambdadevicemount.html#cfn-greengrassv2-componentversion-lambdadevicemount-addgroupowner",
          "UpdateType": "Immutable",
          "Required": false,
          "PrimitiveType": "Boolean"
        },
        "Permission": {
          "Documentation": "http://docs.aws.amazon.com/AWSCloudFormation/latest/UserGuide/aws-properties-greengrassv2-componentversion-lambdadevicemount.html#cfn-greengrassv2-componentversion-lambdadevicemount-permission",
          "UpdateType": "Immutable",
          "Required": false,
          "PrimitiveType": "String"
        }
      }
    },
    "AWS::GreengrassV2::ComponentVersion.ComponentDependencyRequirement": {
      "Documentation": "http://docs.aws.amazon.com/AWSCloudFormation/latest/UserGuide/aws-properties-greengrassv2-componentversion-componentdependencyrequirement.html",
      "Properties": {
        "VersionRequirement": {
          "Documentation": "http://docs.aws.amazon.com/AWSCloudFormation/latest/UserGuide/aws-properties-greengrassv2-componentversion-componentdependencyrequirement.html#cfn-greengrassv2-componentversion-componentdependencyrequirement-versionrequirement",
          "UpdateType": "Immutable",
          "Required": false,
          "PrimitiveType": "String"
        },
        "DependencyType": {
          "Documentation": "http://docs.aws.amazon.com/AWSCloudFormation/latest/UserGuide/aws-properties-greengrassv2-componentversion-componentdependencyrequirement.html#cfn-greengrassv2-componentversion-componentdependencyrequirement-dependencytype",
          "UpdateType": "Immutable",
          "Required": false,
          "PrimitiveType": "String"
        }
      }
    },
    "AWS::GreengrassV2::ComponentVersion.LambdaFunctionRecipeSource": {
      "Documentation": "http://docs.aws.amazon.com/AWSCloudFormation/latest/UserGuide/aws-properties-greengrassv2-componentversion-lambdafunctionrecipesource.html",
      "Properties": {
        "ComponentDependencies": {
          "Documentation": "http://docs.aws.amazon.com/AWSCloudFormation/latest/UserGuide/aws-properties-greengrassv2-componentversion-lambdafunctionrecipesource.html#cfn-greengrassv2-componentversion-lambdafunctionrecipesource-componentdependencies",
          "UpdateType": "Immutable",
          "Required": false,
          "Type": "Map",
          "ItemType": "ComponentDependencyRequirement"
        },
        "ComponentLambdaParameters": {
          "Documentation": "http://docs.aws.amazon.com/AWSCloudFormation/latest/UserGuide/aws-properties-greengrassv2-componentversion-lambdafunctionrecipesource.html#cfn-greengrassv2-componentversion-lambdafunctionrecipesource-componentlambdaparameters",
          "UpdateType": "Immutable",
          "Required": false,
          "Type": "LambdaExecutionParameters"
        },
        "LambdaArn": {
          "Documentation": "http://docs.aws.amazon.com/AWSCloudFormation/latest/UserGuide/aws-properties-greengrassv2-componentversion-lambdafunctionrecipesource.html#cfn-greengrassv2-componentversion-lambdafunctionrecipesource-lambdaarn",
          "UpdateType": "Immutable",
          "Required": false,
          "PrimitiveType": "String"
        },
        "ComponentPlatforms": {
          "Documentation": "http://docs.aws.amazon.com/AWSCloudFormation/latest/UserGuide/aws-properties-greengrassv2-componentversion-lambdafunctionrecipesource.html#cfn-greengrassv2-componentversion-lambdafunctionrecipesource-componentplatforms",
          "UpdateType": "Immutable",
          "Required": false,
          "Type": "List",
          "ItemType": "ComponentPlatform",
          "DuplicatesAllowed": true
        },
        "ComponentName": {
          "Documentation": "http://docs.aws.amazon.com/AWSCloudFormation/latest/UserGuide/aws-properties-greengrassv2-componentversion-lambdafunctionrecipesource.html#cfn-greengrassv2-componentversion-lambdafunctionrecipesource-componentname",
          "UpdateType": "Immutable",
          "Required": false,
          "PrimitiveType": "String"
        },
        "ComponentVersion": {
          "Documentation": "http://docs.aws.amazon.com/AWSCloudFormation/latest/UserGuide/aws-properties-greengrassv2-componentversion-lambdafunctionrecipesource.html#cfn-greengrassv2-componentversion-lambdafunctionrecipesource-componentversion",
          "UpdateType": "Immutable",
          "Required": false,
          "PrimitiveType": "String"
        }
      }
    },
    "AWS::GreengrassV2::ComponentVersion.LambdaLinuxProcessParams": {
      "Documentation": "http://docs.aws.amazon.com/AWSCloudFormation/latest/UserGuide/aws-properties-greengrassv2-componentversion-lambdalinuxprocessparams.html",
      "Properties": {
        "IsolationMode": {
          "Documentation": "http://docs.aws.amazon.com/AWSCloudFormation/latest/UserGuide/aws-properties-greengrassv2-componentversion-lambdalinuxprocessparams.html#cfn-greengrassv2-componentversion-lambdalinuxprocessparams-isolationmode",
          "UpdateType": "Immutable",
          "Required": false,
          "PrimitiveType": "String"
        },
        "ContainerParams": {
          "Documentation": "http://docs.aws.amazon.com/AWSCloudFormation/latest/UserGuide/aws-properties-greengrassv2-componentversion-lambdalinuxprocessparams.html#cfn-greengrassv2-componentversion-lambdalinuxprocessparams-containerparams",
          "UpdateType": "Immutable",
          "Required": false,
          "Type": "LambdaContainerParams"
        }
      }
    },
    "AWS::GreengrassV2::ComponentVersion.LambdaExecutionParameters": {
      "Documentation": "http://docs.aws.amazon.com/AWSCloudFormation/latest/UserGuide/aws-properties-greengrassv2-componentversion-lambdaexecutionparameters.html",
      "Properties": {
        "MaxInstancesCount": {
          "Documentation": "http://docs.aws.amazon.com/AWSCloudFormation/latest/UserGuide/aws-properties-greengrassv2-componentversion-lambdaexecutionparameters.html#cfn-greengrassv2-componentversion-lambdaexecutionparameters-maxinstancescount",
          "UpdateType": "Immutable",
          "Required": false,
          "PrimitiveType": "Integer"
        },
        "TimeoutInSeconds": {
          "Documentation": "http://docs.aws.amazon.com/AWSCloudFormation/latest/UserGuide/aws-properties-greengrassv2-componentversion-lambdaexecutionparameters.html#cfn-greengrassv2-componentversion-lambdaexecutionparameters-timeoutinseconds",
          "UpdateType": "Immutable",
          "Required": false,
          "PrimitiveType": "Integer"
        },
        "EnvironmentVariables": {
          "Documentation": "http://docs.aws.amazon.com/AWSCloudFormation/latest/UserGuide/aws-properties-greengrassv2-componentversion-lambdaexecutionparameters.html#cfn-greengrassv2-componentversion-lambdaexecutionparameters-environmentvariables",
          "UpdateType": "Immutable",
          "Required": false,
          "Type": "Map",
          "PrimitiveItemType": "String"
        },
        "EventSources": {
          "Documentation": "http://docs.aws.amazon.com/AWSCloudFormation/latest/UserGuide/aws-properties-greengrassv2-componentversion-lambdaexecutionparameters.html#cfn-greengrassv2-componentversion-lambdaexecutionparameters-eventsources",
          "UpdateType": "Immutable",
          "Required": false,
          "Type": "List",
          "ItemType": "LambdaEventSource",
          "DuplicatesAllowed": true
        },
        "Pinned": {
          "Documentation": "http://docs.aws.amazon.com/AWSCloudFormation/latest/UserGuide/aws-properties-greengrassv2-componentversion-lambdaexecutionparameters.html#cfn-greengrassv2-componentversion-lambdaexecutionparameters-pinned",
          "UpdateType": "Immutable",
          "Required": false,
          "PrimitiveType": "Boolean"
        },
        "ExecArgs": {
          "Documentation": "http://docs.aws.amazon.com/AWSCloudFormation/latest/UserGuide/aws-properties-greengrassv2-componentversion-lambdaexecutionparameters.html#cfn-greengrassv2-componentversion-lambdaexecutionparameters-execargs",
          "UpdateType": "Immutable",
          "Required": false,
          "Type": "List",
          "PrimitiveItemType": "String",
          "DuplicatesAllowed": true
        },
        "LinuxProcessParams": {
          "Documentation": "http://docs.aws.amazon.com/AWSCloudFormation/latest/UserGuide/aws-properties-greengrassv2-componentversion-lambdaexecutionparameters.html#cfn-greengrassv2-componentversion-lambdaexecutionparameters-linuxprocessparams",
          "UpdateType": "Immutable",
          "Required": false,
          "Type": "LambdaLinuxProcessParams"
        },
        "InputPayloadEncodingType": {
          "Documentation": "http://docs.aws.amazon.com/AWSCloudFormation/latest/UserGuide/aws-properties-greengrassv2-componentversion-lambdaexecutionparameters.html#cfn-greengrassv2-componentversion-lambdaexecutionparameters-inputpayloadencodingtype",
          "UpdateType": "Immutable",
          "Required": false,
          "PrimitiveType": "String"
        },
        "MaxQueueSize": {
          "Documentation": "http://docs.aws.amazon.com/AWSCloudFormation/latest/UserGuide/aws-properties-greengrassv2-componentversion-lambdaexecutionparameters.html#cfn-greengrassv2-componentversion-lambdaexecutionparameters-maxqueuesize",
          "UpdateType": "Immutable",
          "Required": false,
          "PrimitiveType": "Integer"
        },
        "StatusTimeoutInSeconds": {
          "Documentation": "http://docs.aws.amazon.com/AWSCloudFormation/latest/UserGuide/aws-properties-greengrassv2-componentversion-lambdaexecutionparameters.html#cfn-greengrassv2-componentversion-lambdaexecutionparameters-statustimeoutinseconds",
          "UpdateType": "Immutable",
          "Required": false,
          "PrimitiveType": "Integer"
        },
        "MaxIdleTimeInSeconds": {
          "Documentation": "http://docs.aws.amazon.com/AWSCloudFormation/latest/UserGuide/aws-properties-greengrassv2-componentversion-lambdaexecutionparameters.html#cfn-greengrassv2-componentversion-lambdaexecutionparameters-maxidletimeinseconds",
          "UpdateType": "Immutable",
          "Required": false,
          "PrimitiveType": "Integer"
        }
      }
    }
  },
  "ResourceType": {
    "AWS::GreengrassV2::ComponentVersion": {
      "Documentation": "http://docs.aws.amazon.com/AWSCloudFormation/latest/UserGuide/aws-resource-greengrassv2-componentversion.html",
      "Properties": {
        "LambdaFunction": {
          "Documentation": "http://docs.aws.amazon.com/AWSCloudFormation/latest/UserGuide/aws-resource-greengrassv2-componentversion.html#cfn-greengrassv2-componentversion-lambdafunction",
          "UpdateType": "Immutable",
          "Required": false,
          "Type": "LambdaFunctionRecipeSource"
        },
        "InlineRecipe": {
          "Documentation": "http://docs.aws.amazon.com/AWSCloudFormation/latest/UserGuide/aws-resource-greengrassv2-componentversion.html#cfn-greengrassv2-componentversion-inlinerecipe",
          "UpdateType": "Immutable",
          "Required": false,
          "PrimitiveType": "String"
        },
        "Tags": {
          "Documentation": "http://docs.aws.amazon.com/AWSCloudFormation/latest/UserGuide/aws-resource-greengrassv2-componentversion.html#cfn-greengrassv2-componentversion-tags",
          "UpdateType": "Mutable",
          "Required": false,
          "Type": "Map",
          "PrimitiveItemType": "String"
        }
      },
      "Attributes": {
        "ComponentName": {
          "PrimitiveType": "String"
        },
        "Arn": {
          "PrimitiveType": "String"
        },
        "ComponentVersion": {
          "PrimitiveType": "String"
        }
      }
    }
  },
  "ResourceSpecificationVersion": "114.0.0"
}