{
  "PropertyTypes": {
    "AWS::Greengrass::FunctionDefinitionVersion.Function": {
      "Documentation": "http://docs.aws.amazon.com/AWSCloudFormation/latest/UserGuide/aws-properties-greengrass-functiondefinitionversion-function.html",
      "Properties": {
        "FunctionArn": {
          "Required": true,
          "Documentation": "http://docs.aws.amazon.com/AWSCloudFormation/latest/UserGuide/aws-properties-greengrass-functiondefinitionversion-function.html#cfn-greengrass-functiondefinitionversion-function-functionarn",
          "PrimitiveType": "String",
          "UpdateType": "Immutable"
        },
        "FunctionConfiguration": {
          "Type": "FunctionConfiguration",
          "Required": true,
          "Documentation": "http://docs.aws.amazon.com/AWSCloudFormation/latest/UserGuide/aws-properties-greengrass-functiondefinitionversion-function.html#cfn-greengrass-functiondefinitionversion-function-functionconfiguration",
          "UpdateType": "Immutable"
        },
        "Id": {
          "Required": true,
          "Documentation": "http://docs.aws.amazon.com/AWSCloudFormation/latest/UserGuide/aws-properties-greengrass-functiondefinitionversion-function.html#cfn-greengrass-functiondefinitionversion-function-id",
          "PrimitiveType": "String",
          "UpdateType": "Immutable"
        }
      }
    },
    "AWS::Greengrass::FunctionDefinitionVersion.DefaultConfig": {
      "Documentation": "http://docs.aws.amazon.com/AWSCloudFormation/latest/UserGuide/aws-properties-greengrass-functiondefinitionversion-defaultconfig.html",
      "Properties": {
        "Execution": {
          "Type": "Execution",
          "Required": true,
          "Documentation": "http://docs.aws.amazon.com/AWSCloudFormation/latest/UserGuide/aws-properties-greengrass-functiondefinitionversion-defaultconfig.html#cfn-greengrass-functiondefinitionversion-defaultconfig-execution",
          "UpdateType": "Mutable"
        }
      }
    },
    "AWS::Greengrass::FunctionDefinitionVersion.Execution": {
      "Documentation": "http://docs.aws.amazon.com/AWSCloudFormation/latest/UserGuide/aws-properties-greengrass-functiondefinitionversion-execution.html",
      "Properties": {
        "IsolationMode": {
          "Required": false,
          "Documentation": "http://docs.aws.amazon.com/AWSCloudFormation/latest/UserGuide/aws-properties-greengrass-functiondefinitionversion-execution.html#cfn-greengrass-functiondefinitionversion-execution-isolationmode",
          "PrimitiveType": "String",
          "UpdateType": "Immutable"
        },
        "RunAs": {
          "Type": "RunAs",
          "Required": false,
          "Documentation": "http://docs.aws.amazon.com/AWSCloudFormation/latest/UserGuide/aws-properties-greengrass-functiondefinitionversion-execution.html#cfn-greengrass-functiondefinitionversion-execution-runas",
          "UpdateType": "Immutable"
        }
      }
    },
    "AWS::Greengrass::FunctionDefinitionVersion.FunctionConfiguration": {
      "Documentation": "http://docs.aws.amazon.com/AWSCloudFormation/latest/UserGuide/aws-properties-greengrass-functiondefinitionversion-functionconfiguration.html",
      "Properties": {
        "MemorySize": {
          "Required": false,
          "Documentation": "http://docs.aws.amazon.com/AWSCloudFormation/latest/UserGuide/aws-properties-greengrass-functiondefinitionversion-functionconfiguration.html#cfn-greengrass-functiondefinitionversion-functionconfiguration-memorysize",
          "PrimitiveType": "Integer",
          "UpdateType": "Immutable"
        },
        "Pinned": {
          "Required": false,
          "Documentation": "http://docs.aws.amazon.com/AWSCloudFormation/latest/UserGuide/aws-properties-greengrass-functiondefinitionversion-functionconfiguration.html#cfn-greengrass-functiondefinitionversion-functionconfiguration-pinned",
          "PrimitiveType": "Boolean",
          "UpdateType": "Mutable"
        },
        "ExecArgs": {
          "Required": false,
          "Documentation": "http://docs.aws.amazon.com/AWSCloudFormation/latest/UserGuide/aws-properties-greengrass-functiondefinitionversion-functionconfiguration.html#cfn-greengrass-functiondefinitionversion-functionconfiguration-execargs",
          "PrimitiveType": "String",
          "UpdateType": "Immutable"
        },
        "Timeout": {
          "Required": false,
          "Documentation": "http://docs.aws.amazon.com/AWSCloudFormation/latest/UserGuide/aws-properties-greengrass-functiondefinitionversion-functionconfiguration.html#cfn-greengrass-functiondefinitionversion-functionconfiguration-timeout",
          "PrimitiveType": "Integer",
          "UpdateType": "Immutable"
        },
        "EncodingType": {
          "Required": false,
          "Documentation": "http://docs.aws.amazon.com/AWSCloudFormation/latest/UserGuide/aws-properties-greengrass-functiondefinitionversion-functionconfiguration.html#cfn-greengrass-functiondefinitionversion-functionconfiguration-encodingtype",
          "PrimitiveType": "String",
          "UpdateType": "Immutable"
        },
        "Environment": {
          "Type": "Environment",
          "Required": false,
          "Documentation": "http://docs.aws.amazon.com/AWSCloudFormation/latest/UserGuide/aws-properties-greengrass-functiondefinitionversion-functionconfiguration.html#cfn-greengrass-functiondefinitionversion-functionconfiguration-environment",
          "UpdateType": "Immutable"
        },
        "Executable": {
          "Required": false,
          "Documentation": "http://docs.aws.amazon.com/AWSCloudFormation/latest/UserGuide/aws-properties-greengrass-functiondefinitionversion-functionconfiguration.html#cfn-greengrass-functiondefinitionversion-functionconfiguration-executable",
          "PrimitiveType": "String",
          "UpdateType": "Immutable"
        }
      }
    },
    "AWS::Greengrass::FunctionDefinitionVersion.ResourceAccessPolicy": {
      "Documentation": "http://docs.aws.amazon.com/AWSCloudFormation/latest/UserGuide/aws-properties-greengrass-functiondefinitionversion-resourceaccesspolicy.html",
      "Properties": {
        "ResourceId": {
          "Required": true,
          "Documentation": "http://docs.aws.amazon.com/AWSCloudFormation/latest/UserGuide/aws-properties-greengrass-functiondefinitionversion-resourceaccesspolicy.html#cfn-greengrass-functiondefinitionversion-resourceaccesspolicy-resourceid",
          "PrimitiveType": "String",
          "UpdateType": "Immutable"
        },
        "Permission": {
          "Required": false,
          "Documentation": "http://docs.aws.amazon.com/AWSCloudFormation/latest/UserGuide/aws-properties-greengrass-functiondefinitionversion-resourceaccesspolicy.html#cfn-greengrass-functiondefinitionversion-resourceaccesspolicy-permission",
          "PrimitiveType": "String",
          "UpdateType": "Immutable"
        }
      }
    },
    "AWS::Greengrass::FunctionDefinitionVersion.Environment": {
      "Documentation": "http://docs.aws.amazon.com/AWSCloudFormation/latest/UserGuide/aws-properties-greengrass-functiondefinitionversion-environment.html",
      "Properties": {
        "Variables": {
          "Required": false,
          "Documentation": "http://docs.aws.amazon.com/AWSCloudFormation/latest/UserGuide/aws-properties-greengrass-functiondefinitionversion-environment.html#cfn-greengrass-functiondefinitionversion-environment-variables",
          "PrimitiveType": "Json",
          "UpdateType": "Immutable"
        },
        "Execution": {
          "Type": "Execution",
          "Required": false,
          "Documentation": "http://docs.aws.amazon.com/AWSCloudFormation/latest/UserGuide/aws-properties-greengrass-functiondefinitionversion-environment.html#cfn-greengrass-functiondefinitionversion-environment-execution",
          "UpdateType": "Immutable"
        },
        "ResourceAccessPolicies": {
          "Type": "List",
          "Required": false,
          "Documentation": "http://docs.aws.amazon.com/AWSCloudFormation/latest/UserGuide/aws-properties-greengrass-functiondefinitionversion-environment.html#cfn-greengrass-functiondefinitionversion-environment-resourceaccesspolicies",
          "ItemType": "ResourceAccessPolicy",
          "UpdateType": "Immutable"
        },
        "AccessSysfs": {
          "Required": false,
          "Documentation": "http://docs.aws.amazon.com/AWSCloudFormation/latest/UserGuide/aws-properties-greengrass-functiondefinitionversion-environment.html#cfn-greengrass-functiondefinitionversion-environment-accesssysfs",
          "PrimitiveType": "Boolean",
          "UpdateType": "Immutable"
        }
      }
    },
    "AWS::Greengrass::FunctionDefinitionVersion.RunAs": {
      "Documentation": "http://docs.aws.amazon.com/AWSCloudFormation/latest/UserGuide/aws-properties-greengrass-functiondefinitionversion-runas.html",
      "Properties": {
        "Uid": {
          "Required": false,
          "Documentation": "http://docs.aws.amazon.com/AWSCloudFormation/latest/UserGuide/aws-properties-greengrass-functiondefinitionversion-runas.html#cfn-greengrass-functiondefinitionversion-runas-uid",
          "PrimitiveType": "Integer",
          "UpdateType": "Immutable"
        },
        "Gid": {
          "Required": false,
          "Documentation": "http://docs.aws.amazon.com/AWSCloudFormation/latest/UserGuide/aws-properties-greengrass-functiondefinitionversion-runas.html#cfn-greengrass-functiondefinitionversion-runas-gid",
          "PrimitiveType": "Integer",
          "UpdateType": "Immutable"
        }
      }
    }
  },
  "ResourceType": {
    "AWS::Greengrass::FunctionDefinitionVersion": {
      "Documentation": "http://docs.aws.amazon.com/AWSCloudFormation/latest/UserGuide/aws-resource-greengrass-functiondefinitionversion.html",
      "Properties": {
        "DefaultConfig": {
          "Type": "DefaultConfig",
          "Required": false,
          "Documentation": "http://docs.aws.amazon.com/AWSCloudFormation/latest/UserGuide/aws-resource-greengrass-functiondefinitionversion.html#cfn-greengrass-functiondefinitionversion-defaultconfig",
          "UpdateType": "Immutable"
        },
        "Functions": {
          "Type": "List",
          "Required": true,
          "Documentation": "http://docs.aws.amazon.com/AWSCloudFormation/latest/UserGuide/aws-resource-greengrass-functiondefinitionversion.html#cfn-greengrass-functiondefinitionversion-functions",
          "ItemType": "Function",
          "UpdateType": "Immutable"
        },
        "FunctionDefinitionId": {
          "Required": true,
          "Documentation": "http://docs.aws.amazon.com/AWSCloudFormation/latest/UserGuide/aws-resource-greengrass-functiondefinitionversion.html#cfn-greengrass-functiondefinitionversion-functiondefinitionid",
          "PrimitiveType": "String",
          "UpdateType": "Immutable"
        }
      }
    }
  },
  "ResourceSpecificationVersion": "114.0.0"
}