{
  "PropertyTypes": {
    "AWS::GroundStation::DataflowEndpointGroup.SocketAddress": {
      "Documentation": "http://docs.aws.amazon.com/AWSCloudFormation/latest/UserGuide/aws-properties-groundstation-dataflowendpointgroup-socketaddress.html",
      "Properties": {
        "Port": {
          "Documentation": "http://docs.aws.amazon.com/AWSCloudFormation/latest/UserGuide/aws-properties-groundstation-dataflowendpointgroup-socketaddress.html#cfn-groundstation-dataflowendpointgroup-socketaddress-port",
          "UpdateType": "Mutable",
          "Required": false,
          "PrimitiveType": "Integer"
        },
        "Name": {
          "Documentation": "http://docs.aws.amazon.com/AWSCloudFormation/latest/UserGuide/aws-properties-groundstation-dataflowendpointgroup-socketaddress.html#cfn-groundstation-dataflowendpointgroup-socketaddress-name",
          "UpdateType": "Mutable",
          "Required": false,
          "PrimitiveType": "String"
        }
      }
    },
    "AWS::GroundStation::DataflowEndpointGroup.EndpointDetails": {
      "Documentation": "http://docs.aws.amazon.com/AWSCloudFormation/latest/UserGuide/aws-properties-groundstation-dataflowendpointgroup-endpointdetails.html",
      "Properties": {
        "Endpoint": {
          "Documentation": "http://docs.aws.amazon.com/AWSCloudFormation/latest/UserGuide/aws-properties-groundstation-dataflowendpointgroup-endpointdetails.html#cfn-groundstation-dataflowendpointgroup-endpointdetails-endpoint",
          "UpdateType": "Mutable",
          "Required": false,
          "Type": "DataflowEndpoint"
        },
        "SecurityDetails": {
          "Documentation": "http://docs.aws.amazon.com/AWSCloudFormation/latest/UserGuide/aws-properties-groundstation-dataflowendpointgroup-endpointdetails.html#cfn-groundstation-dataflowendpointgroup-endpointdetails-securitydetails",
          "UpdateType": "Mutable",
          "Required": false,
          "Type": "SecurityDetails"
        }
      }
    },
    "AWS::GroundStation::DataflowEndpointGroup.DataflowEndpoint": {
      "Documentation": "http://docs.aws.amazon.com/AWSCloudFormation/latest/UserGuide/aws-properties-groundstation-dataflowendpointgroup-dataflowendpoint.html",
      "Properties": {
        "Address": {
          "Documentation": "http://docs.aws.amazon.com/AWSCloudFormation/latest/UserGuide/aws-properties-groundstation-dataflowendpointgroup-dataflowendpoint.html#cfn-groundstation-dataflowendpointgroup-dataflowendpoint-address",
          "UpdateType": "Mutable",
          "Required": false,
          "Type": "SocketAddress"
        },
        "Name": {
          "Documentation": "http://docs.aws.amazon.com/AWSCloudFormation/latest/UserGuide/aws-properties-groundstation-dataflowendpointgroup-dataflowendpoint.html#cfn-groundstation-dataflowendpointgroup-dataflowendpoint-name",
          "UpdateType": "Mutable",
          "Required": false,
          "PrimitiveType": "String"
        },
        "Mtu": {
          "Documentation": "http://docs.aws.amazon.com/AWSCloudFormation/latest/UserGuide/aws-properties-groundstation-dataflowendpointgroup-dataflowendpoint.html#cfn-groundstation-dataflowendpointgroup-dataflowendpoint-mtu",
          "UpdateType": "Mutable",
          "Required": false,
          "PrimitiveType": "Integer"
        }
      }
    },
    "AWS::GroundStation::DataflowEndpointGroup.SecurityDetails": {
      "Documentation": "http://docs.aws.amazon.com/AWSCloudFormation/latest/UserGuide/aws-properties-groundstation-dataflowendpointgroup-securitydetails.html",
      "Properties": {
        "SubnetIds": {
          "Documentation": "http://docs.aws.amazon.com/AWSCloudFormation/latest/UserGuide/aws-properties-groundstation-dataflowendpointgroup-securitydetails.html#cfn-groundstation-dataflowendpointgroup-securitydetails-subnetids",
          "UpdateType": "Mutable",
          "Required": false,
          "Type": "List",
          "PrimitiveItemType": "String",
          "DuplicatesAllowed": true
        },
        "SecurityGroupIds": {
          "Documentation": "http://docs.aws.amazon.com/AWSCloudFormation/latest/UserGuide/aws-properties-groundstation-dataflowendpointgroup-securitydetails.html#cfn-groundstation-dataflowendpointgroup-securitydetails-securitygroupids",
          "UpdateType": "Mutable",
          "Required": false,
          "Type": "List",
          "PrimitiveItemType": "String",
          "DuplicatesAllowed": true
        },
        "RoleArn": {
          "Documentation": "http://docs.aws.amazon.com/AWSCloudFormation/latest/UserGuide/aws-properties-groundstation-dataflowendpointgroup-securitydetails.html#cfn-groundstation-dataflowendpointgroup-securitydetails-rolearn",
          "UpdateType": "Mutable",
          "Required": false,
          "PrimitiveType": "String"
        }
      }
    },
    "Tag": {
      "Documentation": "http://docs.aws.amazon.com/AWSCloudFormation/latest/UserGuide/aws-properties-resource-tags.html",
      "Properties": {
        "Value": {
          "Documentation": "http://docs.aws.amazon.com/AWSCloudFormation/latest/UserGuide/aws-properties-resource-tags.html#cfn-resource-tags-value",
          "UpdateType": "Mutable",
          "Required": true,
          "PrimitiveType": "String"
        },
        "Key": {
          "Documentation": "http://docs.aws.amazon.com/AWSCloudFormation/latest/UserGuide/aws-properties-resource-tags.html#cfn-resource-tags-key",
          "UpdateType": "Mutable",
          "Required": true,
          "PrimitiveType": "String"
        }
      }
    }
  },
  "ResourceType": {
    "AWS::GroundStation::DataflowEndpointGroup": {
      "Documentation": "http://docs.aws.amazon.com/AWSCloudFormation/latest/UserGuide/aws-resource-groundstation-dataflowendpointgroup.html",
      "Properties": {
        "ContactPostPassDurationSeconds": {
          "Documentation": "http://docs.aws.amazon.com/AWSCloudFormation/latest/UserGuide/aws-resource-groundstation-dataflowendpointgroup.html#cfn-groundstation-dataflowendpointgroup-contactpostpassdurationseconds",
          "UpdateType": "Mutable",
          "Required": false,
          "PrimitiveType": "Integer"
        },
        "EndpointDetails": {
          "Documentation": "http://docs.aws.amazon.com/AWSCloudFormation/latest/UserGuide/aws-resource-groundstation-dataflowendpointgroup.html#cfn-groundstation-dataflowendpointgroup-endpointdetails",
          "UpdateType": "Mutable",
          "Required": true,
          "Type": "List",
          "ItemType": "EndpointDetails",
          "DuplicatesAllowed": true
        },
        "Tags": {
          "Documentation": "http://docs.aws.amazon.com/AWSCloudFormation/latest/UserGuide/aws-resource-groundstation-dataflowendpointgroup.html#cfn-groundstation-dataflowendpointgroup-tags",
          "UpdateType": "Mutable",
          "Required": false,
          "Type": "List",
          "ItemType": "Tag",
          "DuplicatesAllowed": true
        },
        "ContactPrePassDurationSeconds": {
          "Documentation": "http://docs.aws.amazon.com/AWSCloudFormation/latest/UserGuide/aws-resource-groundstation-dataflowendpointgroup.html#cfn-groundstation-dataflowendpointgroup-contactprepassdurationseconds",
          "UpdateType": "Mutable",
          "Required": false,
          "PrimitiveType": "Integer"
        }
      },
      "Attributes": {
        "Id": {
          "PrimitiveType": "String"
        },
        "Arn": {
          "PrimitiveType": "String"
        }
      }
    }
  },
  "ResourceSpecificationVersion": "114.0.0"
}