{
  "ResourceType": {
    "AWS::GuardDuty::Member": {
      "Documentation": "http://docs.aws.amazon.com/AWSCloudFormation/latest/UserGuide/aws-resource-guardduty-member.html",
      "Properties": {
        "Status": {
          "Required": false,
          "Documentation": "http://docs.aws.amazon.com/AWSCloudFormation/latest/UserGuide/aws-resource-guardduty-member.html#cfn-guardduty-member-status",
          "PrimitiveType": "String",
          "UpdateType": "Mutable"
        },
        "MemberId": {
          "Required": true,
          "Documentation": "http://docs.aws.amazon.com/AWSCloudFormation/latest/UserGuide/aws-resource-guardduty-member.html#cfn-guardduty-member-memberid",
          "PrimitiveType": "String",
          "UpdateType": "Immutable"
        },
        "Email": {
          "Required": true,
          "Documentation": "http://docs.aws.amazon.com/AWSCloudFormation/latest/UserGuide/aws-resource-guardduty-member.html#cfn-guardduty-member-email",
          "PrimitiveType": "String",
          "UpdateType": "Immutable"
        },
        "Message": {
          "Required": false,
          "Documentation": "http://docs.aws.amazon.com/AWSCloudFormation/latest/UserGuide/aws-resource-guardduty-member.html#cfn-guardduty-member-message",
          "PrimitiveType": "String",
          "UpdateType": "Mutable"
        },
        "DisableEmailNotification": {
          "Required": false,
          "Documentation": "http://docs.aws.amazon.com/AWSCloudFormation/latest/UserGuide/aws-resource-guardduty-member.html#cfn-guardduty-member-disableemailnotification",
          "PrimitiveType": "Boolean",
          "UpdateType": "Mutable"
        },
        "DetectorId": {
          "Required": true,
          "Documentation": "http://docs.aws.amazon.com/AWSCloudFormation/latest/UserGuide/aws-resource-guardduty-member.html#cfn-guardduty-member-detectorid",
          "PrimitiveType": "String",
          "UpdateType": "Immutable"
        }
      }
    }
  },
  "ResourceSpecificationVersion": "114.0.0"
}