{
  "ResourceType": {
    "AWS::IAM::ServiceLinkedRole": {
      "Documentation": "http://docs.aws.amazon.com/AWSCloudFormation/latest/UserGuide/aws-resource-iam-servicelinkedrole.html",
      "Properties": {
        "CustomSuffix": {
          "Required": false,
          "Documentation": "http://docs.aws.amazon.com/AWSCloudFormation/latest/UserGuide/aws-resource-iam-servicelinkedrole.html#cfn-iam-servicelinkedrole-customsuffix",
          "PrimitiveType": "String",
          "UpdateType": "Immutable"
        },
        "Description": {
          "Required": false,
          "Documentation": "http://docs.aws.amazon.com/AWSCloudFormation/latest/UserGuide/aws-resource-iam-servicelinkedrole.html#cfn-iam-servicelinkedrole-description",
          "PrimitiveType": "String",
          "UpdateType": "Mutable"
        },
        "AWSServiceName": {
          "Required": true,
          "Documentation": "http://docs.aws.amazon.com/AWSCloudFormation/latest/UserGuide/aws-resource-iam-servicelinkedrole.html#cfn-iam-servicelinkedrole-awsservicename",
          "PrimitiveType": "String",
          "UpdateType": "Immutable"
        }
      }
    }
  },
  "ResourceSpecificationVersion": "114.0.0"
}