{
  "PropertyTypes": {
    "AWS::IdentityStore::GroupMembership.MemberId": {
      "Documentation": "http://docs.aws.amazon.com/AWSCloudFormation/latest/UserGuide/aws-properties-identitystore-groupmembership-memberid.html",
      "Properties": {
        "UserId": {
          "Documentation": "http://docs.aws.amazon.com/AWSCloudFormation/latest/UserGuide/aws-properties-identitystore-groupmembership-memberid.html#cfn-identitystore-groupmembership-memberid-userid",
          "UpdateType": "Mutable",
          "Required": true,
          "PrimitiveType": "String"
        }
      }
    }
  },
  "ResourceType": {
    "AWS::IdentityStore::GroupMembership": {
      "Documentation": "http://docs.aws.amazon.com/AWSCloudFormation/latest/UserGuide/aws-resource-identitystore-groupmembership.html",
      "Properties": {
        "MemberId": {
          "Documentation": "http://docs.aws.amazon.com/AWSCloudFormation/latest/UserGuide/aws-resource-identitystore-groupmembership.html#cfn-identitystore-groupmembership-memberid",
          "UpdateType": "Mutable",
          "Required": true,
          "Type": "MemberId"
        },
        "IdentityStoreId": {
          "Documentation": "http://docs.aws.amazon.com/AWSCloudFormation/latest/UserGuide/aws-resource-identitystore-groupmembership.html#cfn-identitystore-groupmembership-identitystoreid",
          "UpdateType": "Immutable",
          "Required": true,
          "PrimitiveType": "String"
        },
        "GroupId": {
          "Documentation": "http://docs.aws.amazon.com/AWSCloudFormation/latest/UserGuide/aws-resource-identitystore-groupmembership.html#cfn-identitystore-groupmembership-groupid",
          "UpdateType": "Mutable",
          "Required": true,
          "PrimitiveType": "String"
        }
      },
      "Attributes": {
        "MembershipId": {
          "PrimitiveType": "String"
        }
      }
    }
  },
  "ResourceSpecificationVersion": "114.0.0"
}