{
  "PropertyTypes": {
    "AWS::ImageBuilder::Image.ImageTestsConfiguration": {
      "Documentation": "http://docs.aws.amazon.com/AWSCloudFormation/latest/UserGuide/aws-properties-imagebuilder-image-imagetestsconfiguration.html",
      "Properties": {
        "TimeoutMinutes": {
          "Documentation": "http://docs.aws.amazon.com/AWSCloudFormation/latest/UserGuide/aws-properties-imagebuilder-image-imagetestsconfiguration.html#cfn-imagebuilder-image-imagetestsconfiguration-timeoutminutes",
          "UpdateType": "Immutable",
          "Required": false,
          "PrimitiveType": "Integer"
        },
        "ImageTestsEnabled": {
          "Documentation": "http://docs.aws.amazon.com/AWSCloudFormation/latest/UserGuide/aws-properties-imagebuilder-image-imagetestsconfiguration.html#cfn-imagebuilder-image-imagetestsconfiguration-imagetestsenabled",
          "UpdateType": "Immutable",
          "Required": false,
          "PrimitiveType": "Boolean"
        }
      }
    },
    "AWS::ImageBuilder::Image.EcrConfiguration": {
      "Documentation": "http://docs.aws.amazon.com/AWSCloudFormation/latest/UserGuide/aws-properties-imagebuilder-image-ecrconfiguration.html",
      "Properties": {
        "ContainerTags": {
          "Documentation": "http://docs.aws.amazon.com/AWSCloudFormation/latest/UserGuide/aws-properties-imagebuilder-image-ecrconfiguration.html#cfn-imagebuilder-image-ecrconfiguration-containertags",
          "UpdateType": "Immutable",
          "Required": false,
          "Type": "List",
          "PrimitiveItemType": "String",
          "DuplicatesAllowed": true
        },
        "RepositoryName": {
          "Documentation": "http://docs.aws.amazon.com/AWSCloudFormation/latest/UserGuide/aws-properties-imagebuilder-image-ecrconfiguration.html#cfn-imagebuilder-image-ecrconfiguration-repositoryname",
          "UpdateType": "Immutable",
          "Required": false,
          "PrimitiveType": "String"
        }
      }
    },
    "AWS::ImageBuilder::Image.ImageScanningConfiguration": {
      "Documentation": "http://docs.aws.amazon.com/AWSCloudFormation/latest/UserGuide/aws-properties-imagebuilder-image-imagescanningconfiguration.html",
      "Properties": {
        "EcrConfiguration": {
          "Documentation": "http://docs.aws.amazon.com/AWSCloudFormation/latest/UserGuide/aws-properties-imagebuilder-image-imagescanningconfiguration.html#cfn-imagebuilder-image-imagescanningconfiguration-ecrconfiguration",
          "UpdateType": "Immutable",
          "Required": false,
          "Type": "EcrConfiguration"
        },
        "ImageScanningEnabled": {
          "Documentation": "http://docs.aws.amazon.com/AWSCloudFormation/latest/UserGuide/aws-properties-imagebuilder-image-imagescanningconfiguration.html#cfn-imagebuilder-image-imagescanningconfiguration-imagescanningenabled",
          "UpdateType": "Immutable",
          "Required": false,
          "PrimitiveType": "Boolean"
        }
      }
    }
  },
  "ResourceType": {
    "AWS::ImageBuilder::Image": {
      "Documentation": "http://docs.aws.amazon.com/AWSCloudFormation/latest/UserGuide/aws-resource-imagebuilder-image.html",
      "Properties": {
        "ImageScanningConfiguration": {
          "Documentation": "http://docs.aws.amazon.com/AWSCloudFormation/latest/UserGuide/aws-resource-imagebuilder-image.html#cfn-imagebuilder-image-imagescanningconfiguration",
          "UpdateType": "Immutable",
          "Required": false,
          "Type": "ImageScanningConfiguration"
        },
        "InfrastructureConfigurationArn": {
          "Documentation": "http://docs.aws.amazon.com/AWSCloudFormation/latest/UserGuide/aws-resource-imagebuilder-image.html#cfn-imagebuilder-image-infrastructureconfigurationarn",
          "UpdateType": "Immutable",
          "Required": true,
          "PrimitiveType": "String"
        },
        "ImageRecipeArn": {
          "Documentation": "http://docs.aws.amazon.com/AWSCloudFormation/latest/UserGuide/aws-resource-imagebuilder-image.html#cfn-imagebuilder-image-imagerecipearn",
          "UpdateType": "Immutable",
          "Required": false,
          "PrimitiveType": "String"
        },
        "DistributionConfigurationArn": {
          "Documentation": "http://docs.aws.amazon.com/AWSCloudFormation/latest/UserGuide/aws-resource-imagebuilder-image.html#cfn-imagebuilder-image-distributionconfigurationarn",
          "UpdateType": "Immutable",
          "Required": false,
          "PrimitiveType": "String"
        },
        "ContainerRecipeArn": {
          "Documentation": "http://docs.aws.amazon.com/AWSCloudFormation/latest/UserGuide/aws-resource-imagebuilder-image.html#cfn-imagebuilder-image-containerrecipearn",
          "UpdateType": "Immutable",
          "Required": false,
          "PrimitiveType": "String"
        },
        "ImageTestsConfiguration": {
          "Documentation": "http://docs.aws.amazon.com/AWSCloudFormation/latest/UserGuide/aws-resource-imagebuilder-image.html#cfn-imagebuilder-image-imagetestsconfiguration",
          "UpdateType": "Immutable",
          "Required": false,
          "Type": "ImageTestsConfiguration"
        },
        "EnhancedImageMetadataEnabled": {
          "Documentation": "http://docs.aws.amazon.com/AWSCloudFormation/latest/UserGuide/aws-resource-imagebuilder-image.html#cfn-imagebuilder-image-enhancedimagemetadataenabled",
          "UpdateType": "Immutable",
          "Required": false,
          "PrimitiveType": "Boolean"
        },
        "Tags": {
          "Documentation": "http://docs.aws.amazon.com/AWSCloudFormation/latest/UserGuide/aws-resource-imagebuilder-image.html#cfn-imagebuilder-image-tags",
          "UpdateType": "Immutable",
          "Required": false,
          "Type": "Map",
          "PrimitiveItemType": "String"
        }
      },
      "Attributes": {
        "ImageId": {
          "PrimitiveType": "String"
        },
        "ImageUri": {
          "PrimitiveType": "String"
        },
        "Arn": {
          "PrimitiveType": "String"
        },
        "Name": {
          "PrimitiveType": "String"
        }
      }
    }
  },
  "ResourceSpecificationVersion": "114.0.0"
}