{
  "PropertyTypes": {
    "AWS::ImageBuilder::DistributionConfiguration.Distribution": {
      "Documentation": "http://docs.aws.amazon.com/AWSCloudFormation/latest/UserGuide/aws-properties-imagebuilder-distributionconfiguration-distribution.html",
      "Properties": {
        "AmiDistributionConfiguration": {
          "Documentation": "http://docs.aws.amazon.com/AWSCloudFormation/latest/UserGuide/aws-properties-imagebuilder-distributionconfiguration-distribution.html#cfn-imagebuilder-distributionconfiguration-distribution-amidistributionconfiguration",
          "UpdateType": "Mutable",
          "Required": false,
          "Type": "AmiDistributionConfiguration"
        },
        "ContainerDistributionConfiguration": {
          "Documentation": "http://docs.aws.amazon.com/AWSCloudFormation/latest/UserGuide/aws-properties-imagebuilder-distributionconfiguration-distribution.html#cfn-imagebuilder-distributionconfiguration-distribution-containerdistributionconfiguration",
          "UpdateType": "Mutable",
          "Required": false,
          "Type": "ContainerDistributionConfiguration"
        },
        "FastLaunchConfigurations": {
          "Documentation": "http://docs.aws.amazon.com/AWSCloudFormation/latest/UserGuide/aws-properties-imagebuilder-distributionconfiguration-distribution.html#cfn-imagebuilder-distributionconfiguration-distribution-fastlaunchconfigurations",
          "UpdateType": "Mutable",
          "Required": false,
          "Type": "List",
          "ItemType": "FastLaunchConfiguration",
          "DuplicatesAllowed": true
        },
        "LaunchTemplateConfigurations": {
          "Documentation": "http://docs.aws.amazon.com/AWSCloudFormation/latest/UserGuide/aws-properties-imagebuilder-distributionconfiguration-distribution.html#cfn-imagebuilder-distributionconfiguration-distribution-launchtemplateconfigurations",
          "UpdateType": "Mutable",
          "Required": false,
          "Type": "List",
          "ItemType": "LaunchTemplateConfiguration",
          "DuplicatesAllowed": true
        },
        "LicenseConfigurationArns": {
          "Documentation": "http://docs.aws.amazon.com/AWSCloudFormation/latest/UserGuide/aws-properties-imagebuilder-distributionconfiguration-distribution.html#cfn-imagebuilder-distributionconfiguration-distribution-licenseconfigurationarns",
          "UpdateType": "Mutable",
          "Required": false,
          "Type": "List",
          "PrimitiveItemType": "String",
          "DuplicatesAllowed": true
        },
        "Region": {
          "Documentation": "http://docs.aws.amazon.com/AWSCloudFormation/latest/UserGuide/aws-properties-imagebuilder-distributionconfiguration-distribution.html#cfn-imagebuilder-distributionconfiguration-distribution-region",
          "UpdateType": "Mutable",
          "Required": true,
          "PrimitiveType": "String"
        }
      }
    },
    "AWS::ImageBuilder::DistributionConfiguration.FastLaunchConfiguration": {
      "Documentation": "http://docs.aws.amazon.com/AWSCloudFormation/latest/UserGuide/aws-properties-imagebuilder-distributionconfiguration-fastlaunchconfiguration.html",
      "Properties": {
        "AccountId": {
          "Documentation": "http://docs.aws.amazon.com/AWSCloudFormation/latest/UserGuide/aws-properties-imagebuilder-distributionconfiguration-fastlaunchconfiguration.html#cfn-imagebuilder-distributionconfiguration-fastlaunchconfiguration-accountid",
          "UpdateType": "Mutable",
          "Required": false,
          "PrimitiveType": "String"
        },
        "LaunchTemplate": {
          "Documentation": "http://docs.aws.amazon.com/AWSCloudFormation/latest/UserGuide/aws-properties-imagebuilder-distributionconfiguration-fastlaunchconfiguration.html#cfn-imagebuilder-distributionconfiguration-fastlaunchconfiguration-launchtemplate",
          "UpdateType": "Mutable",
          "Required": false,
          "Type": "FastLaunchLaunchTemplateSpecification"
        },
        "Enabled": {
          "Documentation": "http://docs.aws.amazon.com/AWSCloudFormation/latest/UserGuide/aws-properties-imagebuilder-distributionconfiguration-fastlaunchconfiguration.html#cfn-imagebuilder-distributionconfiguration-fastlaunchconfiguration-enabled",
          "UpdateType": "Mutable",
          "Required": false,
          "PrimitiveType": "Boolean"
        },
        "MaxParallelLaunches": {
          "Documentation": "http://docs.aws.amazon.com/AWSCloudFormation/latest/UserGuide/aws-properties-imagebuilder-distributionconfiguration-fastlaunchconfiguration.html#cfn-imagebuilder-distributionconfiguration-fastlaunchconfiguration-maxparallellaunches",
          "UpdateType": "Mutable",
          "Required": false,
          "PrimitiveType": "Integer"
        },
        "SnapshotConfiguration": {
          "Documentation": "http://docs.aws.amazon.com/AWSCloudFormation/latest/UserGuide/aws-properties-imagebuilder-distributionconfiguration-fastlaunchconfiguration.html#cfn-imagebuilder-distributionconfiguration-fastlaunchconfiguration-snapshotconfiguration",
          "UpdateType": "Mutable",
          "Required": false,
          "Type": "FastLaunchSnapshotConfiguration"
        }
      }
    },
    "AWS::ImageBuilder::DistributionConfiguration.TargetContainerRepository": {
      "Documentation": "http://docs.aws.amazon.com/AWSCloudFormation/latest/UserGuide/aws-properties-imagebuilder-distributionconfiguration-targetcontainerrepository.html",
      "Properties": {
        "Service": {
          "Documentation": "http://docs.aws.amazon.com/AWSCloudFormation/latest/UserGuide/aws-properties-imagebuilder-distributionconfiguration-targetcontainerrepository.html#cfn-imagebuilder-distributionconfiguration-targetcontainerrepository-service",
          "UpdateType": "Mutable",
          "Required": false,
          "PrimitiveType": "String"
        },
        "RepositoryName": {
          "Documentation": "http://docs.aws.amazon.com/AWSCloudFormation/latest/UserGuide/aws-properties-imagebuilder-distributionconfiguration-targetcontainerrepository.html#cfn-imagebuilder-distributionconfiguration-targetcontainerrepository-repositoryname",
          "UpdateType": "Mutable",
          "Required": false,
          "PrimitiveType": "String"
        }
      }
    },
    "AWS::ImageBuilder::DistributionConfiguration.AmiDistributionConfiguration": {
      "Documentation": "http://docs.aws.amazon.com/AWSCloudFormation/latest/UserGuide/aws-properties-imagebuilder-distributionconfiguration-amidistributionconfiguration.html",
      "Properties": {
        "AmiTags": {
          "Documentation": "http://docs.aws.amazon.com/AWSCloudFormation/latest/UserGuide/aws-properties-imagebuilder-distributionconfiguration-amidistributionconfiguration.html#cfn-imagebuilder-distributionconfiguration-amidistributionconfiguration-amitags",
          "UpdateType": "Mutable",
          "Required": false,
          "Type": "Map",
          "PrimitiveItemType": "String"
        },
        "Description": {
          "Documentation": "http://docs.aws.amazon.com/AWSCloudFormation/latest/UserGuide/aws-properties-imagebuilder-distributionconfiguration-amidistributionconfiguration.html#cfn-imagebuilder-distributionconfiguration-amidistributionconfiguration-description",
          "UpdateType": "Mutable",
          "Required": false,
          "PrimitiveType": "String"
        },
        "KmsKeyId": {
          "Documentation": "http://docs.aws.amazon.com/AWSCloudFormation/latest/UserGuide/aws-properties-imagebuilder-distributionconfiguration-amidistributionconfiguration.html#cfn-imagebuilder-distributionconfiguration-amidistributionconfiguration-kmskeyid",
          "UpdateType": "Mutable",
          "Required": false,
          "PrimitiveType": "String"
        },
        "LaunchPermissionConfiguration": {
          "Documentation": "http://docs.aws.amazon.com/AWSCloudFormation/latest/UserGuide/aws-properties-imagebuilder-distributionconfiguration-amidistributionconfiguration.html#cfn-imagebuilder-distributionconfiguration-amidistributionconfiguration-launchpermissionconfiguration",
          "UpdateType": "Mutable",
          "Required": false,
          "Type": "LaunchPermissionConfiguration"
        },
        "TargetAccountIds": {
          "Documentation": "http://docs.aws.amazon.com/AWSCloudFormation/latest/UserGuide/aws-properties-imagebuilder-distributionconfiguration-amidistributionconfiguration.html#cfn-imagebuilder-distributionconfiguration-amidistributionconfiguration-targetaccountids",
          "UpdateType": "Mutable",
          "Required": false,
          "Type": "List",
          "PrimitiveItemType": "String",
          "DuplicatesAllowed": true
        },
        "Name": {
          "Documentation": "http://docs.aws.amazon.com/AWSCloudFormation/latest/UserGuide/aws-properties-imagebuilder-distributionconfiguration-amidistributionconfiguration.html#cfn-imagebuilder-distributionconfiguration-amidistributionconfiguration-name",
          "UpdateType": "Mutable",
          "Required": false,
          "PrimitiveType": "String"
        }
      }
    },
    "AWS::ImageBuilder::DistributionConfiguration.LaunchPermissionConfiguration": {
      "Documentation": "http://docs.aws.amazon.com/AWSCloudFormation/latest/UserGuide/aws-properties-imagebuilder-distributionconfiguration-launchpermissionconfiguration.html",
      "Properties": {
        "OrganizationArns": {
          "Documentation": "http://docs.aws.amazon.com/AWSCloudFormation/latest/UserGuide/aws-properties-imagebuilder-distributionconfiguration-launchpermissionconfiguration.html#cfn-imagebuilder-distributionconfiguration-launchpermissionconfiguration-organizationarns",
          "UpdateType": "Mutable",
          "Required": false,
          "Type": "List",
          "PrimitiveItemType": "String",
          "DuplicatesAllowed": true
        },
        "OrganizationalUnitArns": {
          "Documentation": "http://docs.aws.amazon.com/AWSCloudFormation/latest/UserGuide/aws-properties-imagebuilder-distributionconfiguration-launchpermissionconfiguration.html#cfn-imagebuilder-distributionconfiguration-launchpermissionconfiguration-organizationalunitarns",
          "UpdateType": "Mutable",
          "Required": false,
          "Type": "List",
          "PrimitiveItemType": "String",
          "DuplicatesAllowed": true
        },
        "UserIds": {
          "Documentation": "http://docs.aws.amazon.com/AWSCloudFormation/latest/UserGuide/aws-properties-imagebuilder-distributionconfiguration-launchpermissionconfiguration.html#cfn-imagebuilder-distributionconfiguration-launchpermissionconfiguration-userids",
          "UpdateType": "Mutable",
          "Required": false,
          "Type": "List",
          "PrimitiveItemType": "String",
          "DuplicatesAllowed": true
        },
        "UserGroups": {
          "Documentation": "http://docs.aws.amazon.com/AWSCloudFormation/latest/UserGuide/aws-properties-imagebuilder-distributionconfiguration-launchpermissionconfiguration.html#cfn-imagebuilder-distributionconfiguration-launchpermissionconfiguration-usergroups",
          "UpdateType": "Mutable",
          "Required": false,
          "Type": "List",
          "PrimitiveItemType": "String",
          "DuplicatesAllowed": true
        }
      }
    },
    "AWS::ImageBuilder::DistributionConfiguration.LaunchTemplateConfiguration": {
      "Documentation": "http://docs.aws.amazon.com/AWSCloudFormation/latest/UserGuide/aws-properties-imagebuilder-distributionconfiguration-launchtemplateconfiguration.html",
      "Properties": {
        "SetDefaultVersion": {
          "Documentation": "http://docs.aws.amazon.com/AWSCloudFormation/latest/UserGuide/aws-properties-imagebuilder-distributionconfiguration-launchtemplateconfiguration.html#cfn-imagebuilder-distributionconfiguration-launchtemplateconfiguration-setdefaultversion",
          "UpdateType": "Mutable",
          "Required": false,
          "PrimitiveType": "Boolean"
        },
        "AccountId": {
          "Documentation": "http://docs.aws.amazon.com/AWSCloudFormation/latest/UserGuide/aws-properties-imagebuilder-distributionconfiguration-launchtemplateconfiguration.html#cfn-imagebuilder-distributionconfiguration-launchtemplateconfiguration-accountid",
          "UpdateType": "Mutable",
          "Required": false,
          "PrimitiveType": "String"
        },
        "LaunchTemplateId": {
          "Documentation": "http://docs.aws.amazon.com/AWSCloudFormation/latest/UserGuide/aws-properties-imagebuilder-distributionconfiguration-launchtemplateconfiguration.html#cfn-imagebuilder-distributionconfiguration-launchtemplateconfiguration-launchtemplateid",
          "UpdateType": "Mutable",
          "Required": false,
          "PrimitiveType": "String"
        }
      }
    },
    "AWS::ImageBuilder::DistributionConfiguration.ContainerDistributionConfiguration": {
      "Documentation": "http://docs.aws.amazon.com/AWSCloudFormation/latest/UserGuide/aws-properties-imagebuilder-distributionconfiguration-containerdistributionconfiguration.html",
      "Properties": {
        "TargetRepository": {
          "Documentation": "http://docs.aws.amazon.com/AWSCloudFormation/latest/UserGuide/aws-properties-imagebuilder-distributionconfiguration-containerdistributionconfiguration.html#cfn-imagebuilder-distributionconfiguration-containerdistributionconfiguration-targetrepository",
          "UpdateType": "Mutable",
          "Required": false,
          "Type": "TargetContainerRepository"
        },
        "ContainerTags": {
          "Documentation": "http://docs.aws.amazon.com/AWSCloudFormation/latest/UserGuide/aws-properties-imagebuilder-distributionconfiguration-containerdistributionconfiguration.html#cfn-imagebuilder-distributionconfiguration-containerdistributionconfiguration-containertags",
          "UpdateType": "Mutable",
          "Required": false,
          "Type": "List",
          "PrimitiveItemType": "String",
          "DuplicatesAllowed": true
        },
        "Description": {
          "Documentation": "http://docs.aws.amazon.com/AWSCloudFormation/latest/UserGuide/aws-properties-imagebuilder-distributionconfiguration-containerdistributionconfiguration.html#cfn-imagebuilder-distributionconfiguration-containerdistributionconfiguration-description",
          "UpdateType": "Mutable",
          "Required": false,
          "PrimitiveType": "String"
        }
      }
    },
    "AWS::ImageBuilder::DistributionConfiguration.FastLaunchSnapshotConfiguration": {
      "Documentation": "http://docs.aws.amazon.com/AWSCloudFormation/latest/UserGuide/aws-properties-imagebuilder-distributionconfiguration-fastlaunchsnapshotconfiguration.html",
      "Properties": {
        "TargetResourceCount": {
          "Documentation": "http://docs.aws.amazon.com/AWSCloudFormation/latest/UserGuide/aws-properties-imagebuilder-distributionconfiguration-fastlaunchsnapshotconfiguration.html#cfn-imagebuilder-distributionconfiguration-fastlaunchsnapshotconfiguration-targetresourcecount",
          "UpdateType": "Mutable",
          "Required": false,
          "PrimitiveType": "Integer"
        }
      }
    },
    "AWS::ImageBuilder::DistributionConfiguration.FastLaunchLaunchTemplateSpecification": {
      "Documentation": "http://docs.aws.amazon.com/AWSCloudFormation/latest/UserGuide/aws-properties-imagebuilder-distributionconfiguration-fastlaunchlaunchtemplatespecification.html",
      "Properties": {
        "LaunchTemplateName": {
          "Documentation": "http://docs.aws.amazon.com/AWSCloudFormation/latest/UserGuide/aws-properties-imagebuilder-distributionconfiguration-fastlaunchlaunchtemplatespecification.html#cfn-imagebuilder-distributionconfiguration-fastlaunchlaunchtemplatespecification-launchtemplatename",
          "UpdateType": "Mutable",
          "Required": false,
          "PrimitiveType": "String"
        },
        "LaunchTemplateVersion": {
          "Documentation": "http://docs.aws.amazon.com/AWSCloudFormation/latest/UserGuide/aws-properties-imagebuilder-distributionconfiguration-fastlaunchlaunchtemplatespecification.html#cfn-imagebuilder-distributionconfiguration-fastlaunchlaunchtemplatespecification-launchtemplateversion",
          "UpdateType": "Mutable",
          "Required": false,
          "PrimitiveType": "String"
        },
        "LaunchTemplateId": {
          "Documentation": "http://docs.aws.amazon.com/AWSCloudFormation/latest/UserGuide/aws-properties-imagebuilder-distributionconfiguration-fastlaunchlaunchtemplatespecification.html#cfn-imagebuilder-distributionconfiguration-fastlaunchlaunchtemplatespecification-launchtemplateid",
          "UpdateType": "Mutable",
          "Required": false,
          "PrimitiveType": "String"
        }
      }
    }
  },
  "ResourceType": {
    "AWS::ImageBuilder::DistributionConfiguration": {
      "Documentation": "http://docs.aws.amazon.com/AWSCloudFormation/latest/UserGuide/aws-resource-imagebuilder-distributionconfiguration.html",
      "Properties": {
        "Description": {
          "Documentation": "http://docs.aws.amazon.com/AWSCloudFormation/latest/UserGuide/aws-resource-imagebuilder-distributionconfiguration.html#cfn-imagebuilder-distributionconfiguration-description",
          "UpdateType": "Mutable",
          "Required": false,
          "PrimitiveType": "String"
        },
        "Tags": {
          "Documentation": "http://docs.aws.amazon.com/AWSCloudFormation/latest/UserGuide/aws-resource-imagebuilder-distributionconfiguration.html#cfn-imagebuilder-distributionconfiguration-tags",
          "UpdateType": "Mutable",
          "Required": false,
          "Type": "Map",
          "PrimitiveItemType": "String"
        },
        "Name": {
          "Documentation": "http://docs.aws.amazon.com/AWSCloudFormation/latest/UserGuide/aws-resource-imagebuilder-distributionconfiguration.html#cfn-imagebuilder-distributionconfiguration-name",
          "UpdateType": "Immutable",
          "Required": true,
          "PrimitiveType": "String"
        },
        "Distributions": {
          "Documentation": "http://docs.aws.amazon.com/AWSCloudFormation/latest/UserGuide/aws-resource-imagebuilder-distributionconfiguration.html#cfn-imagebuilder-distributionconfiguration-distributions",
          "UpdateType": "Mutable",
          "Required": true,
          "Type": "List",
          "ItemType": "Distribution",
          "DuplicatesAllowed": true
        }
      },
      "Attributes": {
        "Arn": {
          "PrimitiveType": "String"
        },
        "Name": {
          "PrimitiveType": "String"
        }
      }
    }
  },
  "ResourceSpecificationVersion": "114.0.0"
}