{
  "PropertyTypes": {
    "AWS::InspectorV2::Filter.MapFilter": {
      "Documentation": "http://docs.aws.amazon.com/AWSCloudFormation/latest/UserGuide/aws-properties-inspectorv2-filter-mapfilter.html",
      "Properties": {
        "Comparison": {
          "Documentation": "http://docs.aws.amazon.com/AWSCloudFormation/latest/UserGuide/aws-properties-inspectorv2-filter-mapfilter.html#cfn-inspectorv2-filter-mapfilter-comparison",
          "UpdateType": "Mutable",
          "Required": true,
          "PrimitiveType": "String"
        },
        "Value": {
          "Documentation": "http://docs.aws.amazon.com/AWSCloudFormation/latest/UserGuide/aws-properties-inspectorv2-filter-mapfilter.html#cfn-inspectorv2-filter-mapfilter-value",
          "UpdateType": "Mutable",
          "Required": false,
          "PrimitiveType": "String"
        },
        "Key": {
          "Documentation": "http://docs.aws.amazon.com/AWSCloudFormation/latest/UserGuide/aws-properties-inspectorv2-filter-mapfilter.html#cfn-inspectorv2-filter-mapfilter-key",
          "UpdateType": "Mutable",
          "Required": false,
          "PrimitiveType": "String"
        }
      }
    },
    "AWS::InspectorV2::Filter.PackageFilter": {
      "Documentation": "http://docs.aws.amazon.com/AWSCloudFormation/latest/UserGuide/aws-properties-inspectorv2-filter-packagefilter.html",
      "Properties": {
        "Architecture": {
          "Documentation": "http://docs.aws.amazon.com/AWSCloudFormation/latest/UserGuide/aws-properties-inspectorv2-filter-packagefilter.html#cfn-inspectorv2-filter-packagefilter-architecture",
          "UpdateType": "Mutable",
          "Required": false,
          "Type": "StringFilter"
        },
        "Version": {
          "Documentation": "http://docs.aws.amazon.com/AWSCloudFormation/latest/UserGuide/aws-properties-inspectorv2-filter-packagefilter.html#cfn-inspectorv2-filter-packagefilter-version",
          "UpdateType": "Mutable",
          "Required": false,
          "Type": "StringFilter"
        },
        "Epoch": {
          "Documentation": "http://docs.aws.amazon.com/AWSCloudFormation/latest/UserGuide/aws-properties-inspectorv2-filter-packagefilter.html#cfn-inspectorv2-filter-packagefilter-epoch",
          "UpdateType": "Mutable",
          "Required": false,
          "Type": "NumberFilter"
        },
        "SourceLayerHash": {
          "Documentation": "http://docs.aws.amazon.com/AWSCloudFormation/latest/UserGuide/aws-properties-inspectorv2-filter-packagefilter.html#cfn-inspectorv2-filter-packagefilter-sourcelayerhash",
          "UpdateType": "Mutable",
          "Required": false,
          "Type": "StringFilter"
        },
        "Release": {
          "Documentation": "http://docs.aws.amazon.com/AWSCloudFormation/latest/UserGuide/aws-properties-inspectorv2-filter-packagefilter.html#cfn-inspectorv2-filter-packagefilter-release",
          "UpdateType": "Mutable",
          "Required": false,
          "Type": "StringFilter"
        },
        "Name": {
          "Documentation": "http://docs.aws.amazon.com/AWSCloudFormation/latest/UserGuide/aws-properties-inspectorv2-filter-packagefilter.html#cfn-inspectorv2-filter-packagefilter-name",
          "UpdateType": "Mutable",
          "Required": false,
          "Type": "StringFilter"
        }
      }
    },
    "AWS::InspectorV2::Filter.PortRangeFilter": {
      "Documentation": "http://docs.aws.amazon.com/AWSCloudFormation/latest/UserGuide/aws-properties-inspectorv2-filter-portrangefilter.html",
      "Properties": {
        "BeginInclusive": {
          "Documentation": "http://docs.aws.amazon.com/AWSCloudFormation/latest/UserGuide/aws-properties-inspectorv2-filter-portrangefilter.html#cfn-inspectorv2-filter-portrangefilter-begininclusive",
          "UpdateType": "Mutable",
          "Required": false,
          "PrimitiveType": "Integer"
        },
        "EndInclusive": {
          "Documentation": "http://docs.aws.amazon.com/AWSCloudFormation/latest/UserGuide/aws-properties-inspectorv2-filter-portrangefilter.html#cfn-inspectorv2-filter-portrangefilter-endinclusive",
          "UpdateType": "Mutable",
          "Required": false,
          "PrimitiveType": "Integer"
        }
      }
    },
    "AWS::InspectorV2::Filter.FilterCriteria": {
      "Documentation": "http://docs.aws.amazon.com/AWSCloudFormation/latest/UserGuide/aws-properties-inspectorv2-filter-filtercriteria.html",
      "Properties": {
        "ResourceTags": {
          "Documentation": "http://docs.aws.amazon.com/AWSCloudFormation/latest/UserGuide/aws-properties-inspectorv2-filter-filtercriteria.html#cfn-inspectorv2-filter-filtercriteria-resourcetags",
          "UpdateType": "Mutable",
          "Required": false,
          "Type": "List",
          "ItemType": "MapFilter",
          "DuplicatesAllowed": true
        },
        "Ec2InstanceImageId": {
          "Documentation": "http://docs.aws.amazon.com/AWSCloudFormation/latest/UserGuide/aws-properties-inspectorv2-filter-filtercriteria.html#cfn-inspectorv2-filter-filtercriteria-ec2instanceimageid",
          "UpdateType": "Mutable",
          "Required": false,
          "Type": "List",
          "ItemType": "StringFilter",
          "DuplicatesAllowed": true
        },
        "FirstObservedAt": {
          "Documentation": "http://docs.aws.amazon.com/AWSCloudFormation/latest/UserGuide/aws-properties-inspectorv2-filter-filtercriteria.html#cfn-inspectorv2-filter-filtercriteria-firstobservedat",
          "UpdateType": "Mutable",
          "Required": false,
          "Type": "List",
          "ItemType": "DateFilter",
          "DuplicatesAllowed": true
        },
        "InspectorScore": {
          "Documentation": "http://docs.aws.amazon.com/AWSCloudFormation/latest/UserGuide/aws-properties-inspectorv2-filter-filtercriteria.html#cfn-inspectorv2-filter-filtercriteria-inspectorscore",
          "UpdateType": "Mutable",
          "Required": false,
          "Type": "List",
          "ItemType": "NumberFilter",
          "DuplicatesAllowed": true
        },
        "Ec2InstanceVpcId": {
          "Documentation": "http://docs.aws.amazon.com/AWSCloudFormation/latest/UserGuide/aws-properties-inspectorv2-filter-filtercriteria.html#cfn-inspectorv2-filter-filtercriteria-ec2instancevpcid",
          "UpdateType": "Mutable",
          "Required": false,
          "Type": "List",
          "ItemType": "StringFilter",
          "DuplicatesAllowed": true
        },
        "LastObservedAt": {
          "Documentation": "http://docs.aws.amazon.com/AWSCloudFormation/latest/UserGuide/aws-properties-inspectorv2-filter-filtercriteria.html#cfn-inspectorv2-filter-filtercriteria-lastobservedat",
          "UpdateType": "Mutable",
          "Required": false,
          "Type": "List",
          "ItemType": "DateFilter",
          "DuplicatesAllowed": true
        },
        "EcrImagePushedAt": {
          "Documentation": "http://docs.aws.amazon.com/AWSCloudFormation/latest/UserGuide/aws-properties-inspectorv2-filter-filtercriteria.html#cfn-inspectorv2-filter-filtercriteria-ecrimagepushedat",
          "UpdateType": "Mutable",
          "Required": false,
          "Type": "List",
          "ItemType": "DateFilter",
          "DuplicatesAllowed": true
        },
        "EcrImageArchitecture": {
          "Documentation": "http://docs.aws.amazon.com/AWSCloudFormation/latest/UserGuide/aws-properties-inspectorv2-filter-filtercriteria.html#cfn-inspectorv2-filter-filtercriteria-ecrimagearchitecture",
          "UpdateType": "Mutable",
          "Required": false,
          "Type": "List",
          "ItemType": "StringFilter",
          "DuplicatesAllowed": true
        },
        "RelatedVulnerabilities": {
          "Documentation": "http://docs.aws.amazon.com/AWSCloudFormation/latest/UserGuide/aws-properties-inspectorv2-filter-filtercriteria.html#cfn-inspectorv2-filter-filtercriteria-relatedvulnerabilities",
          "UpdateType": "Mutable",
          "Required": false,
          "Type": "List",
          "ItemType": "StringFilter",
          "DuplicatesAllowed": true
        },
        "EcrImageTags": {
          "Documentation": "http://docs.aws.amazon.com/AWSCloudFormation/latest/UserGuide/aws-properties-inspectorv2-filter-filtercriteria.html#cfn-inspectorv2-filter-filtercriteria-ecrimagetags",
          "UpdateType": "Mutable",
          "Required": false,
          "Type": "List",
          "ItemType": "StringFilter",
          "DuplicatesAllowed": true
        },
        "VulnerabilityId": {
          "Documentation": "http://docs.aws.amazon.com/AWSCloudFormation/latest/UserGuide/aws-properties-inspectorv2-filter-filtercriteria.html#cfn-inspectorv2-filter-filtercriteria-vulnerabilityid",
          "UpdateType": "Mutable",
          "Required": false,
          "Type": "List",
          "ItemType": "StringFilter",
          "DuplicatesAllowed": true
        },
        "ComponentType": {
          "Documentation": "http://docs.aws.amazon.com/AWSCloudFormation/latest/UserGuide/aws-properties-inspectorv2-filter-filtercriteria.html#cfn-inspectorv2-filter-filtercriteria-componenttype",
          "UpdateType": "Mutable",
          "Required": false,
          "Type": "List",
          "ItemType": "StringFilter",
          "DuplicatesAllowed": true
        },
        "VendorSeverity": {
          "Documentation": "http://docs.aws.amazon.com/AWSCloudFormation/latest/UserGuide/aws-properties-inspectorv2-filter-filtercriteria.html#cfn-inspectorv2-filter-filtercriteria-vendorseverity",
          "UpdateType": "Mutable",
          "Required": false,
          "Type": "List",
          "ItemType": "StringFilter",
          "DuplicatesAllowed": true
        },
        "EcrImageRepositoryName": {
          "Documentation": "http://docs.aws.amazon.com/AWSCloudFormation/latest/UserGuide/aws-properties-inspectorv2-filter-filtercriteria.html#cfn-inspectorv2-filter-filtercriteria-ecrimagerepositoryname",
          "UpdateType": "Mutable",
          "Required": false,
          "Type": "List",
          "ItemType": "StringFilter",
          "DuplicatesAllowed": true
        },
        "Title": {
          "Documentation": "http://docs.aws.amazon.com/AWSCloudFormation/latest/UserGuide/aws-properties-inspectorv2-filter-filtercriteria.html#cfn-inspectorv2-filter-filtercriteria-title",
          "UpdateType": "Mutable",
          "Required": false,
          "Type": "List",
          "ItemType": "StringFilter",
          "DuplicatesAllowed": true
        },
        "ResourceType": {
          "Documentation": "http://docs.aws.amazon.com/AWSCloudFormation/latest/UserGuide/aws-properties-inspectorv2-filter-filtercriteria.html#cfn-inspectorv2-filter-filtercriteria-resourcetype",
          "UpdateType": "Mutable",
          "Required": false,
          "Type": "List",
          "ItemType": "StringFilter",
          "DuplicatesAllowed": true
        },
        "Severity": {
          "Documentation": "http://docs.aws.amazon.com/AWSCloudFormation/latest/UserGuide/aws-properties-inspectorv2-filter-filtercriteria.html#cfn-inspectorv2-filter-filtercriteria-severity",
          "UpdateType": "Mutable",
          "Required": false,
          "Type": "List",
          "ItemType": "StringFilter",
          "DuplicatesAllowed": true
        },
        "NetworkProtocol": {
          "Documentation": "http://docs.aws.amazon.com/AWSCloudFormation/latest/UserGuide/aws-properties-inspectorv2-filter-filtercriteria.html#cfn-inspectorv2-filter-filtercriteria-networkprotocol",
          "UpdateType": "Mutable",
          "Required": false,
          "Type": "List",
          "ItemType": "StringFilter",
          "DuplicatesAllowed": true
        },
        "UpdatedAt": {
          "Documentation": "http://docs.aws.amazon.com/AWSCloudFormation/latest/UserGuide/aws-properties-inspectorv2-filter-filtercriteria.html#cfn-inspectorv2-filter-filtercriteria-updatedat",
          "UpdateType": "Mutable",
          "Required": false,
          "Type": "List",
          "ItemType": "DateFilter",
          "DuplicatesAllowed": true
        },
        "EcrImageHash": {
          "Documentation": "http://docs.aws.amazon.com/AWSCloudFormation/latest/UserGuide/aws-properties-inspectorv2-filter-filtercriteria.html#cfn-inspectorv2-filter-filtercriteria-ecrimagehash",
          "UpdateType": "Mutable",
          "Required": false,
          "Type": "List",
          "ItemType": "StringFilter",
          "DuplicatesAllowed": true
        },
        "PortRange": {
          "Documentation": "http://docs.aws.amazon.com/AWSCloudFormation/latest/UserGuide/aws-properties-inspectorv2-filter-filtercriteria.html#cfn-inspectorv2-filter-filtercriteria-portrange",
          "UpdateType": "Mutable",
          "Required": false,
          "Type": "List",
          "ItemType": "PortRangeFilter",
          "DuplicatesAllowed": true
        },
        "VulnerabilitySource": {
          "Documentation": "http://docs.aws.amazon.com/AWSCloudFormation/latest/UserGuide/aws-properties-inspectorv2-filter-filtercriteria.html#cfn-inspectorv2-filter-filtercriteria-vulnerabilitysource",
          "UpdateType": "Mutable",
          "Required": false,
          "Type": "List",
          "ItemType": "StringFilter",
          "DuplicatesAllowed": true
        },
        "Ec2InstanceSubnetId": {
          "Documentation": "http://docs.aws.amazon.com/AWSCloudFormation/latest/UserGuide/aws-properties-inspectorv2-filter-filtercriteria.html#cfn-inspectorv2-filter-filtercriteria-ec2instancesubnetid",
          "UpdateType": "Mutable",
          "Required": false,
          "Type": "List",
          "ItemType": "StringFilter",
          "DuplicatesAllowed": true
        },
        "FindingArn": {
          "Documentation": "http://docs.aws.amazon.com/AWSCloudFormation/latest/UserGuide/aws-properties-inspectorv2-filter-filtercriteria.html#cfn-inspectorv2-filter-filtercriteria-findingarn",
          "UpdateType": "Mutable",
          "Required": false,
          "Type": "List",
          "ItemType": "StringFilter",
          "DuplicatesAllowed": true
        },
        "ResourceId": {
          "Documentation": "http://docs.aws.amazon.com/AWSCloudFormation/latest/UserGuide/aws-properties-inspectorv2-filter-filtercriteria.html#cfn-inspectorv2-filter-filtercriteria-resourceid",
          "UpdateType": "Mutable",
          "Required": false,
          "Type": "List",
          "ItemType": "StringFilter",
          "DuplicatesAllowed": true
        },
        "FindingStatus": {
          "Documentation": "http://docs.aws.amazon.com/AWSCloudFormation/latest/UserGuide/aws-properties-inspectorv2-filter-filtercriteria.html#cfn-inspectorv2-filter-filtercriteria-findingstatus",
          "UpdateType": "Mutable",
          "Required": false,
          "Type": "List",
          "ItemType": "StringFilter",
          "DuplicatesAllowed": true
        },
        "VulnerablePackages": {
          "Documentation": "http://docs.aws.amazon.com/AWSCloudFormation/latest/UserGuide/aws-properties-inspectorv2-filter-filtercriteria.html#cfn-inspectorv2-filter-filtercriteria-vulnerablepackages",
          "UpdateType": "Mutable",
          "Required": false,
          "Type": "List",
          "ItemType": "PackageFilter",
          "DuplicatesAllowed": true
        },
        "AwsAccountId": {
          "Documentation": "http://docs.aws.amazon.com/AWSCloudFormation/latest/UserGuide/aws-properties-inspectorv2-filter-filtercriteria.html#cfn-inspectorv2-filter-filtercriteria-awsaccountid",
          "UpdateType": "Mutable",
          "Required": false,
          "Type": "List",
          "ItemType": "StringFilter",
          "DuplicatesAllowed": true
        },
        "ComponentId": {
          "Documentation": "http://docs.aws.amazon.com/AWSCloudFormation/latest/UserGuide/aws-properties-inspectorv2-filter-filtercriteria.html#cfn-inspectorv2-filter-filtercriteria-componentid",
          "UpdateType": "Mutable",
          "Required": false,
          "Type": "List",
          "ItemType": "StringFilter",
          "DuplicatesAllowed": true
        },
        "EcrImageRegistry": {
          "Documentation": "http://docs.aws.amazon.com/AWSCloudFormation/latest/UserGuide/aws-properties-inspectorv2-filter-filtercriteria.html#cfn-inspectorv2-filter-filtercriteria-ecrimageregistry",
          "UpdateType": "Mutable",
          "Required": false,
          "Type": "List",
          "ItemType": "StringFilter",
          "DuplicatesAllowed": true
        },
        "FindingType": {
          "Documentation": "http://docs.aws.amazon.com/AWSCloudFormation/latest/UserGuide/aws-properties-inspectorv2-filter-filtercriteria.html#cfn-inspectorv2-filter-filtercriteria-findingtype",
          "UpdateType": "Mutable",
          "Required": false,
          "Type": "List",
          "ItemType": "StringFilter",
          "DuplicatesAllowed": true
        }
      }
    },
    "AWS::InspectorV2::Filter.DateFilter": {
      "Documentation": "http://docs.aws.amazon.com/AWSCloudFormation/latest/UserGuide/aws-properties-inspectorv2-filter-datefilter.html",
      "Properties": {
        "EndInclusive": {
          "Documentation": "http://docs.aws.amazon.com/AWSCloudFormation/latest/UserGuide/aws-properties-inspectorv2-filter-datefilter.html#cfn-inspectorv2-filter-datefilter-endinclusive",
          "UpdateType": "Mutable",
          "Required": false,
          "PrimitiveType": "Integer"
        },
        "StartInclusive": {
          "Documentation": "http://docs.aws.amazon.com/AWSCloudFormation/latest/UserGuide/aws-properties-inspectorv2-filter-datefilter.html#cfn-inspectorv2-filter-datefilter-startinclusive",
          "UpdateType": "Mutable",
          "Required": false,
          "PrimitiveType": "Integer"
        }
      }
    },
    "AWS::InspectorV2::Filter.StringFilter": {
      "Documentation": "http://docs.aws.amazon.com/AWSCloudFormation/latest/UserGuide/aws-properties-inspectorv2-filter-stringfilter.html",
      "Properties": {
        "Comparison": {
          "Documentation": "http://docs.aws.amazon.com/AWSCloudFormation/latest/UserGuide/aws-properties-inspectorv2-filter-stringfilter.html#cfn-inspectorv2-filter-stringfilter-comparison",
          "UpdateType": "Mutable",
          "Required": true,
          "PrimitiveType": "String"
        },
        "Value": {
          "Documentation": "http://docs.aws.amazon.com/AWSCloudFormation/latest/UserGuide/aws-properties-inspectorv2-filter-stringfilter.html#cfn-inspectorv2-filter-stringfilter-value",
          "UpdateType": "Mutable",
          "Required": true,
          "PrimitiveType": "String"
        }
      }
    },
    "AWS::InspectorV2::Filter.NumberFilter": {
      "Documentation": "http://docs.aws.amazon.com/AWSCloudFormation/latest/UserGuide/aws-properties-inspectorv2-filter-numberfilter.html",
      "Properties": {
        "LowerInclusive": {
          "Documentation": "http://docs.aws.amazon.com/AWSCloudFormation/latest/UserGuide/aws-properties-inspectorv2-filter-numberfilter.html#cfn-inspectorv2-filter-numberfilter-lowerinclusive",
          "UpdateType": "Mutable",
          "Required": false,
          "PrimitiveType": "Double"
        },
        "UpperInclusive": {
          "Documentation": "http://docs.aws.amazon.com/AWSCloudFormation/latest/UserGuide/aws-properties-inspectorv2-filter-numberfilter.html#cfn-inspectorv2-filter-numberfilter-upperinclusive",
          "UpdateType": "Mutable",
          "Required": false,
          "PrimitiveType": "Double"
        }
      }
    }
  },
  "ResourceType": {
    "AWS::InspectorV2::Filter": {
      "Documentation": "http://docs.aws.amazon.com/AWSCloudFormation/latest/UserGuide/aws-resource-inspectorv2-filter.html",
      "Properties": {
        "Description": {
          "Documentation": "http://docs.aws.amazon.com/AWSCloudFormation/latest/UserGuide/aws-resource-inspectorv2-filter.html#cfn-inspectorv2-filter-description",
          "UpdateType": "Mutable",
          "Required": false,
          "PrimitiveType": "String"
        },
        "FilterCriteria": {
          "Documentation": "http://docs.aws.amazon.com/AWSCloudFormation/latest/UserGuide/aws-resource-inspectorv2-filter.html#cfn-inspectorv2-filter-filtercriteria",
          "UpdateType": "Mutable",
          "Required": true,
          "Type": "FilterCriteria"
        },
        "FilterAction": {
          "Documentation": "http://docs.aws.amazon.com/AWSCloudFormation/latest/UserGuide/aws-resource-inspectorv2-filter.html#cfn-inspectorv2-filter-filteraction",
          "UpdateType": "Mutable",
          "Required": true,
          "PrimitiveType": "String"
        },
        "Name": {
          "Documentation": "http://docs.aws.amazon.com/AWSCloudFormation/latest/UserGuide/aws-resource-inspectorv2-filter.html#cfn-inspectorv2-filter-name",
          "UpdateType": "Mutable",
          "Required": true,
          "PrimitiveType": "String"
        }
      },
      "Attributes": {
        "Arn": {
          "PrimitiveType": "String"
        }
      }
    }
  },
  "ResourceSpecificationVersion": "114.0.0"
}