{
  "PropertyTypes": {
    "AWS::IoTAnalytics::Channel.ChannelStorage": {
      "Documentation": "http://docs.aws.amazon.com/AWSCloudFormation/latest/UserGuide/aws-properties-iotanalytics-channel-channelstorage.html",
      "Properties": {
        "CustomerManagedS3": {
          "Documentation": "http://docs.aws.amazon.com/AWSCloudFormation/latest/UserGuide/aws-properties-iotanalytics-channel-channelstorage.html#cfn-iotanalytics-channel-channelstorage-customermanageds3",
          "UpdateType": "Mutable",
          "Required": false,
          "Type": "CustomerManagedS3"
        },
        "ServiceManagedS3": {
          "Documentation": "http://docs.aws.amazon.com/AWSCloudFormation/latest/UserGuide/aws-properties-iotanalytics-channel-channelstorage.html#cfn-iotanalytics-channel-channelstorage-servicemanageds3",
          "UpdateType": "Mutable",
          "Required": false,
          "PrimitiveType": "Json"
        }
      }
    },
    "AWS::IoTAnalytics::Channel.CustomerManagedS3": {
      "Documentation": "http://docs.aws.amazon.com/AWSCloudFormation/latest/UserGuide/aws-properties-iotanalytics-channel-customermanageds3.html",
      "Properties": {
        "Bucket": {
          "Documentation": "http://docs.aws.amazon.com/AWSCloudFormation/latest/UserGuide/aws-properties-iotanalytics-channel-customermanageds3.html#cfn-iotanalytics-channel-customermanageds3-bucket",
          "UpdateType": "Mutable",
          "Required": true,
          "PrimitiveType": "String"
        },
        "RoleArn": {
          "Documentation": "http://docs.aws.amazon.com/AWSCloudFormation/latest/UserGuide/aws-properties-iotanalytics-channel-customermanageds3.html#cfn-iotanalytics-channel-customermanageds3-rolearn",
          "UpdateType": "Mutable",
          "Required": true,
          "PrimitiveType": "String"
        },
        "KeyPrefix": {
          "Documentation": "http://docs.aws.amazon.com/AWSCloudFormation/latest/UserGuide/aws-properties-iotanalytics-channel-customermanageds3.html#cfn-iotanalytics-channel-customermanageds3-keyprefix",
          "UpdateType": "Mutable",
          "Required": false,
          "PrimitiveType": "String"
        }
      }
    },
    "Tag": {
      "Documentation": "http://docs.aws.amazon.com/AWSCloudFormation/latest/UserGuide/aws-properties-resource-tags.html",
      "Properties": {
        "Value": {
          "Documentation": "http://docs.aws.amazon.com/AWSCloudFormation/latest/UserGuide/aws-properties-resource-tags.html#cfn-resource-tags-value",
          "UpdateType": "Mutable",
          "Required": true,
          "PrimitiveType": "String"
        },
        "Key": {
          "Documentation": "http://docs.aws.amazon.com/AWSCloudFormation/latest/UserGuide/aws-properties-resource-tags.html#cfn-resource-tags-key",
          "UpdateType": "Mutable",
          "Required": true,
          "PrimitiveType": "String"
        }
      }
    },
    "AWS::IoTAnalytics::Channel.RetentionPeriod": {
      "Documentation": "http://docs.aws.amazon.com/AWSCloudFormation/latest/UserGuide/aws-properties-iotanalytics-channel-retentionperiod.html",
      "Properties": {
        "NumberOfDays": {
          "Documentation": "http://docs.aws.amazon.com/AWSCloudFormation/latest/UserGuide/aws-properties-iotanalytics-channel-retentionperiod.html#cfn-iotanalytics-channel-retentionperiod-numberofdays",
          "UpdateType": "Mutable",
          "Required": false,
          "PrimitiveType": "Integer"
        },
        "Unlimited": {
          "Documentation": "http://docs.aws.amazon.com/AWSCloudFormation/latest/UserGuide/aws-properties-iotanalytics-channel-retentionperiod.html#cfn-iotanalytics-channel-retentionperiod-unlimited",
          "UpdateType": "Mutable",
          "Required": false,
          "PrimitiveType": "Boolean"
        }
      }
    }
  },
  "ResourceType": {
    "AWS::IoTAnalytics::Channel": {
      "Documentation": "http://docs.aws.amazon.com/AWSCloudFormation/latest/UserGuide/aws-resource-iotanalytics-channel.html",
      "Properties": {
        "ChannelName": {
          "Documentation": "http://docs.aws.amazon.com/AWSCloudFormation/latest/UserGuide/aws-resource-iotanalytics-channel.html#cfn-iotanalytics-channel-channelname",
          "UpdateType": "Immutable",
          "Required": false,
          "PrimitiveType": "String"
        },
        "ChannelStorage": {
          "Documentation": "http://docs.aws.amazon.com/AWSCloudFormation/latest/UserGuide/aws-resource-iotanalytics-channel.html#cfn-iotanalytics-channel-channelstorage",
          "UpdateType": "Mutable",
          "Required": false,
          "Type": "ChannelStorage"
        },
        "RetentionPeriod": {
          "Documentation": "http://docs.aws.amazon.com/AWSCloudFormation/latest/UserGuide/aws-resource-iotanalytics-channel.html#cfn-iotanalytics-channel-retentionperiod",
          "UpdateType": "Mutable",
          "Required": false,
          "Type": "RetentionPeriod"
        },
        "Tags": {
          "Documentation": "http://docs.aws.amazon.com/AWSCloudFormation/latest/UserGuide/aws-resource-iotanalytics-channel.html#cfn-iotanalytics-channel-tags",
          "UpdateType": "Mutable",
          "Required": false,
          "Type": "List",
          "ItemType": "Tag",
          "DuplicatesAllowed": true
        }
      },
      "Attributes": {
        "Id": {
          "PrimitiveType": "String"
        }
      }
    }
  },
  "ResourceSpecificationVersion": "114.0.0"
}