{
  "ResourceType": {
    "AWS::IoT::Certificate": {
      "Documentation": "http://docs.aws.amazon.com/AWSCloudFormation/latest/UserGuide/aws-resource-iot-certificate.html",
      "Properties": {
        "Status": {
          "Documentation": "http://docs.aws.amazon.com/AWSCloudFormation/latest/UserGuide/aws-resource-iot-certificate.html#cfn-iot-certificate-status",
          "UpdateType": "Mutable",
          "Required": true,
          "PrimitiveType": "String"
        },
        "CACertificatePem": {
          "Documentation": "http://docs.aws.amazon.com/AWSCloudFormation/latest/UserGuide/aws-resource-iot-certificate.html#cfn-iot-certificate-cacertificatepem",
          "UpdateType": "Immutable",
          "Required": false,
          "PrimitiveType": "String"
        },
        "CertificateMode": {
          "Documentation": "http://docs.aws.amazon.com/AWSCloudFormation/latest/UserGuide/aws-resource-iot-certificate.html#cfn-iot-certificate-certificatemode",
          "UpdateType": "Immutable",
          "Required": false,
          "PrimitiveType": "String"
        },
        "CertificateSigningRequest": {
          "Documentation": "http://docs.aws.amazon.com/AWSCloudFormation/latest/UserGuide/aws-resource-iot-certificate.html#cfn-iot-certificate-certificatesigningrequest",
          "UpdateType": "Immutable",
          "Required": false,
          "PrimitiveType": "String"
        },
        "CertificatePem": {
          "Documentation": "http://docs.aws.amazon.com/AWSCloudFormation/latest/UserGuide/aws-resource-iot-certificate.html#cfn-iot-certificate-certificatepem",
          "UpdateType": "Immutable",
          "Required": false,
          "PrimitiveType": "String"
        }
      },
      "Attributes": {
        "Id": {
          "PrimitiveType": "String"
        },
        "Arn": {
          "PrimitiveType": "String"
        }
      }
    }
  },
  "ResourceSpecificationVersion": "114.0.0"
}