{
  "PropertyTypes": {
    "AWS::IoTEvents::DetectorModel.SetTimer": {
      "Documentation": "http://docs.aws.amazon.com/AWSCloudFormation/latest/UserGuide/aws-properties-iotevents-detectormodel-settimer.html",
      "Properties": {
        "Seconds": {
          "Documentation": "http://docs.aws.amazon.com/AWSCloudFormation/latest/UserGuide/aws-properties-iotevents-detectormodel-settimer.html#cfn-iotevents-detectormodel-settimer-seconds",
          "UpdateType": "Mutable",
          "Required": false,
          "PrimitiveType": "Integer"
        },
        "TimerName": {
          "Documentation": "http://docs.aws.amazon.com/AWSCloudFormation/latest/UserGuide/aws-properties-iotevents-detectormodel-settimer.html#cfn-iotevents-detectormodel-settimer-timername",
          "UpdateType": "Mutable",
          "Required": true,
          "PrimitiveType": "String"
        },
        "DurationExpression": {
          "Documentation": "http://docs.aws.amazon.com/AWSCloudFormation/latest/UserGuide/aws-properties-iotevents-detectormodel-settimer.html#cfn-iotevents-detectormodel-settimer-durationexpression",
          "UpdateType": "Mutable",
          "Required": false,
          "PrimitiveType": "String"
        }
      }
    },
    "AWS::IoTEvents::DetectorModel.Sns": {
      "Documentation": "http://docs.aws.amazon.com/AWSCloudFormation/latest/UserGuide/aws-properties-iotevents-detectormodel-sns.html",
      "Properties": {
        "TargetArn": {
          "Documentation": "http://docs.aws.amazon.com/AWSCloudFormation/latest/UserGuide/aws-properties-iotevents-detectormodel-sns.html#cfn-iotevents-detectormodel-sns-targetarn",
          "UpdateType": "Mutable",
          "Required": true,
          "PrimitiveType": "String"
        },
        "Payload": {
          "Documentation": "http://docs.aws.amazon.com/AWSCloudFormation/latest/UserGuide/aws-properties-iotevents-detectormodel-sns.html#cfn-iotevents-detectormodel-sns-payload",
          "UpdateType": "Mutable",
          "Required": false,
          "Type": "Payload"
        }
      }
    },
    "AWS::IoTEvents::DetectorModel.ResetTimer": {
      "Documentation": "http://docs.aws.amazon.com/AWSCloudFormation/latest/UserGuide/aws-properties-iotevents-detectormodel-resettimer.html",
      "Properties": {
        "TimerName": {
          "Documentation": "http://docs.aws.amazon.com/AWSCloudFormation/latest/UserGuide/aws-properties-iotevents-detectormodel-resettimer.html#cfn-iotevents-detectormodel-resettimer-timername",
          "UpdateType": "Mutable",
          "Required": true,
          "PrimitiveType": "String"
        }
      }
    },
    "AWS::IoTEvents::DetectorModel.ClearTimer": {
      "Documentation": "http://docs.aws.amazon.com/AWSCloudFormation/latest/UserGuide/aws-properties-iotevents-detectormodel-cleartimer.html",
      "Properties": {
        "TimerName": {
          "Documentation": "http://docs.aws.amazon.com/AWSCloudFormation/latest/UserGuide/aws-properties-iotevents-detectormodel-cleartimer.html#cfn-iotevents-detectormodel-cleartimer-timername",
          "UpdateType": "Mutable",
          "Required": true,
          "PrimitiveType": "String"
        }
      }
    },
    "AWS::IoTEvents::DetectorModel.IotEvents": {
      "Documentation": "http://docs.aws.amazon.com/AWSCloudFormation/latest/UserGuide/aws-properties-iotevents-detectormodel-iotevents.html",
      "Properties": {
        "InputName": {
          "Documentation": "http://docs.aws.amazon.com/AWSCloudFormation/latest/UserGuide/aws-properties-iotevents-detectormodel-iotevents.html#cfn-iotevents-detectormodel-iotevents-inputname",
          "UpdateType": "Mutable",
          "Required": true,
          "PrimitiveType": "String"
        },
        "Payload": {
          "Documentation": "http://docs.aws.amazon.com/AWSCloudFormation/latest/UserGuide/aws-properties-iotevents-detectormodel-iotevents.html#cfn-iotevents-detectormodel-iotevents-payload",
          "UpdateType": "Mutable",
          "Required": false,
          "Type": "Payload"
        }
      }
    },
    "AWS::IoTEvents::DetectorModel.OnExit": {
      "Documentation": "http://docs.aws.amazon.com/AWSCloudFormation/latest/UserGuide/aws-properties-iotevents-detectormodel-onexit.html",
      "Properties": {
        "Events": {
          "Documentation": "http://docs.aws.amazon.com/AWSCloudFormation/latest/UserGuide/aws-properties-iotevents-detectormodel-onexit.html#cfn-iotevents-detectormodel-onexit-events",
          "UpdateType": "Mutable",
          "Required": false,
          "Type": "List",
          "ItemType": "Event",
          "DuplicatesAllowed": true
        }
      }
    },
    "AWS::IoTEvents::DetectorModel.IotTopicPublish": {
      "Documentation": "http://docs.aws.amazon.com/AWSCloudFormation/latest/UserGuide/aws-properties-iotevents-detectormodel-iottopicpublish.html",
      "Properties": {
        "MqttTopic": {
          "Documentation": "http://docs.aws.amazon.com/AWSCloudFormation/latest/UserGuide/aws-properties-iotevents-detectormodel-iottopicpublish.html#cfn-iotevents-detectormodel-iottopicpublish-mqtttopic",
          "UpdateType": "Mutable",
          "Required": true,
          "PrimitiveType": "String"
        },
        "Payload": {
          "Documentation": "http://docs.aws.amazon.com/AWSCloudFormation/latest/UserGuide/aws-properties-iotevents-detectormodel-iottopicpublish.html#cfn-iotevents-detectormodel-iottopicpublish-payload",
          "UpdateType": "Mutable",
          "Required": false,
          "Type": "Payload"
        }
      }
    },
    "AWS::IoTEvents::DetectorModel.AssetPropertyVariant": {
      "Documentation": "http://docs.aws.amazon.com/AWSCloudFormation/latest/UserGuide/aws-properties-iotevents-detectormodel-assetpropertyvariant.html",
      "Properties": {
        "DoubleValue": {
          "Documentation": "http://docs.aws.amazon.com/AWSCloudFormation/latest/UserGuide/aws-properties-iotevents-detectormodel-assetpropertyvariant.html#cfn-iotevents-detectormodel-assetpropertyvariant-doublevalue",
          "UpdateType": "Mutable",
          "Required": false,
          "PrimitiveType": "String"
        },
        "BooleanValue": {
          "Documentation": "http://docs.aws.amazon.com/AWSCloudFormation/latest/UserGuide/aws-properties-iotevents-detectormodel-assetpropertyvariant.html#cfn-iotevents-detectormodel-assetpropertyvariant-booleanvalue",
          "UpdateType": "Mutable",
          "Required": false,
          "PrimitiveType": "String"
        },
        "IntegerValue": {
          "Documentation": "http://docs.aws.amazon.com/AWSCloudFormation/latest/UserGuide/aws-properties-iotevents-detectormodel-assetpropertyvariant.html#cfn-iotevents-detectormodel-assetpropertyvariant-integervalue",
          "UpdateType": "Mutable",
          "Required": false,
          "PrimitiveType": "String"
        },
        "StringValue": {
          "Documentation": "http://docs.aws.amazon.com/AWSCloudFormation/latest/UserGuide/aws-properties-iotevents-detectormodel-assetpropertyvariant.html#cfn-iotevents-detectormodel-assetpropertyvariant-stringvalue",
          "UpdateType": "Mutable",
          "Required": false,
          "PrimitiveType": "String"
        }
      }
    },
    "AWS::IoTEvents::DetectorModel.OnInput": {
      "Documentation": "http://docs.aws.amazon.com/AWSCloudFormation/latest/UserGuide/aws-properties-iotevents-detectormodel-oninput.html",
      "Properties": {
        "Events": {
          "Documentation": "http://docs.aws.amazon.com/AWSCloudFormation/latest/UserGuide/aws-properties-iotevents-detectormodel-oninput.html#cfn-iotevents-detectormodel-oninput-events",
          "UpdateType": "Mutable",
          "Required": false,
          "Type": "List",
          "ItemType": "Event",
          "DuplicatesAllowed": true
        },
        "TransitionEvents": {
          "Documentation": "http://docs.aws.amazon.com/AWSCloudFormation/latest/UserGuide/aws-properties-iotevents-detectormodel-oninput.html#cfn-iotevents-detectormodel-oninput-transitionevents",
          "UpdateType": "Mutable",
          "Required": false,
          "Type": "List",
          "ItemType": "TransitionEvent",
          "DuplicatesAllowed": true
        }
      }
    },
    "AWS::IoTEvents::DetectorModel.TransitionEvent": {
      "Documentation": "http://docs.aws.amazon.com/AWSCloudFormation/latest/UserGuide/aws-properties-iotevents-detectormodel-transitionevent.html",
      "Properties": {
        "Condition": {
          "Documentation": "http://docs.aws.amazon.com/AWSCloudFormation/latest/UserGuide/aws-properties-iotevents-detectormodel-transitionevent.html#cfn-iotevents-detectormodel-transitionevent-condition",
          "UpdateType": "Mutable",
          "Required": true,
          "PrimitiveType": "String"
        },
        "Actions": {
          "Documentation": "http://docs.aws.amazon.com/AWSCloudFormation/latest/UserGuide/aws-properties-iotevents-detectormodel-transitionevent.html#cfn-iotevents-detectormodel-transitionevent-actions",
          "UpdateType": "Mutable",
          "Required": false,
          "Type": "List",
          "ItemType": "Action",
          "DuplicatesAllowed": true
        },
        "NextState": {
          "Documentation": "http://docs.aws.amazon.com/AWSCloudFormation/latest/UserGuide/aws-properties-iotevents-detectormodel-transitionevent.html#cfn-iotevents-detectormodel-transitionevent-nextstate",
          "UpdateType": "Mutable",
          "Required": true,
          "PrimitiveType": "String"
        },
        "EventName": {
          "Documentation": "http://docs.aws.amazon.com/AWSCloudFormation/latest/UserGuide/aws-properties-iotevents-detectormodel-transitionevent.html#cfn-iotevents-detectormodel-transitionevent-eventname",
          "UpdateType": "Mutable",
          "Required": true,
          "PrimitiveType": "String"
        }
      }
    },
    "AWS::IoTEvents::DetectorModel.Action": {
      "Documentation": "http://docs.aws.amazon.com/AWSCloudFormation/latest/UserGuide/aws-properties-iotevents-detectormodel-action.html",
      "Properties": {
        "IotEvents": {
          "Documentation": "http://docs.aws.amazon.com/AWSCloudFormation/latest/UserGuide/aws-properties-iotevents-detectormodel-action.html#cfn-iotevents-detectormodel-action-iotevents",
          "UpdateType": "Mutable",
          "Required": false,
          "Type": "IotEvents"
        },
        "Firehose": {
          "Documentation": "http://docs.aws.amazon.com/AWSCloudFormation/latest/UserGuide/aws-properties-iotevents-detectormodel-action.html#cfn-iotevents-detectormodel-action-firehose",
          "UpdateType": "Mutable",
          "Required": false,
          "Type": "Firehose"
        },
        "DynamoDB": {
          "Documentation": "http://docs.aws.amazon.com/AWSCloudFormation/latest/UserGuide/aws-properties-iotevents-detectormodel-action.html#cfn-iotevents-detectormodel-action-dynamodb",
          "UpdateType": "Mutable",
          "Required": false,
          "Type": "DynamoDB"
        },
        "IotTopicPublish": {
          "Documentation": "http://docs.aws.amazon.com/AWSCloudFormation/latest/UserGuide/aws-properties-iotevents-detectormodel-action.html#cfn-iotevents-detectormodel-action-iottopicpublish",
          "UpdateType": "Mutable",
          "Required": false,
          "Type": "IotTopicPublish"
        },
        "DynamoDBv2": {
          "Documentation": "http://docs.aws.amazon.com/AWSCloudFormation/latest/UserGuide/aws-properties-iotevents-detectormodel-action.html#cfn-iotevents-detectormodel-action-dynamodbv2",
          "UpdateType": "Mutable",
          "Required": false,
          "Type": "DynamoDBv2"
        },
        "IotSiteWise": {
          "Documentation": "http://docs.aws.amazon.com/AWSCloudFormation/latest/UserGuide/aws-properties-iotevents-detectormodel-action.html#cfn-iotevents-detectormodel-action-iotsitewise",
          "UpdateType": "Mutable",
          "Required": false,
          "Type": "IotSiteWise"
        },
        "ResetTimer": {
          "Documentation": "http://docs.aws.amazon.com/AWSCloudFormation/latest/UserGuide/aws-properties-iotevents-detectormodel-action.html#cfn-iotevents-detectormodel-action-resettimer",
          "UpdateType": "Mutable",
          "Required": false,
          "Type": "ResetTimer"
        },
        "Sqs": {
          "Documentation": "http://docs.aws.amazon.com/AWSCloudFormation/latest/UserGuide/aws-properties-iotevents-detectormodel-action.html#cfn-iotevents-detectormodel-action-sqs",
          "UpdateType": "Mutable",
          "Required": false,
          "Type": "Sqs"
        },
        "SetTimer": {
          "Documentation": "http://docs.aws.amazon.com/AWSCloudFormation/latest/UserGuide/aws-properties-iotevents-detectormodel-action.html#cfn-iotevents-detectormodel-action-settimer",
          "UpdateType": "Mutable",
          "Required": false,
          "Type": "SetTimer"
        },
        "Sns": {
          "Documentation": "http://docs.aws.amazon.com/AWSCloudFormation/latest/UserGuide/aws-properties-iotevents-detectormodel-action.html#cfn-iotevents-detectormodel-action-sns",
          "UpdateType": "Mutable",
          "Required": false,
          "Type": "Sns"
        },
        "ClearTimer": {
          "Documentation": "http://docs.aws.amazon.com/AWSCloudFormation/latest/UserGuide/aws-properties-iotevents-detectormodel-action.html#cfn-iotevents-detectormodel-action-cleartimer",
          "UpdateType": "Mutable",
          "Required": false,
          "Type": "ClearTimer"
        },
        "Lambda": {
          "Documentation": "http://docs.aws.amazon.com/AWSCloudFormation/latest/UserGuide/aws-properties-iotevents-detectormodel-action.html#cfn-iotevents-detectormodel-action-lambda",
          "UpdateType": "Mutable",
          "Required": false,
          "Type": "Lambda"
        },
        "SetVariable": {
          "Documentation": "http://docs.aws.amazon.com/AWSCloudFormation/latest/UserGuide/aws-properties-iotevents-detectormodel-action.html#cfn-iotevents-detectormodel-action-setvariable",
          "UpdateType": "Mutable",
          "Required": false,
          "Type": "SetVariable"
        }
      }
    },
    "AWS::IoTEvents::DetectorModel.AssetPropertyTimestamp": {
      "Documentation": "http://docs.aws.amazon.com/AWSCloudFormation/latest/UserGuide/aws-properties-iotevents-detectormodel-assetpropertytimestamp.html",
      "Properties": {
        "TimeInSeconds": {
          "Documentation": "http://docs.aws.amazon.com/AWSCloudFormation/latest/UserGuide/aws-properties-iotevents-detectormodel-assetpropertytimestamp.html#cfn-iotevents-detectormodel-assetpropertytimestamp-timeinseconds",
          "UpdateType": "Mutable",
          "Required": true,
          "PrimitiveType": "String"
        },
        "OffsetInNanos": {
          "Documentation": "http://docs.aws.amazon.com/AWSCloudFormation/latest/UserGuide/aws-properties-iotevents-detectormodel-assetpropertytimestamp.html#cfn-iotevents-detectormodel-assetpropertytimestamp-offsetinnanos",
          "UpdateType": "Mutable",
          "Required": false,
          "PrimitiveType": "String"
        }
      }
    },
    "AWS::IoTEvents::DetectorModel.DetectorModelDefinition": {
      "Documentation": "http://docs.aws.amazon.com/AWSCloudFormation/latest/UserGuide/aws-properties-iotevents-detectormodel-detectormodeldefinition.html",
      "Properties": {
        "States": {
          "Documentation": "http://docs.aws.amazon.com/AWSCloudFormation/latest/UserGuide/aws-properties-iotevents-detectormodel-detectormodeldefinition.html#cfn-iotevents-detectormodel-detectormodeldefinition-states",
          "UpdateType": "Mutable",
          "Required": true,
          "Type": "List",
          "ItemType": "State",
          "DuplicatesAllowed": true
        },
        "InitialStateName": {
          "Documentation": "http://docs.aws.amazon.com/AWSCloudFormation/latest/UserGuide/aws-properties-iotevents-detectormodel-detectormodeldefinition.html#cfn-iotevents-detectormodel-detectormodeldefinition-initialstatename",
          "UpdateType": "Mutable",
          "Required": true,
          "PrimitiveType": "String"
        }
      }
    },
    "AWS::IoTEvents::DetectorModel.Event": {
      "Documentation": "http://docs.aws.amazon.com/AWSCloudFormation/latest/UserGuide/aws-properties-iotevents-detectormodel-event.html",
      "Properties": {
        "Condition": {
          "Documentation": "http://docs.aws.amazon.com/AWSCloudFormation/latest/UserGuide/aws-properties-iotevents-detectormodel-event.html#cfn-iotevents-detectormodel-event-condition",
          "UpdateType": "Mutable",
          "Required": false,
          "PrimitiveType": "String"
        },
        "Actions": {
          "Documentation": "http://docs.aws.amazon.com/AWSCloudFormation/latest/UserGuide/aws-properties-iotevents-detectormodel-event.html#cfn-iotevents-detectormodel-event-actions",
          "UpdateType": "Mutable",
          "Required": false,
          "Type": "List",
          "ItemType": "Action",
          "DuplicatesAllowed": true
        },
        "EventName": {
          "Documentation": "http://docs.aws.amazon.com/AWSCloudFormation/latest/UserGuide/aws-properties-iotevents-detectormodel-event.html#cfn-iotevents-detectormodel-event-eventname",
          "UpdateType": "Mutable",
          "Required": true,
          "PrimitiveType": "String"
        }
      }
    },
    "AWS::IoTEvents::DetectorModel.DynamoDB": {
      "Documentation": "http://docs.aws.amazon.com/AWSCloudFormation/latest/UserGuide/aws-properties-iotevents-detectormodel-dynamodb.html",
      "Properties": {
        "TableName": {
          "Documentation": "http://docs.aws.amazon.com/AWSCloudFormation/latest/UserGuide/aws-properties-iotevents-detectormodel-dynamodb.html#cfn-iotevents-detectormodel-dynamodb-tablename",
          "UpdateType": "Mutable",
          "Required": true,
          "PrimitiveType": "String"
        },
        "PayloadField": {
          "Documentation": "http://docs.aws.amazon.com/AWSCloudFormation/latest/UserGuide/aws-properties-iotevents-detectormodel-dynamodb.html#cfn-iotevents-detectormodel-dynamodb-payloadfield",
          "UpdateType": "Mutable",
          "Required": false,
          "PrimitiveType": "String"
        },
        "RangeKeyField": {
          "Documentation": "http://docs.aws.amazon.com/AWSCloudFormation/latest/UserGuide/aws-properties-iotevents-detectormodel-dynamodb.html#cfn-iotevents-detectormodel-dynamodb-rangekeyfield",
          "UpdateType": "Mutable",
          "Required": false,
          "PrimitiveType": "String"
        },
        "HashKeyField": {
          "Documentation": "http://docs.aws.amazon.com/AWSCloudFormation/latest/UserGuide/aws-properties-iotevents-detectormodel-dynamodb.html#cfn-iotevents-detectormodel-dynamodb-hashkeyfield",
          "UpdateType": "Mutable",
          "Required": true,
          "PrimitiveType": "String"
        },
        "RangeKeyValue": {
          "Documentation": "http://docs.aws.amazon.com/AWSCloudFormation/latest/UserGuide/aws-properties-iotevents-detectormodel-dynamodb.html#cfn-iotevents-detectormodel-dynamodb-rangekeyvalue",
          "UpdateType": "Mutable",
          "Required": false,
          "PrimitiveType": "String"
        },
        "RangeKeyType": {
          "Documentation": "http://docs.aws.amazon.com/AWSCloudFormation/latest/UserGuide/aws-properties-iotevents-detectormodel-dynamodb.html#cfn-iotevents-detectormodel-dynamodb-rangekeytype",
          "UpdateType": "Mutable",
          "Required": false,
          "PrimitiveType": "String"
        },
        "HashKeyType": {
          "Documentation": "http://docs.aws.amazon.com/AWSCloudFormation/latest/UserGuide/aws-properties-iotevents-detectormodel-dynamodb.html#cfn-iotevents-detectormodel-dynamodb-hashkeytype",
          "UpdateType": "Mutable",
          "Required": false,
          "PrimitiveType": "String"
        },
        "HashKeyValue": {
          "Documentation": "http://docs.aws.amazon.com/AWSCloudFormation/latest/UserGuide/aws-properties-iotevents-detectormodel-dynamodb.html#cfn-iotevents-detectormodel-dynamodb-hashkeyvalue",
          "UpdateType": "Mutable",
          "Required": true,
          "PrimitiveType": "String"
        },
        "Payload": {
          "Documentation": "http://docs.aws.amazon.com/AWSCloudFormation/latest/UserGuide/aws-properties-iotevents-detectormodel-dynamodb.html#cfn-iotevents-detectormodel-dynamodb-payload",
          "UpdateType": "Mutable",
          "Required": false,
          "Type": "Payload"
        },
        "Operation": {
          "Documentation": "http://docs.aws.amazon.com/AWSCloudFormation/latest/UserGuide/aws-properties-iotevents-detectormodel-dynamodb.html#cfn-iotevents-detectormodel-dynamodb-operation",
          "UpdateType": "Mutable",
          "Required": false,
          "PrimitiveType": "String"
        }
      }
    },
    "AWS::IoTEvents::DetectorModel.State": {
      "Documentation": "http://docs.aws.amazon.com/AWSCloudFormation/latest/UserGuide/aws-properties-iotevents-detectormodel-state.html",
      "Properties": {
        "OnInput": {
          "Documentation": "http://docs.aws.amazon.com/AWSCloudFormation/latest/UserGuide/aws-properties-iotevents-detectormodel-state.html#cfn-iotevents-detectormodel-state-oninput",
          "UpdateType": "Mutable",
          "Required": false,
          "Type": "OnInput"
        },
        "OnExit": {
          "Documentation": "http://docs.aws.amazon.com/AWSCloudFormation/latest/UserGuide/aws-properties-iotevents-detectormodel-state.html#cfn-iotevents-detectormodel-state-onexit",
          "UpdateType": "Mutable",
          "Required": false,
          "Type": "OnExit"
        },
        "StateName": {
          "Documentation": "http://docs.aws.amazon.com/AWSCloudFormation/latest/UserGuide/aws-properties-iotevents-detectormodel-state.html#cfn-iotevents-detectormodel-state-statename",
          "UpdateType": "Mutable",
          "Required": true,
          "PrimitiveType": "String"
        },
        "OnEnter": {
          "Documentation": "http://docs.aws.amazon.com/AWSCloudFormation/latest/UserGuide/aws-properties-iotevents-detectormodel-state.html#cfn-iotevents-detectormodel-state-onenter",
          "UpdateType": "Mutable",
          "Required": false,
          "Type": "OnEnter"
        }
      }
    },
    "AWS::IoTEvents::DetectorModel.IotSiteWise": {
      "Documentation": "http://docs.aws.amazon.com/AWSCloudFormation/latest/UserGuide/aws-properties-iotevents-detectormodel-iotsitewise.html",
      "Properties": {
        "EntryId": {
          "Documentation": "http://docs.aws.amazon.com/AWSCloudFormation/latest/UserGuide/aws-properties-iotevents-detectormodel-iotsitewise.html#cfn-iotevents-detectormodel-iotsitewise-entryid",
          "UpdateType": "Mutable",
          "Required": false,
          "PrimitiveType": "String"
        },
        "PropertyAlias": {
          "Documentation": "http://docs.aws.amazon.com/AWSCloudFormation/latest/UserGuide/aws-properties-iotevents-detectormodel-iotsitewise.html#cfn-iotevents-detectormodel-iotsitewise-propertyalias",
          "UpdateType": "Mutable",
          "Required": false,
          "PrimitiveType": "String"
        },
        "PropertyValue": {
          "Documentation": "http://docs.aws.amazon.com/AWSCloudFormation/latest/UserGuide/aws-properties-iotevents-detectormodel-iotsitewise.html#cfn-iotevents-detectormodel-iotsitewise-propertyvalue",
          "UpdateType": "Mutable",
          "Required": true,
          "Type": "AssetPropertyValue"
        },
        "AssetId": {
          "Documentation": "http://docs.aws.amazon.com/AWSCloudFormation/latest/UserGuide/aws-properties-iotevents-detectormodel-iotsitewise.html#cfn-iotevents-detectormodel-iotsitewise-assetid",
          "UpdateType": "Mutable",
          "Required": false,
          "PrimitiveType": "String"
        },
        "PropertyId": {
          "Documentation": "http://docs.aws.amazon.com/AWSCloudFormation/latest/UserGuide/aws-properties-iotevents-detectormodel-iotsitewise.html#cfn-iotevents-detectormodel-iotsitewise-propertyid",
          "UpdateType": "Mutable",
          "Required": false,
          "PrimitiveType": "String"
        }
      }
    },
    "AWS::IoTEvents::DetectorModel.Lambda": {
      "Documentation": "http://docs.aws.amazon.com/AWSCloudFormation/latest/UserGuide/aws-properties-iotevents-detectormodel-lambda.html",
      "Properties": {
        "FunctionArn": {
          "Documentation": "http://docs.aws.amazon.com/AWSCloudFormation/latest/UserGuide/aws-properties-iotevents-detectormodel-lambda.html#cfn-iotevents-detectormodel-lambda-functionarn",
          "UpdateType": "Mutable",
          "Required": true,
          "PrimitiveType": "String"
        },
        "Payload": {
          "Documentation": "http://docs.aws.amazon.com/AWSCloudFormation/latest/UserGuide/aws-properties-iotevents-detectormodel-lambda.html#cfn-iotevents-detectormodel-lambda-payload",
          "UpdateType": "Mutable",
          "Required": false,
          "Type": "Payload"
        }
      }
    },
    "AWS::IoTEvents::DetectorModel.Sqs": {
      "Documentation": "http://docs.aws.amazon.com/AWSCloudFormation/latest/UserGuide/aws-properties-iotevents-detectormodel-sqs.html",
      "Properties": {
        "UseBase64": {
          "Documentation": "http://docs.aws.amazon.com/AWSCloudFormation/latest/UserGuide/aws-properties-iotevents-detectormodel-sqs.html#cfn-iotevents-detectormodel-sqs-usebase64",
          "UpdateType": "Mutable",
          "Required": false,
          "PrimitiveType": "Boolean"
        },
        "Payload": {
          "Documentation": "http://docs.aws.amazon.com/AWSCloudFormation/latest/UserGuide/aws-properties-iotevents-detectormodel-sqs.html#cfn-iotevents-detectormodel-sqs-payload",
          "UpdateType": "Mutable",
          "Required": false,
          "Type": "Payload"
        },
        "QueueUrl": {
          "Documentation": "http://docs.aws.amazon.com/AWSCloudFormation/latest/UserGuide/aws-properties-iotevents-detectormodel-sqs.html#cfn-iotevents-detectormodel-sqs-queueurl",
          "UpdateType": "Mutable",
          "Required": true,
          "PrimitiveType": "String"
        }
      }
    },
    "AWS::IoTEvents::DetectorModel.Payload": {
      "Documentation": "http://docs.aws.amazon.com/AWSCloudFormation/latest/UserGuide/aws-properties-iotevents-detectormodel-payload.html",
      "Properties": {
        "ContentExpression": {
          "Documentation": "http://docs.aws.amazon.com/AWSCloudFormation/latest/UserGuide/aws-properties-iotevents-detectormodel-payload.html#cfn-iotevents-detectormodel-payload-contentexpression",
          "UpdateType": "Mutable",
          "Required": true,
          "PrimitiveType": "String"
        },
        "Type": {
          "Documentation": "http://docs.aws.amazon.com/AWSCloudFormation/latest/UserGuide/aws-properties-iotevents-detectormodel-payload.html#cfn-iotevents-detectormodel-payload-type",
          "UpdateType": "Mutable",
          "Required": true,
          "PrimitiveType": "String"
        }
      }
    },
    "AWS::IoTEvents::DetectorModel.OnEnter": {
      "Documentation": "http://docs.aws.amazon.com/AWSCloudFormation/latest/UserGuide/aws-properties-iotevents-detectormodel-onenter.html",
      "Properties": {
        "Events": {
          "Documentation": "http://docs.aws.amazon.com/AWSCloudFormation/latest/UserGuide/aws-properties-iotevents-detectormodel-onenter.html#cfn-iotevents-detectormodel-onenter-events",
          "UpdateType": "Mutable",
          "Required": false,
          "Type": "List",
          "ItemType": "Event",
          "DuplicatesAllowed": true
        }
      }
    },
    "AWS::IoTEvents::DetectorModel.DynamoDBv2": {
      "Documentation": "http://docs.aws.amazon.com/AWSCloudFormation/latest/UserGuide/aws-properties-iotevents-detectormodel-dynamodbv2.html",
      "Properties": {
        "TableName": {
          "Documentation": "http://docs.aws.amazon.com/AWSCloudFormation/latest/UserGuide/aws-properties-iotevents-detectormodel-dynamodbv2.html#cfn-iotevents-detectormodel-dynamodbv2-tablename",
          "UpdateType": "Mutable",
          "Required": true,
          "PrimitiveType": "String"
        },
        "Payload": {
          "Documentation": "http://docs.aws.amazon.com/AWSCloudFormation/latest/UserGuide/aws-properties-iotevents-detectormodel-dynamodbv2.html#cfn-iotevents-detectormodel-dynamodbv2-payload",
          "UpdateType": "Mutable",
          "Required": false,
          "Type": "Payload"
        }
      }
    },
    "AWS::IoTEvents::DetectorModel.Firehose": {
      "Documentation": "http://docs.aws.amazon.com/AWSCloudFormation/latest/UserGuide/aws-properties-iotevents-detectormodel-firehose.html",
      "Properties": {
        "DeliveryStreamName": {
          "Documentation": "http://docs.aws.amazon.com/AWSCloudFormation/latest/UserGuide/aws-properties-iotevents-detectormodel-firehose.html#cfn-iotevents-detectormodel-firehose-deliverystreamname",
          "UpdateType": "Mutable",
          "Required": true,
          "PrimitiveType": "String"
        },
        "Payload": {
          "Documentation": "http://docs.aws.amazon.com/AWSCloudFormation/latest/UserGuide/aws-properties-iotevents-detectormodel-firehose.html#cfn-iotevents-detectormodel-firehose-payload",
          "UpdateType": "Mutable",
          "Required": false,
          "Type": "Payload"
        },
        "Separator": {
          "Documentation": "http://docs.aws.amazon.com/AWSCloudFormation/latest/UserGuide/aws-properties-iotevents-detectormodel-firehose.html#cfn-iotevents-detectormodel-firehose-separator",
          "UpdateType": "Mutable",
          "Required": false,
          "PrimitiveType": "String"
        }
      }
    },
    "AWS::IoTEvents::DetectorModel.AssetPropertyValue": {
      "Documentation": "http://docs.aws.amazon.com/AWSCloudFormation/latest/UserGuide/aws-properties-iotevents-detectormodel-assetpropertyvalue.html",
      "Properties": {
        "Quality": {
          "Documentation": "http://docs.aws.amazon.com/AWSCloudFormation/latest/UserGuide/aws-properties-iotevents-detectormodel-assetpropertyvalue.html#cfn-iotevents-detectormodel-assetpropertyvalue-quality",
          "UpdateType": "Mutable",
          "Required": false,
          "PrimitiveType": "String"
        },
        "Value": {
          "Documentation": "http://docs.aws.amazon.com/AWSCloudFormation/latest/UserGuide/aws-properties-iotevents-detectormodel-assetpropertyvalue.html#cfn-iotevents-detectormodel-assetpropertyvalue-value",
          "UpdateType": "Mutable",
          "Required": true,
          "Type": "AssetPropertyVariant"
        },
        "Timestamp": {
          "Documentation": "http://docs.aws.amazon.com/AWSCloudFormation/latest/UserGuide/aws-properties-iotevents-detectormodel-assetpropertyvalue.html#cfn-iotevents-detectormodel-assetpropertyvalue-timestamp",
          "UpdateType": "Mutable",
          "Required": false,
          "Type": "AssetPropertyTimestamp"
        }
      }
    },
    "Tag": {
      "Documentation": "http://docs.aws.amazon.com/AWSCloudFormation/latest/UserGuide/aws-properties-resource-tags.html",
      "Properties": {
        "Value": {
          "Documentation": "http://docs.aws.amazon.com/AWSCloudFormation/latest/UserGuide/aws-properties-resource-tags.html#cfn-resource-tags-value",
          "UpdateType": "Mutable",
          "Required": true,
          "PrimitiveType": "String"
        },
        "Key": {
          "Documentation": "http://docs.aws.amazon.com/AWSCloudFormation/latest/UserGuide/aws-properties-resource-tags.html#cfn-resource-tags-key",
          "UpdateType": "Mutable",
          "Required": true,
          "PrimitiveType": "String"
        }
      }
    },
    "AWS::IoTEvents::DetectorModel.SetVariable": {
      "Documentation": "http://docs.aws.amazon.com/AWSCloudFormation/latest/UserGuide/aws-properties-iotevents-detectormodel-setvariable.html",
      "Properties": {
        "Value": {
          "Documentation": "http://docs.aws.amazon.com/AWSCloudFormation/latest/UserGuide/aws-properties-iotevents-detectormodel-setvariable.html#cfn-iotevents-detectormodel-setvariable-value",
          "UpdateType": "Mutable",
          "Required": true,
          "PrimitiveType": "String"
        },
        "VariableName": {
          "Documentation": "http://docs.aws.amazon.com/AWSCloudFormation/latest/UserGuide/aws-properties-iotevents-detectormodel-setvariable.html#cfn-iotevents-detectormodel-setvariable-variablename",
          "UpdateType": "Mutable",
          "Required": true,
          "PrimitiveType": "String"
        }
      }
    }
  },
  "ResourceType": {
    "AWS::IoTEvents::DetectorModel": {
      "Documentation": "http://docs.aws.amazon.com/AWSCloudFormation/latest/UserGuide/aws-resource-iotevents-detectormodel.html",
      "Properties": {
        "DetectorModelDefinition": {
          "Documentation": "http://docs.aws.amazon.com/AWSCloudFormation/latest/UserGuide/aws-resource-iotevents-detectormodel.html#cfn-iotevents-detectormodel-detectormodeldefinition",
          "UpdateType": "Mutable",
          "Required": true,
          "Type": "DetectorModelDefinition"
        },
        "EvaluationMethod": {
          "Documentation": "http://docs.aws.amazon.com/AWSCloudFormation/latest/UserGuide/aws-resource-iotevents-detectormodel.html#cfn-iotevents-detectormodel-evaluationmethod",
          "UpdateType": "Mutable",
          "Required": false,
          "PrimitiveType": "String"
        },
        "DetectorModelName": {
          "Documentation": "http://docs.aws.amazon.com/AWSCloudFormation/latest/UserGuide/aws-resource-iotevents-detectormodel.html#cfn-iotevents-detectormodel-detectormodelname",
          "UpdateType": "Immutable",
          "Required": false,
          "PrimitiveType": "String"
        },
        "DetectorModelDescription": {
          "Documentation": "http://docs.aws.amazon.com/AWSCloudFormation/latest/UserGuide/aws-resource-iotevents-detectormodel.html#cfn-iotevents-detectormodel-detectormodeldescription",
          "UpdateType": "Mutable",
          "Required": false,
          "PrimitiveType": "String"
        },
        "Key": {
          "Documentation": "http://docs.aws.amazon.com/AWSCloudFormation/latest/UserGuide/aws-resource-iotevents-detectormodel.html#cfn-iotevents-detectormodel-key",
          "UpdateType": "Immutable",
          "Required": false,
          "PrimitiveType": "String"
        },
        "RoleArn": {
          "Documentation": "http://docs.aws.amazon.com/AWSCloudFormation/latest/UserGuide/aws-resource-iotevents-detectormodel.html#cfn-iotevents-detectormodel-rolearn",
          "UpdateType": "Mutable",
          "Required": true,
          "PrimitiveType": "String"
        },
        "Tags": {
          "Documentation": "http://docs.aws.amazon.com/AWSCloudFormation/latest/UserGuide/aws-resource-iotevents-detectormodel.html#cfn-iotevents-detectormodel-tags",
          "UpdateType": "Mutable",
          "Required": false,
          "Type": "List",
          "ItemType": "Tag",
          "DuplicatesAllowed": true
        }
      }
    }
  },
  "ResourceSpecificationVersion": "114.0.0"
}