{
  "PropertyTypes": {
    "AWS::IoTEvents::AlarmModel.Payload": {
      "Documentation": "http://docs.aws.amazon.com/AWSCloudFormation/latest/UserGuide/aws-properties-iotevents-alarmmodel-payload.html",
      "Properties": {
        "ContentExpression": {
          "Documentation": "http://docs.aws.amazon.com/AWSCloudFormation/latest/UserGuide/aws-properties-iotevents-alarmmodel-payload.html#cfn-iotevents-alarmmodel-payload-contentexpression",
          "UpdateType": "Mutable",
          "Required": true,
          "PrimitiveType": "String"
        },
        "Type": {
          "Documentation": "http://docs.aws.amazon.com/AWSCloudFormation/latest/UserGuide/aws-properties-iotevents-alarmmodel-payload.html#cfn-iotevents-alarmmodel-payload-type",
          "UpdateType": "Mutable",
          "Required": true,
          "PrimitiveType": "String"
        }
      }
    },
    "AWS::IoTEvents::AlarmModel.Sqs": {
      "Documentation": "http://docs.aws.amazon.com/AWSCloudFormation/latest/UserGuide/aws-properties-iotevents-alarmmodel-sqs.html",
      "Properties": {
        "UseBase64": {
          "Documentation": "http://docs.aws.amazon.com/AWSCloudFormation/latest/UserGuide/aws-properties-iotevents-alarmmodel-sqs.html#cfn-iotevents-alarmmodel-sqs-usebase64",
          "UpdateType": "Mutable",
          "Required": false,
          "PrimitiveType": "Boolean"
        },
        "Payload": {
          "Documentation": "http://docs.aws.amazon.com/AWSCloudFormation/latest/UserGuide/aws-properties-iotevents-alarmmodel-sqs.html#cfn-iotevents-alarmmodel-sqs-payload",
          "UpdateType": "Mutable",
          "Required": false,
          "Type": "Payload"
        },
        "QueueUrl": {
          "Documentation": "http://docs.aws.amazon.com/AWSCloudFormation/latest/UserGuide/aws-properties-iotevents-alarmmodel-sqs.html#cfn-iotevents-alarmmodel-sqs-queueurl",
          "UpdateType": "Mutable",
          "Required": true,
          "PrimitiveType": "String"
        }
      }
    },
    "AWS::IoTEvents::AlarmModel.AssetPropertyValue": {
      "Documentation": "http://docs.aws.amazon.com/AWSCloudFormation/latest/UserGuide/aws-properties-iotevents-alarmmodel-assetpropertyvalue.html",
      "Properties": {
        "Quality": {
          "Documentation": "http://docs.aws.amazon.com/AWSCloudFormation/latest/UserGuide/aws-properties-iotevents-alarmmodel-assetpropertyvalue.html#cfn-iotevents-alarmmodel-assetpropertyvalue-quality",
          "UpdateType": "Mutable",
          "Required": false,
          "PrimitiveType": "String"
        },
        "Value": {
          "Documentation": "http://docs.aws.amazon.com/AWSCloudFormation/latest/UserGuide/aws-properties-iotevents-alarmmodel-assetpropertyvalue.html#cfn-iotevents-alarmmodel-assetpropertyvalue-value",
          "UpdateType": "Mutable",
          "Required": true,
          "Type": "AssetPropertyVariant"
        },
        "Timestamp": {
          "Documentation": "http://docs.aws.amazon.com/AWSCloudFormation/latest/UserGuide/aws-properties-iotevents-alarmmodel-assetpropertyvalue.html#cfn-iotevents-alarmmodel-assetpropertyvalue-timestamp",
          "UpdateType": "Mutable",
          "Required": false,
          "Type": "AssetPropertyTimestamp"
        }
      }
    },
    "AWS::IoTEvents::AlarmModel.InitializationConfiguration": {
      "Documentation": "http://docs.aws.amazon.com/AWSCloudFormation/latest/UserGuide/aws-properties-iotevents-alarmmodel-initializationconfiguration.html",
      "Properties": {
        "DisabledOnInitialization": {
          "Documentation": "http://docs.aws.amazon.com/AWSCloudFormation/latest/UserGuide/aws-properties-iotevents-alarmmodel-initializationconfiguration.html#cfn-iotevents-alarmmodel-initializationconfiguration-disabledoninitialization",
          "UpdateType": "Mutable",
          "Required": true,
          "PrimitiveType": "Boolean"
        }
      }
    },
    "AWS::IoTEvents::AlarmModel.DynamoDBv2": {
      "Documentation": "http://docs.aws.amazon.com/AWSCloudFormation/latest/UserGuide/aws-properties-iotevents-alarmmodel-dynamodbv2.html",
      "Properties": {
        "TableName": {
          "Documentation": "http://docs.aws.amazon.com/AWSCloudFormation/latest/UserGuide/aws-properties-iotevents-alarmmodel-dynamodbv2.html#cfn-iotevents-alarmmodel-dynamodbv2-tablename",
          "UpdateType": "Mutable",
          "Required": true,
          "PrimitiveType": "String"
        },
        "Payload": {
          "Documentation": "http://docs.aws.amazon.com/AWSCloudFormation/latest/UserGuide/aws-properties-iotevents-alarmmodel-dynamodbv2.html#cfn-iotevents-alarmmodel-dynamodbv2-payload",
          "UpdateType": "Mutable",
          "Required": false,
          "Type": "Payload"
        }
      }
    },
    "AWS::IoTEvents::AlarmModel.Sns": {
      "Documentation": "http://docs.aws.amazon.com/AWSCloudFormation/latest/UserGuide/aws-properties-iotevents-alarmmodel-sns.html",
      "Properties": {
        "TargetArn": {
          "Documentation": "http://docs.aws.amazon.com/AWSCloudFormation/latest/UserGuide/aws-properties-iotevents-alarmmodel-sns.html#cfn-iotevents-alarmmodel-sns-targetarn",
          "UpdateType": "Mutable",
          "Required": true,
          "PrimitiveType": "String"
        },
        "Payload": {
          "Documentation": "http://docs.aws.amazon.com/AWSCloudFormation/latest/UserGuide/aws-properties-iotevents-alarmmodel-sns.html#cfn-iotevents-alarmmodel-sns-payload",
          "UpdateType": "Mutable",
          "Required": false,
          "Type": "Payload"
        }
      }
    },
    "AWS::IoTEvents::AlarmModel.SimpleRule": {
      "Documentation": "http://docs.aws.amazon.com/AWSCloudFormation/latest/UserGuide/aws-properties-iotevents-alarmmodel-simplerule.html",
      "Properties": {
        "ComparisonOperator": {
          "Documentation": "http://docs.aws.amazon.com/AWSCloudFormation/latest/UserGuide/aws-properties-iotevents-alarmmodel-simplerule.html#cfn-iotevents-alarmmodel-simplerule-comparisonoperator",
          "UpdateType": "Mutable",
          "Required": true,
          "PrimitiveType": "String"
        },
        "InputProperty": {
          "Documentation": "http://docs.aws.amazon.com/AWSCloudFormation/latest/UserGuide/aws-properties-iotevents-alarmmodel-simplerule.html#cfn-iotevents-alarmmodel-simplerule-inputproperty",
          "UpdateType": "Mutable",
          "Required": true,
          "PrimitiveType": "String"
        },
        "Threshold": {
          "Documentation": "http://docs.aws.amazon.com/AWSCloudFormation/latest/UserGuide/aws-properties-iotevents-alarmmodel-simplerule.html#cfn-iotevents-alarmmodel-simplerule-threshold",
          "UpdateType": "Mutable",
          "Required": true,
          "PrimitiveType": "String"
        }
      }
    },
    "AWS::IoTEvents::AlarmModel.Lambda": {
      "Documentation": "http://docs.aws.amazon.com/AWSCloudFormation/latest/UserGuide/aws-properties-iotevents-alarmmodel-lambda.html",
      "Properties": {
        "FunctionArn": {
          "Documentation": "http://docs.aws.amazon.com/AWSCloudFormation/latest/UserGuide/aws-properties-iotevents-alarmmodel-lambda.html#cfn-iotevents-alarmmodel-lambda-functionarn",
          "UpdateType": "Mutable",
          "Required": true,
          "PrimitiveType": "String"
        },
        "Payload": {
          "Documentation": "http://docs.aws.amazon.com/AWSCloudFormation/latest/UserGuide/aws-properties-iotevents-alarmmodel-lambda.html#cfn-iotevents-alarmmodel-lambda-payload",
          "UpdateType": "Mutable",
          "Required": false,
          "Type": "Payload"
        }
      }
    },
    "AWS::IoTEvents::AlarmModel.IotSiteWise": {
      "Documentation": "http://docs.aws.amazon.com/AWSCloudFormation/latest/UserGuide/aws-properties-iotevents-alarmmodel-iotsitewise.html",
      "Properties": {
        "EntryId": {
          "Documentation": "http://docs.aws.amazon.com/AWSCloudFormation/latest/UserGuide/aws-properties-iotevents-alarmmodel-iotsitewise.html#cfn-iotevents-alarmmodel-iotsitewise-entryid",
          "UpdateType": "Mutable",
          "Required": false,
          "PrimitiveType": "String"
        },
        "PropertyAlias": {
          "Documentation": "http://docs.aws.amazon.com/AWSCloudFormation/latest/UserGuide/aws-properties-iotevents-alarmmodel-iotsitewise.html#cfn-iotevents-alarmmodel-iotsitewise-propertyalias",
          "UpdateType": "Mutable",
          "Required": false,
          "PrimitiveType": "String"
        },
        "PropertyValue": {
          "Documentation": "http://docs.aws.amazon.com/AWSCloudFormation/latest/UserGuide/aws-properties-iotevents-alarmmodel-iotsitewise.html#cfn-iotevents-alarmmodel-iotsitewise-propertyvalue",
          "UpdateType": "Mutable",
          "Required": false,
          "Type": "AssetPropertyValue"
        },
        "AssetId": {
          "Documentation": "http://docs.aws.amazon.com/AWSCloudFormation/latest/UserGuide/aws-properties-iotevents-alarmmodel-iotsitewise.html#cfn-iotevents-alarmmodel-iotsitewise-assetid",
          "UpdateType": "Mutable",
          "Required": false,
          "PrimitiveType": "String"
        },
        "PropertyId": {
          "Documentation": "http://docs.aws.amazon.com/AWSCloudFormation/latest/UserGuide/aws-properties-iotevents-alarmmodel-iotsitewise.html#cfn-iotevents-alarmmodel-iotsitewise-propertyid",
          "UpdateType": "Mutable",
          "Required": false,
          "PrimitiveType": "String"
        }
      }
    },
    "AWS::IoTEvents::AlarmModel.AlarmAction": {
      "Documentation": "http://docs.aws.amazon.com/AWSCloudFormation/latest/UserGuide/aws-properties-iotevents-alarmmodel-alarmaction.html",
      "Properties": {
        "DynamoDBv2": {
          "Documentation": "http://docs.aws.amazon.com/AWSCloudFormation/latest/UserGuide/aws-properties-iotevents-alarmmodel-alarmaction.html#cfn-iotevents-alarmmodel-alarmaction-dynamodbv2",
          "UpdateType": "Mutable",
          "Required": false,
          "Type": "DynamoDBv2"
        },
        "IotEvents": {
          "Documentation": "http://docs.aws.amazon.com/AWSCloudFormation/latest/UserGuide/aws-properties-iotevents-alarmmodel-alarmaction.html#cfn-iotevents-alarmmodel-alarmaction-iotevents",
          "UpdateType": "Mutable",
          "Required": false,
          "Type": "IotEvents"
        },
        "IotSiteWise": {
          "Documentation": "http://docs.aws.amazon.com/AWSCloudFormation/latest/UserGuide/aws-properties-iotevents-alarmmodel-alarmaction.html#cfn-iotevents-alarmmodel-alarmaction-iotsitewise",
          "UpdateType": "Mutable",
          "Required": false,
          "Type": "IotSiteWise"
        },
        "Sqs": {
          "Documentation": "http://docs.aws.amazon.com/AWSCloudFormation/latest/UserGuide/aws-properties-iotevents-alarmmodel-alarmaction.html#cfn-iotevents-alarmmodel-alarmaction-sqs",
          "UpdateType": "Mutable",
          "Required": false,
          "Type": "Sqs"
        },
        "Firehose": {
          "Documentation": "http://docs.aws.amazon.com/AWSCloudFormation/latest/UserGuide/aws-properties-iotevents-alarmmodel-alarmaction.html#cfn-iotevents-alarmmodel-alarmaction-firehose",
          "UpdateType": "Mutable",
          "Required": false,
          "Type": "Firehose"
        },
        "DynamoDB": {
          "Documentation": "http://docs.aws.amazon.com/AWSCloudFormation/latest/UserGuide/aws-properties-iotevents-alarmmodel-alarmaction.html#cfn-iotevents-alarmmodel-alarmaction-dynamodb",
          "UpdateType": "Mutable",
          "Required": false,
          "Type": "DynamoDB"
        },
        "IotTopicPublish": {
          "Documentation": "http://docs.aws.amazon.com/AWSCloudFormation/latest/UserGuide/aws-properties-iotevents-alarmmodel-alarmaction.html#cfn-iotevents-alarmmodel-alarmaction-iottopicpublish",
          "UpdateType": "Mutable",
          "Required": false,
          "Type": "IotTopicPublish"
        },
        "Sns": {
          "Documentation": "http://docs.aws.amazon.com/AWSCloudFormation/latest/UserGuide/aws-properties-iotevents-alarmmodel-alarmaction.html#cfn-iotevents-alarmmodel-alarmaction-sns",
          "UpdateType": "Mutable",
          "Required": false,
          "Type": "Sns"
        },
        "Lambda": {
          "Documentation": "http://docs.aws.amazon.com/AWSCloudFormation/latest/UserGuide/aws-properties-iotevents-alarmmodel-alarmaction.html#cfn-iotevents-alarmmodel-alarmaction-lambda",
          "UpdateType": "Mutable",
          "Required": false,
          "Type": "Lambda"
        }
      }
    },
    "AWS::IoTEvents::AlarmModel.AssetPropertyTimestamp": {
      "Documentation": "http://docs.aws.amazon.com/AWSCloudFormation/latest/UserGuide/aws-properties-iotevents-alarmmodel-assetpropertytimestamp.html",
      "Properties": {
        "TimeInSeconds": {
          "Documentation": "http://docs.aws.amazon.com/AWSCloudFormation/latest/UserGuide/aws-properties-iotevents-alarmmodel-assetpropertytimestamp.html#cfn-iotevents-alarmmodel-assetpropertytimestamp-timeinseconds",
          "UpdateType": "Mutable",
          "Required": true,
          "PrimitiveType": "String"
        },
        "OffsetInNanos": {
          "Documentation": "http://docs.aws.amazon.com/AWSCloudFormation/latest/UserGuide/aws-properties-iotevents-alarmmodel-assetpropertytimestamp.html#cfn-iotevents-alarmmodel-assetpropertytimestamp-offsetinnanos",
          "UpdateType": "Mutable",
          "Required": false,
          "PrimitiveType": "String"
        }
      }
    },
    "AWS::IoTEvents::AlarmModel.Firehose": {
      "Documentation": "http://docs.aws.amazon.com/AWSCloudFormation/latest/UserGuide/aws-properties-iotevents-alarmmodel-firehose.html",
      "Properties": {
        "DeliveryStreamName": {
          "Documentation": "http://docs.aws.amazon.com/AWSCloudFormation/latest/UserGuide/aws-properties-iotevents-alarmmodel-firehose.html#cfn-iotevents-alarmmodel-firehose-deliverystreamname",
          "UpdateType": "Mutable",
          "Required": true,
          "PrimitiveType": "String"
        },
        "Payload": {
          "Documentation": "http://docs.aws.amazon.com/AWSCloudFormation/latest/UserGuide/aws-properties-iotevents-alarmmodel-firehose.html#cfn-iotevents-alarmmodel-firehose-payload",
          "UpdateType": "Mutable",
          "Required": false,
          "Type": "Payload"
        },
        "Separator": {
          "Documentation": "http://docs.aws.amazon.com/AWSCloudFormation/latest/UserGuide/aws-properties-iotevents-alarmmodel-firehose.html#cfn-iotevents-alarmmodel-firehose-separator",
          "UpdateType": "Mutable",
          "Required": false,
          "PrimitiveType": "String"
        }
      }
    },
    "AWS::IoTEvents::AlarmModel.AlarmRule": {
      "Documentation": "http://docs.aws.amazon.com/AWSCloudFormation/latest/UserGuide/aws-properties-iotevents-alarmmodel-alarmrule.html",
      "Properties": {
        "SimpleRule": {
          "Documentation": "http://docs.aws.amazon.com/AWSCloudFormation/latest/UserGuide/aws-properties-iotevents-alarmmodel-alarmrule.html#cfn-iotevents-alarmmodel-alarmrule-simplerule",
          "UpdateType": "Mutable",
          "Required": false,
          "Type": "SimpleRule"
        }
      }
    },
    "AWS::IoTEvents::AlarmModel.IotTopicPublish": {
      "Documentation": "http://docs.aws.amazon.com/AWSCloudFormation/latest/UserGuide/aws-properties-iotevents-alarmmodel-iottopicpublish.html",
      "Properties": {
        "MqttTopic": {
          "Documentation": "http://docs.aws.amazon.com/AWSCloudFormation/latest/UserGuide/aws-properties-iotevents-alarmmodel-iottopicpublish.html#cfn-iotevents-alarmmodel-iottopicpublish-mqtttopic",
          "UpdateType": "Mutable",
          "Required": true,
          "PrimitiveType": "String"
        },
        "Payload": {
          "Documentation": "http://docs.aws.amazon.com/AWSCloudFormation/latest/UserGuide/aws-properties-iotevents-alarmmodel-iottopicpublish.html#cfn-iotevents-alarmmodel-iottopicpublish-payload",
          "UpdateType": "Mutable",
          "Required": false,
          "Type": "Payload"
        }
      }
    },
    "AWS::IoTEvents::AlarmModel.IotEvents": {
      "Documentation": "http://docs.aws.amazon.com/AWSCloudFormation/latest/UserGuide/aws-properties-iotevents-alarmmodel-iotevents.html",
      "Properties": {
        "InputName": {
          "Documentation": "http://docs.aws.amazon.com/AWSCloudFormation/latest/UserGuide/aws-properties-iotevents-alarmmodel-iotevents.html#cfn-iotevents-alarmmodel-iotevents-inputname",
          "UpdateType": "Mutable",
          "Required": true,
          "PrimitiveType": "String"
        },
        "Payload": {
          "Documentation": "http://docs.aws.amazon.com/AWSCloudFormation/latest/UserGuide/aws-properties-iotevents-alarmmodel-iotevents.html#cfn-iotevents-alarmmodel-iotevents-payload",
          "UpdateType": "Mutable",
          "Required": false,
          "Type": "Payload"
        }
      }
    },
    "AWS::IoTEvents::AlarmModel.DynamoDB": {
      "Documentation": "http://docs.aws.amazon.com/AWSCloudFormation/latest/UserGuide/aws-properties-iotevents-alarmmodel-dynamodb.html",
      "Properties": {
        "TableName": {
          "Documentation": "http://docs.aws.amazon.com/AWSCloudFormation/latest/UserGuide/aws-properties-iotevents-alarmmodel-dynamodb.html#cfn-iotevents-alarmmodel-dynamodb-tablename",
          "UpdateType": "Mutable",
          "Required": true,
          "PrimitiveType": "String"
        },
        "PayloadField": {
          "Documentation": "http://docs.aws.amazon.com/AWSCloudFormation/latest/UserGuide/aws-properties-iotevents-alarmmodel-dynamodb.html#cfn-iotevents-alarmmodel-dynamodb-payloadfield",
          "UpdateType": "Mutable",
          "Required": false,
          "PrimitiveType": "String"
        },
        "RangeKeyField": {
          "Documentation": "http://docs.aws.amazon.com/AWSCloudFormation/latest/UserGuide/aws-properties-iotevents-alarmmodel-dynamodb.html#cfn-iotevents-alarmmodel-dynamodb-rangekeyfield",
          "UpdateType": "Mutable",
          "Required": false,
          "PrimitiveType": "String"
        },
        "HashKeyField": {
          "Documentation": "http://docs.aws.amazon.com/AWSCloudFormation/latest/UserGuide/aws-properties-iotevents-alarmmodel-dynamodb.html#cfn-iotevents-alarmmodel-dynamodb-hashkeyfield",
          "UpdateType": "Mutable",
          "Required": true,
          "PrimitiveType": "String"
        },
        "RangeKeyValue": {
          "Documentation": "http://docs.aws.amazon.com/AWSCloudFormation/latest/UserGuide/aws-properties-iotevents-alarmmodel-dynamodb.html#cfn-iotevents-alarmmodel-dynamodb-rangekeyvalue",
          "UpdateType": "Mutable",
          "Required": false,
          "PrimitiveType": "String"
        },
        "RangeKeyType": {
          "Documentation": "http://docs.aws.amazon.com/AWSCloudFormation/latest/UserGuide/aws-properties-iotevents-alarmmodel-dynamodb.html#cfn-iotevents-alarmmodel-dynamodb-rangekeytype",
          "UpdateType": "Mutable",
          "Required": false,
          "PrimitiveType": "String"
        },
        "HashKeyType": {
          "Documentation": "http://docs.aws.amazon.com/AWSCloudFormation/latest/UserGuide/aws-properties-iotevents-alarmmodel-dynamodb.html#cfn-iotevents-alarmmodel-dynamodb-hashkeytype",
          "UpdateType": "Mutable",
          "Required": false,
          "PrimitiveType": "String"
        },
        "HashKeyValue": {
          "Documentation": "http://docs.aws.amazon.com/AWSCloudFormation/latest/UserGuide/aws-properties-iotevents-alarmmodel-dynamodb.html#cfn-iotevents-alarmmodel-dynamodb-hashkeyvalue",
          "UpdateType": "Mutable",
          "Required": true,
          "PrimitiveType": "String"
        },
        "Payload": {
          "Documentation": "http://docs.aws.amazon.com/AWSCloudFormation/latest/UserGuide/aws-properties-iotevents-alarmmodel-dynamodb.html#cfn-iotevents-alarmmodel-dynamodb-payload",
          "UpdateType": "Mutable",
          "Required": false,
          "Type": "Payload"
        },
        "Operation": {
          "Documentation": "http://docs.aws.amazon.com/AWSCloudFormation/latest/UserGuide/aws-properties-iotevents-alarmmodel-dynamodb.html#cfn-iotevents-alarmmodel-dynamodb-operation",
          "UpdateType": "Mutable",
          "Required": false,
          "PrimitiveType": "String"
        }
      }
    },
    "AWS::IoTEvents::AlarmModel.AssetPropertyVariant": {
      "Documentation": "http://docs.aws.amazon.com/AWSCloudFormation/latest/UserGuide/aws-properties-iotevents-alarmmodel-assetpropertyvariant.html",
      "Properties": {
        "DoubleValue": {
          "Documentation": "http://docs.aws.amazon.com/AWSCloudFormation/latest/UserGuide/aws-properties-iotevents-alarmmodel-assetpropertyvariant.html#cfn-iotevents-alarmmodel-assetpropertyvariant-doublevalue",
          "UpdateType": "Mutable",
          "Required": false,
          "PrimitiveType": "String"
        },
        "BooleanValue": {
          "Documentation": "http://docs.aws.amazon.com/AWSCloudFormation/latest/UserGuide/aws-properties-iotevents-alarmmodel-assetpropertyvariant.html#cfn-iotevents-alarmmodel-assetpropertyvariant-booleanvalue",
          "UpdateType": "Mutable",
          "Required": false,
          "PrimitiveType": "String"
        },
        "IntegerValue": {
          "Documentation": "http://docs.aws.amazon.com/AWSCloudFormation/latest/UserGuide/aws-properties-iotevents-alarmmodel-assetpropertyvariant.html#cfn-iotevents-alarmmodel-assetpropertyvariant-integervalue",
          "UpdateType": "Mutable",
          "Required": false,
          "PrimitiveType": "String"
        },
        "StringValue": {
          "Documentation": "http://docs.aws.amazon.com/AWSCloudFormation/latest/UserGuide/aws-properties-iotevents-alarmmodel-assetpropertyvariant.html#cfn-iotevents-alarmmodel-assetpropertyvariant-stringvalue",
          "UpdateType": "Mutable",
          "Required": false,
          "PrimitiveType": "String"
        }
      }
    },
    "AWS::IoTEvents::AlarmModel.AlarmEventActions": {
      "Documentation": "http://docs.aws.amazon.com/AWSCloudFormation/latest/UserGuide/aws-properties-iotevents-alarmmodel-alarmeventactions.html",
      "Properties": {
        "AlarmActions": {
          "Documentation": "http://docs.aws.amazon.com/AWSCloudFormation/latest/UserGuide/aws-properties-iotevents-alarmmodel-alarmeventactions.html#cfn-iotevents-alarmmodel-alarmeventactions-alarmactions",
          "UpdateType": "Mutable",
          "Required": false,
          "Type": "List",
          "ItemType": "AlarmAction",
          "DuplicatesAllowed": true
        }
      }
    },
    "Tag": {
      "Documentation": "http://docs.aws.amazon.com/AWSCloudFormation/latest/UserGuide/aws-properties-resource-tags.html",
      "Properties": {
        "Value": {
          "Documentation": "http://docs.aws.amazon.com/AWSCloudFormation/latest/UserGuide/aws-properties-resource-tags.html#cfn-resource-tags-value",
          "UpdateType": "Mutable",
          "Required": true,
          "PrimitiveType": "String"
        },
        "Key": {
          "Documentation": "http://docs.aws.amazon.com/AWSCloudFormation/latest/UserGuide/aws-properties-resource-tags.html#cfn-resource-tags-key",
          "UpdateType": "Mutable",
          "Required": true,
          "PrimitiveType": "String"
        }
      }
    },
    "AWS::IoTEvents::AlarmModel.AcknowledgeFlow": {
      "Documentation": "http://docs.aws.amazon.com/AWSCloudFormation/latest/UserGuide/aws-properties-iotevents-alarmmodel-acknowledgeflow.html",
      "Properties": {
        "Enabled": {
          "Documentation": "http://docs.aws.amazon.com/AWSCloudFormation/latest/UserGuide/aws-properties-iotevents-alarmmodel-acknowledgeflow.html#cfn-iotevents-alarmmodel-acknowledgeflow-enabled",
          "UpdateType": "Mutable",
          "Required": false,
          "PrimitiveType": "Boolean"
        }
      }
    },
    "AWS::IoTEvents::AlarmModel.AlarmCapabilities": {
      "Documentation": "http://docs.aws.amazon.com/AWSCloudFormation/latest/UserGuide/aws-properties-iotevents-alarmmodel-alarmcapabilities.html",
      "Properties": {
        "AcknowledgeFlow": {
          "Documentation": "http://docs.aws.amazon.com/AWSCloudFormation/latest/UserGuide/aws-properties-iotevents-alarmmodel-alarmcapabilities.html#cfn-iotevents-alarmmodel-alarmcapabilities-acknowledgeflow",
          "UpdateType": "Mutable",
          "Required": false,
          "Type": "AcknowledgeFlow"
        },
        "InitializationConfiguration": {
          "Documentation": "http://docs.aws.amazon.com/AWSCloudFormation/latest/UserGuide/aws-properties-iotevents-alarmmodel-alarmcapabilities.html#cfn-iotevents-alarmmodel-alarmcapabilities-initializationconfiguration",
          "UpdateType": "Mutable",
          "Required": false,
          "Type": "InitializationConfiguration"
        }
      }
    }
  },
  "ResourceType": {
    "AWS::IoTEvents::AlarmModel": {
      "Documentation": "http://docs.aws.amazon.com/AWSCloudFormation/latest/UserGuide/aws-resource-iotevents-alarmmodel.html",
      "Properties": {
        "AlarmRule": {
          "Documentation": "http://docs.aws.amazon.com/AWSCloudFormation/latest/UserGuide/aws-resource-iotevents-alarmmodel.html#cfn-iotevents-alarmmodel-alarmrule",
          "UpdateType": "Mutable",
          "Required": true,
          "Type": "AlarmRule"
        },
        "AlarmModelName": {
          "Documentation": "http://docs.aws.amazon.com/AWSCloudFormation/latest/UserGuide/aws-resource-iotevents-alarmmodel.html#cfn-iotevents-alarmmodel-alarmmodelname",
          "UpdateType": "Immutable",
          "Required": false,
          "PrimitiveType": "String"
        },
        "AlarmModelDescription": {
          "Documentation": "http://docs.aws.amazon.com/AWSCloudFormation/latest/UserGuide/aws-resource-iotevents-alarmmodel.html#cfn-iotevents-alarmmodel-alarmmodeldescription",
          "UpdateType": "Mutable",
          "Required": false,
          "PrimitiveType": "String"
        },
        "Severity": {
          "Documentation": "http://docs.aws.amazon.com/AWSCloudFormation/latest/UserGuide/aws-resource-iotevents-alarmmodel.html#cfn-iotevents-alarmmodel-severity",
          "UpdateType": "Mutable",
          "Required": false,
          "PrimitiveType": "Integer"
        },
        "AlarmCapabilities": {
          "Documentation": "http://docs.aws.amazon.com/AWSCloudFormation/latest/UserGuide/aws-resource-iotevents-alarmmodel.html#cfn-iotevents-alarmmodel-alarmcapabilities",
          "UpdateType": "Mutable",
          "Required": false,
          "Type": "AlarmCapabilities"
        },
        "RoleArn": {
          "Documentation": "http://docs.aws.amazon.com/AWSCloudFormation/latest/UserGuide/aws-resource-iotevents-alarmmodel.html#cfn-iotevents-alarmmodel-rolearn",
          "UpdateType": "Mutable",
          "Required": true,
          "PrimitiveType": "String"
        },
        "Key": {
          "Documentation": "http://docs.aws.amazon.com/AWSCloudFormation/latest/UserGuide/aws-resource-iotevents-alarmmodel.html#cfn-iotevents-alarmmodel-key",
          "UpdateType": "Immutable",
          "Required": false,
          "PrimitiveType": "String"
        },
        "AlarmEventActions": {
          "Documentation": "http://docs.aws.amazon.com/AWSCloudFormation/latest/UserGuide/aws-resource-iotevents-alarmmodel.html#cfn-iotevents-alarmmodel-alarmeventactions",
          "UpdateType": "Mutable",
          "Required": false,
          "Type": "AlarmEventActions"
        },
        "Tags": {
          "Documentation": "http://docs.aws.amazon.com/AWSCloudFormation/latest/UserGuide/aws-resource-iotevents-alarmmodel.html#cfn-iotevents-alarmmodel-tags",
          "UpdateType": "Mutable",
          "Required": false,
          "Type": "List",
          "ItemType": "Tag",
          "DuplicatesAllowed": true
        }
      }
    }
  },
  "ResourceSpecificationVersion": "114.0.0"
}