{
  "PropertyTypes": {
    "AWS::IoT::MitigationAction.EnableIoTLoggingParams": {
      "Documentation": "http://docs.aws.amazon.com/AWSCloudFormation/latest/UserGuide/aws-properties-iot-mitigationaction-enableiotloggingparams.html",
      "Properties": {
        "RoleArnForLogging": {
          "Documentation": "http://docs.aws.amazon.com/AWSCloudFormation/latest/UserGuide/aws-properties-iot-mitigationaction-enableiotloggingparams.html#cfn-iot-mitigationaction-enableiotloggingparams-rolearnforlogging",
          "UpdateType": "Mutable",
          "Required": true,
          "PrimitiveType": "String"
        },
        "LogLevel": {
          "Documentation": "http://docs.aws.amazon.com/AWSCloudFormation/latest/UserGuide/aws-properties-iot-mitigationaction-enableiotloggingparams.html#cfn-iot-mitigationaction-enableiotloggingparams-loglevel",
          "UpdateType": "Mutable",
          "Required": true,
          "PrimitiveType": "String"
        }
      }
    },
    "AWS::IoT::MitigationAction.ActionParams": {
      "Documentation": "http://docs.aws.amazon.com/AWSCloudFormation/latest/UserGuide/aws-properties-iot-mitigationaction-actionparams.html",
      "Properties": {
        "UpdateDeviceCertificateParams": {
          "Documentation": "http://docs.aws.amazon.com/AWSCloudFormation/latest/UserGuide/aws-properties-iot-mitigationaction-actionparams.html#cfn-iot-mitigationaction-actionparams-updatedevicecertificateparams",
          "UpdateType": "Mutable",
          "Required": false,
          "Type": "UpdateDeviceCertificateParams"
        },
        "AddThingsToThingGroupParams": {
          "Documentation": "http://docs.aws.amazon.com/AWSCloudFormation/latest/UserGuide/aws-properties-iot-mitigationaction-actionparams.html#cfn-iot-mitigationaction-actionparams-addthingstothinggroupparams",
          "UpdateType": "Mutable",
          "Required": false,
          "Type": "AddThingsToThingGroupParams"
        },
        "PublishFindingToSnsParams": {
          "Documentation": "http://docs.aws.amazon.com/AWSCloudFormation/latest/UserGuide/aws-properties-iot-mitigationaction-actionparams.html#cfn-iot-mitigationaction-actionparams-publishfindingtosnsparams",
          "UpdateType": "Mutable",
          "Required": false,
          "Type": "PublishFindingToSnsParams"
        },
        "EnableIoTLoggingParams": {
          "Documentation": "http://docs.aws.amazon.com/AWSCloudFormation/latest/UserGuide/aws-properties-iot-mitigationaction-actionparams.html#cfn-iot-mitigationaction-actionparams-enableiotloggingparams",
          "UpdateType": "Mutable",
          "Required": false,
          "Type": "EnableIoTLoggingParams"
        },
        "ReplaceDefaultPolicyVersionParams": {
          "Documentation": "http://docs.aws.amazon.com/AWSCloudFormation/latest/UserGuide/aws-properties-iot-mitigationaction-actionparams.html#cfn-iot-mitigationaction-actionparams-replacedefaultpolicyversionparams",
          "UpdateType": "Mutable",
          "Required": false,
          "Type": "ReplaceDefaultPolicyVersionParams"
        },
        "UpdateCACertificateParams": {
          "Documentation": "http://docs.aws.amazon.com/AWSCloudFormation/latest/UserGuide/aws-properties-iot-mitigationaction-actionparams.html#cfn-iot-mitigationaction-actionparams-updatecacertificateparams",
          "UpdateType": "Mutable",
          "Required": false,
          "Type": "UpdateCACertificateParams"
        }
      }
    },
    "AWS::IoT::MitigationAction.UpdateDeviceCertificateParams": {
      "Documentation": "http://docs.aws.amazon.com/AWSCloudFormation/latest/UserGuide/aws-properties-iot-mitigationaction-updatedevicecertificateparams.html",
      "Properties": {
        "Action": {
          "Documentation": "http://docs.aws.amazon.com/AWSCloudFormation/latest/UserGuide/aws-properties-iot-mitigationaction-updatedevicecertificateparams.html#cfn-iot-mitigationaction-updatedevicecertificateparams-action",
          "UpdateType": "Mutable",
          "Required": true,
          "PrimitiveType": "String"
        }
      }
    },
    "AWS::IoT::MitigationAction.PublishFindingToSnsParams": {
      "Documentation": "http://docs.aws.amazon.com/AWSCloudFormation/latest/UserGuide/aws-properties-iot-mitigationaction-publishfindingtosnsparams.html",
      "Properties": {
        "TopicArn": {
          "Documentation": "http://docs.aws.amazon.com/AWSCloudFormation/latest/UserGuide/aws-properties-iot-mitigationaction-publishfindingtosnsparams.html#cfn-iot-mitigationaction-publishfindingtosnsparams-topicarn",
          "UpdateType": "Mutable",
          "Required": true,
          "PrimitiveType": "String"
        }
      }
    },
    "AWS::IoT::MitigationAction.ReplaceDefaultPolicyVersionParams": {
      "Documentation": "http://docs.aws.amazon.com/AWSCloudFormation/latest/UserGuide/aws-properties-iot-mitigationaction-replacedefaultpolicyversionparams.html",
      "Properties": {
        "TemplateName": {
          "Documentation": "http://docs.aws.amazon.com/AWSCloudFormation/latest/UserGuide/aws-properties-iot-mitigationaction-replacedefaultpolicyversionparams.html#cfn-iot-mitigationaction-replacedefaultpolicyversionparams-templatename",
          "UpdateType": "Mutable",
          "Required": true,
          "PrimitiveType": "String"
        }
      }
    },
    "Tag": {
      "Documentation": "http://docs.aws.amazon.com/AWSCloudFormation/latest/UserGuide/aws-properties-resource-tags.html",
      "Properties": {
        "Value": {
          "Documentation": "http://docs.aws.amazon.com/AWSCloudFormation/latest/UserGuide/aws-properties-resource-tags.html#cfn-resource-tags-value",
          "UpdateType": "Mutable",
          "Required": true,
          "PrimitiveType": "String"
        },
        "Key": {
          "Documentation": "http://docs.aws.amazon.com/AWSCloudFormation/latest/UserGuide/aws-properties-resource-tags.html#cfn-resource-tags-key",
          "UpdateType": "Mutable",
          "Required": true,
          "PrimitiveType": "String"
        }
      }
    },
    "AWS::IoT::MitigationAction.AddThingsToThingGroupParams": {
      "Documentation": "http://docs.aws.amazon.com/AWSCloudFormation/latest/UserGuide/aws-properties-iot-mitigationaction-addthingstothinggroupparams.html",
      "Properties": {
        "OverrideDynamicGroups": {
          "Documentation": "http://docs.aws.amazon.com/AWSCloudFormation/latest/UserGuide/aws-properties-iot-mitigationaction-addthingstothinggroupparams.html#cfn-iot-mitigationaction-addthingstothinggroupparams-overridedynamicgroups",
          "UpdateType": "Mutable",
          "Required": false,
          "PrimitiveType": "Boolean"
        },
        "ThingGroupNames": {
          "Documentation": "http://docs.aws.amazon.com/AWSCloudFormation/latest/UserGuide/aws-properties-iot-mitigationaction-addthingstothinggroupparams.html#cfn-iot-mitigationaction-addthingstothinggroupparams-thinggroupnames",
          "UpdateType": "Mutable",
          "Required": true,
          "Type": "List",
          "PrimitiveItemType": "String",
          "DuplicatesAllowed": false
        }
      }
    },
    "AWS::IoT::MitigationAction.UpdateCACertificateParams": {
      "Documentation": "http://docs.aws.amazon.com/AWSCloudFormation/latest/UserGuide/aws-properties-iot-mitigationaction-updatecacertificateparams.html",
      "Properties": {
        "Action": {
          "Documentation": "http://docs.aws.amazon.com/AWSCloudFormation/latest/UserGuide/aws-properties-iot-mitigationaction-updatecacertificateparams.html#cfn-iot-mitigationaction-updatecacertificateparams-action",
          "UpdateType": "Mutable",
          "Required": true,
          "PrimitiveType": "String"
        }
      }
    }
  },
  "ResourceType": {
    "AWS::IoT::MitigationAction": {
      "Documentation": "http://docs.aws.amazon.com/AWSCloudFormation/latest/UserGuide/aws-resource-iot-mitigationaction.html",
      "Properties": {
        "ActionName": {
          "Documentation": "http://docs.aws.amazon.com/AWSCloudFormation/latest/UserGuide/aws-resource-iot-mitigationaction.html#cfn-iot-mitigationaction-actionname",
          "UpdateType": "Immutable",
          "Required": false,
          "PrimitiveType": "String"
        },
        "ActionParams": {
          "Documentation": "http://docs.aws.amazon.com/AWSCloudFormation/latest/UserGuide/aws-resource-iot-mitigationaction.html#cfn-iot-mitigationaction-actionparams",
          "UpdateType": "Mutable",
          "Required": true,
          "Type": "ActionParams"
        },
        "RoleArn": {
          "Documentation": "http://docs.aws.amazon.com/AWSCloudFormation/latest/UserGuide/aws-resource-iot-mitigationaction.html#cfn-iot-mitigationaction-rolearn",
          "UpdateType": "Mutable",
          "Required": true,
          "PrimitiveType": "String"
        },
        "Tags": {
          "Documentation": "http://docs.aws.amazon.com/AWSCloudFormation/latest/UserGuide/aws-resource-iot-mitigationaction.html#cfn-iot-mitigationaction-tags",
          "UpdateType": "Mutable",
          "Required": false,
          "Type": "List",
          "ItemType": "Tag",
          "DuplicatesAllowed": false
        }
      },
      "Attributes": {
        "MitigationActionArn": {
          "PrimitiveType": "String"
        },
        "MitigationActionId": {
          "PrimitiveType": "String"
        }
      }
    }
  },
  "ResourceSpecificationVersion": "114.0.0"
}