{
  "PropertyTypes": {
    "AWS::IoT::ProvisioningTemplate.ProvisioningHook": {
      "Documentation": "http://docs.aws.amazon.com/AWSCloudFormation/latest/UserGuide/aws-properties-iot-provisioningtemplate-provisioninghook.html",
      "Properties": {
        "TargetArn": {
          "Documentation": "http://docs.aws.amazon.com/AWSCloudFormation/latest/UserGuide/aws-properties-iot-provisioningtemplate-provisioninghook.html#cfn-iot-provisioningtemplate-provisioninghook-targetarn",
          "UpdateType": "Mutable",
          "Required": false,
          "PrimitiveType": "String"
        },
        "PayloadVersion": {
          "Documentation": "http://docs.aws.amazon.com/AWSCloudFormation/latest/UserGuide/aws-properties-iot-provisioningtemplate-provisioninghook.html#cfn-iot-provisioningtemplate-provisioninghook-payloadversion",
          "UpdateType": "Mutable",
          "Required": false,
          "PrimitiveType": "String"
        }
      }
    },
    "Tag": {
      "Documentation": "http://docs.aws.amazon.com/AWSCloudFormation/latest/UserGuide/aws-properties-resource-tags.html",
      "Properties": {
        "Value": {
          "Documentation": "http://docs.aws.amazon.com/AWSCloudFormation/latest/UserGuide/aws-properties-resource-tags.html#cfn-resource-tags-value",
          "UpdateType": "Mutable",
          "Required": true,
          "PrimitiveType": "String"
        },
        "Key": {
          "Documentation": "http://docs.aws.amazon.com/AWSCloudFormation/latest/UserGuide/aws-properties-resource-tags.html#cfn-resource-tags-key",
          "UpdateType": "Mutable",
          "Required": true,
          "PrimitiveType": "String"
        }
      }
    }
  },
  "ResourceType": {
    "AWS::IoT::ProvisioningTemplate": {
      "Documentation": "http://docs.aws.amazon.com/AWSCloudFormation/latest/UserGuide/aws-resource-iot-provisioningtemplate.html",
      "Properties": {
        "ProvisioningRoleArn": {
          "Documentation": "http://docs.aws.amazon.com/AWSCloudFormation/latest/UserGuide/aws-resource-iot-provisioningtemplate.html#cfn-iot-provisioningtemplate-provisioningrolearn",
          "UpdateType": "Mutable",
          "Required": true,
          "PrimitiveType": "String"
        },
        "Description": {
          "Documentation": "http://docs.aws.amazon.com/AWSCloudFormation/latest/UserGuide/aws-resource-iot-provisioningtemplate.html#cfn-iot-provisioningtemplate-description",
          "UpdateType": "Mutable",
          "Required": false,
          "PrimitiveType": "String"
        },
        "PreProvisioningHook": {
          "Documentation": "http://docs.aws.amazon.com/AWSCloudFormation/latest/UserGuide/aws-resource-iot-provisioningtemplate.html#cfn-iot-provisioningtemplate-preprovisioninghook",
          "UpdateType": "Mutable",
          "Required": false,
          "Type": "ProvisioningHook"
        },
        "TemplateName": {
          "Documentation": "http://docs.aws.amazon.com/AWSCloudFormation/latest/UserGuide/aws-resource-iot-provisioningtemplate.html#cfn-iot-provisioningtemplate-templatename",
          "UpdateType": "Immutable",
          "Required": false,
          "PrimitiveType": "String"
        },
        "Enabled": {
          "Documentation": "http://docs.aws.amazon.com/AWSCloudFormation/latest/UserGuide/aws-resource-iot-provisioningtemplate.html#cfn-iot-provisioningtemplate-enabled",
          "UpdateType": "Mutable",
          "Required": false,
          "PrimitiveType": "Boolean"
        },
        "TemplateBody": {
          "Documentation": "http://docs.aws.amazon.com/AWSCloudFormation/latest/UserGuide/aws-resource-iot-provisioningtemplate.html#cfn-iot-provisioningtemplate-templatebody",
          "UpdateType": "Mutable",
          "Required": true,
          "PrimitiveType": "String"
        },
        "TemplateType": {
          "Documentation": "http://docs.aws.amazon.com/AWSCloudFormation/latest/UserGuide/aws-resource-iot-provisioningtemplate.html#cfn-iot-provisioningtemplate-templatetype",
          "UpdateType": "Immutable",
          "Required": false,
          "PrimitiveType": "String"
        },
        "Tags": {
          "Documentation": "http://docs.aws.amazon.com/AWSCloudFormation/latest/UserGuide/aws-resource-iot-provisioningtemplate.html#cfn-iot-provisioningtemplate-tags",
          "UpdateType": "Mutable",
          "Required": false,
          "Type": "List",
          "ItemType": "Tag",
          "DuplicatesAllowed": true
        }
      },
      "Attributes": {
        "TemplateArn": {
          "PrimitiveType": "String"
        }
      }
    }
  },
  "ResourceSpecificationVersion": "114.0.0"
}