{
  "PropertyTypes": {
    "AWS::IoTSiteWise::Asset.AssetHierarchy": {
      "Documentation": "http://docs.aws.amazon.com/AWSCloudFormation/latest/UserGuide/aws-properties-iotsitewise-asset-assethierarchy.html",
      "Properties": {
        "LogicalId": {
          "Documentation": "http://docs.aws.amazon.com/AWSCloudFormation/latest/UserGuide/aws-properties-iotsitewise-asset-assethierarchy.html#cfn-iotsitewise-asset-assethierarchy-logicalid",
          "UpdateType": "Mutable",
          "Required": true,
          "PrimitiveType": "String"
        },
        "ChildAssetId": {
          "Documentation": "http://docs.aws.amazon.com/AWSCloudFormation/latest/UserGuide/aws-properties-iotsitewise-asset-assethierarchy.html#cfn-iotsitewise-asset-assethierarchy-childassetid",
          "UpdateType": "Mutable",
          "Required": true,
          "PrimitiveType": "String"
        }
      }
    },
    "AWS::IoTSiteWise::Asset.AssetProperty": {
      "Documentation": "http://docs.aws.amazon.com/AWSCloudFormation/latest/UserGuide/aws-properties-iotsitewise-asset-assetproperty.html",
      "Properties": {
        "LogicalId": {
          "Documentation": "http://docs.aws.amazon.com/AWSCloudFormation/latest/UserGuide/aws-properties-iotsitewise-asset-assetproperty.html#cfn-iotsitewise-asset-assetproperty-logicalid",
          "UpdateType": "Mutable",
          "Required": true,
          "PrimitiveType": "String"
        },
        "Alias": {
          "Documentation": "http://docs.aws.amazon.com/AWSCloudFormation/latest/UserGuide/aws-properties-iotsitewise-asset-assetproperty.html#cfn-iotsitewise-asset-assetproperty-alias",
          "UpdateType": "Mutable",
          "Required": false,
          "PrimitiveType": "String"
        },
        "Unit": {
          "Documentation": "http://docs.aws.amazon.com/AWSCloudFormation/latest/UserGuide/aws-properties-iotsitewise-asset-assetproperty.html#cfn-iotsitewise-asset-assetproperty-unit",
          "UpdateType": "Mutable",
          "Required": false,
          "PrimitiveType": "String"
        },
        "NotificationState": {
          "Documentation": "http://docs.aws.amazon.com/AWSCloudFormation/latest/UserGuide/aws-properties-iotsitewise-asset-assetproperty.html#cfn-iotsitewise-asset-assetproperty-notificationstate",
          "UpdateType": "Mutable",
          "Required": false,
          "PrimitiveType": "String"
        }
      }
    },
    "Tag": {
      "Documentation": "http://docs.aws.amazon.com/AWSCloudFormation/latest/UserGuide/aws-properties-resource-tags.html",
      "Properties": {
        "Value": {
          "Documentation": "http://docs.aws.amazon.com/AWSCloudFormation/latest/UserGuide/aws-properties-resource-tags.html#cfn-resource-tags-value",
          "UpdateType": "Mutable",
          "Required": true,
          "PrimitiveType": "String"
        },
        "Key": {
          "Documentation": "http://docs.aws.amazon.com/AWSCloudFormation/latest/UserGuide/aws-properties-resource-tags.html#cfn-resource-tags-key",
          "UpdateType": "Mutable",
          "Required": true,
          "PrimitiveType": "String"
        }
      }
    }
  },
  "ResourceType": {
    "AWS::IoTSiteWise::Asset": {
      "Documentation": "http://docs.aws.amazon.com/AWSCloudFormation/latest/UserGuide/aws-resource-iotsitewise-asset.html",
      "Properties": {
        "AssetModelId": {
          "Documentation": "http://docs.aws.amazon.com/AWSCloudFormation/latest/UserGuide/aws-resource-iotsitewise-asset.html#cfn-iotsitewise-asset-assetmodelid",
          "UpdateType": "Mutable",
          "Required": true,
          "PrimitiveType": "String"
        },
        "AssetDescription": {
          "Documentation": "http://docs.aws.amazon.com/AWSCloudFormation/latest/UserGuide/aws-resource-iotsitewise-asset.html#cfn-iotsitewise-asset-assetdescription",
          "UpdateType": "Mutable",
          "Required": false,
          "PrimitiveType": "String"
        },
        "AssetProperties": {
          "Documentation": "http://docs.aws.amazon.com/AWSCloudFormation/latest/UserGuide/aws-resource-iotsitewise-asset.html#cfn-iotsitewise-asset-assetproperties",
          "UpdateType": "Mutable",
          "Required": false,
          "Type": "List",
          "ItemType": "AssetProperty",
          "DuplicatesAllowed": true
        },
        "AssetName": {
          "Documentation": "http://docs.aws.amazon.com/AWSCloudFormation/latest/UserGuide/aws-resource-iotsitewise-asset.html#cfn-iotsitewise-asset-assetname",
          "UpdateType": "Mutable",
          "Required": true,
          "PrimitiveType": "String"
        },
        "Tags": {
          "Documentation": "http://docs.aws.amazon.com/AWSCloudFormation/latest/UserGuide/aws-resource-iotsitewise-asset.html#cfn-iotsitewise-asset-tags",
          "UpdateType": "Mutable",
          "Required": false,
          "Type": "List",
          "ItemType": "Tag",
          "DuplicatesAllowed": true
        },
        "AssetHierarchies": {
          "Documentation": "http://docs.aws.amazon.com/AWSCloudFormation/latest/UserGuide/aws-resource-iotsitewise-asset.html#cfn-iotsitewise-asset-assethierarchies",
          "UpdateType": "Mutable",
          "Required": false,
          "Type": "List",
          "ItemType": "AssetHierarchy",
          "DuplicatesAllowed": true
        }
      },
      "Attributes": {
        "AssetArn": {
          "PrimitiveType": "String"
        },
        "AssetId": {
          "PrimitiveType": "String"
        }
      }
    }
  },
  "ResourceSpecificationVersion": "114.0.0"
}