{
  "PropertyTypes": {
    "AWS::IoTSiteWise::Gateway.Greengrass": {
      "Documentation": "http://docs.aws.amazon.com/AWSCloudFormation/latest/UserGuide/aws-properties-iotsitewise-gateway-greengrass.html",
      "Properties": {
        "GroupArn": {
          "Documentation": "http://docs.aws.amazon.com/AWSCloudFormation/latest/UserGuide/aws-properties-iotsitewise-gateway-greengrass.html#cfn-iotsitewise-gateway-greengrass-grouparn",
          "UpdateType": "Immutable",
          "Required": true,
          "PrimitiveType": "String"
        }
      }
    },
    "AWS::IoTSiteWise::Gateway.GatewayCapabilitySummary": {
      "Documentation": "http://docs.aws.amazon.com/AWSCloudFormation/latest/UserGuide/aws-properties-iotsitewise-gateway-gatewaycapabilitysummary.html",
      "Properties": {
        "CapabilityNamespace": {
          "Documentation": "http://docs.aws.amazon.com/AWSCloudFormation/latest/UserGuide/aws-properties-iotsitewise-gateway-gatewaycapabilitysummary.html#cfn-iotsitewise-gateway-gatewaycapabilitysummary-capabilitynamespace",
          "UpdateType": "Mutable",
          "Required": true,
          "PrimitiveType": "String"
        },
        "CapabilityConfiguration": {
          "Documentation": "http://docs.aws.amazon.com/AWSCloudFormation/latest/UserGuide/aws-properties-iotsitewise-gateway-gatewaycapabilitysummary.html#cfn-iotsitewise-gateway-gatewaycapabilitysummary-capabilityconfiguration",
          "UpdateType": "Mutable",
          "Required": false,
          "PrimitiveType": "String"
        }
      }
    },
    "Tag": {
      "Documentation": "http://docs.aws.amazon.com/AWSCloudFormation/latest/UserGuide/aws-properties-resource-tags.html",
      "Properties": {
        "Value": {
          "Documentation": "http://docs.aws.amazon.com/AWSCloudFormation/latest/UserGuide/aws-properties-resource-tags.html#cfn-resource-tags-value",
          "UpdateType": "Mutable",
          "Required": true,
          "PrimitiveType": "String"
        },
        "Key": {
          "Documentation": "http://docs.aws.amazon.com/AWSCloudFormation/latest/UserGuide/aws-properties-resource-tags.html#cfn-resource-tags-key",
          "UpdateType": "Mutable",
          "Required": true,
          "PrimitiveType": "String"
        }
      }
    },
    "AWS::IoTSiteWise::Gateway.GatewayPlatform": {
      "Documentation": "http://docs.aws.amazon.com/AWSCloudFormation/latest/UserGuide/aws-properties-iotsitewise-gateway-gatewayplatform.html",
      "Properties": {
        "GreengrassV2": {
          "Documentation": "http://docs.aws.amazon.com/AWSCloudFormation/latest/UserGuide/aws-properties-iotsitewise-gateway-gatewayplatform.html#cfn-iotsitewise-gateway-gatewayplatform-greengrassv2",
          "UpdateType": "Immutable",
          "Required": false,
          "Type": "GreengrassV2"
        },
        "Greengrass": {
          "Documentation": "http://docs.aws.amazon.com/AWSCloudFormation/latest/UserGuide/aws-properties-iotsitewise-gateway-gatewayplatform.html#cfn-iotsitewise-gateway-gatewayplatform-greengrass",
          "UpdateType": "Immutable",
          "Required": false,
          "Type": "Greengrass"
        }
      }
    },
    "AWS::IoTSiteWise::Gateway.GreengrassV2": {
      "Documentation": "http://docs.aws.amazon.com/AWSCloudFormation/latest/UserGuide/aws-properties-iotsitewise-gateway-greengrassv2.html",
      "Properties": {
        "CoreDeviceThingName": {
          "Documentation": "http://docs.aws.amazon.com/AWSCloudFormation/latest/UserGuide/aws-properties-iotsitewise-gateway-greengrassv2.html#cfn-iotsitewise-gateway-greengrassv2-coredevicethingname",
          "UpdateType": "Immutable",
          "Required": true,
          "PrimitiveType": "String"
        }
      }
    }
  },
  "ResourceType": {
    "AWS::IoTSiteWise::Gateway": {
      "Documentation": "http://docs.aws.amazon.com/AWSCloudFormation/latest/UserGuide/aws-resource-iotsitewise-gateway.html",
      "Properties": {
        "GatewayCapabilitySummaries": {
          "Documentation": "http://docs.aws.amazon.com/AWSCloudFormation/latest/UserGuide/aws-resource-iotsitewise-gateway.html#cfn-iotsitewise-gateway-gatewaycapabilitysummaries",
          "UpdateType": "Mutable",
          "Required": false,
          "Type": "List",
          "ItemType": "GatewayCapabilitySummary",
          "DuplicatesAllowed": false
        },
        "GatewayName": {
          "Documentation": "http://docs.aws.amazon.com/AWSCloudFormation/latest/UserGuide/aws-resource-iotsitewise-gateway.html#cfn-iotsitewise-gateway-gatewayname",
          "UpdateType": "Mutable",
          "Required": true,
          "PrimitiveType": "String"
        },
        "GatewayPlatform": {
          "Documentation": "http://docs.aws.amazon.com/AWSCloudFormation/latest/UserGuide/aws-resource-iotsitewise-gateway.html#cfn-iotsitewise-gateway-gatewayplatform",
          "UpdateType": "Immutable",
          "Required": true,
          "Type": "GatewayPlatform"
        },
        "Tags": {
          "Documentation": "http://docs.aws.amazon.com/AWSCloudFormation/latest/UserGuide/aws-resource-iotsitewise-gateway.html#cfn-iotsitewise-gateway-tags",
          "UpdateType": "Mutable",
          "Required": false,
          "Type": "List",
          "ItemType": "Tag",
          "DuplicatesAllowed": true
        }
      },
      "Attributes": {
        "GatewayId": {
          "PrimitiveType": "String"
        }
      }
    }
  },
  "ResourceSpecificationVersion": "114.0.0"
}