{
  "PropertyTypes": {
    "AWS::IoTSiteWise::AssetModel.AssetModelCompositeModel": {
      "Documentation": "http://docs.aws.amazon.com/AWSCloudFormation/latest/UserGuide/aws-properties-iotsitewise-assetmodel-assetmodelcompositemodel.html",
      "Properties": {
        "Type": {
          "Documentation": "http://docs.aws.amazon.com/AWSCloudFormation/latest/UserGuide/aws-properties-iotsitewise-assetmodel-assetmodelcompositemodel.html#cfn-iotsitewise-assetmodel-assetmodelcompositemodel-type",
          "UpdateType": "Mutable",
          "Required": true,
          "PrimitiveType": "String"
        },
        "Description": {
          "Documentation": "http://docs.aws.amazon.com/AWSCloudFormation/latest/UserGuide/aws-properties-iotsitewise-assetmodel-assetmodelcompositemodel.html#cfn-iotsitewise-assetmodel-assetmodelcompositemodel-description",
          "UpdateType": "Mutable",
          "Required": false,
          "PrimitiveType": "String"
        },
        "CompositeModelProperties": {
          "Documentation": "http://docs.aws.amazon.com/AWSCloudFormation/latest/UserGuide/aws-properties-iotsitewise-assetmodel-assetmodelcompositemodel.html#cfn-iotsitewise-assetmodel-assetmodelcompositemodel-compositemodelproperties",
          "UpdateType": "Mutable",
          "Required": false,
          "Type": "List",
          "ItemType": "AssetModelProperty",
          "DuplicatesAllowed": true
        },
        "Name": {
          "Documentation": "http://docs.aws.amazon.com/AWSCloudFormation/latest/UserGuide/aws-properties-iotsitewise-assetmodel-assetmodelcompositemodel.html#cfn-iotsitewise-assetmodel-assetmodelcompositemodel-name",
          "UpdateType": "Mutable",
          "Required": true,
          "PrimitiveType": "String"
        }
      }
    },
    "AWS::IoTSiteWise::AssetModel.Metric": {
      "Documentation": "http://docs.aws.amazon.com/AWSCloudFormation/latest/UserGuide/aws-properties-iotsitewise-assetmodel-metric.html",
      "Properties": {
        "Variables": {
          "Documentation": "http://docs.aws.amazon.com/AWSCloudFormation/latest/UserGuide/aws-properties-iotsitewise-assetmodel-metric.html#cfn-iotsitewise-assetmodel-metric-variables",
          "UpdateType": "Mutable",
          "Required": true,
          "Type": "List",
          "ItemType": "ExpressionVariable",
          "DuplicatesAllowed": true
        },
        "Window": {
          "Documentation": "http://docs.aws.amazon.com/AWSCloudFormation/latest/UserGuide/aws-properties-iotsitewise-assetmodel-metric.html#cfn-iotsitewise-assetmodel-metric-window",
          "UpdateType": "Mutable",
          "Required": true,
          "Type": "MetricWindow"
        },
        "Expression": {
          "Documentation": "http://docs.aws.amazon.com/AWSCloudFormation/latest/UserGuide/aws-properties-iotsitewise-assetmodel-metric.html#cfn-iotsitewise-assetmodel-metric-expression",
          "UpdateType": "Mutable",
          "Required": true,
          "PrimitiveType": "String"
        }
      }
    },
    "AWS::IoTSiteWise::AssetModel.VariableValue": {
      "Documentation": "http://docs.aws.amazon.com/AWSCloudFormation/latest/UserGuide/aws-properties-iotsitewise-assetmodel-variablevalue.html",
      "Properties": {
        "PropertyLogicalId": {
          "Documentation": "http://docs.aws.amazon.com/AWSCloudFormation/latest/UserGuide/aws-properties-iotsitewise-assetmodel-variablevalue.html#cfn-iotsitewise-assetmodel-variablevalue-propertylogicalid",
          "UpdateType": "Mutable",
          "Required": true,
          "PrimitiveType": "String"
        },
        "HierarchyLogicalId": {
          "Documentation": "http://docs.aws.amazon.com/AWSCloudFormation/latest/UserGuide/aws-properties-iotsitewise-assetmodel-variablevalue.html#cfn-iotsitewise-assetmodel-variablevalue-hierarchylogicalid",
          "UpdateType": "Mutable",
          "Required": false,
          "PrimitiveType": "String"
        }
      }
    },
    "AWS::IoTSiteWise::AssetModel.MetricWindow": {
      "Documentation": "http://docs.aws.amazon.com/AWSCloudFormation/latest/UserGuide/aws-properties-iotsitewise-assetmodel-metricwindow.html",
      "Properties": {
        "Tumbling": {
          "Documentation": "http://docs.aws.amazon.com/AWSCloudFormation/latest/UserGuide/aws-properties-iotsitewise-assetmodel-metricwindow.html#cfn-iotsitewise-assetmodel-metricwindow-tumbling",
          "UpdateType": "Mutable",
          "Required": false,
          "Type": "TumblingWindow"
        }
      }
    },
    "AWS::IoTSiteWise::AssetModel.Attribute": {
      "Documentation": "http://docs.aws.amazon.com/AWSCloudFormation/latest/UserGuide/aws-properties-iotsitewise-assetmodel-attribute.html",
      "Properties": {
        "DefaultValue": {
          "Documentation": "http://docs.aws.amazon.com/AWSCloudFormation/latest/UserGuide/aws-properties-iotsitewise-assetmodel-attribute.html#cfn-iotsitewise-assetmodel-attribute-defaultvalue",
          "UpdateType": "Mutable",
          "Required": false,
          "PrimitiveType": "String"
        }
      }
    },
    "AWS::IoTSiteWise::AssetModel.Transform": {
      "Documentation": "http://docs.aws.amazon.com/AWSCloudFormation/latest/UserGuide/aws-properties-iotsitewise-assetmodel-transform.html",
      "Properties": {
        "Variables": {
          "Documentation": "http://docs.aws.amazon.com/AWSCloudFormation/latest/UserGuide/aws-properties-iotsitewise-assetmodel-transform.html#cfn-iotsitewise-assetmodel-transform-variables",
          "UpdateType": "Mutable",
          "Required": true,
          "Type": "List",
          "ItemType": "ExpressionVariable",
          "DuplicatesAllowed": true
        },
        "Expression": {
          "Documentation": "http://docs.aws.amazon.com/AWSCloudFormation/latest/UserGuide/aws-properties-iotsitewise-assetmodel-transform.html#cfn-iotsitewise-assetmodel-transform-expression",
          "UpdateType": "Mutable",
          "Required": true,
          "PrimitiveType": "String"
        }
      }
    },
    "AWS::IoTSiteWise::AssetModel.TumblingWindow": {
      "Documentation": "http://docs.aws.amazon.com/AWSCloudFormation/latest/UserGuide/aws-properties-iotsitewise-assetmodel-tumblingwindow.html",
      "Properties": {
        "Interval": {
          "Documentation": "http://docs.aws.amazon.com/AWSCloudFormation/latest/UserGuide/aws-properties-iotsitewise-assetmodel-tumblingwindow.html#cfn-iotsitewise-assetmodel-tumblingwindow-interval",
          "UpdateType": "Mutable",
          "Required": true,
          "PrimitiveType": "String"
        },
        "Offset": {
          "Documentation": "http://docs.aws.amazon.com/AWSCloudFormation/latest/UserGuide/aws-properties-iotsitewise-assetmodel-tumblingwindow.html#cfn-iotsitewise-assetmodel-tumblingwindow-offset",
          "UpdateType": "Mutable",
          "Required": false,
          "PrimitiveType": "String"
        }
      }
    },
    "Tag": {
      "Documentation": "http://docs.aws.amazon.com/AWSCloudFormation/latest/UserGuide/aws-properties-resource-tags.html",
      "Properties": {
        "Value": {
          "Documentation": "http://docs.aws.amazon.com/AWSCloudFormation/latest/UserGuide/aws-properties-resource-tags.html#cfn-resource-tags-value",
          "UpdateType": "Mutable",
          "Required": true,
          "PrimitiveType": "String"
        },
        "Key": {
          "Documentation": "http://docs.aws.amazon.com/AWSCloudFormation/latest/UserGuide/aws-properties-resource-tags.html#cfn-resource-tags-key",
          "UpdateType": "Mutable",
          "Required": true,
          "PrimitiveType": "String"
        }
      }
    },
    "AWS::IoTSiteWise::AssetModel.AssetModelProperty": {
      "Documentation": "http://docs.aws.amazon.com/AWSCloudFormation/latest/UserGuide/aws-properties-iotsitewise-assetmodel-assetmodelproperty.html",
      "Properties": {
        "Type": {
          "Documentation": "http://docs.aws.amazon.com/AWSCloudFormation/latest/UserGuide/aws-properties-iotsitewise-assetmodel-assetmodelproperty.html#cfn-iotsitewise-assetmodel-assetmodelproperty-type",
          "UpdateType": "Mutable",
          "Required": true,
          "Type": "PropertyType"
        },
        "LogicalId": {
          "Documentation": "http://docs.aws.amazon.com/AWSCloudFormation/latest/UserGuide/aws-properties-iotsitewise-assetmodel-assetmodelproperty.html#cfn-iotsitewise-assetmodel-assetmodelproperty-logicalid",
          "UpdateType": "Mutable",
          "Required": true,
          "PrimitiveType": "String"
        },
        "DataTypeSpec": {
          "Documentation": "http://docs.aws.amazon.com/AWSCloudFormation/latest/UserGuide/aws-properties-iotsitewise-assetmodel-assetmodelproperty.html#cfn-iotsitewise-assetmodel-assetmodelproperty-datatypespec",
          "UpdateType": "Mutable",
          "Required": false,
          "PrimitiveType": "String"
        },
        "DataType": {
          "Documentation": "http://docs.aws.amazon.com/AWSCloudFormation/latest/UserGuide/aws-properties-iotsitewise-assetmodel-assetmodelproperty.html#cfn-iotsitewise-assetmodel-assetmodelproperty-datatype",
          "UpdateType": "Mutable",
          "Required": true,
          "PrimitiveType": "String"
        },
        "Unit": {
          "Documentation": "http://docs.aws.amazon.com/AWSCloudFormation/latest/UserGuide/aws-properties-iotsitewise-assetmodel-assetmodelproperty.html#cfn-iotsitewise-assetmodel-assetmodelproperty-unit",
          "UpdateType": "Mutable",
          "Required": false,
          "PrimitiveType": "String"
        },
        "Name": {
          "Documentation": "http://docs.aws.amazon.com/AWSCloudFormation/latest/UserGuide/aws-properties-iotsitewise-assetmodel-assetmodelproperty.html#cfn-iotsitewise-assetmodel-assetmodelproperty-name",
          "UpdateType": "Mutable",
          "Required": true,
          "PrimitiveType": "String"
        }
      }
    },
    "AWS::IoTSiteWise::AssetModel.PropertyType": {
      "Documentation": "http://docs.aws.amazon.com/AWSCloudFormation/latest/UserGuide/aws-properties-iotsitewise-assetmodel-propertytype.html",
      "Properties": {
        "TypeName": {
          "Documentation": "http://docs.aws.amazon.com/AWSCloudFormation/latest/UserGuide/aws-properties-iotsitewise-assetmodel-propertytype.html#cfn-iotsitewise-assetmodel-propertytype-typename",
          "UpdateType": "Mutable",
          "Required": true,
          "PrimitiveType": "String"
        },
        "Attribute": {
          "Documentation": "http://docs.aws.amazon.com/AWSCloudFormation/latest/UserGuide/aws-properties-iotsitewise-assetmodel-propertytype.html#cfn-iotsitewise-assetmodel-propertytype-attribute",
          "UpdateType": "Mutable",
          "Required": false,
          "Type": "Attribute"
        },
        "Metric": {
          "Documentation": "http://docs.aws.amazon.com/AWSCloudFormation/latest/UserGuide/aws-properties-iotsitewise-assetmodel-propertytype.html#cfn-iotsitewise-assetmodel-propertytype-metric",
          "UpdateType": "Mutable",
          "Required": false,
          "Type": "Metric"
        },
        "Transform": {
          "Documentation": "http://docs.aws.amazon.com/AWSCloudFormation/latest/UserGuide/aws-properties-iotsitewise-assetmodel-propertytype.html#cfn-iotsitewise-assetmodel-propertytype-transform",
          "UpdateType": "Mutable",
          "Required": false,
          "Type": "Transform"
        }
      }
    },
    "AWS::IoTSiteWise::AssetModel.AssetModelHierarchy": {
      "Documentation": "http://docs.aws.amazon.com/AWSCloudFormation/latest/UserGuide/aws-properties-iotsitewise-assetmodel-assetmodelhierarchy.html",
      "Properties": {
        "LogicalId": {
          "Documentation": "http://docs.aws.amazon.com/AWSCloudFormation/latest/UserGuide/aws-properties-iotsitewise-assetmodel-assetmodelhierarchy.html#cfn-iotsitewise-assetmodel-assetmodelhierarchy-logicalid",
          "UpdateType": "Mutable",
          "Required": true,
          "PrimitiveType": "String"
        },
        "ChildAssetModelId": {
          "Documentation": "http://docs.aws.amazon.com/AWSCloudFormation/latest/UserGuide/aws-properties-iotsitewise-assetmodel-assetmodelhierarchy.html#cfn-iotsitewise-assetmodel-assetmodelhierarchy-childassetmodelid",
          "UpdateType": "Mutable",
          "Required": true,
          "PrimitiveType": "String"
        },
        "Name": {
          "Documentation": "http://docs.aws.amazon.com/AWSCloudFormation/latest/UserGuide/aws-properties-iotsitewise-assetmodel-assetmodelhierarchy.html#cfn-iotsitewise-assetmodel-assetmodelhierarchy-name",
          "UpdateType": "Mutable",
          "Required": true,
          "PrimitiveType": "String"
        }
      }
    },
    "AWS::IoTSiteWise::AssetModel.ExpressionVariable": {
      "Documentation": "http://docs.aws.amazon.com/AWSCloudFormation/latest/UserGuide/aws-properties-iotsitewise-assetmodel-expressionvariable.html",
      "Properties": {
        "Value": {
          "Documentation": "http://docs.aws.amazon.com/AWSCloudFormation/latest/UserGuide/aws-properties-iotsitewise-assetmodel-expressionvariable.html#cfn-iotsitewise-assetmodel-expressionvariable-value",
          "UpdateType": "Mutable",
          "Required": true,
          "Type": "VariableValue"
        },
        "Name": {
          "Documentation": "http://docs.aws.amazon.com/AWSCloudFormation/latest/UserGuide/aws-properties-iotsitewise-assetmodel-expressionvariable.html#cfn-iotsitewise-assetmodel-expressionvariable-name",
          "UpdateType": "Mutable",
          "Required": true,
          "PrimitiveType": "String"
        }
      }
    }
  },
  "ResourceType": {
    "AWS::IoTSiteWise::AssetModel": {
      "Documentation": "http://docs.aws.amazon.com/AWSCloudFormation/latest/UserGuide/aws-resource-iotsitewise-assetmodel.html",
      "Properties": {
        "AssetModelDescription": {
          "Documentation": "http://docs.aws.amazon.com/AWSCloudFormation/latest/UserGuide/aws-resource-iotsitewise-assetmodel.html#cfn-iotsitewise-assetmodel-assetmodeldescription",
          "UpdateType": "Mutable",
          "Required": false,
          "PrimitiveType": "String"
        },
        "AssetModelCompositeModels": {
          "Documentation": "http://docs.aws.amazon.com/AWSCloudFormation/latest/UserGuide/aws-resource-iotsitewise-assetmodel.html#cfn-iotsitewise-assetmodel-assetmodelcompositemodels",
          "UpdateType": "Mutable",
          "Required": false,
          "Type": "List",
          "ItemType": "AssetModelCompositeModel",
          "DuplicatesAllowed": true
        },
        "AssetModelName": {
          "Documentation": "http://docs.aws.amazon.com/AWSCloudFormation/latest/UserGuide/aws-resource-iotsitewise-assetmodel.html#cfn-iotsitewise-assetmodel-assetmodelname",
          "UpdateType": "Mutable",
          "Required": true,
          "PrimitiveType": "String"
        },
        "AssetModelHierarchies": {
          "Documentation": "http://docs.aws.amazon.com/AWSCloudFormation/latest/UserGuide/aws-resource-iotsitewise-assetmodel.html#cfn-iotsitewise-assetmodel-assetmodelhierarchies",
          "UpdateType": "Mutable",
          "Required": false,
          "Type": "List",
          "ItemType": "AssetModelHierarchy",
          "DuplicatesAllowed": true
        },
        "AssetModelProperties": {
          "Documentation": "http://docs.aws.amazon.com/AWSCloudFormation/latest/UserGuide/aws-resource-iotsitewise-assetmodel.html#cfn-iotsitewise-assetmodel-assetmodelproperties",
          "UpdateType": "Mutable",
          "Required": false,
          "Type": "List",
          "ItemType": "AssetModelProperty",
          "DuplicatesAllowed": true
        },
        "Tags": {
          "Documentation": "http://docs.aws.amazon.com/AWSCloudFormation/latest/UserGuide/aws-resource-iotsitewise-assetmodel.html#cfn-iotsitewise-assetmodel-tags",
          "UpdateType": "Mutable",
          "Required": false,
          "Type": "List",
          "ItemType": "Tag",
          "DuplicatesAllowed": true
        }
      },
      "Attributes": {
        "AssetModelId": {
          "PrimitiveType": "String"
        },
        "AssetModelArn": {
          "PrimitiveType": "String"
        }
      }
    }
  },
  "ResourceSpecificationVersion": "114.0.0"
}