{
  "PropertyTypes": {
    "AWS::IoT::TopicRule.TimestreamAction": {
      "Documentation": "http://docs.aws.amazon.com/AWSCloudFormation/latest/UserGuide/aws-properties-iot-topicrule-timestreamaction.html",
      "Properties": {
        "TableName": {
          "Documentation": "http://docs.aws.amazon.com/AWSCloudFormation/latest/UserGuide/aws-properties-iot-topicrule-timestreamaction.html#cfn-iot-topicrule-timestreamaction-tablename",
          "UpdateType": "Mutable",
          "Required": true,
          "PrimitiveType": "String"
        },
        "DatabaseName": {
          "Documentation": "http://docs.aws.amazon.com/AWSCloudFormation/latest/UserGuide/aws-properties-iot-topicrule-timestreamaction.html#cfn-iot-topicrule-timestreamaction-databasename",
          "UpdateType": "Mutable",
          "Required": true,
          "PrimitiveType": "String"
        },
        "Dimensions": {
          "Documentation": "http://docs.aws.amazon.com/AWSCloudFormation/latest/UserGuide/aws-properties-iot-topicrule-timestreamaction.html#cfn-iot-topicrule-timestreamaction-dimensions",
          "UpdateType": "Mutable",
          "Required": true,
          "Type": "List",
          "ItemType": "TimestreamDimension",
          "DuplicatesAllowed": true
        },
        "Timestamp": {
          "Documentation": "http://docs.aws.amazon.com/AWSCloudFormation/latest/UserGuide/aws-properties-iot-topicrule-timestreamaction.html#cfn-iot-topicrule-timestreamaction-timestamp",
          "UpdateType": "Mutable",
          "Required": false,
          "Type": "TimestreamTimestamp"
        },
        "RoleArn": {
          "Documentation": "http://docs.aws.amazon.com/AWSCloudFormation/latest/UserGuide/aws-properties-iot-topicrule-timestreamaction.html#cfn-iot-topicrule-timestreamaction-rolearn",
          "UpdateType": "Mutable",
          "Required": true,
          "PrimitiveType": "String"
        }
      }
    },
    "AWS::IoT::TopicRule.CloudwatchAlarmAction": {
      "Documentation": "http://docs.aws.amazon.com/AWSCloudFormation/latest/UserGuide/aws-properties-iot-topicrule-cloudwatchalarmaction.html",
      "Properties": {
        "AlarmName": {
          "Documentation": "http://docs.aws.amazon.com/AWSCloudFormation/latest/UserGuide/aws-properties-iot-topicrule-cloudwatchalarmaction.html#cfn-iot-topicrule-cloudwatchalarmaction-alarmname",
          "UpdateType": "Mutable",
          "Required": true,
          "PrimitiveType": "String"
        },
        "StateReason": {
          "Documentation": "http://docs.aws.amazon.com/AWSCloudFormation/latest/UserGuide/aws-properties-iot-topicrule-cloudwatchalarmaction.html#cfn-iot-topicrule-cloudwatchalarmaction-statereason",
          "UpdateType": "Mutable",
          "Required": true,
          "PrimitiveType": "String"
        },
        "StateValue": {
          "Documentation": "http://docs.aws.amazon.com/AWSCloudFormation/latest/UserGuide/aws-properties-iot-topicrule-cloudwatchalarmaction.html#cfn-iot-topicrule-cloudwatchalarmaction-statevalue",
          "UpdateType": "Mutable",
          "Required": true,
          "PrimitiveType": "String"
        },
        "RoleArn": {
          "Documentation": "http://docs.aws.amazon.com/AWSCloudFormation/latest/UserGuide/aws-properties-iot-topicrule-cloudwatchalarmaction.html#cfn-iot-topicrule-cloudwatchalarmaction-rolearn",
          "UpdateType": "Mutable",
          "Required": true,
          "PrimitiveType": "String"
        }
      }
    },
    "AWS::IoT::TopicRule.PutItemInput": {
      "Documentation": "http://docs.aws.amazon.com/AWSCloudFormation/latest/UserGuide/aws-properties-iot-topicrule-putiteminput.html",
      "Properties": {
        "TableName": {
          "Documentation": "http://docs.aws.amazon.com/AWSCloudFormation/latest/UserGuide/aws-properties-iot-topicrule-putiteminput.html#cfn-iot-topicrule-putiteminput-tablename",
          "UpdateType": "Mutable",
          "Required": true,
          "PrimitiveType": "String"
        }
      }
    },
    "AWS::IoT::TopicRule.IotEventsAction": {
      "Documentation": "http://docs.aws.amazon.com/AWSCloudFormation/latest/UserGuide/aws-properties-iot-topicrule-ioteventsaction.html",
      "Properties": {
        "InputName": {
          "Documentation": "http://docs.aws.amazon.com/AWSCloudFormation/latest/UserGuide/aws-properties-iot-topicrule-ioteventsaction.html#cfn-iot-topicrule-ioteventsaction-inputname",
          "UpdateType": "Mutable",
          "Required": true,
          "PrimitiveType": "String"
        },
        "BatchMode": {
          "Documentation": "http://docs.aws.amazon.com/AWSCloudFormation/latest/UserGuide/aws-properties-iot-topicrule-ioteventsaction.html#cfn-iot-topicrule-ioteventsaction-batchmode",
          "UpdateType": "Mutable",
          "Required": false,
          "PrimitiveType": "Boolean"
        },
        "RoleArn": {
          "Documentation": "http://docs.aws.amazon.com/AWSCloudFormation/latest/UserGuide/aws-properties-iot-topicrule-ioteventsaction.html#cfn-iot-topicrule-ioteventsaction-rolearn",
          "UpdateType": "Mutable",
          "Required": true,
          "PrimitiveType": "String"
        },
        "MessageId": {
          "Documentation": "http://docs.aws.amazon.com/AWSCloudFormation/latest/UserGuide/aws-properties-iot-topicrule-ioteventsaction.html#cfn-iot-topicrule-ioteventsaction-messageid",
          "UpdateType": "Mutable",
          "Required": false,
          "PrimitiveType": "String"
        }
      }
    },
    "AWS::IoT::TopicRule.PutAssetPropertyValueEntry": {
      "Documentation": "http://docs.aws.amazon.com/AWSCloudFormation/latest/UserGuide/aws-properties-iot-topicrule-putassetpropertyvalueentry.html",
      "Properties": {
        "PropertyValues": {
          "Documentation": "http://docs.aws.amazon.com/AWSCloudFormation/latest/UserGuide/aws-properties-iot-topicrule-putassetpropertyvalueentry.html#cfn-iot-topicrule-putassetpropertyvalueentry-propertyvalues",
          "UpdateType": "Mutable",
          "Required": true,
          "Type": "List",
          "ItemType": "AssetPropertyValue",
          "DuplicatesAllowed": false
        },
        "EntryId": {
          "Documentation": "http://docs.aws.amazon.com/AWSCloudFormation/latest/UserGuide/aws-properties-iot-topicrule-putassetpropertyvalueentry.html#cfn-iot-topicrule-putassetpropertyvalueentry-entryid",
          "UpdateType": "Mutable",
          "Required": false,
          "PrimitiveType": "String"
        },
        "PropertyAlias": {
          "Documentation": "http://docs.aws.amazon.com/AWSCloudFormation/latest/UserGuide/aws-properties-iot-topicrule-putassetpropertyvalueentry.html#cfn-iot-topicrule-putassetpropertyvalueentry-propertyalias",
          "UpdateType": "Mutable",
          "Required": false,
          "PrimitiveType": "String"
        },
        "AssetId": {
          "Documentation": "http://docs.aws.amazon.com/AWSCloudFormation/latest/UserGuide/aws-properties-iot-topicrule-putassetpropertyvalueentry.html#cfn-iot-topicrule-putassetpropertyvalueentry-assetid",
          "UpdateType": "Mutable",
          "Required": false,
          "PrimitiveType": "String"
        },
        "PropertyId": {
          "Documentation": "http://docs.aws.amazon.com/AWSCloudFormation/latest/UserGuide/aws-properties-iot-topicrule-putassetpropertyvalueentry.html#cfn-iot-topicrule-putassetpropertyvalueentry-propertyid",
          "UpdateType": "Mutable",
          "Required": false,
          "PrimitiveType": "String"
        }
      }
    },
    "AWS::IoT::TopicRule.LambdaAction": {
      "Documentation": "http://docs.aws.amazon.com/AWSCloudFormation/latest/UserGuide/aws-properties-iot-topicrule-lambdaaction.html",
      "Properties": {
        "FunctionArn": {
          "Documentation": "http://docs.aws.amazon.com/AWSCloudFormation/latest/UserGuide/aws-properties-iot-topicrule-lambdaaction.html#cfn-iot-topicrule-lambdaaction-functionarn",
          "UpdateType": "Mutable",
          "Required": false,
          "PrimitiveType": "String"
        }
      }
    },
    "AWS::IoT::TopicRule.DynamoDBAction": {
      "Documentation": "http://docs.aws.amazon.com/AWSCloudFormation/latest/UserGuide/aws-properties-iot-topicrule-dynamodbaction.html",
      "Properties": {
        "TableName": {
          "Documentation": "http://docs.aws.amazon.com/AWSCloudFormation/latest/UserGuide/aws-properties-iot-topicrule-dynamodbaction.html#cfn-iot-topicrule-dynamodbaction-tablename",
          "UpdateType": "Mutable",
          "Required": true,
          "PrimitiveType": "String"
        },
        "PayloadField": {
          "Documentation": "http://docs.aws.amazon.com/AWSCloudFormation/latest/UserGuide/aws-properties-iot-topicrule-dynamodbaction.html#cfn-iot-topicrule-dynamodbaction-payloadfield",
          "UpdateType": "Mutable",
          "Required": false,
          "PrimitiveType": "String"
        },
        "RangeKeyField": {
          "Documentation": "http://docs.aws.amazon.com/AWSCloudFormation/latest/UserGuide/aws-properties-iot-topicrule-dynamodbaction.html#cfn-iot-topicrule-dynamodbaction-rangekeyfield",
          "UpdateType": "Mutable",
          "Required": false,
          "PrimitiveType": "String"
        },
        "HashKeyField": {
          "Documentation": "http://docs.aws.amazon.com/AWSCloudFormation/latest/UserGuide/aws-properties-iot-topicrule-dynamodbaction.html#cfn-iot-topicrule-dynamodbaction-hashkeyfield",
          "UpdateType": "Mutable",
          "Required": true,
          "PrimitiveType": "String"
        },
        "RangeKeyValue": {
          "Documentation": "http://docs.aws.amazon.com/AWSCloudFormation/latest/UserGuide/aws-properties-iot-topicrule-dynamodbaction.html#cfn-iot-topicrule-dynamodbaction-rangekeyvalue",
          "UpdateType": "Mutable",
          "Required": false,
          "PrimitiveType": "String"
        },
        "RangeKeyType": {
          "Documentation": "http://docs.aws.amazon.com/AWSCloudFormation/latest/UserGuide/aws-properties-iot-topicrule-dynamodbaction.html#cfn-iot-topicrule-dynamodbaction-rangekeytype",
          "UpdateType": "Mutable",
          "Required": false,
          "PrimitiveType": "String"
        },
        "HashKeyType": {
          "Documentation": "http://docs.aws.amazon.com/AWSCloudFormation/latest/UserGuide/aws-properties-iot-topicrule-dynamodbaction.html#cfn-iot-topicrule-dynamodbaction-hashkeytype",
          "UpdateType": "Mutable",
          "Required": false,
          "PrimitiveType": "String"
        },
        "HashKeyValue": {
          "Documentation": "http://docs.aws.amazon.com/AWSCloudFormation/latest/UserGuide/aws-properties-iot-topicrule-dynamodbaction.html#cfn-iot-topicrule-dynamodbaction-hashkeyvalue",
          "UpdateType": "Mutable",
          "Required": true,
          "PrimitiveType": "String"
        },
        "RoleArn": {
          "Documentation": "http://docs.aws.amazon.com/AWSCloudFormation/latest/UserGuide/aws-properties-iot-topicrule-dynamodbaction.html#cfn-iot-topicrule-dynamodbaction-rolearn",
          "UpdateType": "Mutable",
          "Required": true,
          "PrimitiveType": "String"
        }
      }
    },
    "AWS::IoT::TopicRule.IotAnalyticsAction": {
      "Documentation": "http://docs.aws.amazon.com/AWSCloudFormation/latest/UserGuide/aws-properties-iot-topicrule-iotanalyticsaction.html",
      "Properties": {
        "ChannelName": {
          "Documentation": "http://docs.aws.amazon.com/AWSCloudFormation/latest/UserGuide/aws-properties-iot-topicrule-iotanalyticsaction.html#cfn-iot-topicrule-iotanalyticsaction-channelname",
          "UpdateType": "Mutable",
          "Required": true,
          "PrimitiveType": "String"
        },
        "BatchMode": {
          "Documentation": "http://docs.aws.amazon.com/AWSCloudFormation/latest/UserGuide/aws-properties-iot-topicrule-iotanalyticsaction.html#cfn-iot-topicrule-iotanalyticsaction-batchmode",
          "UpdateType": "Mutable",
          "Required": false,
          "PrimitiveType": "Boolean"
        },
        "RoleArn": {
          "Documentation": "http://docs.aws.amazon.com/AWSCloudFormation/latest/UserGuide/aws-properties-iot-topicrule-iotanalyticsaction.html#cfn-iot-topicrule-iotanalyticsaction-rolearn",
          "UpdateType": "Mutable",
          "Required": true,
          "PrimitiveType": "String"
        }
      }
    },
    "AWS::IoT::TopicRule.LocationAction": {
      "Documentation": "http://docs.aws.amazon.com/AWSCloudFormation/latest/UserGuide/aws-properties-iot-topicrule-locationaction.html",
      "Properties": {
        "TrackerName": {
          "Documentation": "http://docs.aws.amazon.com/AWSCloudFormation/latest/UserGuide/aws-properties-iot-topicrule-locationaction.html#cfn-iot-topicrule-locationaction-trackername",
          "UpdateType": "Mutable",
          "Required": true,
          "PrimitiveType": "String"
        },
        "DeviceId": {
          "Documentation": "http://docs.aws.amazon.com/AWSCloudFormation/latest/UserGuide/aws-properties-iot-topicrule-locationaction.html#cfn-iot-topicrule-locationaction-deviceid",
          "UpdateType": "Mutable",
          "Required": true,
          "PrimitiveType": "String"
        },
        "Latitude": {
          "Documentation": "http://docs.aws.amazon.com/AWSCloudFormation/latest/UserGuide/aws-properties-iot-topicrule-locationaction.html#cfn-iot-topicrule-locationaction-latitude",
          "UpdateType": "Mutable",
          "Required": true,
          "PrimitiveType": "String"
        },
        "Longitude": {
          "Documentation": "http://docs.aws.amazon.com/AWSCloudFormation/latest/UserGuide/aws-properties-iot-topicrule-locationaction.html#cfn-iot-topicrule-locationaction-longitude",
          "UpdateType": "Mutable",
          "Required": true,
          "PrimitiveType": "String"
        },
        "Timestamp": {
          "Documentation": "http://docs.aws.amazon.com/AWSCloudFormation/latest/UserGuide/aws-properties-iot-topicrule-locationaction.html#cfn-iot-topicrule-locationaction-timestamp",
          "UpdateType": "Mutable",
          "Required": false,
          "Type": "Timestamp"
        },
        "RoleArn": {
          "Documentation": "http://docs.aws.amazon.com/AWSCloudFormation/latest/UserGuide/aws-properties-iot-topicrule-locationaction.html#cfn-iot-topicrule-locationaction-rolearn",
          "UpdateType": "Mutable",
          "Required": true,
          "PrimitiveType": "String"
        }
      }
    },
    "AWS::IoT::TopicRule.RepublishActionHeaders": {
      "Documentation": "http://docs.aws.amazon.com/AWSCloudFormation/latest/UserGuide/aws-properties-iot-topicrule-republishactionheaders.html",
      "Properties": {
        "CorrelationData": {
          "Documentation": "http://docs.aws.amazon.com/AWSCloudFormation/latest/UserGuide/aws-properties-iot-topicrule-republishactionheaders.html#cfn-iot-topicrule-republishactionheaders-correlationdata",
          "UpdateType": "Mutable",
          "Required": false,
          "PrimitiveType": "String"
        },
        "UserProperties": {
          "Documentation": "http://docs.aws.amazon.com/AWSCloudFormation/latest/UserGuide/aws-properties-iot-topicrule-republishactionheaders.html#cfn-iot-topicrule-republishactionheaders-userproperties",
          "UpdateType": "Mutable",
          "Required": false,
          "Type": "List",
          "ItemType": "UserProperty",
          "DuplicatesAllowed": true
        },
        "PayloadFormatIndicator": {
          "Documentation": "http://docs.aws.amazon.com/AWSCloudFormation/latest/UserGuide/aws-properties-iot-topicrule-republishactionheaders.html#cfn-iot-topicrule-republishactionheaders-payloadformatindicator",
          "UpdateType": "Mutable",
          "Required": false,
          "PrimitiveType": "String"
        },
        "ContentType": {
          "Documentation": "http://docs.aws.amazon.com/AWSCloudFormation/latest/UserGuide/aws-properties-iot-topicrule-republishactionheaders.html#cfn-iot-topicrule-republishactionheaders-contenttype",
          "UpdateType": "Mutable",
          "Required": false,
          "PrimitiveType": "String"
        },
        "MessageExpiry": {
          "Documentation": "http://docs.aws.amazon.com/AWSCloudFormation/latest/UserGuide/aws-properties-iot-topicrule-republishactionheaders.html#cfn-iot-topicrule-republishactionheaders-messageexpiry",
          "UpdateType": "Mutable",
          "Required": false,
          "PrimitiveType": "String"
        },
        "ResponseTopic": {
          "Documentation": "http://docs.aws.amazon.com/AWSCloudFormation/latest/UserGuide/aws-properties-iot-topicrule-republishactionheaders.html#cfn-iot-topicrule-republishactionheaders-responsetopic",
          "UpdateType": "Mutable",
          "Required": false,
          "PrimitiveType": "String"
        }
      }
    },
    "AWS::IoT::TopicRule.DynamoDBv2Action": {
      "Documentation": "http://docs.aws.amazon.com/AWSCloudFormation/latest/UserGuide/aws-properties-iot-topicrule-dynamodbv2action.html",
      "Properties": {
        "PutItem": {
          "Documentation": "http://docs.aws.amazon.com/AWSCloudFormation/latest/UserGuide/aws-properties-iot-topicrule-dynamodbv2action.html#cfn-iot-topicrule-dynamodbv2action-putitem",
          "UpdateType": "Mutable",
          "Required": false,
          "Type": "PutItemInput"
        },
        "RoleArn": {
          "Documentation": "http://docs.aws.amazon.com/AWSCloudFormation/latest/UserGuide/aws-properties-iot-topicrule-dynamodbv2action.html#cfn-iot-topicrule-dynamodbv2action-rolearn",
          "UpdateType": "Mutable",
          "Required": false,
          "PrimitiveType": "String"
        }
      }
    },
    "AWS::IoT::TopicRule.TimestreamDimension": {
      "Documentation": "http://docs.aws.amazon.com/AWSCloudFormation/latest/UserGuide/aws-properties-iot-topicrule-timestreamdimension.html",
      "Properties": {
        "Value": {
          "Documentation": "http://docs.aws.amazon.com/AWSCloudFormation/latest/UserGuide/aws-properties-iot-topicrule-timestreamdimension.html#cfn-iot-topicrule-timestreamdimension-value",
          "UpdateType": "Mutable",
          "Required": true,
          "PrimitiveType": "String"
        },
        "Name": {
          "Documentation": "http://docs.aws.amazon.com/AWSCloudFormation/latest/UserGuide/aws-properties-iot-topicrule-timestreamdimension.html#cfn-iot-topicrule-timestreamdimension-name",
          "UpdateType": "Mutable",
          "Required": true,
          "PrimitiveType": "String"
        }
      }
    },
    "AWS::IoT::TopicRule.SigV4Authorization": {
      "Documentation": "http://docs.aws.amazon.com/AWSCloudFormation/latest/UserGuide/aws-properties-iot-topicrule-sigv4authorization.html",
      "Properties": {
        "ServiceName": {
          "Documentation": "http://docs.aws.amazon.com/AWSCloudFormation/latest/UserGuide/aws-properties-iot-topicrule-sigv4authorization.html#cfn-iot-topicrule-sigv4authorization-servicename",
          "UpdateType": "Mutable",
          "Required": true,
          "PrimitiveType": "String"
        },
        "SigningRegion": {
          "Documentation": "http://docs.aws.amazon.com/AWSCloudFormation/latest/UserGuide/aws-properties-iot-topicrule-sigv4authorization.html#cfn-iot-topicrule-sigv4authorization-signingregion",
          "UpdateType": "Mutable",
          "Required": true,
          "PrimitiveType": "String"
        },
        "RoleArn": {
          "Documentation": "http://docs.aws.amazon.com/AWSCloudFormation/latest/UserGuide/aws-properties-iot-topicrule-sigv4authorization.html#cfn-iot-topicrule-sigv4authorization-rolearn",
          "UpdateType": "Mutable",
          "Required": true,
          "PrimitiveType": "String"
        }
      }
    },
    "AWS::IoT::TopicRule.Action": {
      "Documentation": "http://docs.aws.amazon.com/AWSCloudFormation/latest/UserGuide/aws-properties-iot-topicrule-action.html",
      "Properties": {
        "S3": {
          "Documentation": "http://docs.aws.amazon.com/AWSCloudFormation/latest/UserGuide/aws-properties-iot-topicrule-action.html#cfn-iot-topicrule-action-s3",
          "UpdateType": "Mutable",
          "Required": false,
          "Type": "S3Action"
        },
        "CloudwatchAlarm": {
          "Documentation": "http://docs.aws.amazon.com/AWSCloudFormation/latest/UserGuide/aws-properties-iot-topicrule-action.html#cfn-iot-topicrule-action-cloudwatchalarm",
          "UpdateType": "Mutable",
          "Required": false,
          "Type": "CloudwatchAlarmAction"
        },
        "IotEvents": {
          "Documentation": "http://docs.aws.amazon.com/AWSCloudFormation/latest/UserGuide/aws-properties-iot-topicrule-action.html#cfn-iot-topicrule-action-iotevents",
          "UpdateType": "Mutable",
          "Required": false,
          "Type": "IotEventsAction"
        },
        "Firehose": {
          "Documentation": "http://docs.aws.amazon.com/AWSCloudFormation/latest/UserGuide/aws-properties-iot-topicrule-action.html#cfn-iot-topicrule-action-firehose",
          "UpdateType": "Mutable",
          "Required": false,
          "Type": "FirehoseAction"
        },
        "Republish": {
          "Documentation": "http://docs.aws.amazon.com/AWSCloudFormation/latest/UserGuide/aws-properties-iot-topicrule-action.html#cfn-iot-topicrule-action-republish",
          "UpdateType": "Mutable",
          "Required": false,
          "Type": "RepublishAction"
        },
        "StepFunctions": {
          "Documentation": "http://docs.aws.amazon.com/AWSCloudFormation/latest/UserGuide/aws-properties-iot-topicrule-action.html#cfn-iot-topicrule-action-stepfunctions",
          "UpdateType": "Mutable",
          "Required": false,
          "Type": "StepFunctionsAction"
        },
        "Kafka": {
          "Documentation": "http://docs.aws.amazon.com/AWSCloudFormation/latest/UserGuide/aws-properties-iot-topicrule-action.html#cfn-iot-topicrule-action-kafka",
          "UpdateType": "Mutable",
          "Required": false,
          "Type": "KafkaAction"
        },
        "DynamoDB": {
          "Documentation": "http://docs.aws.amazon.com/AWSCloudFormation/latest/UserGuide/aws-properties-iot-topicrule-action.html#cfn-iot-topicrule-action-dynamodb",
          "UpdateType": "Mutable",
          "Required": false,
          "Type": "DynamoDBAction"
        },
        "Http": {
          "Documentation": "http://docs.aws.amazon.com/AWSCloudFormation/latest/UserGuide/aws-properties-iot-topicrule-action.html#cfn-iot-topicrule-action-http",
          "UpdateType": "Mutable",
          "Required": false,
          "Type": "HttpAction"
        },
        "OpenSearch": {
          "Documentation": "http://docs.aws.amazon.com/AWSCloudFormation/latest/UserGuide/aws-properties-iot-topicrule-action.html#cfn-iot-topicrule-action-opensearch",
          "UpdateType": "Mutable",
          "Required": false,
          "Type": "OpenSearchAction"
        },
        "DynamoDBv2": {
          "Documentation": "http://docs.aws.amazon.com/AWSCloudFormation/latest/UserGuide/aws-properties-iot-topicrule-action.html#cfn-iot-topicrule-action-dynamodbv2",
          "UpdateType": "Mutable",
          "Required": false,
          "Type": "DynamoDBv2Action"
        },
        "CloudwatchMetric": {
          "Documentation": "http://docs.aws.amazon.com/AWSCloudFormation/latest/UserGuide/aws-properties-iot-topicrule-action.html#cfn-iot-topicrule-action-cloudwatchmetric",
          "UpdateType": "Mutable",
          "Required": false,
          "Type": "CloudwatchMetricAction"
        },
        "IotSiteWise": {
          "Documentation": "http://docs.aws.amazon.com/AWSCloudFormation/latest/UserGuide/aws-properties-iot-topicrule-action.html#cfn-iot-topicrule-action-iotsitewise",
          "UpdateType": "Mutable",
          "Required": false,
          "Type": "IotSiteWiseAction"
        },
        "Elasticsearch": {
          "Documentation": "http://docs.aws.amazon.com/AWSCloudFormation/latest/UserGuide/aws-properties-iot-topicrule-action.html#cfn-iot-topicrule-action-elasticsearch",
          "UpdateType": "Mutable",
          "Required": false,
          "Type": "ElasticsearchAction"
        },
        "Sqs": {
          "Documentation": "http://docs.aws.amazon.com/AWSCloudFormation/latest/UserGuide/aws-properties-iot-topicrule-action.html#cfn-iot-topicrule-action-sqs",
          "UpdateType": "Mutable",
          "Required": false,
          "Type": "SqsAction"
        },
        "Kinesis": {
          "Documentation": "http://docs.aws.amazon.com/AWSCloudFormation/latest/UserGuide/aws-properties-iot-topicrule-action.html#cfn-iot-topicrule-action-kinesis",
          "UpdateType": "Mutable",
          "Required": false,
          "Type": "KinesisAction"
        },
        "CloudwatchLogs": {
          "Documentation": "http://docs.aws.amazon.com/AWSCloudFormation/latest/UserGuide/aws-properties-iot-topicrule-action.html#cfn-iot-topicrule-action-cloudwatchlogs",
          "UpdateType": "Mutable",
          "Required": false,
          "Type": "CloudwatchLogsAction"
        },
        "Timestream": {
          "Documentation": "http://docs.aws.amazon.com/AWSCloudFormation/latest/UserGuide/aws-properties-iot-topicrule-action.html#cfn-iot-topicrule-action-timestream",
          "UpdateType": "Mutable",
          "Required": false,
          "Type": "TimestreamAction"
        },
        "IotAnalytics": {
          "Documentation": "http://docs.aws.amazon.com/AWSCloudFormation/latest/UserGuide/aws-properties-iot-topicrule-action.html#cfn-iot-topicrule-action-iotanalytics",
          "UpdateType": "Mutable",
          "Required": false,
          "Type": "IotAnalyticsAction"
        },
        "Sns": {
          "Documentation": "http://docs.aws.amazon.com/AWSCloudFormation/latest/UserGuide/aws-properties-iot-topicrule-action.html#cfn-iot-topicrule-action-sns",
          "UpdateType": "Mutable",
          "Required": false,
          "Type": "SnsAction"
        },
        "Lambda": {
          "Documentation": "http://docs.aws.amazon.com/AWSCloudFormation/latest/UserGuide/aws-properties-iot-topicrule-action.html#cfn-iot-topicrule-action-lambda",
          "UpdateType": "Mutable",
          "Required": false,
          "Type": "LambdaAction"
        },
        "Location": {
          "Documentation": "http://docs.aws.amazon.com/AWSCloudFormation/latest/UserGuide/aws-properties-iot-topicrule-action.html#cfn-iot-topicrule-action-location",
          "UpdateType": "Mutable",
          "Required": false,
          "Type": "LocationAction"
        }
      }
    },
    "AWS::IoT::TopicRule.AssetPropertyTimestamp": {
      "Documentation": "http://docs.aws.amazon.com/AWSCloudFormation/latest/UserGuide/aws-properties-iot-topicrule-assetpropertytimestamp.html",
      "Properties": {
        "TimeInSeconds": {
          "Documentation": "http://docs.aws.amazon.com/AWSCloudFormation/latest/UserGuide/aws-properties-iot-topicrule-assetpropertytimestamp.html#cfn-iot-topicrule-assetpropertytimestamp-timeinseconds",
          "UpdateType": "Mutable",
          "Required": true,
          "PrimitiveType": "String"
        },
        "OffsetInNanos": {
          "Documentation": "http://docs.aws.amazon.com/AWSCloudFormation/latest/UserGuide/aws-properties-iot-topicrule-assetpropertytimestamp.html#cfn-iot-topicrule-assetpropertytimestamp-offsetinnanos",
          "UpdateType": "Mutable",
          "Required": false,
          "PrimitiveType": "String"
        }
      }
    },
    "AWS::IoT::TopicRule.CloudwatchMetricAction": {
      "Documentation": "http://docs.aws.amazon.com/AWSCloudFormation/latest/UserGuide/aws-properties-iot-topicrule-cloudwatchmetricaction.html",
      "Properties": {
        "MetricName": {
          "Documentation": "http://docs.aws.amazon.com/AWSCloudFormation/latest/UserGuide/aws-properties-iot-topicrule-cloudwatchmetricaction.html#cfn-iot-topicrule-cloudwatchmetricaction-metricname",
          "UpdateType": "Mutable",
          "Required": true,
          "PrimitiveType": "String"
        },
        "MetricValue": {
          "Documentation": "http://docs.aws.amazon.com/AWSCloudFormation/latest/UserGuide/aws-properties-iot-topicrule-cloudwatchmetricaction.html#cfn-iot-topicrule-cloudwatchmetricaction-metricvalue",
          "UpdateType": "Mutable",
          "Required": true,
          "PrimitiveType": "String"
        },
        "MetricNamespace": {
          "Documentation": "http://docs.aws.amazon.com/AWSCloudFormation/latest/UserGuide/aws-properties-iot-topicrule-cloudwatchmetricaction.html#cfn-iot-topicrule-cloudwatchmetricaction-metricnamespace",
          "UpdateType": "Mutable",
          "Required": true,
          "PrimitiveType": "String"
        },
        "MetricUnit": {
          "Documentation": "http://docs.aws.amazon.com/AWSCloudFormation/latest/UserGuide/aws-properties-iot-topicrule-cloudwatchmetricaction.html#cfn-iot-topicrule-cloudwatchmetricaction-metricunit",
          "UpdateType": "Mutable",
          "Required": true,
          "PrimitiveType": "String"
        },
        "RoleArn": {
          "Documentation": "http://docs.aws.amazon.com/AWSCloudFormation/latest/UserGuide/aws-properties-iot-topicrule-cloudwatchmetricaction.html#cfn-iot-topicrule-cloudwatchmetricaction-rolearn",
          "UpdateType": "Mutable",
          "Required": true,
          "PrimitiveType": "String"
        },
        "MetricTimestamp": {
          "Documentation": "http://docs.aws.amazon.com/AWSCloudFormation/latest/UserGuide/aws-properties-iot-topicrule-cloudwatchmetricaction.html#cfn-iot-topicrule-cloudwatchmetricaction-metrictimestamp",
          "UpdateType": "Mutable",
          "Required": false,
          "PrimitiveType": "String"
        }
      }
    },
    "AWS::IoT::TopicRule.CloudwatchLogsAction": {
      "Documentation": "http://docs.aws.amazon.com/AWSCloudFormation/latest/UserGuide/aws-properties-iot-topicrule-cloudwatchlogsaction.html",
      "Properties": {
        "BatchMode": {
          "Documentation": "http://docs.aws.amazon.com/AWSCloudFormation/latest/UserGuide/aws-properties-iot-topicrule-cloudwatchlogsaction.html#cfn-iot-topicrule-cloudwatchlogsaction-batchmode",
          "UpdateType": "Mutable",
          "Required": false,
          "PrimitiveType": "Boolean"
        },
        "LogGroupName": {
          "Documentation": "http://docs.aws.amazon.com/AWSCloudFormation/latest/UserGuide/aws-properties-iot-topicrule-cloudwatchlogsaction.html#cfn-iot-topicrule-cloudwatchlogsaction-loggroupname",
          "UpdateType": "Mutable",
          "Required": true,
          "PrimitiveType": "String"
        },
        "RoleArn": {
          "Documentation": "http://docs.aws.amazon.com/AWSCloudFormation/latest/UserGuide/aws-properties-iot-topicrule-cloudwatchlogsaction.html#cfn-iot-topicrule-cloudwatchlogsaction-rolearn",
          "UpdateType": "Mutable",
          "Required": true,
          "PrimitiveType": "String"
        }
      }
    },
    "AWS::IoT::TopicRule.Timestamp": {
      "Documentation": "http://docs.aws.amazon.com/AWSCloudFormation/latest/UserGuide/aws-properties-iot-topicrule-timestamp.html",
      "Properties": {
        "Value": {
          "Documentation": "http://docs.aws.amazon.com/AWSCloudFormation/latest/UserGuide/aws-properties-iot-topicrule-timestamp.html#cfn-iot-topicrule-timestamp-value",
          "UpdateType": "Mutable",
          "Required": true,
          "PrimitiveType": "String"
        },
        "Unit": {
          "Documentation": "http://docs.aws.amazon.com/AWSCloudFormation/latest/UserGuide/aws-properties-iot-topicrule-timestamp.html#cfn-iot-topicrule-timestamp-unit",
          "UpdateType": "Mutable",
          "Required": false,
          "PrimitiveType": "String"
        }
      }
    },
    "AWS::IoT::TopicRule.RepublishAction": {
      "Documentation": "http://docs.aws.amazon.com/AWSCloudFormation/latest/UserGuide/aws-properties-iot-topicrule-republishaction.html",
      "Properties": {
        "Qos": {
          "Documentation": "http://docs.aws.amazon.com/AWSCloudFormation/latest/UserGuide/aws-properties-iot-topicrule-republishaction.html#cfn-iot-topicrule-republishaction-qos",
          "UpdateType": "Mutable",
          "Required": false,
          "PrimitiveType": "Integer"
        },
        "Headers": {
          "Documentation": "http://docs.aws.amazon.com/AWSCloudFormation/latest/UserGuide/aws-properties-iot-topicrule-republishaction.html#cfn-iot-topicrule-republishaction-headers",
          "UpdateType": "Mutable",
          "Required": false,
          "Type": "RepublishActionHeaders"
        },
        "Topic": {
          "Documentation": "http://docs.aws.amazon.com/AWSCloudFormation/latest/UserGuide/aws-properties-iot-topicrule-republishaction.html#cfn-iot-topicrule-republishaction-topic",
          "UpdateType": "Mutable",
          "Required": true,
          "PrimitiveType": "String"
        },
        "RoleArn": {
          "Documentation": "http://docs.aws.amazon.com/AWSCloudFormation/latest/UserGuide/aws-properties-iot-topicrule-republishaction.html#cfn-iot-topicrule-republishaction-rolearn",
          "UpdateType": "Mutable",
          "Required": true,
          "PrimitiveType": "String"
        }
      }
    },
    "AWS::IoT::TopicRule.StepFunctionsAction": {
      "Documentation": "http://docs.aws.amazon.com/AWSCloudFormation/latest/UserGuide/aws-properties-iot-topicrule-stepfunctionsaction.html",
      "Properties": {
        "ExecutionNamePrefix": {
          "Documentation": "http://docs.aws.amazon.com/AWSCloudFormation/latest/UserGuide/aws-properties-iot-topicrule-stepfunctionsaction.html#cfn-iot-topicrule-stepfunctionsaction-executionnameprefix",
          "UpdateType": "Mutable",
          "Required": false,
          "PrimitiveType": "String"
        },
        "StateMachineName": {
          "Documentation": "http://docs.aws.amazon.com/AWSCloudFormation/latest/UserGuide/aws-properties-iot-topicrule-stepfunctionsaction.html#cfn-iot-topicrule-stepfunctionsaction-statemachinename",
          "UpdateType": "Mutable",
          "Required": true,
          "PrimitiveType": "String"
        },
        "RoleArn": {
          "Documentation": "http://docs.aws.amazon.com/AWSCloudFormation/latest/UserGuide/aws-properties-iot-topicrule-stepfunctionsaction.html#cfn-iot-topicrule-stepfunctionsaction-rolearn",
          "UpdateType": "Mutable",
          "Required": true,
          "PrimitiveType": "String"
        }
      }
    },
    "AWS::IoT::TopicRule.HttpActionHeader": {
      "Documentation": "http://docs.aws.amazon.com/AWSCloudFormation/latest/UserGuide/aws-properties-iot-topicrule-httpactionheader.html",
      "Properties": {
        "Value": {
          "Documentation": "http://docs.aws.amazon.com/AWSCloudFormation/latest/UserGuide/aws-properties-iot-topicrule-httpactionheader.html#cfn-iot-topicrule-httpactionheader-value",
          "UpdateType": "Mutable",
          "Required": true,
          "PrimitiveType": "String"
        },
        "Key": {
          "Documentation": "http://docs.aws.amazon.com/AWSCloudFormation/latest/UserGuide/aws-properties-iot-topicrule-httpactionheader.html#cfn-iot-topicrule-httpactionheader-key",
          "UpdateType": "Mutable",
          "Required": true,
          "PrimitiveType": "String"
        }
      }
    },
    "AWS::IoT::TopicRule.S3Action": {
      "Documentation": "http://docs.aws.amazon.com/AWSCloudFormation/latest/UserGuide/aws-properties-iot-topicrule-s3action.html",
      "Properties": {
        "BucketName": {
          "Documentation": "http://docs.aws.amazon.com/AWSCloudFormation/latest/UserGuide/aws-properties-iot-topicrule-s3action.html#cfn-iot-topicrule-s3action-bucketname",
          "UpdateType": "Mutable",
          "Required": true,
          "PrimitiveType": "String"
        },
        "CannedAcl": {
          "Documentation": "http://docs.aws.amazon.com/AWSCloudFormation/latest/UserGuide/aws-properties-iot-topicrule-s3action.html#cfn-iot-topicrule-s3action-cannedacl",
          "UpdateType": "Mutable",
          "Required": false,
          "PrimitiveType": "String"
        },
        "Key": {
          "Documentation": "http://docs.aws.amazon.com/AWSCloudFormation/latest/UserGuide/aws-properties-iot-topicrule-s3action.html#cfn-iot-topicrule-s3action-key",
          "UpdateType": "Mutable",
          "Required": true,
          "PrimitiveType": "String"
        },
        "RoleArn": {
          "Documentation": "http://docs.aws.amazon.com/AWSCloudFormation/latest/UserGuide/aws-properties-iot-topicrule-s3action.html#cfn-iot-topicrule-s3action-rolearn",
          "UpdateType": "Mutable",
          "Required": true,
          "PrimitiveType": "String"
        }
      }
    },
    "AWS::IoT::TopicRule.FirehoseAction": {
      "Documentation": "http://docs.aws.amazon.com/AWSCloudFormation/latest/UserGuide/aws-properties-iot-topicrule-firehoseaction.html",
      "Properties": {
        "DeliveryStreamName": {
          "Documentation": "http://docs.aws.amazon.com/AWSCloudFormation/latest/UserGuide/aws-properties-iot-topicrule-firehoseaction.html#cfn-iot-topicrule-firehoseaction-deliverystreamname",
          "UpdateType": "Mutable",
          "Required": true,
          "PrimitiveType": "String"
        },
        "BatchMode": {
          "Documentation": "http://docs.aws.amazon.com/AWSCloudFormation/latest/UserGuide/aws-properties-iot-topicrule-firehoseaction.html#cfn-iot-topicrule-firehoseaction-batchmode",
          "UpdateType": "Mutable",
          "Required": false,
          "PrimitiveType": "Boolean"
        },
        "RoleArn": {
          "Documentation": "http://docs.aws.amazon.com/AWSCloudFormation/latest/UserGuide/aws-properties-iot-topicrule-firehoseaction.html#cfn-iot-topicrule-firehoseaction-rolearn",
          "UpdateType": "Mutable",
          "Required": true,
          "PrimitiveType": "String"
        },
        "Separator": {
          "Documentation": "http://docs.aws.amazon.com/AWSCloudFormation/latest/UserGuide/aws-properties-iot-topicrule-firehoseaction.html#cfn-iot-topicrule-firehoseaction-separator",
          "UpdateType": "Mutable",
          "Required": false,
          "PrimitiveType": "String"
        }
      }
    },
    "AWS::IoT::TopicRule.HttpAuthorization": {
      "Documentation": "http://docs.aws.amazon.com/AWSCloudFormation/latest/UserGuide/aws-properties-iot-topicrule-httpauthorization.html",
      "Properties": {
        "Sigv4": {
          "Documentation": "http://docs.aws.amazon.com/AWSCloudFormation/latest/UserGuide/aws-properties-iot-topicrule-httpauthorization.html#cfn-iot-topicrule-httpauthorization-sigv4",
          "UpdateType": "Mutable",
          "Required": false,
          "Type": "SigV4Authorization"
        }
      }
    },
    "AWS::IoT::TopicRule.TopicRulePayload": {
      "Documentation": "http://docs.aws.amazon.com/AWSCloudFormation/latest/UserGuide/aws-properties-iot-topicrule-topicrulepayload.html",
      "Properties": {
        "RuleDisabled": {
          "Documentation": "http://docs.aws.amazon.com/AWSCloudFormation/latest/UserGuide/aws-properties-iot-topicrule-topicrulepayload.html#cfn-iot-topicrule-topicrulepayload-ruledisabled",
          "UpdateType": "Mutable",
          "Required": false,
          "PrimitiveType": "Boolean"
        },
        "ErrorAction": {
          "Documentation": "http://docs.aws.amazon.com/AWSCloudFormation/latest/UserGuide/aws-properties-iot-topicrule-topicrulepayload.html#cfn-iot-topicrule-topicrulepayload-erroraction",
          "UpdateType": "Mutable",
          "Required": false,
          "Type": "Action"
        },
        "Description": {
          "Documentation": "http://docs.aws.amazon.com/AWSCloudFormation/latest/UserGuide/aws-properties-iot-topicrule-topicrulepayload.html#cfn-iot-topicrule-topicrulepayload-description",
          "UpdateType": "Mutable",
          "Required": false,
          "PrimitiveType": "String"
        },
        "AwsIotSqlVersion": {
          "Documentation": "http://docs.aws.amazon.com/AWSCloudFormation/latest/UserGuide/aws-properties-iot-topicrule-topicrulepayload.html#cfn-iot-topicrule-topicrulepayload-awsiotsqlversion",
          "UpdateType": "Mutable",
          "Required": false,
          "PrimitiveType": "String"
        },
        "Actions": {
          "Documentation": "http://docs.aws.amazon.com/AWSCloudFormation/latest/UserGuide/aws-properties-iot-topicrule-topicrulepayload.html#cfn-iot-topicrule-topicrulepayload-actions",
          "UpdateType": "Mutable",
          "Required": true,
          "Type": "List",
          "ItemType": "Action",
          "DuplicatesAllowed": true
        },
        "Sql": {
          "Documentation": "http://docs.aws.amazon.com/AWSCloudFormation/latest/UserGuide/aws-properties-iot-topicrule-topicrulepayload.html#cfn-iot-topicrule-topicrulepayload-sql",
          "UpdateType": "Mutable",
          "Required": true,
          "PrimitiveType": "String"
        }
      }
    },
    "AWS::IoT::TopicRule.KafkaAction": {
      "Documentation": "http://docs.aws.amazon.com/AWSCloudFormation/latest/UserGuide/aws-properties-iot-topicrule-kafkaaction.html",
      "Properties": {
        "Partition": {
          "Documentation": "http://docs.aws.amazon.com/AWSCloudFormation/latest/UserGuide/aws-properties-iot-topicrule-kafkaaction.html#cfn-iot-topicrule-kafkaaction-partition",
          "UpdateType": "Mutable",
          "Required": false,
          "PrimitiveType": "String"
        },
        "ClientProperties": {
          "Documentation": "http://docs.aws.amazon.com/AWSCloudFormation/latest/UserGuide/aws-properties-iot-topicrule-kafkaaction.html#cfn-iot-topicrule-kafkaaction-clientproperties",
          "UpdateType": "Mutable",
          "Required": true,
          "Type": "Map",
          "PrimitiveItemType": "String"
        },
        "Topic": {
          "Documentation": "http://docs.aws.amazon.com/AWSCloudFormation/latest/UserGuide/aws-properties-iot-topicrule-kafkaaction.html#cfn-iot-topicrule-kafkaaction-topic",
          "UpdateType": "Mutable",
          "Required": true,
          "PrimitiveType": "String"
        },
        "DestinationArn": {
          "Documentation": "http://docs.aws.amazon.com/AWSCloudFormation/latest/UserGuide/aws-properties-iot-topicrule-kafkaaction.html#cfn-iot-topicrule-kafkaaction-destinationarn",
          "UpdateType": "Mutable",
          "Required": true,
          "PrimitiveType": "String"
        },
        "Key": {
          "Documentation": "http://docs.aws.amazon.com/AWSCloudFormation/latest/UserGuide/aws-properties-iot-topicrule-kafkaaction.html#cfn-iot-topicrule-kafkaaction-key",
          "UpdateType": "Mutable",
          "Required": false,
          "PrimitiveType": "String"
        }
      }
    },
    "AWS::IoT::TopicRule.TimestreamTimestamp": {
      "Documentation": "http://docs.aws.amazon.com/AWSCloudFormation/latest/UserGuide/aws-properties-iot-topicrule-timestreamtimestamp.html",
      "Properties": {
        "Value": {
          "Documentation": "http://docs.aws.amazon.com/AWSCloudFormation/latest/UserGuide/aws-properties-iot-topicrule-timestreamtimestamp.html#cfn-iot-topicrule-timestreamtimestamp-value",
          "UpdateType": "Mutable",
          "Required": true,
          "PrimitiveType": "String"
        },
        "Unit": {
          "Documentation": "http://docs.aws.amazon.com/AWSCloudFormation/latest/UserGuide/aws-properties-iot-topicrule-timestreamtimestamp.html#cfn-iot-topicrule-timestreamtimestamp-unit",
          "UpdateType": "Mutable",
          "Required": true,
          "PrimitiveType": "String"
        }
      }
    },
    "AWS::IoT::TopicRule.AssetPropertyVariant": {
      "Documentation": "http://docs.aws.amazon.com/AWSCloudFormation/latest/UserGuide/aws-properties-iot-topicrule-assetpropertyvariant.html",
      "Properties": {
        "DoubleValue": {
          "Documentation": "http://docs.aws.amazon.com/AWSCloudFormation/latest/UserGuide/aws-properties-iot-topicrule-assetpropertyvariant.html#cfn-iot-topicrule-assetpropertyvariant-doublevalue",
          "UpdateType": "Mutable",
          "Required": false,
          "PrimitiveType": "String"
        },
        "BooleanValue": {
          "Documentation": "http://docs.aws.amazon.com/AWSCloudFormation/latest/UserGuide/aws-properties-iot-topicrule-assetpropertyvariant.html#cfn-iot-topicrule-assetpropertyvariant-booleanvalue",
          "UpdateType": "Mutable",
          "Required": false,
          "PrimitiveType": "String"
        },
        "IntegerValue": {
          "Documentation": "http://docs.aws.amazon.com/AWSCloudFormation/latest/UserGuide/aws-properties-iot-topicrule-assetpropertyvariant.html#cfn-iot-topicrule-assetpropertyvariant-integervalue",
          "UpdateType": "Mutable",
          "Required": false,
          "PrimitiveType": "String"
        },
        "StringValue": {
          "Documentation": "http://docs.aws.amazon.com/AWSCloudFormation/latest/UserGuide/aws-properties-iot-topicrule-assetpropertyvariant.html#cfn-iot-topicrule-assetpropertyvariant-stringvalue",
          "UpdateType": "Mutable",
          "Required": false,
          "PrimitiveType": "String"
        }
      }
    },
    "AWS::IoT::TopicRule.SqsAction": {
      "Documentation": "http://docs.aws.amazon.com/AWSCloudFormation/latest/UserGuide/aws-properties-iot-topicrule-sqsaction.html",
      "Properties": {
        "UseBase64": {
          "Documentation": "http://docs.aws.amazon.com/AWSCloudFormation/latest/UserGuide/aws-properties-iot-topicrule-sqsaction.html#cfn-iot-topicrule-sqsaction-usebase64",
          "UpdateType": "Mutable",
          "Required": false,
          "PrimitiveType": "Boolean"
        },
        "RoleArn": {
          "Documentation": "http://docs.aws.amazon.com/AWSCloudFormation/latest/UserGuide/aws-properties-iot-topicrule-sqsaction.html#cfn-iot-topicrule-sqsaction-rolearn",
          "UpdateType": "Mutable",
          "Required": true,
          "PrimitiveType": "String"
        },
        "QueueUrl": {
          "Documentation": "http://docs.aws.amazon.com/AWSCloudFormation/latest/UserGuide/aws-properties-iot-topicrule-sqsaction.html#cfn-iot-topicrule-sqsaction-queueurl",
          "UpdateType": "Mutable",
          "Required": true,
          "PrimitiveType": "String"
        }
      }
    },
    "AWS::IoT::TopicRule.SnsAction": {
      "Documentation": "http://docs.aws.amazon.com/AWSCloudFormation/latest/UserGuide/aws-properties-iot-topicrule-snsaction.html",
      "Properties": {
        "MessageFormat": {
          "Documentation": "http://docs.aws.amazon.com/AWSCloudFormation/latest/UserGuide/aws-properties-iot-topicrule-snsaction.html#cfn-iot-topicrule-snsaction-messageformat",
          "UpdateType": "Mutable",
          "Required": false,
          "PrimitiveType": "String"
        },
        "TargetArn": {
          "Documentation": "http://docs.aws.amazon.com/AWSCloudFormation/latest/UserGuide/aws-properties-iot-topicrule-snsaction.html#cfn-iot-topicrule-snsaction-targetarn",
          "UpdateType": "Mutable",
          "Required": true,
          "PrimitiveType": "String"
        },
        "RoleArn": {
          "Documentation": "http://docs.aws.amazon.com/AWSCloudFormation/latest/UserGuide/aws-properties-iot-topicrule-snsaction.html#cfn-iot-topicrule-snsaction-rolearn",
          "UpdateType": "Mutable",
          "Required": true,
          "PrimitiveType": "String"
        }
      }
    },
    "AWS::IoT::TopicRule.IotSiteWiseAction": {
      "Documentation": "http://docs.aws.amazon.com/AWSCloudFormation/latest/UserGuide/aws-properties-iot-topicrule-iotsitewiseaction.html",
      "Properties": {
        "PutAssetPropertyValueEntries": {
          "Documentation": "http://docs.aws.amazon.com/AWSCloudFormation/latest/UserGuide/aws-properties-iot-topicrule-iotsitewiseaction.html#cfn-iot-topicrule-iotsitewiseaction-putassetpropertyvalueentries",
          "UpdateType": "Mutable",
          "Required": true,
          "Type": "List",
          "ItemType": "PutAssetPropertyValueEntry",
          "DuplicatesAllowed": false
        },
        "RoleArn": {
          "Documentation": "http://docs.aws.amazon.com/AWSCloudFormation/latest/UserGuide/aws-properties-iot-topicrule-iotsitewiseaction.html#cfn-iot-topicrule-iotsitewiseaction-rolearn",
          "UpdateType": "Mutable",
          "Required": true,
          "PrimitiveType": "String"
        }
      }
    },
    "AWS::IoT::TopicRule.ElasticsearchAction": {
      "Documentation": "http://docs.aws.amazon.com/AWSCloudFormation/latest/UserGuide/aws-properties-iot-topicrule-elasticsearchaction.html",
      "Properties": {
        "Type": {
          "Documentation": "http://docs.aws.amazon.com/AWSCloudFormation/latest/UserGuide/aws-properties-iot-topicrule-elasticsearchaction.html#cfn-iot-topicrule-elasticsearchaction-type",
          "UpdateType": "Mutable",
          "Required": true,
          "PrimitiveType": "String"
        },
        "Endpoint": {
          "Documentation": "http://docs.aws.amazon.com/AWSCloudFormation/latest/UserGuide/aws-properties-iot-topicrule-elasticsearchaction.html#cfn-iot-topicrule-elasticsearchaction-endpoint",
          "UpdateType": "Mutable",
          "Required": true,
          "PrimitiveType": "String"
        },
        "Index": {
          "Documentation": "http://docs.aws.amazon.com/AWSCloudFormation/latest/UserGuide/aws-properties-iot-topicrule-elasticsearchaction.html#cfn-iot-topicrule-elasticsearchaction-index",
          "UpdateType": "Mutable",
          "Required": true,
          "PrimitiveType": "String"
        },
        "Id": {
          "Documentation": "http://docs.aws.amazon.com/AWSCloudFormation/latest/UserGuide/aws-properties-iot-topicrule-elasticsearchaction.html#cfn-iot-topicrule-elasticsearchaction-id",
          "UpdateType": "Mutable",
          "Required": true,
          "PrimitiveType": "String"
        },
        "RoleArn": {
          "Documentation": "http://docs.aws.amazon.com/AWSCloudFormation/latest/UserGuide/aws-properties-iot-topicrule-elasticsearchaction.html#cfn-iot-topicrule-elasticsearchaction-rolearn",
          "UpdateType": "Mutable",
          "Required": true,
          "PrimitiveType": "String"
        }
      }
    },
    "AWS::IoT::TopicRule.OpenSearchAction": {
      "Documentation": "http://docs.aws.amazon.com/AWSCloudFormation/latest/UserGuide/aws-properties-iot-topicrule-opensearchaction.html",
      "Properties": {
        "Type": {
          "Documentation": "http://docs.aws.amazon.com/AWSCloudFormation/latest/UserGuide/aws-properties-iot-topicrule-opensearchaction.html#cfn-iot-topicrule-opensearchaction-type",
          "UpdateType": "Mutable",
          "Required": true,
          "PrimitiveType": "String"
        },
        "Endpoint": {
          "Documentation": "http://docs.aws.amazon.com/AWSCloudFormation/latest/UserGuide/aws-properties-iot-topicrule-opensearchaction.html#cfn-iot-topicrule-opensearchaction-endpoint",
          "UpdateType": "Mutable",
          "Required": true,
          "PrimitiveType": "String"
        },
        "Index": {
          "Documentation": "http://docs.aws.amazon.com/AWSCloudFormation/latest/UserGuide/aws-properties-iot-topicrule-opensearchaction.html#cfn-iot-topicrule-opensearchaction-index",
          "UpdateType": "Mutable",
          "Required": true,
          "PrimitiveType": "String"
        },
        "Id": {
          "Documentation": "http://docs.aws.amazon.com/AWSCloudFormation/latest/UserGuide/aws-properties-iot-topicrule-opensearchaction.html#cfn-iot-topicrule-opensearchaction-id",
          "UpdateType": "Mutable",
          "Required": true,
          "PrimitiveType": "String"
        },
        "RoleArn": {
          "Documentation": "http://docs.aws.amazon.com/AWSCloudFormation/latest/UserGuide/aws-properties-iot-topicrule-opensearchaction.html#cfn-iot-topicrule-opensearchaction-rolearn",
          "UpdateType": "Mutable",
          "Required": true,
          "PrimitiveType": "String"
        }
      }
    },
    "AWS::IoT::TopicRule.AssetPropertyValue": {
      "Documentation": "http://docs.aws.amazon.com/AWSCloudFormation/latest/UserGuide/aws-properties-iot-topicrule-assetpropertyvalue.html",
      "Properties": {
        "Quality": {
          "Documentation": "http://docs.aws.amazon.com/AWSCloudFormation/latest/UserGuide/aws-properties-iot-topicrule-assetpropertyvalue.html#cfn-iot-topicrule-assetpropertyvalue-quality",
          "UpdateType": "Mutable",
          "Required": false,
          "PrimitiveType": "String"
        },
        "Value": {
          "Documentation": "http://docs.aws.amazon.com/AWSCloudFormation/latest/UserGuide/aws-properties-iot-topicrule-assetpropertyvalue.html#cfn-iot-topicrule-assetpropertyvalue-value",
          "UpdateType": "Mutable",
          "Required": true,
          "Type": "AssetPropertyVariant"
        },
        "Timestamp": {
          "Documentation": "http://docs.aws.amazon.com/AWSCloudFormation/latest/UserGuide/aws-properties-iot-topicrule-assetpropertyvalue.html#cfn-iot-topicrule-assetpropertyvalue-timestamp",
          "UpdateType": "Mutable",
          "Required": true,
          "Type": "AssetPropertyTimestamp"
        }
      }
    },
    "AWS::IoT::TopicRule.HttpAction": {
      "Documentation": "http://docs.aws.amazon.com/AWSCloudFormation/latest/UserGuide/aws-properties-iot-topicrule-httpaction.html",
      "Properties": {
        "Headers": {
          "Documentation": "http://docs.aws.amazon.com/AWSCloudFormation/latest/UserGuide/aws-properties-iot-topicrule-httpaction.html#cfn-iot-topicrule-httpaction-headers",
          "UpdateType": "Mutable",
          "Required": false,
          "Type": "List",
          "ItemType": "HttpActionHeader",
          "DuplicatesAllowed": false
        },
        "Auth": {
          "Documentation": "http://docs.aws.amazon.com/AWSCloudFormation/latest/UserGuide/aws-properties-iot-topicrule-httpaction.html#cfn-iot-topicrule-httpaction-auth",
          "UpdateType": "Mutable",
          "Required": false,
          "Type": "HttpAuthorization"
        },
        "ConfirmationUrl": {
          "Documentation": "http://docs.aws.amazon.com/AWSCloudFormation/latest/UserGuide/aws-properties-iot-topicrule-httpaction.html#cfn-iot-topicrule-httpaction-confirmationurl",
          "UpdateType": "Mutable",
          "Required": false,
          "PrimitiveType": "String"
        },
        "Url": {
          "Documentation": "http://docs.aws.amazon.com/AWSCloudFormation/latest/UserGuide/aws-properties-iot-topicrule-httpaction.html#cfn-iot-topicrule-httpaction-url",
          "UpdateType": "Mutable",
          "Required": true,
          "PrimitiveType": "String"
        }
      }
    },
    "Tag": {
      "Documentation": "http://docs.aws.amazon.com/AWSCloudFormation/latest/UserGuide/aws-properties-resource-tags.html",
      "Properties": {
        "Value": {
          "Documentation": "http://docs.aws.amazon.com/AWSCloudFormation/latest/UserGuide/aws-properties-resource-tags.html#cfn-resource-tags-value",
          "UpdateType": "Mutable",
          "Required": true,
          "PrimitiveType": "String"
        },
        "Key": {
          "Documentation": "http://docs.aws.amazon.com/AWSCloudFormation/latest/UserGuide/aws-properties-resource-tags.html#cfn-resource-tags-key",
          "UpdateType": "Mutable",
          "Required": true,
          "PrimitiveType": "String"
        }
      }
    },
    "AWS::IoT::TopicRule.KinesisAction": {
      "Documentation": "http://docs.aws.amazon.com/AWSCloudFormation/latest/UserGuide/aws-properties-iot-topicrule-kinesisaction.html",
      "Properties": {
        "StreamName": {
          "Documentation": "http://docs.aws.amazon.com/AWSCloudFormation/latest/UserGuide/aws-properties-iot-topicrule-kinesisaction.html#cfn-iot-topicrule-kinesisaction-streamname",
          "UpdateType": "Mutable",
          "Required": true,
          "PrimitiveType": "String"
        },
        "PartitionKey": {
          "Documentation": "http://docs.aws.amazon.com/AWSCloudFormation/latest/UserGuide/aws-properties-iot-topicrule-kinesisaction.html#cfn-iot-topicrule-kinesisaction-partitionkey",
          "UpdateType": "Mutable",
          "Required": false,
          "PrimitiveType": "String"
        },
        "RoleArn": {
          "Documentation": "http://docs.aws.amazon.com/AWSCloudFormation/latest/UserGuide/aws-properties-iot-topicrule-kinesisaction.html#cfn-iot-topicrule-kinesisaction-rolearn",
          "UpdateType": "Mutable",
          "Required": true,
          "PrimitiveType": "String"
        }
      }
    },
    "AWS::IoT::TopicRule.UserProperty": {
      "Documentation": "http://docs.aws.amazon.com/AWSCloudFormation/latest/UserGuide/aws-properties-iot-topicrule-userproperty.html",
      "Properties": {
        "Value": {
          "Documentation": "http://docs.aws.amazon.com/AWSCloudFormation/latest/UserGuide/aws-properties-iot-topicrule-userproperty.html#cfn-iot-topicrule-userproperty-value",
          "UpdateType": "Mutable",
          "Required": true,
          "PrimitiveType": "String"
        },
        "Key": {
          "Documentation": "http://docs.aws.amazon.com/AWSCloudFormation/latest/UserGuide/aws-properties-iot-topicrule-userproperty.html#cfn-iot-topicrule-userproperty-key",
          "UpdateType": "Mutable",
          "Required": true,
          "PrimitiveType": "String"
        }
      }
    }
  },
  "ResourceType": {
    "AWS::IoT::TopicRule": {
      "Documentation": "http://docs.aws.amazon.com/AWSCloudFormation/latest/UserGuide/aws-resource-iot-topicrule.html",
      "Properties": {
        "TopicRulePayload": {
          "Documentation": "http://docs.aws.amazon.com/AWSCloudFormation/latest/UserGuide/aws-resource-iot-topicrule.html#cfn-iot-topicrule-topicrulepayload",
          "UpdateType": "Mutable",
          "Required": true,
          "Type": "TopicRulePayload"
        },
        "RuleName": {
          "Documentation": "http://docs.aws.amazon.com/AWSCloudFormation/latest/UserGuide/aws-resource-iot-topicrule.html#cfn-iot-topicrule-rulename",
          "UpdateType": "Immutable",
          "Required": false,
          "PrimitiveType": "String"
        },
        "Tags": {
          "Documentation": "http://docs.aws.amazon.com/AWSCloudFormation/latest/UserGuide/aws-resource-iot-topicrule.html#cfn-iot-topicrule-tags",
          "UpdateType": "Mutable",
          "Required": false,
          "Type": "List",
          "ItemType": "Tag",
          "DuplicatesAllowed": true
        }
      },
      "Attributes": {
        "Arn": {
          "PrimitiveType": "String"
        }
      }
    }
  },
  "ResourceSpecificationVersion": "114.0.0"
}