{
  "PropertyTypes": {
    "AWS::IoT::Thing.AttributePayload": {
      "Documentation": "http://docs.aws.amazon.com/AWSCloudFormation/latest/UserGuide/aws-properties-iot-thing-attributepayload.html",
      "Properties": {
        "Attributes": {
          "Documentation": "http://docs.aws.amazon.com/AWSCloudFormation/latest/UserGuide/aws-properties-iot-thing-attributepayload.html#cfn-iot-thing-attributepayload-attributes",
          "UpdateType": "Mutable",
          "Required": false,
          "Type": "Map",
          "PrimitiveItemType": "String"
        }
      }
    }
  },
  "ResourceType": {
    "AWS::IoT::Thing": {
      "Documentation": "http://docs.aws.amazon.com/AWSCloudFormation/latest/UserGuide/aws-resource-iot-thing.html",
      "Properties": {
        "AttributePayload": {
          "Documentation": "http://docs.aws.amazon.com/AWSCloudFormation/latest/UserGuide/aws-resource-iot-thing.html#cfn-iot-thing-attributepayload",
          "UpdateType": "Mutable",
          "Required": false,
          "Type": "AttributePayload"
        },
        "ThingName": {
          "Documentation": "http://docs.aws.amazon.com/AWSCloudFormation/latest/UserGuide/aws-resource-iot-thing.html#cfn-iot-thing-thingname",
          "UpdateType": "Immutable",
          "Required": false,
          "PrimitiveType": "String"
        }
      },
      "Attributes": {
        "Id": {
          "PrimitiveType": "String"
        },
        "Arn": {
          "PrimitiveType": "String"
        }
      }
    }
  },
  "ResourceSpecificationVersion": "114.0.0"
}