{
  "PropertyTypes": {
    "AWS::Kendra::Index.ServerSideEncryptionConfiguration": {
      "Documentation": "http://docs.aws.amazon.com/AWSCloudFormation/latest/UserGuide/aws-properties-kendra-index-serversideencryptionconfiguration.html",
      "Properties": {
        "KmsKeyId": {
          "Documentation": "http://docs.aws.amazon.com/AWSCloudFormation/latest/UserGuide/aws-properties-kendra-index-serversideencryptionconfiguration.html#cfn-kendra-index-serversideencryptionconfiguration-kmskeyid",
          "UpdateType": "Immutable",
          "Required": false,
          "PrimitiveType": "String"
        }
      }
    },
    "AWS::Kendra::Index.JsonTokenTypeConfiguration": {
      "Documentation": "http://docs.aws.amazon.com/AWSCloudFormation/latest/UserGuide/aws-properties-kendra-index-jsontokentypeconfiguration.html",
      "Properties": {
        "GroupAttributeField": {
          "Documentation": "http://docs.aws.amazon.com/AWSCloudFormation/latest/UserGuide/aws-properties-kendra-index-jsontokentypeconfiguration.html#cfn-kendra-index-jsontokentypeconfiguration-groupattributefield",
          "UpdateType": "Mutable",
          "Required": true,
          "PrimitiveType": "String"
        },
        "UserNameAttributeField": {
          "Documentation": "http://docs.aws.amazon.com/AWSCloudFormation/latest/UserGuide/aws-properties-kendra-index-jsontokentypeconfiguration.html#cfn-kendra-index-jsontokentypeconfiguration-usernameattributefield",
          "UpdateType": "Mutable",
          "Required": true,
          "PrimitiveType": "String"
        }
      }
    },
    "AWS::Kendra::Index.CapacityUnitsConfiguration": {
      "Documentation": "http://docs.aws.amazon.com/AWSCloudFormation/latest/UserGuide/aws-properties-kendra-index-capacityunitsconfiguration.html",
      "Properties": {
        "QueryCapacityUnits": {
          "Documentation": "http://docs.aws.amazon.com/AWSCloudFormation/latest/UserGuide/aws-properties-kendra-index-capacityunitsconfiguration.html#cfn-kendra-index-capacityunitsconfiguration-querycapacityunits",
          "UpdateType": "Mutable",
          "Required": true,
          "PrimitiveType": "Integer"
        },
        "StorageCapacityUnits": {
          "Documentation": "http://docs.aws.amazon.com/AWSCloudFormation/latest/UserGuide/aws-properties-kendra-index-capacityunitsconfiguration.html#cfn-kendra-index-capacityunitsconfiguration-storagecapacityunits",
          "UpdateType": "Mutable",
          "Required": true,
          "PrimitiveType": "Integer"
        }
      }
    },
    "Tag": {
      "Documentation": "http://docs.aws.amazon.com/AWSCloudFormation/latest/UserGuide/aws-properties-resource-tags.html",
      "Properties": {
        "Value": {
          "Documentation": "http://docs.aws.amazon.com/AWSCloudFormation/latest/UserGuide/aws-properties-resource-tags.html#cfn-resource-tags-value",
          "UpdateType": "Mutable",
          "Required": true,
          "PrimitiveType": "String"
        },
        "Key": {
          "Documentation": "http://docs.aws.amazon.com/AWSCloudFormation/latest/UserGuide/aws-properties-resource-tags.html#cfn-resource-tags-key",
          "UpdateType": "Mutable",
          "Required": true,
          "PrimitiveType": "String"
        }
      }
    },
    "AWS::Kendra::Index.JwtTokenTypeConfiguration": {
      "Documentation": "http://docs.aws.amazon.com/AWSCloudFormation/latest/UserGuide/aws-properties-kendra-index-jwttokentypeconfiguration.html",
      "Properties": {
        "ClaimRegex": {
          "Documentation": "http://docs.aws.amazon.com/AWSCloudFormation/latest/UserGuide/aws-properties-kendra-index-jwttokentypeconfiguration.html#cfn-kendra-index-jwttokentypeconfiguration-claimregex",
          "UpdateType": "Mutable",
          "Required": false,
          "PrimitiveType": "String"
        },
        "Issuer": {
          "Documentation": "http://docs.aws.amazon.com/AWSCloudFormation/latest/UserGuide/aws-properties-kendra-index-jwttokentypeconfiguration.html#cfn-kendra-index-jwttokentypeconfiguration-issuer",
          "UpdateType": "Mutable",
          "Required": false,
          "PrimitiveType": "String"
        },
        "KeyLocation": {
          "Documentation": "http://docs.aws.amazon.com/AWSCloudFormation/latest/UserGuide/aws-properties-kendra-index-jwttokentypeconfiguration.html#cfn-kendra-index-jwttokentypeconfiguration-keylocation",
          "UpdateType": "Mutable",
          "Required": true,
          "PrimitiveType": "String"
        },
        "SecretManagerArn": {
          "Documentation": "http://docs.aws.amazon.com/AWSCloudFormation/latest/UserGuide/aws-properties-kendra-index-jwttokentypeconfiguration.html#cfn-kendra-index-jwttokentypeconfiguration-secretmanagerarn",
          "UpdateType": "Mutable",
          "Required": false,
          "PrimitiveType": "String"
        },
        "GroupAttributeField": {
          "Documentation": "http://docs.aws.amazon.com/AWSCloudFormation/latest/UserGuide/aws-properties-kendra-index-jwttokentypeconfiguration.html#cfn-kendra-index-jwttokentypeconfiguration-groupattributefield",
          "UpdateType": "Mutable",
          "Required": false,
          "PrimitiveType": "String"
        },
        "URL": {
          "Documentation": "http://docs.aws.amazon.com/AWSCloudFormation/latest/UserGuide/aws-properties-kendra-index-jwttokentypeconfiguration.html#cfn-kendra-index-jwttokentypeconfiguration-url",
          "UpdateType": "Mutable",
          "Required": false,
          "PrimitiveType": "String"
        },
        "UserNameAttributeField": {
          "Documentation": "http://docs.aws.amazon.com/AWSCloudFormation/latest/UserGuide/aws-properties-kendra-index-jwttokentypeconfiguration.html#cfn-kendra-index-jwttokentypeconfiguration-usernameattributefield",
          "UpdateType": "Mutable",
          "Required": false,
          "PrimitiveType": "String"
        }
      }
    },
    "AWS::Kendra::Index.UserTokenConfiguration": {
      "Documentation": "http://docs.aws.amazon.com/AWSCloudFormation/latest/UserGuide/aws-properties-kendra-index-usertokenconfiguration.html",
      "Properties": {
        "JwtTokenTypeConfiguration": {
          "Documentation": "http://docs.aws.amazon.com/AWSCloudFormation/latest/UserGuide/aws-properties-kendra-index-usertokenconfiguration.html#cfn-kendra-index-usertokenconfiguration-jwttokentypeconfiguration",
          "UpdateType": "Mutable",
          "Required": false,
          "Type": "JwtTokenTypeConfiguration"
        },
        "JsonTokenTypeConfiguration": {
          "Documentation": "http://docs.aws.amazon.com/AWSCloudFormation/latest/UserGuide/aws-properties-kendra-index-usertokenconfiguration.html#cfn-kendra-index-usertokenconfiguration-jsontokentypeconfiguration",
          "UpdateType": "Mutable",
          "Required": false,
          "Type": "JsonTokenTypeConfiguration"
        }
      }
    },
    "AWS::Kendra::Index.ValueImportanceItem": {
      "Documentation": "http://docs.aws.amazon.com/AWSCloudFormation/latest/UserGuide/aws-properties-kendra-index-valueimportanceitem.html",
      "Properties": {
        "Value": {
          "Documentation": "http://docs.aws.amazon.com/AWSCloudFormation/latest/UserGuide/aws-properties-kendra-index-valueimportanceitem.html#cfn-kendra-index-valueimportanceitem-value",
          "UpdateType": "Mutable",
          "Required": false,
          "PrimitiveType": "Integer"
        },
        "Key": {
          "Documentation": "http://docs.aws.amazon.com/AWSCloudFormation/latest/UserGuide/aws-properties-kendra-index-valueimportanceitem.html#cfn-kendra-index-valueimportanceitem-key",
          "UpdateType": "Mutable",
          "Required": false,
          "PrimitiveType": "String"
        }
      }
    },
    "AWS::Kendra::Index.DocumentMetadataConfiguration": {
      "Documentation": "http://docs.aws.amazon.com/AWSCloudFormation/latest/UserGuide/aws-properties-kendra-index-documentmetadataconfiguration.html",
      "Properties": {
        "Relevance": {
          "Documentation": "http://docs.aws.amazon.com/AWSCloudFormation/latest/UserGuide/aws-properties-kendra-index-documentmetadataconfiguration.html#cfn-kendra-index-documentmetadataconfiguration-relevance",
          "UpdateType": "Mutable",
          "Required": false,
          "Type": "Relevance"
        },
        "Type": {
          "Documentation": "http://docs.aws.amazon.com/AWSCloudFormation/latest/UserGuide/aws-properties-kendra-index-documentmetadataconfiguration.html#cfn-kendra-index-documentmetadataconfiguration-type",
          "UpdateType": "Mutable",
          "Required": true,
          "PrimitiveType": "String"
        },
        "Search": {
          "Documentation": "http://docs.aws.amazon.com/AWSCloudFormation/latest/UserGuide/aws-properties-kendra-index-documentmetadataconfiguration.html#cfn-kendra-index-documentmetadataconfiguration-search",
          "UpdateType": "Mutable",
          "Required": false,
          "Type": "Search"
        },
        "Name": {
          "Documentation": "http://docs.aws.amazon.com/AWSCloudFormation/latest/UserGuide/aws-properties-kendra-index-documentmetadataconfiguration.html#cfn-kendra-index-documentmetadataconfiguration-name",
          "UpdateType": "Mutable",
          "Required": true,
          "PrimitiveType": "String"
        }
      }
    },
    "AWS::Kendra::Index.Search": {
      "Documentation": "http://docs.aws.amazon.com/AWSCloudFormation/latest/UserGuide/aws-properties-kendra-index-search.html",
      "Properties": {
        "Displayable": {
          "Documentation": "http://docs.aws.amazon.com/AWSCloudFormation/latest/UserGuide/aws-properties-kendra-index-search.html#cfn-kendra-index-search-displayable",
          "UpdateType": "Mutable",
          "Required": false,
          "PrimitiveType": "Boolean"
        },
        "Sortable": {
          "Documentation": "http://docs.aws.amazon.com/AWSCloudFormation/latest/UserGuide/aws-properties-kendra-index-search.html#cfn-kendra-index-search-sortable",
          "UpdateType": "Mutable",
          "Required": false,
          "PrimitiveType": "Boolean"
        },
        "Facetable": {
          "Documentation": "http://docs.aws.amazon.com/AWSCloudFormation/latest/UserGuide/aws-properties-kendra-index-search.html#cfn-kendra-index-search-facetable",
          "UpdateType": "Mutable",
          "Required": false,
          "PrimitiveType": "Boolean"
        },
        "Searchable": {
          "Documentation": "http://docs.aws.amazon.com/AWSCloudFormation/latest/UserGuide/aws-properties-kendra-index-search.html#cfn-kendra-index-search-searchable",
          "UpdateType": "Mutable",
          "Required": false,
          "PrimitiveType": "Boolean"
        }
      }
    },
    "AWS::Kendra::Index.Relevance": {
      "Documentation": "http://docs.aws.amazon.com/AWSCloudFormation/latest/UserGuide/aws-properties-kendra-index-relevance.html",
      "Properties": {
        "Importance": {
          "Documentation": "http://docs.aws.amazon.com/AWSCloudFormation/latest/UserGuide/aws-properties-kendra-index-relevance.html#cfn-kendra-index-relevance-importance",
          "UpdateType": "Mutable",
          "Required": false,
          "PrimitiveType": "Integer"
        },
        "RankOrder": {
          "Documentation": "http://docs.aws.amazon.com/AWSCloudFormation/latest/UserGuide/aws-properties-kendra-index-relevance.html#cfn-kendra-index-relevance-rankorder",
          "UpdateType": "Mutable",
          "Required": false,
          "PrimitiveType": "String"
        },
        "ValueImportanceItems": {
          "Documentation": "http://docs.aws.amazon.com/AWSCloudFormation/latest/UserGuide/aws-properties-kendra-index-relevance.html#cfn-kendra-index-relevance-valueimportanceitems",
          "UpdateType": "Mutable",
          "Required": false,
          "Type": "List",
          "ItemType": "ValueImportanceItem",
          "DuplicatesAllowed": true
        },
        "Freshness": {
          "Documentation": "http://docs.aws.amazon.com/AWSCloudFormation/latest/UserGuide/aws-properties-kendra-index-relevance.html#cfn-kendra-index-relevance-freshness",
          "UpdateType": "Mutable",
          "Required": false,
          "PrimitiveType": "Boolean"
        },
        "Duration": {
          "Documentation": "http://docs.aws.amazon.com/AWSCloudFormation/latest/UserGuide/aws-properties-kendra-index-relevance.html#cfn-kendra-index-relevance-duration",
          "UpdateType": "Mutable",
          "Required": false,
          "PrimitiveType": "String"
        }
      }
    }
  },
  "ResourceType": {
    "AWS::Kendra::Index": {
      "Documentation": "http://docs.aws.amazon.com/AWSCloudFormation/latest/UserGuide/aws-resource-kendra-index.html",
      "Properties": {
        "Description": {
          "Documentation": "http://docs.aws.amazon.com/AWSCloudFormation/latest/UserGuide/aws-resource-kendra-index.html#cfn-kendra-index-description",
          "UpdateType": "Mutable",
          "Required": false,
          "PrimitiveType": "String"
        },
        "UserContextPolicy": {
          "Documentation": "http://docs.aws.amazon.com/AWSCloudFormation/latest/UserGuide/aws-resource-kendra-index.html#cfn-kendra-index-usercontextpolicy",
          "UpdateType": "Mutable",
          "Required": false,
          "PrimitiveType": "String"
        },
        "CapacityUnits": {
          "Documentation": "http://docs.aws.amazon.com/AWSCloudFormation/latest/UserGuide/aws-resource-kendra-index.html#cfn-kendra-index-capacityunits",
          "UpdateType": "Mutable",
          "Required": false,
          "Type": "CapacityUnitsConfiguration"
        },
        "ServerSideEncryptionConfiguration": {
          "Documentation": "http://docs.aws.amazon.com/AWSCloudFormation/latest/UserGuide/aws-resource-kendra-index.html#cfn-kendra-index-serversideencryptionconfiguration",
          "UpdateType": "Immutable",
          "Required": false,
          "Type": "ServerSideEncryptionConfiguration"
        },
        "DocumentMetadataConfigurations": {
          "Documentation": "http://docs.aws.amazon.com/AWSCloudFormation/latest/UserGuide/aws-resource-kendra-index.html#cfn-kendra-index-documentmetadataconfigurations",
          "UpdateType": "Mutable",
          "Required": false,
          "Type": "List",
          "ItemType": "DocumentMetadataConfiguration",
          "DuplicatesAllowed": true
        },
        "Tags": {
          "Documentation": "http://docs.aws.amazon.com/AWSCloudFormation/latest/UserGuide/aws-resource-kendra-index.html#cfn-kendra-index-tags",
          "UpdateType": "Mutable",
          "Required": false,
          "Type": "List",
          "ItemType": "Tag",
          "DuplicatesAllowed": true
        },
        "RoleArn": {
          "Documentation": "http://docs.aws.amazon.com/AWSCloudFormation/latest/UserGuide/aws-resource-kendra-index.html#cfn-kendra-index-rolearn",
          "UpdateType": "Mutable",
          "Required": true,
          "PrimitiveType": "String"
        },
        "Edition": {
          "Documentation": "http://docs.aws.amazon.com/AWSCloudFormation/latest/UserGuide/aws-resource-kendra-index.html#cfn-kendra-index-edition",
          "UpdateType": "Immutable",
          "Required": true,
          "PrimitiveType": "String"
        },
        "Name": {
          "Documentation": "http://docs.aws.amazon.com/AWSCloudFormation/latest/UserGuide/aws-resource-kendra-index.html#cfn-kendra-index-name",
          "UpdateType": "Mutable",
          "Required": true,
          "PrimitiveType": "String"
        },
        "UserTokenConfigurations": {
          "Documentation": "http://docs.aws.amazon.com/AWSCloudFormation/latest/UserGuide/aws-resource-kendra-index.html#cfn-kendra-index-usertokenconfigurations",
          "UpdateType": "Mutable",
          "Required": false,
          "Type": "List",
          "ItemType": "UserTokenConfiguration",
          "DuplicatesAllowed": true
        }
      },
      "Attributes": {
        "Id": {
          "PrimitiveType": "String"
        },
        "Arn": {
          "PrimitiveType": "String"
        }
      }
    }
  },
  "ResourceSpecificationVersion": "114.0.0"
}