{
  "PropertyTypes": {
    "AWS::Kendra::DataSource.ServiceNowConfiguration": {
      "Documentation": "http://docs.aws.amazon.com/AWSCloudFormation/latest/UserGuide/aws-properties-kendra-datasource-servicenowconfiguration.html",
      "Properties": {
        "SecretArn": {
          "Documentation": "http://docs.aws.amazon.com/AWSCloudFormation/latest/UserGuide/aws-properties-kendra-datasource-servicenowconfiguration.html#cfn-kendra-datasource-servicenowconfiguration-secretarn",
          "UpdateType": "Mutable",
          "Required": true,
          "PrimitiveType": "String"
        },
        "HostUrl": {
          "Documentation": "http://docs.aws.amazon.com/AWSCloudFormation/latest/UserGuide/aws-properties-kendra-datasource-servicenowconfiguration.html#cfn-kendra-datasource-servicenowconfiguration-hosturl",
          "UpdateType": "Mutable",
          "Required": true,
          "PrimitiveType": "String"
        },
        "ServiceCatalogConfiguration": {
          "Documentation": "http://docs.aws.amazon.com/AWSCloudFormation/latest/UserGuide/aws-properties-kendra-datasource-servicenowconfiguration.html#cfn-kendra-datasource-servicenowconfiguration-servicecatalogconfiguration",
          "UpdateType": "Mutable",
          "Required": false,
          "Type": "ServiceNowServiceCatalogConfiguration"
        },
        "ServiceNowBuildVersion": {
          "Documentation": "http://docs.aws.amazon.com/AWSCloudFormation/latest/UserGuide/aws-properties-kendra-datasource-servicenowconfiguration.html#cfn-kendra-datasource-servicenowconfiguration-servicenowbuildversion",
          "UpdateType": "Mutable",
          "Required": true,
          "PrimitiveType": "String"
        },
        "KnowledgeArticleConfiguration": {
          "Documentation": "http://docs.aws.amazon.com/AWSCloudFormation/latest/UserGuide/aws-properties-kendra-datasource-servicenowconfiguration.html#cfn-kendra-datasource-servicenowconfiguration-knowledgearticleconfiguration",
          "UpdateType": "Mutable",
          "Required": false,
          "Type": "ServiceNowKnowledgeArticleConfiguration"
        },
        "AuthenticationType": {
          "Documentation": "http://docs.aws.amazon.com/AWSCloudFormation/latest/UserGuide/aws-properties-kendra-datasource-servicenowconfiguration.html#cfn-kendra-datasource-servicenowconfiguration-authenticationtype",
          "UpdateType": "Mutable",
          "Required": false,
          "PrimitiveType": "String"
        }
      }
    },
    "AWS::Kendra::DataSource.ConfluenceAttachmentConfiguration": {
      "Documentation": "http://docs.aws.amazon.com/AWSCloudFormation/latest/UserGuide/aws-properties-kendra-datasource-confluenceattachmentconfiguration.html",
      "Properties": {
        "AttachmentFieldMappings": {
          "Documentation": "http://docs.aws.amazon.com/AWSCloudFormation/latest/UserGuide/aws-properties-kendra-datasource-confluenceattachmentconfiguration.html#cfn-kendra-datasource-confluenceattachmentconfiguration-attachmentfieldmappings",
          "UpdateType": "Mutable",
          "Required": false,
          "Type": "List",
          "ItemType": "ConfluenceAttachmentToIndexFieldMapping",
          "DuplicatesAllowed": true
        },
        "CrawlAttachments": {
          "Documentation": "http://docs.aws.amazon.com/AWSCloudFormation/latest/UserGuide/aws-properties-kendra-datasource-confluenceattachmentconfiguration.html#cfn-kendra-datasource-confluenceattachmentconfiguration-crawlattachments",
          "UpdateType": "Mutable",
          "Required": false,
          "PrimitiveType": "Boolean"
        }
      }
    },
    "AWS::Kendra::DataSource.SalesforceConfiguration": {
      "Documentation": "http://docs.aws.amazon.com/AWSCloudFormation/latest/UserGuide/aws-properties-kendra-datasource-salesforceconfiguration.html",
      "Properties": {
        "SecretArn": {
          "Documentation": "http://docs.aws.amazon.com/AWSCloudFormation/latest/UserGuide/aws-properties-kendra-datasource-salesforceconfiguration.html#cfn-kendra-datasource-salesforceconfiguration-secretarn",
          "UpdateType": "Mutable",
          "Required": true,
          "PrimitiveType": "String"
        },
        "ServerUrl": {
          "Documentation": "http://docs.aws.amazon.com/AWSCloudFormation/latest/UserGuide/aws-properties-kendra-datasource-salesforceconfiguration.html#cfn-kendra-datasource-salesforceconfiguration-serverurl",
          "UpdateType": "Mutable",
          "Required": true,
          "PrimitiveType": "String"
        },
        "IncludeAttachmentFilePatterns": {
          "Documentation": "http://docs.aws.amazon.com/AWSCloudFormation/latest/UserGuide/aws-properties-kendra-datasource-salesforceconfiguration.html#cfn-kendra-datasource-salesforceconfiguration-includeattachmentfilepatterns",
          "UpdateType": "Mutable",
          "Required": false,
          "Type": "List",
          "PrimitiveItemType": "String",
          "DuplicatesAllowed": true
        },
        "StandardObjectConfigurations": {
          "Documentation": "http://docs.aws.amazon.com/AWSCloudFormation/latest/UserGuide/aws-properties-kendra-datasource-salesforceconfiguration.html#cfn-kendra-datasource-salesforceconfiguration-standardobjectconfigurations",
          "UpdateType": "Mutable",
          "Required": false,
          "Type": "List",
          "ItemType": "SalesforceStandardObjectConfiguration",
          "DuplicatesAllowed": true
        },
        "StandardObjectAttachmentConfiguration": {
          "Documentation": "http://docs.aws.amazon.com/AWSCloudFormation/latest/UserGuide/aws-properties-kendra-datasource-salesforceconfiguration.html#cfn-kendra-datasource-salesforceconfiguration-standardobjectattachmentconfiguration",
          "UpdateType": "Mutable",
          "Required": false,
          "Type": "SalesforceStandardObjectAttachmentConfiguration"
        },
        "ExcludeAttachmentFilePatterns": {
          "Documentation": "http://docs.aws.amazon.com/AWSCloudFormation/latest/UserGuide/aws-properties-kendra-datasource-salesforceconfiguration.html#cfn-kendra-datasource-salesforceconfiguration-excludeattachmentfilepatterns",
          "UpdateType": "Mutable",
          "Required": false,
          "Type": "List",
          "PrimitiveItemType": "String",
          "DuplicatesAllowed": true
        },
        "CrawlAttachments": {
          "Documentation": "http://docs.aws.amazon.com/AWSCloudFormation/latest/UserGuide/aws-properties-kendra-datasource-salesforceconfiguration.html#cfn-kendra-datasource-salesforceconfiguration-crawlattachments",
          "UpdateType": "Mutable",
          "Required": false,
          "PrimitiveType": "Boolean"
        },
        "ChatterFeedConfiguration": {
          "Documentation": "http://docs.aws.amazon.com/AWSCloudFormation/latest/UserGuide/aws-properties-kendra-datasource-salesforceconfiguration.html#cfn-kendra-datasource-salesforceconfiguration-chatterfeedconfiguration",
          "UpdateType": "Mutable",
          "Required": false,
          "Type": "SalesforceChatterFeedConfiguration"
        },
        "KnowledgeArticleConfiguration": {
          "Documentation": "http://docs.aws.amazon.com/AWSCloudFormation/latest/UserGuide/aws-properties-kendra-datasource-salesforceconfiguration.html#cfn-kendra-datasource-salesforceconfiguration-knowledgearticleconfiguration",
          "UpdateType": "Mutable",
          "Required": false,
          "Type": "SalesforceKnowledgeArticleConfiguration"
        }
      }
    },
    "AWS::Kendra::DataSource.WorkDocsConfiguration": {
      "Documentation": "http://docs.aws.amazon.com/AWSCloudFormation/latest/UserGuide/aws-properties-kendra-datasource-workdocsconfiguration.html",
      "Properties": {
        "CrawlComments": {
          "Documentation": "http://docs.aws.amazon.com/AWSCloudFormation/latest/UserGuide/aws-properties-kendra-datasource-workdocsconfiguration.html#cfn-kendra-datasource-workdocsconfiguration-crawlcomments",
          "UpdateType": "Mutable",
          "Required": false,
          "PrimitiveType": "Boolean"
        },
        "OrganizationId": {
          "Documentation": "http://docs.aws.amazon.com/AWSCloudFormation/latest/UserGuide/aws-properties-kendra-datasource-workdocsconfiguration.html#cfn-kendra-datasource-workdocsconfiguration-organizationid",
          "UpdateType": "Mutable",
          "Required": true,
          "PrimitiveType": "String"
        },
        "InclusionPatterns": {
          "Documentation": "http://docs.aws.amazon.com/AWSCloudFormation/latest/UserGuide/aws-properties-kendra-datasource-workdocsconfiguration.html#cfn-kendra-datasource-workdocsconfiguration-inclusionpatterns",
          "UpdateType": "Mutable",
          "Required": false,
          "Type": "List",
          "PrimitiveItemType": "String",
          "DuplicatesAllowed": true
        },
        "UseChangeLog": {
          "Documentation": "http://docs.aws.amazon.com/AWSCloudFormation/latest/UserGuide/aws-properties-kendra-datasource-workdocsconfiguration.html#cfn-kendra-datasource-workdocsconfiguration-usechangelog",
          "UpdateType": "Mutable",
          "Required": false,
          "PrimitiveType": "Boolean"
        },
        "FieldMappings": {
          "Documentation": "http://docs.aws.amazon.com/AWSCloudFormation/latest/UserGuide/aws-properties-kendra-datasource-workdocsconfiguration.html#cfn-kendra-datasource-workdocsconfiguration-fieldmappings",
          "UpdateType": "Mutable",
          "Required": false,
          "Type": "List",
          "ItemType": "DataSourceToIndexFieldMapping",
          "DuplicatesAllowed": true
        },
        "ExclusionPatterns": {
          "Documentation": "http://docs.aws.amazon.com/AWSCloudFormation/latest/UserGuide/aws-properties-kendra-datasource-workdocsconfiguration.html#cfn-kendra-datasource-workdocsconfiguration-exclusionpatterns",
          "UpdateType": "Mutable",
          "Required": false,
          "Type": "List",
          "PrimitiveItemType": "String",
          "DuplicatesAllowed": true
        }
      }
    },
    "AWS::Kendra::DataSource.DataSourceToIndexFieldMapping": {
      "Documentation": "http://docs.aws.amazon.com/AWSCloudFormation/latest/UserGuide/aws-properties-kendra-datasource-datasourcetoindexfieldmapping.html",
      "Properties": {
        "DateFieldFormat": {
          "Documentation": "http://docs.aws.amazon.com/AWSCloudFormation/latest/UserGuide/aws-properties-kendra-datasource-datasourcetoindexfieldmapping.html#cfn-kendra-datasource-datasourcetoindexfieldmapping-datefieldformat",
          "UpdateType": "Mutable",
          "Required": false,
          "PrimitiveType": "String"
        },
        "IndexFieldName": {
          "Documentation": "http://docs.aws.amazon.com/AWSCloudFormation/latest/UserGuide/aws-properties-kendra-datasource-datasourcetoindexfieldmapping.html#cfn-kendra-datasource-datasourcetoindexfieldmapping-indexfieldname",
          "UpdateType": "Mutable",
          "Required": true,
          "PrimitiveType": "String"
        },
        "DataSourceFieldName": {
          "Documentation": "http://docs.aws.amazon.com/AWSCloudFormation/latest/UserGuide/aws-properties-kendra-datasource-datasourcetoindexfieldmapping.html#cfn-kendra-datasource-datasourcetoindexfieldmapping-datasourcefieldname",
          "UpdateType": "Mutable",
          "Required": true,
          "PrimitiveType": "String"
        }
      }
    },
    "AWS::Kendra::DataSource.ColumnConfiguration": {
      "Documentation": "http://docs.aws.amazon.com/AWSCloudFormation/latest/UserGuide/aws-properties-kendra-datasource-columnconfiguration.html",
      "Properties": {
        "ChangeDetectingColumns": {
          "Documentation": "http://docs.aws.amazon.com/AWSCloudFormation/latest/UserGuide/aws-properties-kendra-datasource-columnconfiguration.html#cfn-kendra-datasource-columnconfiguration-changedetectingcolumns",
          "UpdateType": "Mutable",
          "Required": true,
          "Type": "List",
          "PrimitiveItemType": "String",
          "DuplicatesAllowed": true
        },
        "DocumentTitleColumnName": {
          "Documentation": "http://docs.aws.amazon.com/AWSCloudFormation/latest/UserGuide/aws-properties-kendra-datasource-columnconfiguration.html#cfn-kendra-datasource-columnconfiguration-documenttitlecolumnname",
          "UpdateType": "Mutable",
          "Required": false,
          "PrimitiveType": "String"
        },
        "DocumentIdColumnName": {
          "Documentation": "http://docs.aws.amazon.com/AWSCloudFormation/latest/UserGuide/aws-properties-kendra-datasource-columnconfiguration.html#cfn-kendra-datasource-columnconfiguration-documentidcolumnname",
          "UpdateType": "Mutable",
          "Required": true,
          "PrimitiveType": "String"
        },
        "DocumentDataColumnName": {
          "Documentation": "http://docs.aws.amazon.com/AWSCloudFormation/latest/UserGuide/aws-properties-kendra-datasource-columnconfiguration.html#cfn-kendra-datasource-columnconfiguration-documentdatacolumnname",
          "UpdateType": "Mutable",
          "Required": true,
          "PrimitiveType": "String"
        },
        "FieldMappings": {
          "Documentation": "http://docs.aws.amazon.com/AWSCloudFormation/latest/UserGuide/aws-properties-kendra-datasource-columnconfiguration.html#cfn-kendra-datasource-columnconfiguration-fieldmappings",
          "UpdateType": "Mutable",
          "Required": false,
          "Type": "List",
          "ItemType": "DataSourceToIndexFieldMapping",
          "DuplicatesAllowed": true
        }
      }
    },
    "AWS::Kendra::DataSource.AccessControlListConfiguration": {
      "Documentation": "http://docs.aws.amazon.com/AWSCloudFormation/latest/UserGuide/aws-properties-kendra-datasource-accesscontrollistconfiguration.html",
      "Properties": {
        "KeyPath": {
          "Documentation": "http://docs.aws.amazon.com/AWSCloudFormation/latest/UserGuide/aws-properties-kendra-datasource-accesscontrollistconfiguration.html#cfn-kendra-datasource-accesscontrollistconfiguration-keypath",
          "UpdateType": "Mutable",
          "Required": false,
          "PrimitiveType": "String"
        }
      }
    },
    "AWS::Kendra::DataSource.ConfluenceConfiguration": {
      "Documentation": "http://docs.aws.amazon.com/AWSCloudFormation/latest/UserGuide/aws-properties-kendra-datasource-confluenceconfiguration.html",
      "Properties": {
        "SecretArn": {
          "Documentation": "http://docs.aws.amazon.com/AWSCloudFormation/latest/UserGuide/aws-properties-kendra-datasource-confluenceconfiguration.html#cfn-kendra-datasource-confluenceconfiguration-secretarn",
          "UpdateType": "Mutable",
          "Required": true,
          "PrimitiveType": "String"
        },
        "AttachmentConfiguration": {
          "Documentation": "http://docs.aws.amazon.com/AWSCloudFormation/latest/UserGuide/aws-properties-kendra-datasource-confluenceconfiguration.html#cfn-kendra-datasource-confluenceconfiguration-attachmentconfiguration",
          "UpdateType": "Mutable",
          "Required": false,
          "Type": "ConfluenceAttachmentConfiguration"
        },
        "ServerUrl": {
          "Documentation": "http://docs.aws.amazon.com/AWSCloudFormation/latest/UserGuide/aws-properties-kendra-datasource-confluenceconfiguration.html#cfn-kendra-datasource-confluenceconfiguration-serverurl",
          "UpdateType": "Mutable",
          "Required": true,
          "PrimitiveType": "String"
        },
        "PageConfiguration": {
          "Documentation": "http://docs.aws.amazon.com/AWSCloudFormation/latest/UserGuide/aws-properties-kendra-datasource-confluenceconfiguration.html#cfn-kendra-datasource-confluenceconfiguration-pageconfiguration",
          "UpdateType": "Mutable",
          "Required": false,
          "Type": "ConfluencePageConfiguration"
        },
        "BlogConfiguration": {
          "Documentation": "http://docs.aws.amazon.com/AWSCloudFormation/latest/UserGuide/aws-properties-kendra-datasource-confluenceconfiguration.html#cfn-kendra-datasource-confluenceconfiguration-blogconfiguration",
          "UpdateType": "Mutable",
          "Required": false,
          "Type": "ConfluenceBlogConfiguration"
        },
        "Version": {
          "Documentation": "http://docs.aws.amazon.com/AWSCloudFormation/latest/UserGuide/aws-properties-kendra-datasource-confluenceconfiguration.html#cfn-kendra-datasource-confluenceconfiguration-version",
          "UpdateType": "Mutable",
          "Required": true,
          "PrimitiveType": "String"
        },
        "VpcConfiguration": {
          "Documentation": "http://docs.aws.amazon.com/AWSCloudFormation/latest/UserGuide/aws-properties-kendra-datasource-confluenceconfiguration.html#cfn-kendra-datasource-confluenceconfiguration-vpcconfiguration",
          "UpdateType": "Mutable",
          "Required": false,
          "Type": "DataSourceVpcConfiguration"
        },
        "InclusionPatterns": {
          "Documentation": "http://docs.aws.amazon.com/AWSCloudFormation/latest/UserGuide/aws-properties-kendra-datasource-confluenceconfiguration.html#cfn-kendra-datasource-confluenceconfiguration-inclusionpatterns",
          "UpdateType": "Mutable",
          "Required": false,
          "Type": "List",
          "PrimitiveItemType": "String",
          "DuplicatesAllowed": true
        },
        "ExclusionPatterns": {
          "Documentation": "http://docs.aws.amazon.com/AWSCloudFormation/latest/UserGuide/aws-properties-kendra-datasource-confluenceconfiguration.html#cfn-kendra-datasource-confluenceconfiguration-exclusionpatterns",
          "UpdateType": "Mutable",
          "Required": false,
          "Type": "List",
          "PrimitiveItemType": "String",
          "DuplicatesAllowed": true
        },
        "SpaceConfiguration": {
          "Documentation": "http://docs.aws.amazon.com/AWSCloudFormation/latest/UserGuide/aws-properties-kendra-datasource-confluenceconfiguration.html#cfn-kendra-datasource-confluenceconfiguration-spaceconfiguration",
          "UpdateType": "Mutable",
          "Required": false,
          "Type": "ConfluenceSpaceConfiguration"
        }
      }
    },
    "AWS::Kendra::DataSource.SalesforceStandardKnowledgeArticleTypeConfiguration": {
      "Documentation": "http://docs.aws.amazon.com/AWSCloudFormation/latest/UserGuide/aws-properties-kendra-datasource-salesforcestandardknowledgearticletypeconfiguration.html",
      "Properties": {
        "DocumentTitleFieldName": {
          "Documentation": "http://docs.aws.amazon.com/AWSCloudFormation/latest/UserGuide/aws-properties-kendra-datasource-salesforcestandardknowledgearticletypeconfiguration.html#cfn-kendra-datasource-salesforcestandardknowledgearticletypeconfiguration-documenttitlefieldname",
          "UpdateType": "Mutable",
          "Required": false,
          "PrimitiveType": "String"
        },
        "FieldMappings": {
          "Documentation": "http://docs.aws.amazon.com/AWSCloudFormation/latest/UserGuide/aws-properties-kendra-datasource-salesforcestandardknowledgearticletypeconfiguration.html#cfn-kendra-datasource-salesforcestandardknowledgearticletypeconfiguration-fieldmappings",
          "UpdateType": "Mutable",
          "Required": false,
          "Type": "List",
          "ItemType": "DataSourceToIndexFieldMapping",
          "DuplicatesAllowed": true
        },
        "DocumentDataFieldName": {
          "Documentation": "http://docs.aws.amazon.com/AWSCloudFormation/latest/UserGuide/aws-properties-kendra-datasource-salesforcestandardknowledgearticletypeconfiguration.html#cfn-kendra-datasource-salesforcestandardknowledgearticletypeconfiguration-documentdatafieldname",
          "UpdateType": "Mutable",
          "Required": true,
          "PrimitiveType": "String"
        }
      }
    },
    "AWS::Kendra::DataSource.WebCrawlerSeedUrlConfiguration": {
      "Documentation": "http://docs.aws.amazon.com/AWSCloudFormation/latest/UserGuide/aws-properties-kendra-datasource-webcrawlerseedurlconfiguration.html",
      "Properties": {
        "WebCrawlerMode": {
          "Documentation": "http://docs.aws.amazon.com/AWSCloudFormation/latest/UserGuide/aws-properties-kendra-datasource-webcrawlerseedurlconfiguration.html#cfn-kendra-datasource-webcrawlerseedurlconfiguration-webcrawlermode",
          "UpdateType": "Mutable",
          "Required": false,
          "PrimitiveType": "String"
        },
        "SeedUrls": {
          "Documentation": "http://docs.aws.amazon.com/AWSCloudFormation/latest/UserGuide/aws-properties-kendra-datasource-webcrawlerseedurlconfiguration.html#cfn-kendra-datasource-webcrawlerseedurlconfiguration-seedurls",
          "UpdateType": "Mutable",
          "Required": true,
          "Type": "List",
          "PrimitiveItemType": "String",
          "DuplicatesAllowed": true
        }
      }
    },
    "AWS::Kendra::DataSource.SalesforceStandardObjectAttachmentConfiguration": {
      "Documentation": "http://docs.aws.amazon.com/AWSCloudFormation/latest/UserGuide/aws-properties-kendra-datasource-salesforcestandardobjectattachmentconfiguration.html",
      "Properties": {
        "DocumentTitleFieldName": {
          "Documentation": "http://docs.aws.amazon.com/AWSCloudFormation/latest/UserGuide/aws-properties-kendra-datasource-salesforcestandardobjectattachmentconfiguration.html#cfn-kendra-datasource-salesforcestandardobjectattachmentconfiguration-documenttitlefieldname",
          "UpdateType": "Mutable",
          "Required": false,
          "PrimitiveType": "String"
        },
        "FieldMappings": {
          "Documentation": "http://docs.aws.amazon.com/AWSCloudFormation/latest/UserGuide/aws-properties-kendra-datasource-salesforcestandardobjectattachmentconfiguration.html#cfn-kendra-datasource-salesforcestandardobjectattachmentconfiguration-fieldmappings",
          "UpdateType": "Mutable",
          "Required": false,
          "Type": "List",
          "ItemType": "DataSourceToIndexFieldMapping",
          "DuplicatesAllowed": true
        }
      }
    },
    "AWS::Kendra::DataSource.DocumentAttributeValue": {
      "Documentation": "http://docs.aws.amazon.com/AWSCloudFormation/latest/UserGuide/aws-properties-kendra-datasource-documentattributevalue.html",
      "Properties": {
        "DateValue": {
          "Documentation": "http://docs.aws.amazon.com/AWSCloudFormation/latest/UserGuide/aws-properties-kendra-datasource-documentattributevalue.html#cfn-kendra-datasource-documentattributevalue-datevalue",
          "UpdateType": "Mutable",
          "Required": false,
          "PrimitiveType": "String"
        },
        "LongValue": {
          "Documentation": "http://docs.aws.amazon.com/AWSCloudFormation/latest/UserGuide/aws-properties-kendra-datasource-documentattributevalue.html#cfn-kendra-datasource-documentattributevalue-longvalue",
          "UpdateType": "Mutable",
          "Required": false,
          "PrimitiveType": "Integer"
        },
        "StringValue": {
          "Documentation": "http://docs.aws.amazon.com/AWSCloudFormation/latest/UserGuide/aws-properties-kendra-datasource-documentattributevalue.html#cfn-kendra-datasource-documentattributevalue-stringvalue",
          "UpdateType": "Mutable",
          "Required": false,
          "PrimitiveType": "String"
        },
        "StringListValue": {
          "Documentation": "http://docs.aws.amazon.com/AWSCloudFormation/latest/UserGuide/aws-properties-kendra-datasource-documentattributevalue.html#cfn-kendra-datasource-documentattributevalue-stringlistvalue",
          "UpdateType": "Mutable",
          "Required": false,
          "Type": "List",
          "PrimitiveItemType": "String",
          "DuplicatesAllowed": true
        }
      }
    },
    "AWS::Kendra::DataSource.SalesforceChatterFeedConfiguration": {
      "Documentation": "http://docs.aws.amazon.com/AWSCloudFormation/latest/UserGuide/aws-properties-kendra-datasource-salesforcechatterfeedconfiguration.html",
      "Properties": {
        "DocumentTitleFieldName": {
          "Documentation": "http://docs.aws.amazon.com/AWSCloudFormation/latest/UserGuide/aws-properties-kendra-datasource-salesforcechatterfeedconfiguration.html#cfn-kendra-datasource-salesforcechatterfeedconfiguration-documenttitlefieldname",
          "UpdateType": "Mutable",
          "Required": false,
          "PrimitiveType": "String"
        },
        "IncludeFilterTypes": {
          "Documentation": "http://docs.aws.amazon.com/AWSCloudFormation/latest/UserGuide/aws-properties-kendra-datasource-salesforcechatterfeedconfiguration.html#cfn-kendra-datasource-salesforcechatterfeedconfiguration-includefiltertypes",
          "UpdateType": "Mutable",
          "Required": false,
          "Type": "List",
          "PrimitiveItemType": "String",
          "DuplicatesAllowed": true
        },
        "FieldMappings": {
          "Documentation": "http://docs.aws.amazon.com/AWSCloudFormation/latest/UserGuide/aws-properties-kendra-datasource-salesforcechatterfeedconfiguration.html#cfn-kendra-datasource-salesforcechatterfeedconfiguration-fieldmappings",
          "UpdateType": "Mutable",
          "Required": false,
          "Type": "List",
          "ItemType": "DataSourceToIndexFieldMapping",
          "DuplicatesAllowed": true
        },
        "DocumentDataFieldName": {
          "Documentation": "http://docs.aws.amazon.com/AWSCloudFormation/latest/UserGuide/aws-properties-kendra-datasource-salesforcechatterfeedconfiguration.html#cfn-kendra-datasource-salesforcechatterfeedconfiguration-documentdatafieldname",
          "UpdateType": "Mutable",
          "Required": true,
          "PrimitiveType": "String"
        }
      }
    },
    "AWS::Kendra::DataSource.DataSourceVpcConfiguration": {
      "Documentation": "http://docs.aws.amazon.com/AWSCloudFormation/latest/UserGuide/aws-properties-kendra-datasource-datasourcevpcconfiguration.html",
      "Properties": {
        "SubnetIds": {
          "Documentation": "http://docs.aws.amazon.com/AWSCloudFormation/latest/UserGuide/aws-properties-kendra-datasource-datasourcevpcconfiguration.html#cfn-kendra-datasource-datasourcevpcconfiguration-subnetids",
          "UpdateType": "Mutable",
          "Required": true,
          "Type": "List",
          "PrimitiveItemType": "String",
          "DuplicatesAllowed": true
        },
        "SecurityGroupIds": {
          "Documentation": "http://docs.aws.amazon.com/AWSCloudFormation/latest/UserGuide/aws-properties-kendra-datasource-datasourcevpcconfiguration.html#cfn-kendra-datasource-datasourcevpcconfiguration-securitygroupids",
          "UpdateType": "Mutable",
          "Required": true,
          "Type": "List",
          "PrimitiveItemType": "String",
          "DuplicatesAllowed": true
        }
      }
    },
    "AWS::Kendra::DataSource.ConfluencePageConfiguration": {
      "Documentation": "http://docs.aws.amazon.com/AWSCloudFormation/latest/UserGuide/aws-properties-kendra-datasource-confluencepageconfiguration.html",
      "Properties": {
        "PageFieldMappings": {
          "Documentation": "http://docs.aws.amazon.com/AWSCloudFormation/latest/UserGuide/aws-properties-kendra-datasource-confluencepageconfiguration.html#cfn-kendra-datasource-confluencepageconfiguration-pagefieldmappings",
          "UpdateType": "Mutable",
          "Required": false,
          "Type": "List",
          "ItemType": "ConfluencePageToIndexFieldMapping",
          "DuplicatesAllowed": true
        }
      }
    },
    "AWS::Kendra::DataSource.WebCrawlerConfiguration": {
      "Documentation": "http://docs.aws.amazon.com/AWSCloudFormation/latest/UserGuide/aws-properties-kendra-datasource-webcrawlerconfiguration.html",
      "Properties": {
        "AuthenticationConfiguration": {
          "Documentation": "http://docs.aws.amazon.com/AWSCloudFormation/latest/UserGuide/aws-properties-kendra-datasource-webcrawlerconfiguration.html#cfn-kendra-datasource-webcrawlerconfiguration-authenticationconfiguration",
          "UpdateType": "Mutable",
          "Required": false,
          "Type": "WebCrawlerAuthenticationConfiguration"
        },
        "MaxLinksPerPage": {
          "Documentation": "http://docs.aws.amazon.com/AWSCloudFormation/latest/UserGuide/aws-properties-kendra-datasource-webcrawlerconfiguration.html#cfn-kendra-datasource-webcrawlerconfiguration-maxlinksperpage",
          "UpdateType": "Mutable",
          "Required": false,
          "PrimitiveType": "Integer"
        },
        "ProxyConfiguration": {
          "Documentation": "http://docs.aws.amazon.com/AWSCloudFormation/latest/UserGuide/aws-properties-kendra-datasource-webcrawlerconfiguration.html#cfn-kendra-datasource-webcrawlerconfiguration-proxyconfiguration",
          "UpdateType": "Mutable",
          "Required": false,
          "Type": "ProxyConfiguration"
        },
        "UrlExclusionPatterns": {
          "Documentation": "http://docs.aws.amazon.com/AWSCloudFormation/latest/UserGuide/aws-properties-kendra-datasource-webcrawlerconfiguration.html#cfn-kendra-datasource-webcrawlerconfiguration-urlexclusionpatterns",
          "UpdateType": "Mutable",
          "Required": false,
          "Type": "List",
          "PrimitiveItemType": "String",
          "DuplicatesAllowed": true
        },
        "MaxUrlsPerMinuteCrawlRate": {
          "Documentation": "http://docs.aws.amazon.com/AWSCloudFormation/latest/UserGuide/aws-properties-kendra-datasource-webcrawlerconfiguration.html#cfn-kendra-datasource-webcrawlerconfiguration-maxurlsperminutecrawlrate",
          "UpdateType": "Mutable",
          "Required": false,
          "PrimitiveType": "Integer"
        },
        "UrlInclusionPatterns": {
          "Documentation": "http://docs.aws.amazon.com/AWSCloudFormation/latest/UserGuide/aws-properties-kendra-datasource-webcrawlerconfiguration.html#cfn-kendra-datasource-webcrawlerconfiguration-urlinclusionpatterns",
          "UpdateType": "Mutable",
          "Required": false,
          "Type": "List",
          "PrimitiveItemType": "String",
          "DuplicatesAllowed": true
        },
        "Urls": {
          "Documentation": "http://docs.aws.amazon.com/AWSCloudFormation/latest/UserGuide/aws-properties-kendra-datasource-webcrawlerconfiguration.html#cfn-kendra-datasource-webcrawlerconfiguration-urls",
          "UpdateType": "Mutable",
          "Required": true,
          "Type": "WebCrawlerUrls"
        },
        "MaxContentSizePerPageInMegaBytes": {
          "Documentation": "http://docs.aws.amazon.com/AWSCloudFormation/latest/UserGuide/aws-properties-kendra-datasource-webcrawlerconfiguration.html#cfn-kendra-datasource-webcrawlerconfiguration-maxcontentsizeperpageinmegabytes",
          "UpdateType": "Mutable",
          "Required": false,
          "PrimitiveType": "Double"
        },
        "CrawlDepth": {
          "Documentation": "http://docs.aws.amazon.com/AWSCloudFormation/latest/UserGuide/aws-properties-kendra-datasource-webcrawlerconfiguration.html#cfn-kendra-datasource-webcrawlerconfiguration-crawldepth",
          "UpdateType": "Mutable",
          "Required": false,
          "PrimitiveType": "Integer"
        }
      }
    },
    "AWS::Kendra::DataSource.WebCrawlerBasicAuthentication": {
      "Documentation": "http://docs.aws.amazon.com/AWSCloudFormation/latest/UserGuide/aws-properties-kendra-datasource-webcrawlerbasicauthentication.html",
      "Properties": {
        "Port": {
          "Documentation": "http://docs.aws.amazon.com/AWSCloudFormation/latest/UserGuide/aws-properties-kendra-datasource-webcrawlerbasicauthentication.html#cfn-kendra-datasource-webcrawlerbasicauthentication-port",
          "UpdateType": "Mutable",
          "Required": true,
          "PrimitiveType": "Integer"
        },
        "Host": {
          "Documentation": "http://docs.aws.amazon.com/AWSCloudFormation/latest/UserGuide/aws-properties-kendra-datasource-webcrawlerbasicauthentication.html#cfn-kendra-datasource-webcrawlerbasicauthentication-host",
          "UpdateType": "Mutable",
          "Required": true,
          "PrimitiveType": "String"
        },
        "Credentials": {
          "Documentation": "http://docs.aws.amazon.com/AWSCloudFormation/latest/UserGuide/aws-properties-kendra-datasource-webcrawlerbasicauthentication.html#cfn-kendra-datasource-webcrawlerbasicauthentication-credentials",
          "UpdateType": "Mutable",
          "Required": true,
          "PrimitiveType": "String"
        }
      }
    },
    "AWS::Kendra::DataSource.ConfluenceSpaceToIndexFieldMapping": {
      "Documentation": "http://docs.aws.amazon.com/AWSCloudFormation/latest/UserGuide/aws-properties-kendra-datasource-confluencespacetoindexfieldmapping.html",
      "Properties": {
        "DateFieldFormat": {
          "Documentation": "http://docs.aws.amazon.com/AWSCloudFormation/latest/UserGuide/aws-properties-kendra-datasource-confluencespacetoindexfieldmapping.html#cfn-kendra-datasource-confluencespacetoindexfieldmapping-datefieldformat",
          "UpdateType": "Mutable",
          "Required": false,
          "PrimitiveType": "String"
        },
        "IndexFieldName": {
          "Documentation": "http://docs.aws.amazon.com/AWSCloudFormation/latest/UserGuide/aws-properties-kendra-datasource-confluencespacetoindexfieldmapping.html#cfn-kendra-datasource-confluencespacetoindexfieldmapping-indexfieldname",
          "UpdateType": "Mutable",
          "Required": true,
          "PrimitiveType": "String"
        },
        "DataSourceFieldName": {
          "Documentation": "http://docs.aws.amazon.com/AWSCloudFormation/latest/UserGuide/aws-properties-kendra-datasource-confluencespacetoindexfieldmapping.html#cfn-kendra-datasource-confluencespacetoindexfieldmapping-datasourcefieldname",
          "UpdateType": "Mutable",
          "Required": true,
          "PrimitiveType": "String"
        }
      }
    },
    "AWS::Kendra::DataSource.ConnectionConfiguration": {
      "Documentation": "http://docs.aws.amazon.com/AWSCloudFormation/latest/UserGuide/aws-properties-kendra-datasource-connectionconfiguration.html",
      "Properties": {
        "SecretArn": {
          "Documentation": "http://docs.aws.amazon.com/AWSCloudFormation/latest/UserGuide/aws-properties-kendra-datasource-connectionconfiguration.html#cfn-kendra-datasource-connectionconfiguration-secretarn",
          "UpdateType": "Mutable",
          "Required": true,
          "PrimitiveType": "String"
        },
        "TableName": {
          "Documentation": "http://docs.aws.amazon.com/AWSCloudFormation/latest/UserGuide/aws-properties-kendra-datasource-connectionconfiguration.html#cfn-kendra-datasource-connectionconfiguration-tablename",
          "UpdateType": "Mutable",
          "Required": true,
          "PrimitiveType": "String"
        },
        "DatabasePort": {
          "Documentation": "http://docs.aws.amazon.com/AWSCloudFormation/latest/UserGuide/aws-properties-kendra-datasource-connectionconfiguration.html#cfn-kendra-datasource-connectionconfiguration-databaseport",
          "UpdateType": "Mutable",
          "Required": true,
          "PrimitiveType": "Integer"
        },
        "DatabaseHost": {
          "Documentation": "http://docs.aws.amazon.com/AWSCloudFormation/latest/UserGuide/aws-properties-kendra-datasource-connectionconfiguration.html#cfn-kendra-datasource-connectionconfiguration-databasehost",
          "UpdateType": "Mutable",
          "Required": true,
          "PrimitiveType": "String"
        },
        "DatabaseName": {
          "Documentation": "http://docs.aws.amazon.com/AWSCloudFormation/latest/UserGuide/aws-properties-kendra-datasource-connectionconfiguration.html#cfn-kendra-datasource-connectionconfiguration-databasename",
          "UpdateType": "Mutable",
          "Required": true,
          "PrimitiveType": "String"
        }
      }
    },
    "AWS::Kendra::DataSource.GoogleDriveConfiguration": {
      "Documentation": "http://docs.aws.amazon.com/AWSCloudFormation/latest/UserGuide/aws-properties-kendra-datasource-googledriveconfiguration.html",
      "Properties": {
        "SecretArn": {
          "Documentation": "http://docs.aws.amazon.com/AWSCloudFormation/latest/UserGuide/aws-properties-kendra-datasource-googledriveconfiguration.html#cfn-kendra-datasource-googledriveconfiguration-secretarn",
          "UpdateType": "Mutable",
          "Required": true,
          "PrimitiveType": "String"
        },
        "ExcludeSharedDrives": {
          "Documentation": "http://docs.aws.amazon.com/AWSCloudFormation/latest/UserGuide/aws-properties-kendra-datasource-googledriveconfiguration.html#cfn-kendra-datasource-googledriveconfiguration-excludeshareddrives",
          "UpdateType": "Mutable",
          "Required": false,
          "Type": "List",
          "PrimitiveItemType": "String",
          "DuplicatesAllowed": true
        },
        "ExcludeUserAccounts": {
          "Documentation": "http://docs.aws.amazon.com/AWSCloudFormation/latest/UserGuide/aws-properties-kendra-datasource-googledriveconfiguration.html#cfn-kendra-datasource-googledriveconfiguration-excludeuseraccounts",
          "UpdateType": "Mutable",
          "Required": false,
          "Type": "List",
          "PrimitiveItemType": "String",
          "DuplicatesAllowed": true
        },
        "InclusionPatterns": {
          "Documentation": "http://docs.aws.amazon.com/AWSCloudFormation/latest/UserGuide/aws-properties-kendra-datasource-googledriveconfiguration.html#cfn-kendra-datasource-googledriveconfiguration-inclusionpatterns",
          "UpdateType": "Mutable",
          "Required": false,
          "Type": "List",
          "PrimitiveItemType": "String",
          "DuplicatesAllowed": true
        },
        "ExcludeMimeTypes": {
          "Documentation": "http://docs.aws.amazon.com/AWSCloudFormation/latest/UserGuide/aws-properties-kendra-datasource-googledriveconfiguration.html#cfn-kendra-datasource-googledriveconfiguration-excludemimetypes",
          "UpdateType": "Mutable",
          "Required": false,
          "Type": "List",
          "PrimitiveItemType": "String",
          "DuplicatesAllowed": true
        },
        "FieldMappings": {
          "Documentation": "http://docs.aws.amazon.com/AWSCloudFormation/latest/UserGuide/aws-properties-kendra-datasource-googledriveconfiguration.html#cfn-kendra-datasource-googledriveconfiguration-fieldmappings",
          "UpdateType": "Mutable",
          "Required": false,
          "Type": "List",
          "ItemType": "DataSourceToIndexFieldMapping",
          "DuplicatesAllowed": true
        },
        "ExclusionPatterns": {
          "Documentation": "http://docs.aws.amazon.com/AWSCloudFormation/latest/UserGuide/aws-properties-kendra-datasource-googledriveconfiguration.html#cfn-kendra-datasource-googledriveconfiguration-exclusionpatterns",
          "UpdateType": "Mutable",
          "Required": false,
          "Type": "List",
          "PrimitiveItemType": "String",
          "DuplicatesAllowed": true
        }
      }
    },
    "AWS::Kendra::DataSource.ConfluencePageToIndexFieldMapping": {
      "Documentation": "http://docs.aws.amazon.com/AWSCloudFormation/latest/UserGuide/aws-properties-kendra-datasource-confluencepagetoindexfieldmapping.html",
      "Properties": {
        "DateFieldFormat": {
          "Documentation": "http://docs.aws.amazon.com/AWSCloudFormation/latest/UserGuide/aws-properties-kendra-datasource-confluencepagetoindexfieldmapping.html#cfn-kendra-datasource-confluencepagetoindexfieldmapping-datefieldformat",
          "UpdateType": "Mutable",
          "Required": false,
          "PrimitiveType": "String"
        },
        "IndexFieldName": {
          "Documentation": "http://docs.aws.amazon.com/AWSCloudFormation/latest/UserGuide/aws-properties-kendra-datasource-confluencepagetoindexfieldmapping.html#cfn-kendra-datasource-confluencepagetoindexfieldmapping-indexfieldname",
          "UpdateType": "Mutable",
          "Required": true,
          "PrimitiveType": "String"
        },
        "DataSourceFieldName": {
          "Documentation": "http://docs.aws.amazon.com/AWSCloudFormation/latest/UserGuide/aws-properties-kendra-datasource-confluencepagetoindexfieldmapping.html#cfn-kendra-datasource-confluencepagetoindexfieldmapping-datasourcefieldname",
          "UpdateType": "Mutable",
          "Required": true,
          "PrimitiveType": "String"
        }
      }
    },
    "AWS::Kendra::DataSource.ServiceNowKnowledgeArticleConfiguration": {
      "Documentation": "http://docs.aws.amazon.com/AWSCloudFormation/latest/UserGuide/aws-properties-kendra-datasource-servicenowknowledgearticleconfiguration.html",
      "Properties": {
        "DocumentTitleFieldName": {
          "Documentation": "http://docs.aws.amazon.com/AWSCloudFormation/latest/UserGuide/aws-properties-kendra-datasource-servicenowknowledgearticleconfiguration.html#cfn-kendra-datasource-servicenowknowledgearticleconfiguration-documenttitlefieldname",
          "UpdateType": "Mutable",
          "Required": false,
          "PrimitiveType": "String"
        },
        "IncludeAttachmentFilePatterns": {
          "Documentation": "http://docs.aws.amazon.com/AWSCloudFormation/latest/UserGuide/aws-properties-kendra-datasource-servicenowknowledgearticleconfiguration.html#cfn-kendra-datasource-servicenowknowledgearticleconfiguration-includeattachmentfilepatterns",
          "UpdateType": "Mutable",
          "Required": false,
          "Type": "List",
          "PrimitiveItemType": "String",
          "DuplicatesAllowed": true
        },
        "ExcludeAttachmentFilePatterns": {
          "Documentation": "http://docs.aws.amazon.com/AWSCloudFormation/latest/UserGuide/aws-properties-kendra-datasource-servicenowknowledgearticleconfiguration.html#cfn-kendra-datasource-servicenowknowledgearticleconfiguration-excludeattachmentfilepatterns",
          "UpdateType": "Mutable",
          "Required": false,
          "Type": "List",
          "PrimitiveItemType": "String",
          "DuplicatesAllowed": true
        },
        "FilterQuery": {
          "Documentation": "http://docs.aws.amazon.com/AWSCloudFormation/latest/UserGuide/aws-properties-kendra-datasource-servicenowknowledgearticleconfiguration.html#cfn-kendra-datasource-servicenowknowledgearticleconfiguration-filterquery",
          "UpdateType": "Mutable",
          "Required": false,
          "PrimitiveType": "String"
        },
        "CrawlAttachments": {
          "Documentation": "http://docs.aws.amazon.com/AWSCloudFormation/latest/UserGuide/aws-properties-kendra-datasource-servicenowknowledgearticleconfiguration.html#cfn-kendra-datasource-servicenowknowledgearticleconfiguration-crawlattachments",
          "UpdateType": "Mutable",
          "Required": false,
          "PrimitiveType": "Boolean"
        },
        "FieldMappings": {
          "Documentation": "http://docs.aws.amazon.com/AWSCloudFormation/latest/UserGuide/aws-properties-kendra-datasource-servicenowknowledgearticleconfiguration.html#cfn-kendra-datasource-servicenowknowledgearticleconfiguration-fieldmappings",
          "UpdateType": "Mutable",
          "Required": false,
          "Type": "List",
          "ItemType": "DataSourceToIndexFieldMapping",
          "DuplicatesAllowed": true
        },
        "DocumentDataFieldName": {
          "Documentation": "http://docs.aws.amazon.com/AWSCloudFormation/latest/UserGuide/aws-properties-kendra-datasource-servicenowknowledgearticleconfiguration.html#cfn-kendra-datasource-servicenowknowledgearticleconfiguration-documentdatafieldname",
          "UpdateType": "Mutable",
          "Required": true,
          "PrimitiveType": "String"
        }
      }
    },
    "AWS::Kendra::DataSource.ConfluenceAttachmentToIndexFieldMapping": {
      "Documentation": "http://docs.aws.amazon.com/AWSCloudFormation/latest/UserGuide/aws-properties-kendra-datasource-confluenceattachmenttoindexfieldmapping.html",
      "Properties": {
        "DateFieldFormat": {
          "Documentation": "http://docs.aws.amazon.com/AWSCloudFormation/latest/UserGuide/aws-properties-kendra-datasource-confluenceattachmenttoindexfieldmapping.html#cfn-kendra-datasource-confluenceattachmenttoindexfieldmapping-datefieldformat",
          "UpdateType": "Mutable",
          "Required": false,
          "PrimitiveType": "String"
        },
        "IndexFieldName": {
          "Documentation": "http://docs.aws.amazon.com/AWSCloudFormation/latest/UserGuide/aws-properties-kendra-datasource-confluenceattachmenttoindexfieldmapping.html#cfn-kendra-datasource-confluenceattachmenttoindexfieldmapping-indexfieldname",
          "UpdateType": "Mutable",
          "Required": true,
          "PrimitiveType": "String"
        },
        "DataSourceFieldName": {
          "Documentation": "http://docs.aws.amazon.com/AWSCloudFormation/latest/UserGuide/aws-properties-kendra-datasource-confluenceattachmenttoindexfieldmapping.html#cfn-kendra-datasource-confluenceattachmenttoindexfieldmapping-datasourcefieldname",
          "UpdateType": "Mutable",
          "Required": true,
          "PrimitiveType": "String"
        }
      }
    },
    "AWS::Kendra::DataSource.HookConfiguration": {
      "Documentation": "http://docs.aws.amazon.com/AWSCloudFormation/latest/UserGuide/aws-properties-kendra-datasource-hookconfiguration.html",
      "Properties": {
        "S3Bucket": {
          "Documentation": "http://docs.aws.amazon.com/AWSCloudFormation/latest/UserGuide/aws-properties-kendra-datasource-hookconfiguration.html#cfn-kendra-datasource-hookconfiguration-s3bucket",
          "UpdateType": "Mutable",
          "Required": true,
          "PrimitiveType": "String"
        },
        "LambdaArn": {
          "Documentation": "http://docs.aws.amazon.com/AWSCloudFormation/latest/UserGuide/aws-properties-kendra-datasource-hookconfiguration.html#cfn-kendra-datasource-hookconfiguration-lambdaarn",
          "UpdateType": "Mutable",
          "Required": true,
          "PrimitiveType": "String"
        },
        "InvocationCondition": {
          "Documentation": "http://docs.aws.amazon.com/AWSCloudFormation/latest/UserGuide/aws-properties-kendra-datasource-hookconfiguration.html#cfn-kendra-datasource-hookconfiguration-invocationcondition",
          "UpdateType": "Mutable",
          "Required": false,
          "Type": "DocumentAttributeCondition"
        }
      }
    },
    "AWS::Kendra::DataSource.SalesforceCustomKnowledgeArticleTypeConfiguration": {
      "Documentation": "http://docs.aws.amazon.com/AWSCloudFormation/latest/UserGuide/aws-properties-kendra-datasource-salesforcecustomknowledgearticletypeconfiguration.html",
      "Properties": {
        "DocumentTitleFieldName": {
          "Documentation": "http://docs.aws.amazon.com/AWSCloudFormation/latest/UserGuide/aws-properties-kendra-datasource-salesforcecustomknowledgearticletypeconfiguration.html#cfn-kendra-datasource-salesforcecustomknowledgearticletypeconfiguration-documenttitlefieldname",
          "UpdateType": "Mutable",
          "Required": false,
          "PrimitiveType": "String"
        },
        "FieldMappings": {
          "Documentation": "http://docs.aws.amazon.com/AWSCloudFormation/latest/UserGuide/aws-properties-kendra-datasource-salesforcecustomknowledgearticletypeconfiguration.html#cfn-kendra-datasource-salesforcecustomknowledgearticletypeconfiguration-fieldmappings",
          "UpdateType": "Mutable",
          "Required": false,
          "Type": "List",
          "ItemType": "DataSourceToIndexFieldMapping",
          "DuplicatesAllowed": true
        },
        "Name": {
          "Documentation": "http://docs.aws.amazon.com/AWSCloudFormation/latest/UserGuide/aws-properties-kendra-datasource-salesforcecustomknowledgearticletypeconfiguration.html#cfn-kendra-datasource-salesforcecustomknowledgearticletypeconfiguration-name",
          "UpdateType": "Mutable",
          "Required": true,
          "PrimitiveType": "String"
        },
        "DocumentDataFieldName": {
          "Documentation": "http://docs.aws.amazon.com/AWSCloudFormation/latest/UserGuide/aws-properties-kendra-datasource-salesforcecustomknowledgearticletypeconfiguration.html#cfn-kendra-datasource-salesforcecustomknowledgearticletypeconfiguration-documentdatafieldname",
          "UpdateType": "Mutable",
          "Required": true,
          "PrimitiveType": "String"
        }
      }
    },
    "AWS::Kendra::DataSource.DocumentsMetadataConfiguration": {
      "Documentation": "http://docs.aws.amazon.com/AWSCloudFormation/latest/UserGuide/aws-properties-kendra-datasource-documentsmetadataconfiguration.html",
      "Properties": {
        "S3Prefix": {
          "Documentation": "http://docs.aws.amazon.com/AWSCloudFormation/latest/UserGuide/aws-properties-kendra-datasource-documentsmetadataconfiguration.html#cfn-kendra-datasource-documentsmetadataconfiguration-s3prefix",
          "UpdateType": "Mutable",
          "Required": false,
          "PrimitiveType": "String"
        }
      }
    },
    "AWS::Kendra::DataSource.OneDriveConfiguration": {
      "Documentation": "http://docs.aws.amazon.com/AWSCloudFormation/latest/UserGuide/aws-properties-kendra-datasource-onedriveconfiguration.html",
      "Properties": {
        "TenantDomain": {
          "Documentation": "http://docs.aws.amazon.com/AWSCloudFormation/latest/UserGuide/aws-properties-kendra-datasource-onedriveconfiguration.html#cfn-kendra-datasource-onedriveconfiguration-tenantdomain",
          "UpdateType": "Mutable",
          "Required": true,
          "PrimitiveType": "String"
        },
        "SecretArn": {
          "Documentation": "http://docs.aws.amazon.com/AWSCloudFormation/latest/UserGuide/aws-properties-kendra-datasource-onedriveconfiguration.html#cfn-kendra-datasource-onedriveconfiguration-secretarn",
          "UpdateType": "Mutable",
          "Required": true,
          "PrimitiveType": "String"
        },
        "DisableLocalGroups": {
          "Documentation": "http://docs.aws.amazon.com/AWSCloudFormation/latest/UserGuide/aws-properties-kendra-datasource-onedriveconfiguration.html#cfn-kendra-datasource-onedriveconfiguration-disablelocalgroups",
          "UpdateType": "Mutable",
          "Required": false,
          "PrimitiveType": "Boolean"
        },
        "OneDriveUsers": {
          "Documentation": "http://docs.aws.amazon.com/AWSCloudFormation/latest/UserGuide/aws-properties-kendra-datasource-onedriveconfiguration.html#cfn-kendra-datasource-onedriveconfiguration-onedriveusers",
          "UpdateType": "Mutable",
          "Required": true,
          "Type": "OneDriveUsers"
        },
        "InclusionPatterns": {
          "Documentation": "http://docs.aws.amazon.com/AWSCloudFormation/latest/UserGuide/aws-properties-kendra-datasource-onedriveconfiguration.html#cfn-kendra-datasource-onedriveconfiguration-inclusionpatterns",
          "UpdateType": "Mutable",
          "Required": false,
          "Type": "List",
          "PrimitiveItemType": "String",
          "DuplicatesAllowed": true
        },
        "FieldMappings": {
          "Documentation": "http://docs.aws.amazon.com/AWSCloudFormation/latest/UserGuide/aws-properties-kendra-datasource-onedriveconfiguration.html#cfn-kendra-datasource-onedriveconfiguration-fieldmappings",
          "UpdateType": "Mutable",
          "Required": false,
          "Type": "List",
          "ItemType": "DataSourceToIndexFieldMapping",
          "DuplicatesAllowed": true
        },
        "ExclusionPatterns": {
          "Documentation": "http://docs.aws.amazon.com/AWSCloudFormation/latest/UserGuide/aws-properties-kendra-datasource-onedriveconfiguration.html#cfn-kendra-datasource-onedriveconfiguration-exclusionpatterns",
          "UpdateType": "Mutable",
          "Required": false,
          "Type": "List",
          "PrimitiveItemType": "String",
          "DuplicatesAllowed": true
        }
      }
    },
    "AWS::Kendra::DataSource.S3Path": {
      "Documentation": "http://docs.aws.amazon.com/AWSCloudFormation/latest/UserGuide/aws-properties-kendra-datasource-s3path.html",
      "Properties": {
        "Bucket": {
          "Documentation": "http://docs.aws.amazon.com/AWSCloudFormation/latest/UserGuide/aws-properties-kendra-datasource-s3path.html#cfn-kendra-datasource-s3path-bucket",
          "UpdateType": "Mutable",
          "Required": true,
          "PrimitiveType": "String"
        },
        "Key": {
          "Documentation": "http://docs.aws.amazon.com/AWSCloudFormation/latest/UserGuide/aws-properties-kendra-datasource-s3path.html#cfn-kendra-datasource-s3path-key",
          "UpdateType": "Mutable",
          "Required": true,
          "PrimitiveType": "String"
        }
      }
    },
    "AWS::Kendra::DataSource.ConfluenceBlogToIndexFieldMapping": {
      "Documentation": "http://docs.aws.amazon.com/AWSCloudFormation/latest/UserGuide/aws-properties-kendra-datasource-confluenceblogtoindexfieldmapping.html",
      "Properties": {
        "DateFieldFormat": {
          "Documentation": "http://docs.aws.amazon.com/AWSCloudFormation/latest/UserGuide/aws-properties-kendra-datasource-confluenceblogtoindexfieldmapping.html#cfn-kendra-datasource-confluenceblogtoindexfieldmapping-datefieldformat",
          "UpdateType": "Mutable",
          "Required": false,
          "PrimitiveType": "String"
        },
        "IndexFieldName": {
          "Documentation": "http://docs.aws.amazon.com/AWSCloudFormation/latest/UserGuide/aws-properties-kendra-datasource-confluenceblogtoindexfieldmapping.html#cfn-kendra-datasource-confluenceblogtoindexfieldmapping-indexfieldname",
          "UpdateType": "Mutable",
          "Required": true,
          "PrimitiveType": "String"
        },
        "DataSourceFieldName": {
          "Documentation": "http://docs.aws.amazon.com/AWSCloudFormation/latest/UserGuide/aws-properties-kendra-datasource-confluenceblogtoindexfieldmapping.html#cfn-kendra-datasource-confluenceblogtoindexfieldmapping-datasourcefieldname",
          "UpdateType": "Mutable",
          "Required": true,
          "PrimitiveType": "String"
        }
      }
    },
    "AWS::Kendra::DataSource.InlineCustomDocumentEnrichmentConfiguration": {
      "Documentation": "http://docs.aws.amazon.com/AWSCloudFormation/latest/UserGuide/aws-properties-kendra-datasource-inlinecustomdocumentenrichmentconfiguration.html",
      "Properties": {
        "Condition": {
          "Documentation": "http://docs.aws.amazon.com/AWSCloudFormation/latest/UserGuide/aws-properties-kendra-datasource-inlinecustomdocumentenrichmentconfiguration.html#cfn-kendra-datasource-inlinecustomdocumentenrichmentconfiguration-condition",
          "UpdateType": "Mutable",
          "Required": false,
          "Type": "DocumentAttributeCondition"
        },
        "Target": {
          "Documentation": "http://docs.aws.amazon.com/AWSCloudFormation/latest/UserGuide/aws-properties-kendra-datasource-inlinecustomdocumentenrichmentconfiguration.html#cfn-kendra-datasource-inlinecustomdocumentenrichmentconfiguration-target",
          "UpdateType": "Mutable",
          "Required": false,
          "Type": "DocumentAttributeTarget"
        },
        "DocumentContentDeletion": {
          "Documentation": "http://docs.aws.amazon.com/AWSCloudFormation/latest/UserGuide/aws-properties-kendra-datasource-inlinecustomdocumentenrichmentconfiguration.html#cfn-kendra-datasource-inlinecustomdocumentenrichmentconfiguration-documentcontentdeletion",
          "UpdateType": "Mutable",
          "Required": false,
          "PrimitiveType": "Boolean"
        }
      }
    },
    "AWS::Kendra::DataSource.OneDriveUsers": {
      "Documentation": "http://docs.aws.amazon.com/AWSCloudFormation/latest/UserGuide/aws-properties-kendra-datasource-onedriveusers.html",
      "Properties": {
        "OneDriveUserList": {
          "Documentation": "http://docs.aws.amazon.com/AWSCloudFormation/latest/UserGuide/aws-properties-kendra-datasource-onedriveusers.html#cfn-kendra-datasource-onedriveusers-onedriveuserlist",
          "UpdateType": "Mutable",
          "Required": false,
          "Type": "List",
          "PrimitiveItemType": "String",
          "DuplicatesAllowed": true
        },
        "OneDriveUserS3Path": {
          "Documentation": "http://docs.aws.amazon.com/AWSCloudFormation/latest/UserGuide/aws-properties-kendra-datasource-onedriveusers.html#cfn-kendra-datasource-onedriveusers-onedriveusers3path",
          "UpdateType": "Mutable",
          "Required": false,
          "Type": "S3Path"
        }
      }
    },
    "AWS::Kendra::DataSource.ServiceNowServiceCatalogConfiguration": {
      "Documentation": "http://docs.aws.amazon.com/AWSCloudFormation/latest/UserGuide/aws-properties-kendra-datasource-servicenowservicecatalogconfiguration.html",
      "Properties": {
        "DocumentTitleFieldName": {
          "Documentation": "http://docs.aws.amazon.com/AWSCloudFormation/latest/UserGuide/aws-properties-kendra-datasource-servicenowservicecatalogconfiguration.html#cfn-kendra-datasource-servicenowservicecatalogconfiguration-documenttitlefieldname",
          "UpdateType": "Mutable",
          "Required": false,
          "PrimitiveType": "String"
        },
        "IncludeAttachmentFilePatterns": {
          "Documentation": "http://docs.aws.amazon.com/AWSCloudFormation/latest/UserGuide/aws-properties-kendra-datasource-servicenowservicecatalogconfiguration.html#cfn-kendra-datasource-servicenowservicecatalogconfiguration-includeattachmentfilepatterns",
          "UpdateType": "Mutable",
          "Required": false,
          "Type": "List",
          "PrimitiveItemType": "String",
          "DuplicatesAllowed": true
        },
        "ExcludeAttachmentFilePatterns": {
          "Documentation": "http://docs.aws.amazon.com/AWSCloudFormation/latest/UserGuide/aws-properties-kendra-datasource-servicenowservicecatalogconfiguration.html#cfn-kendra-datasource-servicenowservicecatalogconfiguration-excludeattachmentfilepatterns",
          "UpdateType": "Mutable",
          "Required": false,
          "Type": "List",
          "PrimitiveItemType": "String",
          "DuplicatesAllowed": true
        },
        "CrawlAttachments": {
          "Documentation": "http://docs.aws.amazon.com/AWSCloudFormation/latest/UserGuide/aws-properties-kendra-datasource-servicenowservicecatalogconfiguration.html#cfn-kendra-datasource-servicenowservicecatalogconfiguration-crawlattachments",
          "UpdateType": "Mutable",
          "Required": false,
          "PrimitiveType": "Boolean"
        },
        "FieldMappings": {
          "Documentation": "http://docs.aws.amazon.com/AWSCloudFormation/latest/UserGuide/aws-properties-kendra-datasource-servicenowservicecatalogconfiguration.html#cfn-kendra-datasource-servicenowservicecatalogconfiguration-fieldmappings",
          "UpdateType": "Mutable",
          "Required": false,
          "Type": "List",
          "ItemType": "DataSourceToIndexFieldMapping",
          "DuplicatesAllowed": true
        },
        "DocumentDataFieldName": {
          "Documentation": "http://docs.aws.amazon.com/AWSCloudFormation/latest/UserGuide/aws-properties-kendra-datasource-servicenowservicecatalogconfiguration.html#cfn-kendra-datasource-servicenowservicecatalogconfiguration-documentdatafieldname",
          "UpdateType": "Mutable",
          "Required": true,
          "PrimitiveType": "String"
        }
      }
    },
    "AWS::Kendra::DataSource.WebCrawlerAuthenticationConfiguration": {
      "Documentation": "http://docs.aws.amazon.com/AWSCloudFormation/latest/UserGuide/aws-properties-kendra-datasource-webcrawlerauthenticationconfiguration.html",
      "Properties": {
        "BasicAuthentication": {
          "Documentation": "http://docs.aws.amazon.com/AWSCloudFormation/latest/UserGuide/aws-properties-kendra-datasource-webcrawlerauthenticationconfiguration.html#cfn-kendra-datasource-webcrawlerauthenticationconfiguration-basicauthentication",
          "UpdateType": "Mutable",
          "Required": false,
          "Type": "List",
          "ItemType": "WebCrawlerBasicAuthentication",
          "DuplicatesAllowed": true
        }
      }
    },
    "AWS::Kendra::DataSource.ProxyConfiguration": {
      "Documentation": "http://docs.aws.amazon.com/AWSCloudFormation/latest/UserGuide/aws-properties-kendra-datasource-proxyconfiguration.html",
      "Properties": {
        "Port": {
          "Documentation": "http://docs.aws.amazon.com/AWSCloudFormation/latest/UserGuide/aws-properties-kendra-datasource-proxyconfiguration.html#cfn-kendra-datasource-proxyconfiguration-port",
          "UpdateType": "Mutable",
          "Required": true,
          "PrimitiveType": "Integer"
        },
        "Host": {
          "Documentation": "http://docs.aws.amazon.com/AWSCloudFormation/latest/UserGuide/aws-properties-kendra-datasource-proxyconfiguration.html#cfn-kendra-datasource-proxyconfiguration-host",
          "UpdateType": "Mutable",
          "Required": true,
          "PrimitiveType": "String"
        },
        "Credentials": {
          "Documentation": "http://docs.aws.amazon.com/AWSCloudFormation/latest/UserGuide/aws-properties-kendra-datasource-proxyconfiguration.html#cfn-kendra-datasource-proxyconfiguration-credentials",
          "UpdateType": "Mutable",
          "Required": false,
          "PrimitiveType": "String"
        }
      }
    },
    "AWS::Kendra::DataSource.DocumentAttributeCondition": {
      "Documentation": "http://docs.aws.amazon.com/AWSCloudFormation/latest/UserGuide/aws-properties-kendra-datasource-documentattributecondition.html",
      "Properties": {
        "Operator": {
          "Documentation": "http://docs.aws.amazon.com/AWSCloudFormation/latest/UserGuide/aws-properties-kendra-datasource-documentattributecondition.html#cfn-kendra-datasource-documentattributecondition-operator",
          "UpdateType": "Mutable",
          "Required": true,
          "PrimitiveType": "String"
        },
        "ConditionDocumentAttributeKey": {
          "Documentation": "http://docs.aws.amazon.com/AWSCloudFormation/latest/UserGuide/aws-properties-kendra-datasource-documentattributecondition.html#cfn-kendra-datasource-documentattributecondition-conditiondocumentattributekey",
          "UpdateType": "Mutable",
          "Required": true,
          "PrimitiveType": "String"
        },
        "ConditionOnValue": {
          "Documentation": "http://docs.aws.amazon.com/AWSCloudFormation/latest/UserGuide/aws-properties-kendra-datasource-documentattributecondition.html#cfn-kendra-datasource-documentattributecondition-conditiononvalue",
          "UpdateType": "Mutable",
          "Required": false,
          "Type": "DocumentAttributeValue"
        }
      }
    },
    "AWS::Kendra::DataSource.SqlConfiguration": {
      "Documentation": "http://docs.aws.amazon.com/AWSCloudFormation/latest/UserGuide/aws-properties-kendra-datasource-sqlconfiguration.html",
      "Properties": {
        "QueryIdentifiersEnclosingOption": {
          "Documentation": "http://docs.aws.amazon.com/AWSCloudFormation/latest/UserGuide/aws-properties-kendra-datasource-sqlconfiguration.html#cfn-kendra-datasource-sqlconfiguration-queryidentifiersenclosingoption",
          "UpdateType": "Mutable",
          "Required": false,
          "PrimitiveType": "String"
        }
      }
    },
    "AWS::Kendra::DataSource.DocumentAttributeTarget": {
      "Documentation": "http://docs.aws.amazon.com/AWSCloudFormation/latest/UserGuide/aws-properties-kendra-datasource-documentattributetarget.html",
      "Properties": {
        "TargetDocumentAttributeKey": {
          "Documentation": "http://docs.aws.amazon.com/AWSCloudFormation/latest/UserGuide/aws-properties-kendra-datasource-documentattributetarget.html#cfn-kendra-datasource-documentattributetarget-targetdocumentattributekey",
          "UpdateType": "Mutable",
          "Required": true,
          "PrimitiveType": "String"
        },
        "TargetDocumentAttributeValueDeletion": {
          "Documentation": "http://docs.aws.amazon.com/AWSCloudFormation/latest/UserGuide/aws-properties-kendra-datasource-documentattributetarget.html#cfn-kendra-datasource-documentattributetarget-targetdocumentattributevaluedeletion",
          "UpdateType": "Mutable",
          "Required": false,
          "PrimitiveType": "Boolean"
        },
        "TargetDocumentAttributeValue": {
          "Documentation": "http://docs.aws.amazon.com/AWSCloudFormation/latest/UserGuide/aws-properties-kendra-datasource-documentattributetarget.html#cfn-kendra-datasource-documentattributetarget-targetdocumentattributevalue",
          "UpdateType": "Mutable",
          "Required": false,
          "Type": "DocumentAttributeValue"
        }
      }
    },
    "AWS::Kendra::DataSource.CustomDocumentEnrichmentConfiguration": {
      "Documentation": "http://docs.aws.amazon.com/AWSCloudFormation/latest/UserGuide/aws-properties-kendra-datasource-customdocumentenrichmentconfiguration.html",
      "Properties": {
        "InlineConfigurations": {
          "Documentation": "http://docs.aws.amazon.com/AWSCloudFormation/latest/UserGuide/aws-properties-kendra-datasource-customdocumentenrichmentconfiguration.html#cfn-kendra-datasource-customdocumentenrichmentconfiguration-inlineconfigurations",
          "UpdateType": "Mutable",
          "Required": false,
          "Type": "List",
          "ItemType": "InlineCustomDocumentEnrichmentConfiguration",
          "DuplicatesAllowed": true
        },
        "PreExtractionHookConfiguration": {
          "Documentation": "http://docs.aws.amazon.com/AWSCloudFormation/latest/UserGuide/aws-properties-kendra-datasource-customdocumentenrichmentconfiguration.html#cfn-kendra-datasource-customdocumentenrichmentconfiguration-preextractionhookconfiguration",
          "UpdateType": "Mutable",
          "Required": false,
          "Type": "HookConfiguration"
        },
        "PostExtractionHookConfiguration": {
          "Documentation": "http://docs.aws.amazon.com/AWSCloudFormation/latest/UserGuide/aws-properties-kendra-datasource-customdocumentenrichmentconfiguration.html#cfn-kendra-datasource-customdocumentenrichmentconfiguration-postextractionhookconfiguration",
          "UpdateType": "Mutable",
          "Required": false,
          "Type": "HookConfiguration"
        },
        "RoleArn": {
          "Documentation": "http://docs.aws.amazon.com/AWSCloudFormation/latest/UserGuide/aws-properties-kendra-datasource-customdocumentenrichmentconfiguration.html#cfn-kendra-datasource-customdocumentenrichmentconfiguration-rolearn",
          "UpdateType": "Mutable",
          "Required": false,
          "PrimitiveType": "String"
        }
      }
    },
    "AWS::Kendra::DataSource.SalesforceStandardObjectConfiguration": {
      "Documentation": "http://docs.aws.amazon.com/AWSCloudFormation/latest/UserGuide/aws-properties-kendra-datasource-salesforcestandardobjectconfiguration.html",
      "Properties": {
        "DocumentTitleFieldName": {
          "Documentation": "http://docs.aws.amazon.com/AWSCloudFormation/latest/UserGuide/aws-properties-kendra-datasource-salesforcestandardobjectconfiguration.html#cfn-kendra-datasource-salesforcestandardobjectconfiguration-documenttitlefieldname",
          "UpdateType": "Mutable",
          "Required": false,
          "PrimitiveType": "String"
        },
        "FieldMappings": {
          "Documentation": "http://docs.aws.amazon.com/AWSCloudFormation/latest/UserGuide/aws-properties-kendra-datasource-salesforcestandardobjectconfiguration.html#cfn-kendra-datasource-salesforcestandardobjectconfiguration-fieldmappings",
          "UpdateType": "Mutable",
          "Required": false,
          "Type": "List",
          "ItemType": "DataSourceToIndexFieldMapping",
          "DuplicatesAllowed": true
        },
        "Name": {
          "Documentation": "http://docs.aws.amazon.com/AWSCloudFormation/latest/UserGuide/aws-properties-kendra-datasource-salesforcestandardobjectconfiguration.html#cfn-kendra-datasource-salesforcestandardobjectconfiguration-name",
          "UpdateType": "Mutable",
          "Required": true,
          "PrimitiveType": "String"
        },
        "DocumentDataFieldName": {
          "Documentation": "http://docs.aws.amazon.com/AWSCloudFormation/latest/UserGuide/aws-properties-kendra-datasource-salesforcestandardobjectconfiguration.html#cfn-kendra-datasource-salesforcestandardobjectconfiguration-documentdatafieldname",
          "UpdateType": "Mutable",
          "Required": true,
          "PrimitiveType": "String"
        }
      }
    },
    "AWS::Kendra::DataSource.AclConfiguration": {
      "Documentation": "http://docs.aws.amazon.com/AWSCloudFormation/latest/UserGuide/aws-properties-kendra-datasource-aclconfiguration.html",
      "Properties": {
        "AllowedGroupsColumnName": {
          "Documentation": "http://docs.aws.amazon.com/AWSCloudFormation/latest/UserGuide/aws-properties-kendra-datasource-aclconfiguration.html#cfn-kendra-datasource-aclconfiguration-allowedgroupscolumnname",
          "UpdateType": "Mutable",
          "Required": true,
          "PrimitiveType": "String"
        }
      }
    },
    "AWS::Kendra::DataSource.S3DataSourceConfiguration": {
      "Documentation": "http://docs.aws.amazon.com/AWSCloudFormation/latest/UserGuide/aws-properties-kendra-datasource-s3datasourceconfiguration.html",
      "Properties": {
        "BucketName": {
          "Documentation": "http://docs.aws.amazon.com/AWSCloudFormation/latest/UserGuide/aws-properties-kendra-datasource-s3datasourceconfiguration.html#cfn-kendra-datasource-s3datasourceconfiguration-bucketname",
          "UpdateType": "Mutable",
          "Required": true,
          "PrimitiveType": "String"
        },
        "InclusionPatterns": {
          "Documentation": "http://docs.aws.amazon.com/AWSCloudFormation/latest/UserGuide/aws-properties-kendra-datasource-s3datasourceconfiguration.html#cfn-kendra-datasource-s3datasourceconfiguration-inclusionpatterns",
          "UpdateType": "Mutable",
          "Required": false,
          "Type": "List",
          "PrimitiveItemType": "String",
          "DuplicatesAllowed": true
        },
        "InclusionPrefixes": {
          "Documentation": "http://docs.aws.amazon.com/AWSCloudFormation/latest/UserGuide/aws-properties-kendra-datasource-s3datasourceconfiguration.html#cfn-kendra-datasource-s3datasourceconfiguration-inclusionprefixes",
          "UpdateType": "Mutable",
          "Required": false,
          "Type": "List",
          "PrimitiveItemType": "String",
          "DuplicatesAllowed": true
        },
        "AccessControlListConfiguration": {
          "Documentation": "http://docs.aws.amazon.com/AWSCloudFormation/latest/UserGuide/aws-properties-kendra-datasource-s3datasourceconfiguration.html#cfn-kendra-datasource-s3datasourceconfiguration-accesscontrollistconfiguration",
          "UpdateType": "Mutable",
          "Required": false,
          "Type": "AccessControlListConfiguration"
        },
        "ExclusionPatterns": {
          "Documentation": "http://docs.aws.amazon.com/AWSCloudFormation/latest/UserGuide/aws-properties-kendra-datasource-s3datasourceconfiguration.html#cfn-kendra-datasource-s3datasourceconfiguration-exclusionpatterns",
          "UpdateType": "Mutable",
          "Required": false,
          "Type": "List",
          "PrimitiveItemType": "String",
          "DuplicatesAllowed": true
        },
        "DocumentsMetadataConfiguration": {
          "Documentation": "http://docs.aws.amazon.com/AWSCloudFormation/latest/UserGuide/aws-properties-kendra-datasource-s3datasourceconfiguration.html#cfn-kendra-datasource-s3datasourceconfiguration-documentsmetadataconfiguration",
          "UpdateType": "Mutable",
          "Required": false,
          "Type": "DocumentsMetadataConfiguration"
        }
      }
    },
    "AWS::Kendra::DataSource.DatabaseConfiguration": {
      "Documentation": "http://docs.aws.amazon.com/AWSCloudFormation/latest/UserGuide/aws-properties-kendra-datasource-databaseconfiguration.html",
      "Properties": {
        "SqlConfiguration": {
          "Documentation": "http://docs.aws.amazon.com/AWSCloudFormation/latest/UserGuide/aws-properties-kendra-datasource-databaseconfiguration.html#cfn-kendra-datasource-databaseconfiguration-sqlconfiguration",
          "UpdateType": "Mutable",
          "Required": false,
          "Type": "SqlConfiguration"
        },
        "DatabaseEngineType": {
          "Documentation": "http://docs.aws.amazon.com/AWSCloudFormation/latest/UserGuide/aws-properties-kendra-datasource-databaseconfiguration.html#cfn-kendra-datasource-databaseconfiguration-databaseenginetype",
          "UpdateType": "Mutable",
          "Required": true,
          "PrimitiveType": "String"
        },
        "ConnectionConfiguration": {
          "Documentation": "http://docs.aws.amazon.com/AWSCloudFormation/latest/UserGuide/aws-properties-kendra-datasource-databaseconfiguration.html#cfn-kendra-datasource-databaseconfiguration-connectionconfiguration",
          "UpdateType": "Mutable",
          "Required": true,
          "Type": "ConnectionConfiguration"
        },
        "ColumnConfiguration": {
          "Documentation": "http://docs.aws.amazon.com/AWSCloudFormation/latest/UserGuide/aws-properties-kendra-datasource-databaseconfiguration.html#cfn-kendra-datasource-databaseconfiguration-columnconfiguration",
          "UpdateType": "Mutable",
          "Required": true,
          "Type": "ColumnConfiguration"
        },
        "VpcConfiguration": {
          "Documentation": "http://docs.aws.amazon.com/AWSCloudFormation/latest/UserGuide/aws-properties-kendra-datasource-databaseconfiguration.html#cfn-kendra-datasource-databaseconfiguration-vpcconfiguration",
          "UpdateType": "Mutable",
          "Required": false,
          "Type": "DataSourceVpcConfiguration"
        },
        "AclConfiguration": {
          "Documentation": "http://docs.aws.amazon.com/AWSCloudFormation/latest/UserGuide/aws-properties-kendra-datasource-databaseconfiguration.html#cfn-kendra-datasource-databaseconfiguration-aclconfiguration",
          "UpdateType": "Mutable",
          "Required": false,
          "Type": "AclConfiguration"
        }
      }
    },
    "AWS::Kendra::DataSource.DataSourceConfiguration": {
      "Documentation": "http://docs.aws.amazon.com/AWSCloudFormation/latest/UserGuide/aws-properties-kendra-datasource-datasourceconfiguration.html",
      "Properties": {
        "GoogleDriveConfiguration": {
          "Documentation": "http://docs.aws.amazon.com/AWSCloudFormation/latest/UserGuide/aws-properties-kendra-datasource-datasourceconfiguration.html#cfn-kendra-datasource-datasourceconfiguration-googledriveconfiguration",
          "UpdateType": "Mutable",
          "Required": false,
          "Type": "GoogleDriveConfiguration"
        },
        "WebCrawlerConfiguration": {
          "Documentation": "http://docs.aws.amazon.com/AWSCloudFormation/latest/UserGuide/aws-properties-kendra-datasource-datasourceconfiguration.html#cfn-kendra-datasource-datasourceconfiguration-webcrawlerconfiguration",
          "UpdateType": "Mutable",
          "Required": false,
          "Type": "WebCrawlerConfiguration"
        },
        "S3Configuration": {
          "Documentation": "http://docs.aws.amazon.com/AWSCloudFormation/latest/UserGuide/aws-properties-kendra-datasource-datasourceconfiguration.html#cfn-kendra-datasource-datasourceconfiguration-s3configuration",
          "UpdateType": "Mutable",
          "Required": false,
          "Type": "S3DataSourceConfiguration"
        },
        "SalesforceConfiguration": {
          "Documentation": "http://docs.aws.amazon.com/AWSCloudFormation/latest/UserGuide/aws-properties-kendra-datasource-datasourceconfiguration.html#cfn-kendra-datasource-datasourceconfiguration-salesforceconfiguration",
          "UpdateType": "Mutable",
          "Required": false,
          "Type": "SalesforceConfiguration"
        },
        "DatabaseConfiguration": {
          "Documentation": "http://docs.aws.amazon.com/AWSCloudFormation/latest/UserGuide/aws-properties-kendra-datasource-datasourceconfiguration.html#cfn-kendra-datasource-datasourceconfiguration-databaseconfiguration",
          "UpdateType": "Mutable",
          "Required": false,
          "Type": "DatabaseConfiguration"
        },
        "SharePointConfiguration": {
          "Documentation": "http://docs.aws.amazon.com/AWSCloudFormation/latest/UserGuide/aws-properties-kendra-datasource-datasourceconfiguration.html#cfn-kendra-datasource-datasourceconfiguration-sharepointconfiguration",
          "UpdateType": "Mutable",
          "Required": false,
          "Type": "SharePointConfiguration"
        },
        "ConfluenceConfiguration": {
          "Documentation": "http://docs.aws.amazon.com/AWSCloudFormation/latest/UserGuide/aws-properties-kendra-datasource-datasourceconfiguration.html#cfn-kendra-datasource-datasourceconfiguration-confluenceconfiguration",
          "UpdateType": "Mutable",
          "Required": false,
          "Type": "ConfluenceConfiguration"
        },
        "WorkDocsConfiguration": {
          "Documentation": "http://docs.aws.amazon.com/AWSCloudFormation/latest/UserGuide/aws-properties-kendra-datasource-datasourceconfiguration.html#cfn-kendra-datasource-datasourceconfiguration-workdocsconfiguration",
          "UpdateType": "Mutable",
          "Required": false,
          "Type": "WorkDocsConfiguration"
        },
        "OneDriveConfiguration": {
          "Documentation": "http://docs.aws.amazon.com/AWSCloudFormation/latest/UserGuide/aws-properties-kendra-datasource-datasourceconfiguration.html#cfn-kendra-datasource-datasourceconfiguration-onedriveconfiguration",
          "UpdateType": "Mutable",
          "Required": false,
          "Type": "OneDriveConfiguration"
        },
        "ServiceNowConfiguration": {
          "Documentation": "http://docs.aws.amazon.com/AWSCloudFormation/latest/UserGuide/aws-properties-kendra-datasource-datasourceconfiguration.html#cfn-kendra-datasource-datasourceconfiguration-servicenowconfiguration",
          "UpdateType": "Mutable",
          "Required": false,
          "Type": "ServiceNowConfiguration"
        }
      }
    },
    "AWS::Kendra::DataSource.SalesforceKnowledgeArticleConfiguration": {
      "Documentation": "http://docs.aws.amazon.com/AWSCloudFormation/latest/UserGuide/aws-properties-kendra-datasource-salesforceknowledgearticleconfiguration.html",
      "Properties": {
        "IncludedStates": {
          "Documentation": "http://docs.aws.amazon.com/AWSCloudFormation/latest/UserGuide/aws-properties-kendra-datasource-salesforceknowledgearticleconfiguration.html#cfn-kendra-datasource-salesforceknowledgearticleconfiguration-includedstates",
          "UpdateType": "Mutable",
          "Required": true,
          "Type": "List",
          "PrimitiveItemType": "String",
          "DuplicatesAllowed": true
        },
        "StandardKnowledgeArticleTypeConfiguration": {
          "Documentation": "http://docs.aws.amazon.com/AWSCloudFormation/latest/UserGuide/aws-properties-kendra-datasource-salesforceknowledgearticleconfiguration.html#cfn-kendra-datasource-salesforceknowledgearticleconfiguration-standardknowledgearticletypeconfiguration",
          "UpdateType": "Mutable",
          "Required": false,
          "Type": "SalesforceStandardKnowledgeArticleTypeConfiguration"
        },
        "CustomKnowledgeArticleTypeConfigurations": {
          "Documentation": "http://docs.aws.amazon.com/AWSCloudFormation/latest/UserGuide/aws-properties-kendra-datasource-salesforceknowledgearticleconfiguration.html#cfn-kendra-datasource-salesforceknowledgearticleconfiguration-customknowledgearticletypeconfigurations",
          "UpdateType": "Mutable",
          "Required": false,
          "Type": "List",
          "ItemType": "SalesforceCustomKnowledgeArticleTypeConfiguration",
          "DuplicatesAllowed": true
        }
      }
    },
    "AWS::Kendra::DataSource.WebCrawlerUrls": {
      "Documentation": "http://docs.aws.amazon.com/AWSCloudFormation/latest/UserGuide/aws-properties-kendra-datasource-webcrawlerurls.html",
      "Properties": {
        "SiteMapsConfiguration": {
          "Documentation": "http://docs.aws.amazon.com/AWSCloudFormation/latest/UserGuide/aws-properties-kendra-datasource-webcrawlerurls.html#cfn-kendra-datasource-webcrawlerurls-sitemapsconfiguration",
          "UpdateType": "Mutable",
          "Required": false,
          "Type": "WebCrawlerSiteMapsConfiguration"
        },
        "SeedUrlConfiguration": {
          "Documentation": "http://docs.aws.amazon.com/AWSCloudFormation/latest/UserGuide/aws-properties-kendra-datasource-webcrawlerurls.html#cfn-kendra-datasource-webcrawlerurls-seedurlconfiguration",
          "UpdateType": "Mutable",
          "Required": false,
          "Type": "WebCrawlerSeedUrlConfiguration"
        }
      }
    },
    "AWS::Kendra::DataSource.ConfluenceSpaceConfiguration": {
      "Documentation": "http://docs.aws.amazon.com/AWSCloudFormation/latest/UserGuide/aws-properties-kendra-datasource-confluencespaceconfiguration.html",
      "Properties": {
        "ExcludeSpaces": {
          "Documentation": "http://docs.aws.amazon.com/AWSCloudFormation/latest/UserGuide/aws-properties-kendra-datasource-confluencespaceconfiguration.html#cfn-kendra-datasource-confluencespaceconfiguration-excludespaces",
          "UpdateType": "Mutable",
          "Required": false,
          "Type": "List",
          "PrimitiveItemType": "String",
          "DuplicatesAllowed": true
        },
        "SpaceFieldMappings": {
          "Documentation": "http://docs.aws.amazon.com/AWSCloudFormation/latest/UserGuide/aws-properties-kendra-datasource-confluencespaceconfiguration.html#cfn-kendra-datasource-confluencespaceconfiguration-spacefieldmappings",
          "UpdateType": "Mutable",
          "Required": false,
          "Type": "List",
          "ItemType": "ConfluenceSpaceToIndexFieldMapping",
          "DuplicatesAllowed": true
        },
        "CrawlPersonalSpaces": {
          "Documentation": "http://docs.aws.amazon.com/AWSCloudFormation/latest/UserGuide/aws-properties-kendra-datasource-confluencespaceconfiguration.html#cfn-kendra-datasource-confluencespaceconfiguration-crawlpersonalspaces",
          "UpdateType": "Mutable",
          "Required": false,
          "PrimitiveType": "Boolean"
        },
        "CrawlArchivedSpaces": {
          "Documentation": "http://docs.aws.amazon.com/AWSCloudFormation/latest/UserGuide/aws-properties-kendra-datasource-confluencespaceconfiguration.html#cfn-kendra-datasource-confluencespaceconfiguration-crawlarchivedspaces",
          "UpdateType": "Mutable",
          "Required": false,
          "PrimitiveType": "Boolean"
        },
        "IncludeSpaces": {
          "Documentation": "http://docs.aws.amazon.com/AWSCloudFormation/latest/UserGuide/aws-properties-kendra-datasource-confluencespaceconfiguration.html#cfn-kendra-datasource-confluencespaceconfiguration-includespaces",
          "UpdateType": "Mutable",
          "Required": false,
          "Type": "List",
          "PrimitiveItemType": "String",
          "DuplicatesAllowed": true
        }
      }
    },
    "AWS::Kendra::DataSource.WebCrawlerSiteMapsConfiguration": {
      "Documentation": "http://docs.aws.amazon.com/AWSCloudFormation/latest/UserGuide/aws-properties-kendra-datasource-webcrawlersitemapsconfiguration.html",
      "Properties": {
        "SiteMaps": {
          "Documentation": "http://docs.aws.amazon.com/AWSCloudFormation/latest/UserGuide/aws-properties-kendra-datasource-webcrawlersitemapsconfiguration.html#cfn-kendra-datasource-webcrawlersitemapsconfiguration-sitemaps",
          "UpdateType": "Mutable",
          "Required": true,
          "Type": "List",
          "PrimitiveItemType": "String",
          "DuplicatesAllowed": true
        }
      }
    },
    "AWS::Kendra::DataSource.SharePointConfiguration": {
      "Documentation": "http://docs.aws.amazon.com/AWSCloudFormation/latest/UserGuide/aws-properties-kendra-datasource-sharepointconfiguration.html",
      "Properties": {
        "SecretArn": {
          "Documentation": "http://docs.aws.amazon.com/AWSCloudFormation/latest/UserGuide/aws-properties-kendra-datasource-sharepointconfiguration.html#cfn-kendra-datasource-sharepointconfiguration-secretarn",
          "UpdateType": "Mutable",
          "Required": true,
          "PrimitiveType": "String"
        },
        "DocumentTitleFieldName": {
          "Documentation": "http://docs.aws.amazon.com/AWSCloudFormation/latest/UserGuide/aws-properties-kendra-datasource-sharepointconfiguration.html#cfn-kendra-datasource-sharepointconfiguration-documenttitlefieldname",
          "UpdateType": "Mutable",
          "Required": false,
          "PrimitiveType": "String"
        },
        "SslCertificateS3Path": {
          "Documentation": "http://docs.aws.amazon.com/AWSCloudFormation/latest/UserGuide/aws-properties-kendra-datasource-sharepointconfiguration.html#cfn-kendra-datasource-sharepointconfiguration-sslcertificates3path",
          "UpdateType": "Mutable",
          "Required": false,
          "Type": "S3Path"
        },
        "DisableLocalGroups": {
          "Documentation": "http://docs.aws.amazon.com/AWSCloudFormation/latest/UserGuide/aws-properties-kendra-datasource-sharepointconfiguration.html#cfn-kendra-datasource-sharepointconfiguration-disablelocalgroups",
          "UpdateType": "Mutable",
          "Required": false,
          "PrimitiveType": "Boolean"
        },
        "CrawlAttachments": {
          "Documentation": "http://docs.aws.amazon.com/AWSCloudFormation/latest/UserGuide/aws-properties-kendra-datasource-sharepointconfiguration.html#cfn-kendra-datasource-sharepointconfiguration-crawlattachments",
          "UpdateType": "Mutable",
          "Required": false,
          "PrimitiveType": "Boolean"
        },
        "InclusionPatterns": {
          "Documentation": "http://docs.aws.amazon.com/AWSCloudFormation/latest/UserGuide/aws-properties-kendra-datasource-sharepointconfiguration.html#cfn-kendra-datasource-sharepointconfiguration-inclusionpatterns",
          "UpdateType": "Mutable",
          "Required": false,
          "Type": "List",
          "PrimitiveItemType": "String",
          "DuplicatesAllowed": true
        },
        "VpcConfiguration": {
          "Documentation": "http://docs.aws.amazon.com/AWSCloudFormation/latest/UserGuide/aws-properties-kendra-datasource-sharepointconfiguration.html#cfn-kendra-datasource-sharepointconfiguration-vpcconfiguration",
          "UpdateType": "Mutable",
          "Required": false,
          "Type": "DataSourceVpcConfiguration"
        },
        "Urls": {
          "Documentation": "http://docs.aws.amazon.com/AWSCloudFormation/latest/UserGuide/aws-properties-kendra-datasource-sharepointconfiguration.html#cfn-kendra-datasource-sharepointconfiguration-urls",
          "UpdateType": "Mutable",
          "Required": true,
          "Type": "List",
          "PrimitiveItemType": "String",
          "DuplicatesAllowed": true
        },
        "UseChangeLog": {
          "Documentation": "http://docs.aws.amazon.com/AWSCloudFormation/latest/UserGuide/aws-properties-kendra-datasource-sharepointconfiguration.html#cfn-kendra-datasource-sharepointconfiguration-usechangelog",
          "UpdateType": "Mutable",
          "Required": false,
          "PrimitiveType": "Boolean"
        },
        "FieldMappings": {
          "Documentation": "http://docs.aws.amazon.com/AWSCloudFormation/latest/UserGuide/aws-properties-kendra-datasource-sharepointconfiguration.html#cfn-kendra-datasource-sharepointconfiguration-fieldmappings",
          "UpdateType": "Mutable",
          "Required": false,
          "Type": "List",
          "ItemType": "DataSourceToIndexFieldMapping",
          "DuplicatesAllowed": true
        },
        "ExclusionPatterns": {
          "Documentation": "http://docs.aws.amazon.com/AWSCloudFormation/latest/UserGuide/aws-properties-kendra-datasource-sharepointconfiguration.html#cfn-kendra-datasource-sharepointconfiguration-exclusionpatterns",
          "UpdateType": "Mutable",
          "Required": false,
          "Type": "List",
          "PrimitiveItemType": "String",
          "DuplicatesAllowed": true
        },
        "SharePointVersion": {
          "Documentation": "http://docs.aws.amazon.com/AWSCloudFormation/latest/UserGuide/aws-properties-kendra-datasource-sharepointconfiguration.html#cfn-kendra-datasource-sharepointconfiguration-sharepointversion",
          "UpdateType": "Mutable",
          "Required": true,
          "PrimitiveType": "String"
        }
      }
    },
    "AWS::Kendra::DataSource.ConfluenceBlogConfiguration": {
      "Documentation": "http://docs.aws.amazon.com/AWSCloudFormation/latest/UserGuide/aws-properties-kendra-datasource-confluenceblogconfiguration.html",
      "Properties": {
        "BlogFieldMappings": {
          "Documentation": "http://docs.aws.amazon.com/AWSCloudFormation/latest/UserGuide/aws-properties-kendra-datasource-confluenceblogconfiguration.html#cfn-kendra-datasource-confluenceblogconfiguration-blogfieldmappings",
          "UpdateType": "Mutable",
          "Required": false,
          "Type": "List",
          "ItemType": "ConfluenceBlogToIndexFieldMapping",
          "DuplicatesAllowed": true
        }
      }
    },
    "Tag": {
      "Documentation": "http://docs.aws.amazon.com/AWSCloudFormation/latest/UserGuide/aws-properties-resource-tags.html",
      "Properties": {
        "Value": {
          "Documentation": "http://docs.aws.amazon.com/AWSCloudFormation/latest/UserGuide/aws-properties-resource-tags.html#cfn-resource-tags-value",
          "UpdateType": "Mutable",
          "Required": true,
          "PrimitiveType": "String"
        },
        "Key": {
          "Documentation": "http://docs.aws.amazon.com/AWSCloudFormation/latest/UserGuide/aws-properties-resource-tags.html#cfn-resource-tags-key",
          "UpdateType": "Mutable",
          "Required": true,
          "PrimitiveType": "String"
        }
      }
    }
  },
  "ResourceType": {
    "AWS::Kendra::DataSource": {
      "Documentation": "http://docs.aws.amazon.com/AWSCloudFormation/latest/UserGuide/aws-resource-kendra-datasource.html",
      "Properties": {
        "CustomDocumentEnrichmentConfiguration": {
          "Documentation": "http://docs.aws.amazon.com/AWSCloudFormation/latest/UserGuide/aws-resource-kendra-datasource.html#cfn-kendra-datasource-customdocumentenrichmentconfiguration",
          "UpdateType": "Mutable",
          "Required": false,
          "Type": "CustomDocumentEnrichmentConfiguration"
        },
        "IndexId": {
          "Documentation": "http://docs.aws.amazon.com/AWSCloudFormation/latest/UserGuide/aws-resource-kendra-datasource.html#cfn-kendra-datasource-indexid",
          "UpdateType": "Mutable",
          "Required": true,
          "PrimitiveType": "String"
        },
        "Type": {
          "Documentation": "http://docs.aws.amazon.com/AWSCloudFormation/latest/UserGuide/aws-resource-kendra-datasource.html#cfn-kendra-datasource-type",
          "UpdateType": "Immutable",
          "Required": true,
          "PrimitiveType": "String"
        },
        "Description": {
          "Documentation": "http://docs.aws.amazon.com/AWSCloudFormation/latest/UserGuide/aws-resource-kendra-datasource.html#cfn-kendra-datasource-description",
          "UpdateType": "Mutable",
          "Required": false,
          "PrimitiveType": "String"
        },
        "Schedule": {
          "Documentation": "http://docs.aws.amazon.com/AWSCloudFormation/latest/UserGuide/aws-resource-kendra-datasource.html#cfn-kendra-datasource-schedule",
          "UpdateType": "Mutable",
          "Required": false,
          "PrimitiveType": "String"
        },
        "DataSourceConfiguration": {
          "Documentation": "http://docs.aws.amazon.com/AWSCloudFormation/latest/UserGuide/aws-resource-kendra-datasource.html#cfn-kendra-datasource-datasourceconfiguration",
          "UpdateType": "Mutable",
          "Required": false,
          "Type": "DataSourceConfiguration"
        },
        "RoleArn": {
          "Documentation": "http://docs.aws.amazon.com/AWSCloudFormation/latest/UserGuide/aws-resource-kendra-datasource.html#cfn-kendra-datasource-rolearn",
          "UpdateType": "Mutable",
          "Required": false,
          "PrimitiveType": "String"
        },
        "Tags": {
          "Documentation": "http://docs.aws.amazon.com/AWSCloudFormation/latest/UserGuide/aws-resource-kendra-datasource.html#cfn-kendra-datasource-tags",
          "UpdateType": "Mutable",
          "Required": false,
          "Type": "List",
          "ItemType": "Tag",
          "DuplicatesAllowed": true
        },
        "Name": {
          "Documentation": "http://docs.aws.amazon.com/AWSCloudFormation/latest/UserGuide/aws-resource-kendra-datasource.html#cfn-kendra-datasource-name",
          "UpdateType": "Mutable",
          "Required": true,
          "PrimitiveType": "String"
        }
      },
      "Attributes": {
        "Id": {
          "PrimitiveType": "String"
        },
        "Arn": {
          "PrimitiveType": "String"
        }
      }
    }
  },
  "ResourceSpecificationVersion": "114.0.0"
}