{
  "PropertyTypes": {
    "AWS::KinesisAnalyticsV2::Application.ApplicationCodeConfiguration": {
      "Documentation": "http://docs.aws.amazon.com/AWSCloudFormation/latest/UserGuide/aws-properties-kinesisanalyticsv2-application-applicationcodeconfiguration.html",
      "Properties": {
        "CodeContentType": {
          "Documentation": "http://docs.aws.amazon.com/AWSCloudFormation/latest/UserGuide/aws-properties-kinesisanalyticsv2-application-applicationcodeconfiguration.html#cfn-kinesisanalyticsv2-application-applicationcodeconfiguration-codecontenttype",
          "UpdateType": "Mutable",
          "Required": true,
          "PrimitiveType": "String"
        },
        "CodeContent": {
          "Documentation": "http://docs.aws.amazon.com/AWSCloudFormation/latest/UserGuide/aws-properties-kinesisanalyticsv2-application-applicationcodeconfiguration.html#cfn-kinesisanalyticsv2-application-applicationcodeconfiguration-codecontent",
          "UpdateType": "Mutable",
          "Required": true,
          "Type": "CodeContent"
        }
      }
    },
    "AWS::KinesisAnalyticsV2::Application.JSONMappingParameters": {
      "Documentation": "http://docs.aws.amazon.com/AWSCloudFormation/latest/UserGuide/aws-properties-kinesisanalyticsv2-application-jsonmappingparameters.html",
      "Properties": {
        "RecordRowPath": {
          "Documentation": "http://docs.aws.amazon.com/AWSCloudFormation/latest/UserGuide/aws-properties-kinesisanalyticsv2-application-jsonmappingparameters.html#cfn-kinesisanalyticsv2-application-jsonmappingparameters-recordrowpath",
          "UpdateType": "Mutable",
          "Required": true,
          "PrimitiveType": "String"
        }
      }
    },
    "AWS::KinesisAnalyticsV2::Application.FlinkApplicationConfiguration": {
      "Documentation": "http://docs.aws.amazon.com/AWSCloudFormation/latest/UserGuide/aws-properties-kinesisanalyticsv2-application-flinkapplicationconfiguration.html",
      "Properties": {
        "CheckpointConfiguration": {
          "Documentation": "http://docs.aws.amazon.com/AWSCloudFormation/latest/UserGuide/aws-properties-kinesisanalyticsv2-application-flinkapplicationconfiguration.html#cfn-kinesisanalyticsv2-application-flinkapplicationconfiguration-checkpointconfiguration",
          "UpdateType": "Mutable",
          "Required": false,
          "Type": "CheckpointConfiguration"
        },
        "ParallelismConfiguration": {
          "Documentation": "http://docs.aws.amazon.com/AWSCloudFormation/latest/UserGuide/aws-properties-kinesisanalyticsv2-application-flinkapplicationconfiguration.html#cfn-kinesisanalyticsv2-application-flinkapplicationconfiguration-parallelismconfiguration",
          "UpdateType": "Mutable",
          "Required": false,
          "Type": "ParallelismConfiguration"
        },
        "MonitoringConfiguration": {
          "Documentation": "http://docs.aws.amazon.com/AWSCloudFormation/latest/UserGuide/aws-properties-kinesisanalyticsv2-application-flinkapplicationconfiguration.html#cfn-kinesisanalyticsv2-application-flinkapplicationconfiguration-monitoringconfiguration",
          "UpdateType": "Mutable",
          "Required": false,
          "Type": "MonitoringConfiguration"
        }
      }
    },
    "AWS::KinesisAnalyticsV2::Application.InputSchema": {
      "Documentation": "http://docs.aws.amazon.com/AWSCloudFormation/latest/UserGuide/aws-properties-kinesisanalyticsv2-application-inputschema.html",
      "Properties": {
        "RecordEncoding": {
          "Documentation": "http://docs.aws.amazon.com/AWSCloudFormation/latest/UserGuide/aws-properties-kinesisanalyticsv2-application-inputschema.html#cfn-kinesisanalyticsv2-application-inputschema-recordencoding",
          "UpdateType": "Mutable",
          "Required": false,
          "PrimitiveType": "String"
        },
        "RecordColumns": {
          "Documentation": "http://docs.aws.amazon.com/AWSCloudFormation/latest/UserGuide/aws-properties-kinesisanalyticsv2-application-inputschema.html#cfn-kinesisanalyticsv2-application-inputschema-recordcolumns",
          "UpdateType": "Mutable",
          "Required": true,
          "Type": "List",
          "ItemType": "RecordColumn",
          "DuplicatesAllowed": true
        },
        "RecordFormat": {
          "Documentation": "http://docs.aws.amazon.com/AWSCloudFormation/latest/UserGuide/aws-properties-kinesisanalyticsv2-application-inputschema.html#cfn-kinesisanalyticsv2-application-inputschema-recordformat",
          "UpdateType": "Mutable",
          "Required": true,
          "Type": "RecordFormat"
        }
      }
    },
    "AWS::KinesisAnalyticsV2::Application.CatalogConfiguration": {
      "Documentation": "http://docs.aws.amazon.com/AWSCloudFormation/latest/UserGuide/aws-properties-kinesisanalyticsv2-application-catalogconfiguration.html",
      "Properties": {
        "GlueDataCatalogConfiguration": {
          "Documentation": "http://docs.aws.amazon.com/AWSCloudFormation/latest/UserGuide/aws-properties-kinesisanalyticsv2-application-catalogconfiguration.html#cfn-kinesisanalyticsv2-application-catalogconfiguration-gluedatacatalogconfiguration",
          "UpdateType": "Mutable",
          "Required": false,
          "Type": "GlueDataCatalogConfiguration"
        }
      }
    },
    "AWS::KinesisAnalyticsV2::Application.CheckpointConfiguration": {
      "Documentation": "http://docs.aws.amazon.com/AWSCloudFormation/latest/UserGuide/aws-properties-kinesisanalyticsv2-application-checkpointconfiguration.html",
      "Properties": {
        "ConfigurationType": {
          "Documentation": "http://docs.aws.amazon.com/AWSCloudFormation/latest/UserGuide/aws-properties-kinesisanalyticsv2-application-checkpointconfiguration.html#cfn-kinesisanalyticsv2-application-checkpointconfiguration-configurationtype",
          "UpdateType": "Mutable",
          "Required": true,
          "PrimitiveType": "String"
        },
        "CheckpointInterval": {
          "Documentation": "http://docs.aws.amazon.com/AWSCloudFormation/latest/UserGuide/aws-properties-kinesisanalyticsv2-application-checkpointconfiguration.html#cfn-kinesisanalyticsv2-application-checkpointconfiguration-checkpointinterval",
          "UpdateType": "Mutable",
          "Required": false,
          "PrimitiveType": "Integer"
        },
        "MinPauseBetweenCheckpoints": {
          "Documentation": "http://docs.aws.amazon.com/AWSCloudFormation/latest/UserGuide/aws-properties-kinesisanalyticsv2-application-checkpointconfiguration.html#cfn-kinesisanalyticsv2-application-checkpointconfiguration-minpausebetweencheckpoints",
          "UpdateType": "Mutable",
          "Required": false,
          "PrimitiveType": "Integer"
        },
        "CheckpointingEnabled": {
          "Documentation": "http://docs.aws.amazon.com/AWSCloudFormation/latest/UserGuide/aws-properties-kinesisanalyticsv2-application-checkpointconfiguration.html#cfn-kinesisanalyticsv2-application-checkpointconfiguration-checkpointingenabled",
          "UpdateType": "Mutable",
          "Required": false,
          "PrimitiveType": "Boolean"
        }
      }
    },
    "AWS::KinesisAnalyticsV2::Application.S3ContentBaseLocation": {
      "Documentation": "http://docs.aws.amazon.com/AWSCloudFormation/latest/UserGuide/aws-properties-kinesisanalyticsv2-application-s3contentbaselocation.html",
      "Properties": {
        "BucketARN": {
          "Documentation": "http://docs.aws.amazon.com/AWSCloudFormation/latest/UserGuide/aws-properties-kinesisanalyticsv2-application-s3contentbaselocation.html#cfn-kinesisanalyticsv2-application-s3contentbaselocation-bucketarn",
          "UpdateType": "Mutable",
          "Required": true,
          "PrimitiveType": "String"
        },
        "BasePath": {
          "Documentation": "http://docs.aws.amazon.com/AWSCloudFormation/latest/UserGuide/aws-properties-kinesisanalyticsv2-application-s3contentbaselocation.html#cfn-kinesisanalyticsv2-application-s3contentbaselocation-basepath",
          "UpdateType": "Mutable",
          "Required": false,
          "PrimitiveType": "String"
        }
      }
    },
    "AWS::KinesisAnalyticsV2::Application.CodeContent": {
      "Documentation": "http://docs.aws.amazon.com/AWSCloudFormation/latest/UserGuide/aws-properties-kinesisanalyticsv2-application-codecontent.html",
      "Properties": {
        "ZipFileContent": {
          "Documentation": "http://docs.aws.amazon.com/AWSCloudFormation/latest/UserGuide/aws-properties-kinesisanalyticsv2-application-codecontent.html#cfn-kinesisanalyticsv2-application-codecontent-zipfilecontent",
          "UpdateType": "Mutable",
          "Required": false,
          "PrimitiveType": "String"
        },
        "S3ContentLocation": {
          "Documentation": "http://docs.aws.amazon.com/AWSCloudFormation/latest/UserGuide/aws-properties-kinesisanalyticsv2-application-codecontent.html#cfn-kinesisanalyticsv2-application-codecontent-s3contentlocation",
          "UpdateType": "Mutable",
          "Required": false,
          "Type": "S3ContentLocation"
        },
        "TextContent": {
          "Documentation": "http://docs.aws.amazon.com/AWSCloudFormation/latest/UserGuide/aws-properties-kinesisanalyticsv2-application-codecontent.html#cfn-kinesisanalyticsv2-application-codecontent-textcontent",
          "UpdateType": "Mutable",
          "Required": false,
          "PrimitiveType": "String"
        }
      }
    },
    "AWS::KinesisAnalyticsV2::Application.DeployAsApplicationConfiguration": {
      "Documentation": "http://docs.aws.amazon.com/AWSCloudFormation/latest/UserGuide/aws-properties-kinesisanalyticsv2-application-deployasapplicationconfiguration.html",
      "Properties": {
        "S3ContentLocation": {
          "Documentation": "http://docs.aws.amazon.com/AWSCloudFormation/latest/UserGuide/aws-properties-kinesisanalyticsv2-application-deployasapplicationconfiguration.html#cfn-kinesisanalyticsv2-application-deployasapplicationconfiguration-s3contentlocation",
          "UpdateType": "Mutable",
          "Required": true,
          "Type": "S3ContentBaseLocation"
        }
      }
    },
    "AWS::KinesisAnalyticsV2::Application.ParallelismConfiguration": {
      "Documentation": "http://docs.aws.amazon.com/AWSCloudFormation/latest/UserGuide/aws-properties-kinesisanalyticsv2-application-parallelismconfiguration.html",
      "Properties": {
        "ConfigurationType": {
          "Documentation": "http://docs.aws.amazon.com/AWSCloudFormation/latest/UserGuide/aws-properties-kinesisanalyticsv2-application-parallelismconfiguration.html#cfn-kinesisanalyticsv2-application-parallelismconfiguration-configurationtype",
          "UpdateType": "Mutable",
          "Required": true,
          "PrimitiveType": "String"
        },
        "ParallelismPerKPU": {
          "Documentation": "http://docs.aws.amazon.com/AWSCloudFormation/latest/UserGuide/aws-properties-kinesisanalyticsv2-application-parallelismconfiguration.html#cfn-kinesisanalyticsv2-application-parallelismconfiguration-parallelismperkpu",
          "UpdateType": "Mutable",
          "Required": false,
          "PrimitiveType": "Integer"
        },
        "AutoScalingEnabled": {
          "Documentation": "http://docs.aws.amazon.com/AWSCloudFormation/latest/UserGuide/aws-properties-kinesisanalyticsv2-application-parallelismconfiguration.html#cfn-kinesisanalyticsv2-application-parallelismconfiguration-autoscalingenabled",
          "UpdateType": "Mutable",
          "Required": false,
          "PrimitiveType": "Boolean"
        },
        "Parallelism": {
          "Documentation": "http://docs.aws.amazon.com/AWSCloudFormation/latest/UserGuide/aws-properties-kinesisanalyticsv2-application-parallelismconfiguration.html#cfn-kinesisanalyticsv2-application-parallelismconfiguration-parallelism",
          "UpdateType": "Mutable",
          "Required": false,
          "PrimitiveType": "Integer"
        }
      }
    },
    "AWS::KinesisAnalyticsV2::Application.PropertyGroup": {
      "Documentation": "http://docs.aws.amazon.com/AWSCloudFormation/latest/UserGuide/aws-properties-kinesisanalyticsv2-application-propertygroup.html",
      "Properties": {
        "PropertyMap": {
          "Documentation": "http://docs.aws.amazon.com/AWSCloudFormation/latest/UserGuide/aws-properties-kinesisanalyticsv2-application-propertygroup.html#cfn-kinesisanalyticsv2-application-propertygroup-propertymap",
          "UpdateType": "Mutable",
          "Required": false,
          "Type": "Map",
          "PrimitiveItemType": "String"
        },
        "PropertyGroupId": {
          "Documentation": "http://docs.aws.amazon.com/AWSCloudFormation/latest/UserGuide/aws-properties-kinesisanalyticsv2-application-propertygroup.html#cfn-kinesisanalyticsv2-application-propertygroup-propertygroupid",
          "UpdateType": "Mutable",
          "Required": false,
          "PrimitiveType": "String"
        }
      }
    },
    "AWS::KinesisAnalyticsV2::Application.VpcConfiguration": {
      "Documentation": "http://docs.aws.amazon.com/AWSCloudFormation/latest/UserGuide/aws-properties-kinesisanalyticsv2-application-vpcconfiguration.html",
      "Properties": {
        "SecurityGroupIds": {
          "Documentation": "http://docs.aws.amazon.com/AWSCloudFormation/latest/UserGuide/aws-properties-kinesisanalyticsv2-application-vpcconfiguration.html#cfn-kinesisanalyticsv2-application-vpcconfiguration-securitygroupids",
          "UpdateType": "Mutable",
          "Required": true,
          "Type": "List",
          "PrimitiveItemType": "String",
          "DuplicatesAllowed": true
        },
        "SubnetIds": {
          "Documentation": "http://docs.aws.amazon.com/AWSCloudFormation/latest/UserGuide/aws-properties-kinesisanalyticsv2-application-vpcconfiguration.html#cfn-kinesisanalyticsv2-application-vpcconfiguration-subnetids",
          "UpdateType": "Mutable",
          "Required": true,
          "Type": "List",
          "PrimitiveItemType": "String",
          "DuplicatesAllowed": true
        }
      }
    },
    "AWS::KinesisAnalyticsV2::Application.MappingParameters": {
      "Documentation": "http://docs.aws.amazon.com/AWSCloudFormation/latest/UserGuide/aws-properties-kinesisanalyticsv2-application-mappingparameters.html",
      "Properties": {
        "JSONMappingParameters": {
          "Documentation": "http://docs.aws.amazon.com/AWSCloudFormation/latest/UserGuide/aws-properties-kinesisanalyticsv2-application-mappingparameters.html#cfn-kinesisanalyticsv2-application-mappingparameters-jsonmappingparameters",
          "UpdateType": "Mutable",
          "Required": false,
          "Type": "JSONMappingParameters"
        },
        "CSVMappingParameters": {
          "Documentation": "http://docs.aws.amazon.com/AWSCloudFormation/latest/UserGuide/aws-properties-kinesisanalyticsv2-application-mappingparameters.html#cfn-kinesisanalyticsv2-application-mappingparameters-csvmappingparameters",
          "UpdateType": "Mutable",
          "Required": false,
          "Type": "CSVMappingParameters"
        }
      }
    },
    "AWS::KinesisAnalyticsV2::Application.MavenReference": {
      "Documentation": "http://docs.aws.amazon.com/AWSCloudFormation/latest/UserGuide/aws-properties-kinesisanalyticsv2-application-mavenreference.html",
      "Properties": {
        "ArtifactId": {
          "Documentation": "http://docs.aws.amazon.com/AWSCloudFormation/latest/UserGuide/aws-properties-kinesisanalyticsv2-application-mavenreference.html#cfn-kinesisanalyticsv2-application-mavenreference-artifactid",
          "UpdateType": "Mutable",
          "Required": true,
          "PrimitiveType": "String"
        },
        "Version": {
          "Documentation": "http://docs.aws.amazon.com/AWSCloudFormation/latest/UserGuide/aws-properties-kinesisanalyticsv2-application-mavenreference.html#cfn-kinesisanalyticsv2-application-mavenreference-version",
          "UpdateType": "Mutable",
          "Required": true,
          "PrimitiveType": "String"
        },
        "GroupId": {
          "Documentation": "http://docs.aws.amazon.com/AWSCloudFormation/latest/UserGuide/aws-properties-kinesisanalyticsv2-application-mavenreference.html#cfn-kinesisanalyticsv2-application-mavenreference-groupid",
          "UpdateType": "Mutable",
          "Required": true,
          "PrimitiveType": "String"
        }
      }
    },
    "AWS::KinesisAnalyticsV2::Application.RecordFormat": {
      "Documentation": "http://docs.aws.amazon.com/AWSCloudFormation/latest/UserGuide/aws-properties-kinesisanalyticsv2-application-recordformat.html",
      "Properties": {
        "MappingParameters": {
          "Documentation": "http://docs.aws.amazon.com/AWSCloudFormation/latest/UserGuide/aws-properties-kinesisanalyticsv2-application-recordformat.html#cfn-kinesisanalyticsv2-application-recordformat-mappingparameters",
          "UpdateType": "Mutable",
          "Required": false,
          "Type": "MappingParameters"
        },
        "RecordFormatType": {
          "Documentation": "http://docs.aws.amazon.com/AWSCloudFormation/latest/UserGuide/aws-properties-kinesisanalyticsv2-application-recordformat.html#cfn-kinesisanalyticsv2-application-recordformat-recordformattype",
          "UpdateType": "Mutable",
          "Required": true,
          "PrimitiveType": "String"
        }
      }
    },
    "AWS::KinesisAnalyticsV2::Application.RecordColumn": {
      "Documentation": "http://docs.aws.amazon.com/AWSCloudFormation/latest/UserGuide/aws-properties-kinesisanalyticsv2-application-recordcolumn.html",
      "Properties": {
        "Mapping": {
          "Documentation": "http://docs.aws.amazon.com/AWSCloudFormation/latest/UserGuide/aws-properties-kinesisanalyticsv2-application-recordcolumn.html#cfn-kinesisanalyticsv2-application-recordcolumn-mapping",
          "UpdateType": "Mutable",
          "Required": false,
          "PrimitiveType": "String"
        },
        "SqlType": {
          "Documentation": "http://docs.aws.amazon.com/AWSCloudFormation/latest/UserGuide/aws-properties-kinesisanalyticsv2-application-recordcolumn.html#cfn-kinesisanalyticsv2-application-recordcolumn-sqltype",
          "UpdateType": "Mutable",
          "Required": true,
          "PrimitiveType": "String"
        },
        "Name": {
          "Documentation": "http://docs.aws.amazon.com/AWSCloudFormation/latest/UserGuide/aws-properties-kinesisanalyticsv2-application-recordcolumn.html#cfn-kinesisanalyticsv2-application-recordcolumn-name",
          "UpdateType": "Mutable",
          "Required": true,
          "PrimitiveType": "String"
        }
      }
    },
    "AWS::KinesisAnalyticsV2::Application.FlinkRunConfiguration": {
      "Documentation": "http://docs.aws.amazon.com/AWSCloudFormation/latest/UserGuide/aws-properties-kinesisanalyticsv2-application-flinkrunconfiguration.html",
      "Properties": {
        "AllowNonRestoredState": {
          "Documentation": "http://docs.aws.amazon.com/AWSCloudFormation/latest/UserGuide/aws-properties-kinesisanalyticsv2-application-flinkrunconfiguration.html#cfn-kinesisanalyticsv2-application-flinkrunconfiguration-allownonrestoredstate",
          "UpdateType": "Mutable",
          "Required": false,
          "PrimitiveType": "Boolean"
        }
      }
    },
    "AWS::KinesisAnalyticsV2::Application.KinesisStreamsInput": {
      "Documentation": "http://docs.aws.amazon.com/AWSCloudFormation/latest/UserGuide/aws-properties-kinesisanalyticsv2-application-kinesisstreamsinput.html",
      "Properties": {
        "ResourceARN": {
          "Documentation": "http://docs.aws.amazon.com/AWSCloudFormation/latest/UserGuide/aws-properties-kinesisanalyticsv2-application-kinesisstreamsinput.html#cfn-kinesisanalyticsv2-application-kinesisstreamsinput-resourcearn",
          "UpdateType": "Mutable",
          "Required": true,
          "PrimitiveType": "String"
        }
      }
    },
    "AWS::KinesisAnalyticsV2::Application.EnvironmentProperties": {
      "Documentation": "http://docs.aws.amazon.com/AWSCloudFormation/latest/UserGuide/aws-properties-kinesisanalyticsv2-application-environmentproperties.html",
      "Properties": {
        "PropertyGroups": {
          "Documentation": "http://docs.aws.amazon.com/AWSCloudFormation/latest/UserGuide/aws-properties-kinesisanalyticsv2-application-environmentproperties.html#cfn-kinesisanalyticsv2-application-environmentproperties-propertygroups",
          "UpdateType": "Mutable",
          "Required": false,
          "Type": "List",
          "ItemType": "PropertyGroup",
          "DuplicatesAllowed": true
        }
      }
    },
    "AWS::KinesisAnalyticsV2::Application.CustomArtifactConfiguration": {
      "Documentation": "http://docs.aws.amazon.com/AWSCloudFormation/latest/UserGuide/aws-properties-kinesisanalyticsv2-application-customartifactconfiguration.html",
      "Properties": {
        "MavenReference": {
          "Documentation": "http://docs.aws.amazon.com/AWSCloudFormation/latest/UserGuide/aws-properties-kinesisanalyticsv2-application-customartifactconfiguration.html#cfn-kinesisanalyticsv2-application-customartifactconfiguration-mavenreference",
          "UpdateType": "Mutable",
          "Required": false,
          "Type": "MavenReference"
        },
        "S3ContentLocation": {
          "Documentation": "http://docs.aws.amazon.com/AWSCloudFormation/latest/UserGuide/aws-properties-kinesisanalyticsv2-application-customartifactconfiguration.html#cfn-kinesisanalyticsv2-application-customartifactconfiguration-s3contentlocation",
          "UpdateType": "Mutable",
          "Required": false,
          "Type": "S3ContentLocation"
        },
        "ArtifactType": {
          "Documentation": "http://docs.aws.amazon.com/AWSCloudFormation/latest/UserGuide/aws-properties-kinesisanalyticsv2-application-customartifactconfiguration.html#cfn-kinesisanalyticsv2-application-customartifactconfiguration-artifacttype",
          "UpdateType": "Mutable",
          "Required": true,
          "PrimitiveType": "String"
        }
      }
    },
    "AWS::KinesisAnalyticsV2::Application.SqlApplicationConfiguration": {
      "Documentation": "http://docs.aws.amazon.com/AWSCloudFormation/latest/UserGuide/aws-properties-kinesisanalyticsv2-application-sqlapplicationconfiguration.html",
      "Properties": {
        "Inputs": {
          "Documentation": "http://docs.aws.amazon.com/AWSCloudFormation/latest/UserGuide/aws-properties-kinesisanalyticsv2-application-sqlapplicationconfiguration.html#cfn-kinesisanalyticsv2-application-sqlapplicationconfiguration-inputs",
          "UpdateType": "Mutable",
          "Required": false,
          "Type": "List",
          "ItemType": "Input",
          "DuplicatesAllowed": true
        }
      }
    },
    "AWS::KinesisAnalyticsV2::Application.CSVMappingParameters": {
      "Documentation": "http://docs.aws.amazon.com/AWSCloudFormation/latest/UserGuide/aws-properties-kinesisanalyticsv2-application-csvmappingparameters.html",
      "Properties": {
        "RecordRowDelimiter": {
          "Documentation": "http://docs.aws.amazon.com/AWSCloudFormation/latest/UserGuide/aws-properties-kinesisanalyticsv2-application-csvmappingparameters.html#cfn-kinesisanalyticsv2-application-csvmappingparameters-recordrowdelimiter",
          "UpdateType": "Mutable",
          "Required": true,
          "PrimitiveType": "String"
        },
        "RecordColumnDelimiter": {
          "Documentation": "http://docs.aws.amazon.com/AWSCloudFormation/latest/UserGuide/aws-properties-kinesisanalyticsv2-application-csvmappingparameters.html#cfn-kinesisanalyticsv2-application-csvmappingparameters-recordcolumndelimiter",
          "UpdateType": "Mutable",
          "Required": true,
          "PrimitiveType": "String"
        }
      }
    },
    "AWS::KinesisAnalyticsV2::Application.S3ContentLocation": {
      "Documentation": "http://docs.aws.amazon.com/AWSCloudFormation/latest/UserGuide/aws-properties-kinesisanalyticsv2-application-s3contentlocation.html",
      "Properties": {
        "BucketARN": {
          "Documentation": "http://docs.aws.amazon.com/AWSCloudFormation/latest/UserGuide/aws-properties-kinesisanalyticsv2-application-s3contentlocation.html#cfn-kinesisanalyticsv2-application-s3contentlocation-bucketarn",
          "UpdateType": "Mutable",
          "Required": true,
          "PrimitiveType": "String"
        },
        "FileKey": {
          "Documentation": "http://docs.aws.amazon.com/AWSCloudFormation/latest/UserGuide/aws-properties-kinesisanalyticsv2-application-s3contentlocation.html#cfn-kinesisanalyticsv2-application-s3contentlocation-filekey",
          "UpdateType": "Mutable",
          "Required": true,
          "PrimitiveType": "String"
        },
        "ObjectVersion": {
          "Documentation": "http://docs.aws.amazon.com/AWSCloudFormation/latest/UserGuide/aws-properties-kinesisanalyticsv2-application-s3contentlocation.html#cfn-kinesisanalyticsv2-application-s3contentlocation-objectversion",
          "UpdateType": "Mutable",
          "Required": false,
          "PrimitiveType": "String"
        }
      }
    },
    "AWS::KinesisAnalyticsV2::Application.InputProcessingConfiguration": {
      "Documentation": "http://docs.aws.amazon.com/AWSCloudFormation/latest/UserGuide/aws-properties-kinesisanalyticsv2-application-inputprocessingconfiguration.html",
      "Properties": {
        "InputLambdaProcessor": {
          "Documentation": "http://docs.aws.amazon.com/AWSCloudFormation/latest/UserGuide/aws-properties-kinesisanalyticsv2-application-inputprocessingconfiguration.html#cfn-kinesisanalyticsv2-application-inputprocessingconfiguration-inputlambdaprocessor",
          "UpdateType": "Mutable",
          "Required": false,
          "Type": "InputLambdaProcessor"
        }
      }
    },
    "AWS::KinesisAnalyticsV2::Application.InputParallelism": {
      "Documentation": "http://docs.aws.amazon.com/AWSCloudFormation/latest/UserGuide/aws-properties-kinesisanalyticsv2-application-inputparallelism.html",
      "Properties": {
        "Count": {
          "Documentation": "http://docs.aws.amazon.com/AWSCloudFormation/latest/UserGuide/aws-properties-kinesisanalyticsv2-application-inputparallelism.html#cfn-kinesisanalyticsv2-application-inputparallelism-count",
          "UpdateType": "Mutable",
          "Required": false,
          "PrimitiveType": "Integer"
        }
      }
    },
    "AWS::KinesisAnalyticsV2::Application.ZeppelinMonitoringConfiguration": {
      "Documentation": "http://docs.aws.amazon.com/AWSCloudFormation/latest/UserGuide/aws-properties-kinesisanalyticsv2-application-zeppelinmonitoringconfiguration.html",
      "Properties": {
        "LogLevel": {
          "Documentation": "http://docs.aws.amazon.com/AWSCloudFormation/latest/UserGuide/aws-properties-kinesisanalyticsv2-application-zeppelinmonitoringconfiguration.html#cfn-kinesisanalyticsv2-application-zeppelinmonitoringconfiguration-loglevel",
          "UpdateType": "Mutable",
          "Required": false,
          "PrimitiveType": "String"
        }
      }
    },
    "AWS::KinesisAnalyticsV2::Application.MonitoringConfiguration": {
      "Documentation": "http://docs.aws.amazon.com/AWSCloudFormation/latest/UserGuide/aws-properties-kinesisanalyticsv2-application-monitoringconfiguration.html",
      "Properties": {
        "ConfigurationType": {
          "Documentation": "http://docs.aws.amazon.com/AWSCloudFormation/latest/UserGuide/aws-properties-kinesisanalyticsv2-application-monitoringconfiguration.html#cfn-kinesisanalyticsv2-application-monitoringconfiguration-configurationtype",
          "UpdateType": "Mutable",
          "Required": true,
          "PrimitiveType": "String"
        },
        "MetricsLevel": {
          "Documentation": "http://docs.aws.amazon.com/AWSCloudFormation/latest/UserGuide/aws-properties-kinesisanalyticsv2-application-monitoringconfiguration.html#cfn-kinesisanalyticsv2-application-monitoringconfiguration-metricslevel",
          "UpdateType": "Mutable",
          "Required": false,
          "PrimitiveType": "String"
        },
        "LogLevel": {
          "Documentation": "http://docs.aws.amazon.com/AWSCloudFormation/latest/UserGuide/aws-properties-kinesisanalyticsv2-application-monitoringconfiguration.html#cfn-kinesisanalyticsv2-application-monitoringconfiguration-loglevel",
          "UpdateType": "Mutable",
          "Required": false,
          "PrimitiveType": "String"
        }
      }
    },
    "AWS::KinesisAnalyticsV2::Application.ApplicationMaintenanceConfiguration": {
      "Documentation": "http://docs.aws.amazon.com/AWSCloudFormation/latest/UserGuide/aws-properties-kinesisanalyticsv2-application-applicationmaintenanceconfiguration.html",
      "Properties": {
        "ApplicationMaintenanceWindowStartTime": {
          "Documentation": "http://docs.aws.amazon.com/AWSCloudFormation/latest/UserGuide/aws-properties-kinesisanalyticsv2-application-applicationmaintenanceconfiguration.html#cfn-kinesisanalyticsv2-application-applicationmaintenanceconfiguration-applicationmaintenancewindowstarttime",
          "UpdateType": "Mutable",
          "Required": true,
          "PrimitiveType": "String"
        }
      }
    },
    "AWS::KinesisAnalyticsV2::Application.ZeppelinApplicationConfiguration": {
      "Documentation": "http://docs.aws.amazon.com/AWSCloudFormation/latest/UserGuide/aws-properties-kinesisanalyticsv2-application-zeppelinapplicationconfiguration.html",
      "Properties": {
        "CatalogConfiguration": {
          "Documentation": "http://docs.aws.amazon.com/AWSCloudFormation/latest/UserGuide/aws-properties-kinesisanalyticsv2-application-zeppelinapplicationconfiguration.html#cfn-kinesisanalyticsv2-application-zeppelinapplicationconfiguration-catalogconfiguration",
          "UpdateType": "Mutable",
          "Required": false,
          "Type": "CatalogConfiguration"
        },
        "MonitoringConfiguration": {
          "Documentation": "http://docs.aws.amazon.com/AWSCloudFormation/latest/UserGuide/aws-properties-kinesisanalyticsv2-application-zeppelinapplicationconfiguration.html#cfn-kinesisanalyticsv2-application-zeppelinapplicationconfiguration-monitoringconfiguration",
          "UpdateType": "Mutable",
          "Required": false,
          "Type": "ZeppelinMonitoringConfiguration"
        },
        "DeployAsApplicationConfiguration": {
          "Documentation": "http://docs.aws.amazon.com/AWSCloudFormation/latest/UserGuide/aws-properties-kinesisanalyticsv2-application-zeppelinapplicationconfiguration.html#cfn-kinesisanalyticsv2-application-zeppelinapplicationconfiguration-deployasapplicationconfiguration",
          "UpdateType": "Mutable",
          "Required": false,
          "Type": "DeployAsApplicationConfiguration"
        },
        "CustomArtifactsConfiguration": {
          "Documentation": "http://docs.aws.amazon.com/AWSCloudFormation/latest/UserGuide/aws-properties-kinesisanalyticsv2-application-zeppelinapplicationconfiguration.html#cfn-kinesisanalyticsv2-application-zeppelinapplicationconfiguration-customartifactsconfiguration",
          "UpdateType": "Mutable",
          "Required": false,
          "Type": "List",
          "ItemType": "CustomArtifactConfiguration",
          "DuplicatesAllowed": true
        }
      }
    },
    "AWS::KinesisAnalyticsV2::Application.InputLambdaProcessor": {
      "Documentation": "http://docs.aws.amazon.com/AWSCloudFormation/latest/UserGuide/aws-properties-kinesisanalyticsv2-application-inputlambdaprocessor.html",
      "Properties": {
        "ResourceARN": {
          "Documentation": "http://docs.aws.amazon.com/AWSCloudFormation/latest/UserGuide/aws-properties-kinesisanalyticsv2-application-inputlambdaprocessor.html#cfn-kinesisanalyticsv2-application-inputlambdaprocessor-resourcearn",
          "UpdateType": "Mutable",
          "Required": true,
          "PrimitiveType": "String"
        }
      }
    },
    "AWS::KinesisAnalyticsV2::Application.ApplicationRestoreConfiguration": {
      "Documentation": "http://docs.aws.amazon.com/AWSCloudFormation/latest/UserGuide/aws-properties-kinesisanalyticsv2-application-applicationrestoreconfiguration.html",
      "Properties": {
        "SnapshotName": {
          "Documentation": "http://docs.aws.amazon.com/AWSCloudFormation/latest/UserGuide/aws-properties-kinesisanalyticsv2-application-applicationrestoreconfiguration.html#cfn-kinesisanalyticsv2-application-applicationrestoreconfiguration-snapshotname",
          "UpdateType": "Mutable",
          "Required": false,
          "PrimitiveType": "String"
        },
        "ApplicationRestoreType": {
          "Documentation": "http://docs.aws.amazon.com/AWSCloudFormation/latest/UserGuide/aws-properties-kinesisanalyticsv2-application-applicationrestoreconfiguration.html#cfn-kinesisanalyticsv2-application-applicationrestoreconfiguration-applicationrestoretype",
          "UpdateType": "Mutable",
          "Required": true,
          "PrimitiveType": "String"
        }
      }
    },
    "AWS::KinesisAnalyticsV2::Application.GlueDataCatalogConfiguration": {
      "Documentation": "http://docs.aws.amazon.com/AWSCloudFormation/latest/UserGuide/aws-properties-kinesisanalyticsv2-application-gluedatacatalogconfiguration.html",
      "Properties": {
        "DatabaseARN": {
          "Documentation": "http://docs.aws.amazon.com/AWSCloudFormation/latest/UserGuide/aws-properties-kinesisanalyticsv2-application-gluedatacatalogconfiguration.html#cfn-kinesisanalyticsv2-application-gluedatacatalogconfiguration-databasearn",
          "UpdateType": "Mutable",
          "Required": false,
          "PrimitiveType": "String"
        }
      }
    },
    "AWS::KinesisAnalyticsV2::Application.Input": {
      "Documentation": "http://docs.aws.amazon.com/AWSCloudFormation/latest/UserGuide/aws-properties-kinesisanalyticsv2-application-input.html",
      "Properties": {
        "NamePrefix": {
          "Documentation": "http://docs.aws.amazon.com/AWSCloudFormation/latest/UserGuide/aws-properties-kinesisanalyticsv2-application-input.html#cfn-kinesisanalyticsv2-application-input-nameprefix",
          "UpdateType": "Mutable",
          "Required": true,
          "PrimitiveType": "String"
        },
        "InputSchema": {
          "Documentation": "http://docs.aws.amazon.com/AWSCloudFormation/latest/UserGuide/aws-properties-kinesisanalyticsv2-application-input.html#cfn-kinesisanalyticsv2-application-input-inputschema",
          "UpdateType": "Mutable",
          "Required": true,
          "Type": "InputSchema"
        },
        "KinesisStreamsInput": {
          "Documentation": "http://docs.aws.amazon.com/AWSCloudFormation/latest/UserGuide/aws-properties-kinesisanalyticsv2-application-input.html#cfn-kinesisanalyticsv2-application-input-kinesisstreamsinput",
          "UpdateType": "Mutable",
          "Required": false,
          "Type": "KinesisStreamsInput"
        },
        "KinesisFirehoseInput": {
          "Documentation": "http://docs.aws.amazon.com/AWSCloudFormation/latest/UserGuide/aws-properties-kinesisanalyticsv2-application-input.html#cfn-kinesisanalyticsv2-application-input-kinesisfirehoseinput",
          "UpdateType": "Mutable",
          "Required": false,
          "Type": "KinesisFirehoseInput"
        },
        "InputProcessingConfiguration": {
          "Documentation": "http://docs.aws.amazon.com/AWSCloudFormation/latest/UserGuide/aws-properties-kinesisanalyticsv2-application-input.html#cfn-kinesisanalyticsv2-application-input-inputprocessingconfiguration",
          "UpdateType": "Mutable",
          "Required": false,
          "Type": "InputProcessingConfiguration"
        },
        "InputParallelism": {
          "Documentation": "http://docs.aws.amazon.com/AWSCloudFormation/latest/UserGuide/aws-properties-kinesisanalyticsv2-application-input.html#cfn-kinesisanalyticsv2-application-input-inputparallelism",
          "UpdateType": "Mutable",
          "Required": false,
          "Type": "InputParallelism"
        }
      }
    },
    "AWS::KinesisAnalyticsV2::Application.ApplicationConfiguration": {
      "Documentation": "http://docs.aws.amazon.com/AWSCloudFormation/latest/UserGuide/aws-properties-kinesisanalyticsv2-application-applicationconfiguration.html",
      "Properties": {
        "ApplicationCodeConfiguration": {
          "Documentation": "http://docs.aws.amazon.com/AWSCloudFormation/latest/UserGuide/aws-properties-kinesisanalyticsv2-application-applicationconfiguration.html#cfn-kinesisanalyticsv2-application-applicationconfiguration-applicationcodeconfiguration",
          "UpdateType": "Mutable",
          "Required": false,
          "Type": "ApplicationCodeConfiguration"
        },
        "EnvironmentProperties": {
          "Documentation": "http://docs.aws.amazon.com/AWSCloudFormation/latest/UserGuide/aws-properties-kinesisanalyticsv2-application-applicationconfiguration.html#cfn-kinesisanalyticsv2-application-applicationconfiguration-environmentproperties",
          "UpdateType": "Mutable",
          "Required": false,
          "Type": "EnvironmentProperties"
        },
        "FlinkApplicationConfiguration": {
          "Documentation": "http://docs.aws.amazon.com/AWSCloudFormation/latest/UserGuide/aws-properties-kinesisanalyticsv2-application-applicationconfiguration.html#cfn-kinesisanalyticsv2-application-applicationconfiguration-flinkapplicationconfiguration",
          "UpdateType": "Mutable",
          "Required": false,
          "Type": "FlinkApplicationConfiguration"
        },
        "SqlApplicationConfiguration": {
          "Documentation": "http://docs.aws.amazon.com/AWSCloudFormation/latest/UserGuide/aws-properties-kinesisanalyticsv2-application-applicationconfiguration.html#cfn-kinesisanalyticsv2-application-applicationconfiguration-sqlapplicationconfiguration",
          "UpdateType": "Mutable",
          "Required": false,
          "Type": "SqlApplicationConfiguration"
        },
        "ZeppelinApplicationConfiguration": {
          "Documentation": "http://docs.aws.amazon.com/AWSCloudFormation/latest/UserGuide/aws-properties-kinesisanalyticsv2-application-applicationconfiguration.html#cfn-kinesisanalyticsv2-application-applicationconfiguration-zeppelinapplicationconfiguration",
          "UpdateType": "Mutable",
          "Required": false,
          "Type": "ZeppelinApplicationConfiguration"
        },
        "VpcConfigurations": {
          "Documentation": "http://docs.aws.amazon.com/AWSCloudFormation/latest/UserGuide/aws-properties-kinesisanalyticsv2-application-applicationconfiguration.html#cfn-kinesisanalyticsv2-application-applicationconfiguration-vpcconfigurations",
          "UpdateType": "Mutable",
          "Required": false,
          "Type": "List",
          "ItemType": "VpcConfiguration",
          "DuplicatesAllowed": true
        },
        "ApplicationSnapshotConfiguration": {
          "Documentation": "http://docs.aws.amazon.com/AWSCloudFormation/latest/UserGuide/aws-properties-kinesisanalyticsv2-application-applicationconfiguration.html#cfn-kinesisanalyticsv2-application-applicationconfiguration-applicationsnapshotconfiguration",
          "UpdateType": "Mutable",
          "Required": false,
          "Type": "ApplicationSnapshotConfiguration"
        }
      }
    },
    "AWS::KinesisAnalyticsV2::Application.RunConfiguration": {
      "Documentation": "http://docs.aws.amazon.com/AWSCloudFormation/latest/UserGuide/aws-properties-kinesisanalyticsv2-application-runconfiguration.html",
      "Properties": {
        "FlinkRunConfiguration": {
          "Documentation": "http://docs.aws.amazon.com/AWSCloudFormation/latest/UserGuide/aws-properties-kinesisanalyticsv2-application-runconfiguration.html#cfn-kinesisanalyticsv2-application-runconfiguration-flinkrunconfiguration",
          "UpdateType": "Mutable",
          "Required": false,
          "Type": "FlinkRunConfiguration"
        },
        "ApplicationRestoreConfiguration": {
          "Documentation": "http://docs.aws.amazon.com/AWSCloudFormation/latest/UserGuide/aws-properties-kinesisanalyticsv2-application-runconfiguration.html#cfn-kinesisanalyticsv2-application-runconfiguration-applicationrestoreconfiguration",
          "UpdateType": "Mutable",
          "Required": false,
          "Type": "ApplicationRestoreConfiguration"
        }
      }
    },
    "AWS::KinesisAnalyticsV2::Application.ApplicationSnapshotConfiguration": {
      "Documentation": "http://docs.aws.amazon.com/AWSCloudFormation/latest/UserGuide/aws-properties-kinesisanalyticsv2-application-applicationsnapshotconfiguration.html",
      "Properties": {
        "SnapshotsEnabled": {
          "Documentation": "http://docs.aws.amazon.com/AWSCloudFormation/latest/UserGuide/aws-properties-kinesisanalyticsv2-application-applicationsnapshotconfiguration.html#cfn-kinesisanalyticsv2-application-applicationsnapshotconfiguration-snapshotsenabled",
          "UpdateType": "Mutable",
          "Required": true,
          "PrimitiveType": "Boolean"
        }
      }
    },
    "Tag": {
      "Documentation": "http://docs.aws.amazon.com/AWSCloudFormation/latest/UserGuide/aws-properties-resource-tags.html",
      "Properties": {
        "Value": {
          "Documentation": "http://docs.aws.amazon.com/AWSCloudFormation/latest/UserGuide/aws-properties-resource-tags.html#cfn-resource-tags-value",
          "UpdateType": "Mutable",
          "Required": true,
          "PrimitiveType": "String"
        },
        "Key": {
          "Documentation": "http://docs.aws.amazon.com/AWSCloudFormation/latest/UserGuide/aws-properties-resource-tags.html#cfn-resource-tags-key",
          "UpdateType": "Mutable",
          "Required": true,
          "PrimitiveType": "String"
        }
      }
    },
    "AWS::KinesisAnalyticsV2::Application.KinesisFirehoseInput": {
      "Documentation": "http://docs.aws.amazon.com/AWSCloudFormation/latest/UserGuide/aws-properties-kinesisanalyticsv2-application-kinesisfirehoseinput.html",
      "Properties": {
        "ResourceARN": {
          "Documentation": "http://docs.aws.amazon.com/AWSCloudFormation/latest/UserGuide/aws-properties-kinesisanalyticsv2-application-kinesisfirehoseinput.html#cfn-kinesisanalyticsv2-application-kinesisfirehoseinput-resourcearn",
          "UpdateType": "Mutable",
          "Required": true,
          "PrimitiveType": "String"
        }
      }
    }
  },
  "ResourceType": {
    "AWS::KinesisAnalyticsV2::Application": {
      "Documentation": "http://docs.aws.amazon.com/AWSCloudFormation/latest/UserGuide/aws-resource-kinesisanalyticsv2-application.html",
      "Properties": {
        "ApplicationName": {
          "Documentation": "http://docs.aws.amazon.com/AWSCloudFormation/latest/UserGuide/aws-resource-kinesisanalyticsv2-application.html#cfn-kinesisanalyticsv2-application-applicationname",
          "UpdateType": "Immutable",
          "Required": false,
          "PrimitiveType": "String"
        },
        "RuntimeEnvironment": {
          "Documentation": "http://docs.aws.amazon.com/AWSCloudFormation/latest/UserGuide/aws-resource-kinesisanalyticsv2-application.html#cfn-kinesisanalyticsv2-application-runtimeenvironment",
          "UpdateType": "Immutable",
          "Required": true,
          "PrimitiveType": "String"
        },
        "RunConfiguration": {
          "Documentation": "http://docs.aws.amazon.com/AWSCloudFormation/latest/UserGuide/aws-resource-kinesisanalyticsv2-application.html#cfn-kinesisanalyticsv2-application-runconfiguration",
          "UpdateType": "Mutable",
          "Required": false,
          "Type": "RunConfiguration"
        },
        "ApplicationMode": {
          "Documentation": "http://docs.aws.amazon.com/AWSCloudFormation/latest/UserGuide/aws-resource-kinesisanalyticsv2-application.html#cfn-kinesisanalyticsv2-application-applicationmode",
          "UpdateType": "Immutable",
          "Required": false,
          "PrimitiveType": "String"
        },
        "ApplicationMaintenanceConfiguration": {
          "Documentation": "http://docs.aws.amazon.com/AWSCloudFormation/latest/UserGuide/aws-resource-kinesisanalyticsv2-application.html#cfn-kinesisanalyticsv2-application-applicationmaintenanceconfiguration",
          "UpdateType": "Mutable",
          "Required": false,
          "Type": "ApplicationMaintenanceConfiguration"
        },
        "ApplicationConfiguration": {
          "Documentation": "http://docs.aws.amazon.com/AWSCloudFormation/latest/UserGuide/aws-resource-kinesisanalyticsv2-application.html#cfn-kinesisanalyticsv2-application-applicationconfiguration",
          "UpdateType": "Mutable",
          "Required": false,
          "Type": "ApplicationConfiguration"
        },
        "ApplicationDescription": {
          "Documentation": "http://docs.aws.amazon.com/AWSCloudFormation/latest/UserGuide/aws-resource-kinesisanalyticsv2-application.html#cfn-kinesisanalyticsv2-application-applicationdescription",
          "UpdateType": "Mutable",
          "Required": false,
          "PrimitiveType": "String"
        },
        "Tags": {
          "Documentation": "http://docs.aws.amazon.com/AWSCloudFormation/latest/UserGuide/aws-resource-kinesisanalyticsv2-application.html#cfn-kinesisanalyticsv2-application-tags",
          "UpdateType": "Mutable",
          "Required": false,
          "Type": "List",
          "ItemType": "Tag",
          "DuplicatesAllowed": true
        },
        "ServiceExecutionRole": {
          "Documentation": "http://docs.aws.amazon.com/AWSCloudFormation/latest/UserGuide/aws-resource-kinesisanalyticsv2-application.html#cfn-kinesisanalyticsv2-application-serviceexecutionrole",
          "UpdateType": "Mutable",
          "Required": true,
          "PrimitiveType": "String"
        }
      }
    }
  },
  "ResourceSpecificationVersion": "114.0.0"
}