{
  "PropertyTypes": {
    "AWS::LakeFormation::DataLakeSettings.Admins": {
      "Type": "List",
      "Required": false,
      "Documentation": "http://docs.aws.amazon.com/AWSCloudFormation/latest/UserGuide/aws-properties-lakeformation-datalakesettings-admins.html",
      "ItemType": "DataLakePrincipal",
      "UpdateType": "Mutable"
    },
    "AWS::LakeFormation::DataLakeSettings.DataLakePrincipal": {
      "Documentation": "http://docs.aws.amazon.com/AWSCloudFormation/latest/UserGuide/aws-properties-lakeformation-datalakesettings-datalakeprincipal.html",
      "Properties": {
        "DataLakePrincipalIdentifier": {
          "Required": false,
          "Documentation": "http://docs.aws.amazon.com/AWSCloudFormation/latest/UserGuide/aws-properties-lakeformation-datalakesettings-datalakeprincipal.html#cfn-lakeformation-datalakesettings-datalakeprincipal-datalakeprincipalidentifier",
          "PrimitiveType": "String",
          "UpdateType": "Mutable"
        }
      }
    }
  },
  "ResourceType": {
    "AWS::LakeFormation::DataLakeSettings": {
      "Documentation": "http://docs.aws.amazon.com/AWSCloudFormation/latest/UserGuide/aws-resource-lakeformation-datalakesettings.html",
      "Properties": {
        "Admins": {
          "Type": "Admins",
          "Required": false,
          "Documentation": "http://docs.aws.amazon.com/AWSCloudFormation/latest/UserGuide/aws-resource-lakeformation-datalakesettings.html#cfn-lakeformation-datalakesettings-admins",
          "UpdateType": "Mutable"
        },
        "TrustedResourceOwners": {
          "PrimitiveItemType": "String",
          "Type": "List",
          "Required": false,
          "Documentation": "http://docs.aws.amazon.com/AWSCloudFormation/latest/UserGuide/aws-resource-lakeformation-datalakesettings.html#cfn-lakeformation-datalakesettings-trustedresourceowners",
          "UpdateType": "Mutable"
        }
      }
    }
  },
  "ResourceSpecificationVersion": "114.0.0"
}