{
  "ResourceType": {
    "AWS::LakeFormation::Tag": {
      "Documentation": "http://docs.aws.amazon.com/AWSCloudFormation/latest/UserGuide/aws-resource-lakeformation-tag.html",
      "Properties": {
        "TagKey": {
          "Documentation": "http://docs.aws.amazon.com/AWSCloudFormation/latest/UserGuide/aws-resource-lakeformation-tag.html#cfn-lakeformation-tag-tagkey",
          "UpdateType": "Immutable",
          "Required": true,
          "PrimitiveType": "String"
        },
        "CatalogId": {
          "Documentation": "http://docs.aws.amazon.com/AWSCloudFormation/latest/UserGuide/aws-resource-lakeformation-tag.html#cfn-lakeformation-tag-catalogid",
          "UpdateType": "Immutable",
          "Required": false,
          "PrimitiveType": "String"
        },
        "TagValues": {
          "Documentation": "http://docs.aws.amazon.com/AWSCloudFormation/latest/UserGuide/aws-resource-lakeformation-tag.html#cfn-lakeformation-tag-tagvalues",
          "UpdateType": "Mutable",
          "Required": true,
          "Type": "List",
          "PrimitiveItemType": "String",
          "DuplicatesAllowed": true
        }
      }
    }
  },
  "ResourceSpecificationVersion": "114.0.0"
}