{
  "PropertyTypes": {
    "AWS::Lambda::Url.Cors": {
      "Documentation": "http://docs.aws.amazon.com/AWSCloudFormation/latest/UserGuide/aws-properties-lambda-url-cors.html",
      "Properties": {
        "AllowCredentials": {
          "Documentation": "http://docs.aws.amazon.com/AWSCloudFormation/latest/UserGuide/aws-properties-lambda-url-cors.html#cfn-lambda-url-cors-allowcredentials",
          "UpdateType": "Mutable",
          "Required": false,
          "PrimitiveType": "Boolean"
        },
        "AllowOrigins": {
          "Documentation": "http://docs.aws.amazon.com/AWSCloudFormation/latest/UserGuide/aws-properties-lambda-url-cors.html#cfn-lambda-url-cors-alloworigins",
          "UpdateType": "Mutable",
          "Required": false,
          "Type": "List",
          "PrimitiveItemType": "String",
          "DuplicatesAllowed": true
        },
        "ExposeHeaders": {
          "Documentation": "http://docs.aws.amazon.com/AWSCloudFormation/latest/UserGuide/aws-properties-lambda-url-cors.html#cfn-lambda-url-cors-exposeheaders",
          "UpdateType": "Mutable",
          "Required": false,
          "Type": "List",
          "PrimitiveItemType": "String",
          "DuplicatesAllowed": true
        },
        "AllowHeaders": {
          "Documentation": "http://docs.aws.amazon.com/AWSCloudFormation/latest/UserGuide/aws-properties-lambda-url-cors.html#cfn-lambda-url-cors-allowheaders",
          "UpdateType": "Mutable",
          "Required": false,
          "Type": "List",
          "PrimitiveItemType": "String",
          "DuplicatesAllowed": true
        },
        "MaxAge": {
          "Documentation": "http://docs.aws.amazon.com/AWSCloudFormation/latest/UserGuide/aws-properties-lambda-url-cors.html#cfn-lambda-url-cors-maxage",
          "UpdateType": "Mutable",
          "Required": false,
          "PrimitiveType": "Integer"
        },
        "AllowMethods": {
          "Documentation": "http://docs.aws.amazon.com/AWSCloudFormation/latest/UserGuide/aws-properties-lambda-url-cors.html#cfn-lambda-url-cors-allowmethods",
          "UpdateType": "Mutable",
          "Required": false,
          "Type": "List",
          "PrimitiveItemType": "String",
          "DuplicatesAllowed": true
        }
      }
    }
  },
  "ResourceType": {
    "AWS::Lambda::Url": {
      "Documentation": "http://docs.aws.amazon.com/AWSCloudFormation/latest/UserGuide/aws-resource-lambda-url.html",
      "Properties": {
        "Qualifier": {
          "Documentation": "http://docs.aws.amazon.com/AWSCloudFormation/latest/UserGuide/aws-resource-lambda-url.html#cfn-lambda-url-qualifier",
          "UpdateType": "Immutable",
          "Required": false,
          "PrimitiveType": "String"
        },
        "InvokeMode": {
          "Documentation": "http://docs.aws.amazon.com/AWSCloudFormation/latest/UserGuide/aws-resource-lambda-url.html#cfn-lambda-url-invokemode",
          "UpdateType": "Mutable",
          "Required": false,
          "PrimitiveType": "String"
        },
        "AuthType": {
          "Documentation": "http://docs.aws.amazon.com/AWSCloudFormation/latest/UserGuide/aws-resource-lambda-url.html#cfn-lambda-url-authtype",
          "UpdateType": "Mutable",
          "Required": true,
          "PrimitiveType": "String"
        },
        "TargetFunctionArn": {
          "Documentation": "http://docs.aws.amazon.com/AWSCloudFormation/latest/UserGuide/aws-resource-lambda-url.html#cfn-lambda-url-targetfunctionarn",
          "UpdateType": "Immutable",
          "Required": true,
          "PrimitiveType": "String"
        },
        "Cors": {
          "Documentation": "http://docs.aws.amazon.com/AWSCloudFormation/latest/UserGuide/aws-resource-lambda-url.html#cfn-lambda-url-cors",
          "UpdateType": "Mutable",
          "Required": false,
          "Type": "Cors"
        }
      },
      "Attributes": {
        "FunctionArn": {
          "PrimitiveType": "String"
        },
        "FunctionUrl": {
          "PrimitiveType": "String"
        }
      }
    }
  },
  "ResourceSpecificationVersion": "114.0.0"
}