{
  "ResourceType": {
    "AWS::Lambda::LayerVersionPermission": {
      "Documentation": "http://docs.aws.amazon.com/AWSCloudFormation/latest/UserGuide/aws-resource-lambda-layerversionpermission.html",
      "Properties": {
        "Action": {
          "Required": true,
          "Documentation": "http://docs.aws.amazon.com/AWSCloudFormation/latest/UserGuide/aws-resource-lambda-layerversionpermission.html#cfn-lambda-layerversionpermission-action",
          "PrimitiveType": "String",
          "UpdateType": "Immutable"
        },
        "LayerVersionArn": {
          "Required": true,
          "Documentation": "http://docs.aws.amazon.com/AWSCloudFormation/latest/UserGuide/aws-resource-lambda-layerversionpermission.html#cfn-lambda-layerversionpermission-layerversionarn",
          "PrimitiveType": "String",
          "UpdateType": "Immutable"
        },
        "OrganizationId": {
          "Required": false,
          "Documentation": "http://docs.aws.amazon.com/AWSCloudFormation/latest/UserGuide/aws-resource-lambda-layerversionpermission.html#cfn-lambda-layerversionpermission-organizationid",
          "PrimitiveType": "String",
          "UpdateType": "Immutable"
        },
        "Principal": {
          "Required": true,
          "Documentation": "http://docs.aws.amazon.com/AWSCloudFormation/latest/UserGuide/aws-resource-lambda-layerversionpermission.html#cfn-lambda-layerversionpermission-principal",
          "PrimitiveType": "String",
          "UpdateType": "Immutable"
        }
      }
    }
  },
  "ResourceSpecificationVersion": "114.0.0"
}