{
  "PropertyTypes": {
    "AWS::LicenseManager::License.BorrowConfiguration": {
      "Documentation": "http://docs.aws.amazon.com/AWSCloudFormation/latest/UserGuide/aws-properties-licensemanager-license-borrowconfiguration.html",
      "Properties": {
        "AllowEarlyCheckIn": {
          "Documentation": "http://docs.aws.amazon.com/AWSCloudFormation/latest/UserGuide/aws-properties-licensemanager-license-borrowconfiguration.html#cfn-licensemanager-license-borrowconfiguration-allowearlycheckin",
          "UpdateType": "Mutable",
          "Required": true,
          "PrimitiveType": "Boolean"
        },
        "MaxTimeToLiveInMinutes": {
          "Documentation": "http://docs.aws.amazon.com/AWSCloudFormation/latest/UserGuide/aws-properties-licensemanager-license-borrowconfiguration.html#cfn-licensemanager-license-borrowconfiguration-maxtimetoliveinminutes",
          "UpdateType": "Mutable",
          "Required": true,
          "PrimitiveType": "Integer"
        }
      }
    },
    "AWS::LicenseManager::License.IssuerData": {
      "Documentation": "http://docs.aws.amazon.com/AWSCloudFormation/latest/UserGuide/aws-properties-licensemanager-license-issuerdata.html",
      "Properties": {
        "SignKey": {
          "Documentation": "http://docs.aws.amazon.com/AWSCloudFormation/latest/UserGuide/aws-properties-licensemanager-license-issuerdata.html#cfn-licensemanager-license-issuerdata-signkey",
          "UpdateType": "Mutable",
          "Required": false,
          "PrimitiveType": "String"
        },
        "Name": {
          "Documentation": "http://docs.aws.amazon.com/AWSCloudFormation/latest/UserGuide/aws-properties-licensemanager-license-issuerdata.html#cfn-licensemanager-license-issuerdata-name",
          "UpdateType": "Mutable",
          "Required": true,
          "PrimitiveType": "String"
        }
      }
    },
    "AWS::LicenseManager::License.ValidityDateFormat": {
      "Documentation": "http://docs.aws.amazon.com/AWSCloudFormation/latest/UserGuide/aws-properties-licensemanager-license-validitydateformat.html",
      "Properties": {
        "Begin": {
          "Documentation": "http://docs.aws.amazon.com/AWSCloudFormation/latest/UserGuide/aws-properties-licensemanager-license-validitydateformat.html#cfn-licensemanager-license-validitydateformat-begin",
          "UpdateType": "Mutable",
          "Required": true,
          "PrimitiveType": "String"
        },
        "End": {
          "Documentation": "http://docs.aws.amazon.com/AWSCloudFormation/latest/UserGuide/aws-properties-licensemanager-license-validitydateformat.html#cfn-licensemanager-license-validitydateformat-end",
          "UpdateType": "Mutable",
          "Required": true,
          "PrimitiveType": "String"
        }
      }
    },
    "AWS::LicenseManager::License.ConsumptionConfiguration": {
      "Documentation": "http://docs.aws.amazon.com/AWSCloudFormation/latest/UserGuide/aws-properties-licensemanager-license-consumptionconfiguration.html",
      "Properties": {
        "BorrowConfiguration": {
          "Documentation": "http://docs.aws.amazon.com/AWSCloudFormation/latest/UserGuide/aws-properties-licensemanager-license-consumptionconfiguration.html#cfn-licensemanager-license-consumptionconfiguration-borrowconfiguration",
          "UpdateType": "Mutable",
          "Required": false,
          "Type": "BorrowConfiguration"
        },
        "RenewType": {
          "Documentation": "http://docs.aws.amazon.com/AWSCloudFormation/latest/UserGuide/aws-properties-licensemanager-license-consumptionconfiguration.html#cfn-licensemanager-license-consumptionconfiguration-renewtype",
          "UpdateType": "Mutable",
          "Required": false,
          "PrimitiveType": "String"
        },
        "ProvisionalConfiguration": {
          "Documentation": "http://docs.aws.amazon.com/AWSCloudFormation/latest/UserGuide/aws-properties-licensemanager-license-consumptionconfiguration.html#cfn-licensemanager-license-consumptionconfiguration-provisionalconfiguration",
          "UpdateType": "Mutable",
          "Required": false,
          "Type": "ProvisionalConfiguration"
        }
      }
    },
    "AWS::LicenseManager::License.Metadata": {
      "Documentation": "http://docs.aws.amazon.com/AWSCloudFormation/latest/UserGuide/aws-properties-licensemanager-license-metadata.html",
      "Properties": {
        "Value": {
          "Documentation": "http://docs.aws.amazon.com/AWSCloudFormation/latest/UserGuide/aws-properties-licensemanager-license-metadata.html#cfn-licensemanager-license-metadata-value",
          "UpdateType": "Mutable",
          "Required": true,
          "PrimitiveType": "String"
        },
        "Name": {
          "Documentation": "http://docs.aws.amazon.com/AWSCloudFormation/latest/UserGuide/aws-properties-licensemanager-license-metadata.html#cfn-licensemanager-license-metadata-name",
          "UpdateType": "Mutable",
          "Required": true,
          "PrimitiveType": "String"
        }
      }
    },
    "AWS::LicenseManager::License.ProvisionalConfiguration": {
      "Documentation": "http://docs.aws.amazon.com/AWSCloudFormation/latest/UserGuide/aws-properties-licensemanager-license-provisionalconfiguration.html",
      "Properties": {
        "MaxTimeToLiveInMinutes": {
          "Documentation": "http://docs.aws.amazon.com/AWSCloudFormation/latest/UserGuide/aws-properties-licensemanager-license-provisionalconfiguration.html#cfn-licensemanager-license-provisionalconfiguration-maxtimetoliveinminutes",
          "UpdateType": "Mutable",
          "Required": true,
          "PrimitiveType": "Integer"
        }
      }
    },
    "AWS::LicenseManager::License.Entitlement": {
      "Documentation": "http://docs.aws.amazon.com/AWSCloudFormation/latest/UserGuide/aws-properties-licensemanager-license-entitlement.html",
      "Properties": {
        "AllowCheckIn": {
          "Documentation": "http://docs.aws.amazon.com/AWSCloudFormation/latest/UserGuide/aws-properties-licensemanager-license-entitlement.html#cfn-licensemanager-license-entitlement-allowcheckin",
          "UpdateType": "Mutable",
          "Required": false,
          "PrimitiveType": "Boolean"
        },
        "Overage": {
          "Documentation": "http://docs.aws.amazon.com/AWSCloudFormation/latest/UserGuide/aws-properties-licensemanager-license-entitlement.html#cfn-licensemanager-license-entitlement-overage",
          "UpdateType": "Mutable",
          "Required": false,
          "PrimitiveType": "Boolean"
        },
        "Value": {
          "Documentation": "http://docs.aws.amazon.com/AWSCloudFormation/latest/UserGuide/aws-properties-licensemanager-license-entitlement.html#cfn-licensemanager-license-entitlement-value",
          "UpdateType": "Mutable",
          "Required": false,
          "PrimitiveType": "String"
        },
        "MaxCount": {
          "Documentation": "http://docs.aws.amazon.com/AWSCloudFormation/latest/UserGuide/aws-properties-licensemanager-license-entitlement.html#cfn-licensemanager-license-entitlement-maxcount",
          "UpdateType": "Mutable",
          "Required": false,
          "PrimitiveType": "Integer"
        },
        "Unit": {
          "Documentation": "http://docs.aws.amazon.com/AWSCloudFormation/latest/UserGuide/aws-properties-licensemanager-license-entitlement.html#cfn-licensemanager-license-entitlement-unit",
          "UpdateType": "Mutable",
          "Required": true,
          "PrimitiveType": "String"
        },
        "Name": {
          "Documentation": "http://docs.aws.amazon.com/AWSCloudFormation/latest/UserGuide/aws-properties-licensemanager-license-entitlement.html#cfn-licensemanager-license-entitlement-name",
          "UpdateType": "Mutable",
          "Required": true,
          "PrimitiveType": "String"
        }
      }
    }
  },
  "ResourceType": {
    "AWS::LicenseManager::License": {
      "Documentation": "http://docs.aws.amazon.com/AWSCloudFormation/latest/UserGuide/aws-resource-licensemanager-license.html",
      "Properties": {
        "ProductSKU": {
          "Documentation": "http://docs.aws.amazon.com/AWSCloudFormation/latest/UserGuide/aws-resource-licensemanager-license.html#cfn-licensemanager-license-productsku",
          "UpdateType": "Mutable",
          "Required": false,
          "PrimitiveType": "String"
        },
        "Status": {
          "Documentation": "http://docs.aws.amazon.com/AWSCloudFormation/latest/UserGuide/aws-resource-licensemanager-license.html#cfn-licensemanager-license-status",
          "UpdateType": "Mutable",
          "Required": false,
          "PrimitiveType": "String"
        },
        "ConsumptionConfiguration": {
          "Documentation": "http://docs.aws.amazon.com/AWSCloudFormation/latest/UserGuide/aws-resource-licensemanager-license.html#cfn-licensemanager-license-consumptionconfiguration",
          "UpdateType": "Mutable",
          "Required": true,
          "Type": "ConsumptionConfiguration"
        },
        "Validity": {
          "Documentation": "http://docs.aws.amazon.com/AWSCloudFormation/latest/UserGuide/aws-resource-licensemanager-license.html#cfn-licensemanager-license-validity",
          "UpdateType": "Mutable",
          "Required": true,
          "Type": "ValidityDateFormat"
        },
        "ProductName": {
          "Documentation": "http://docs.aws.amazon.com/AWSCloudFormation/latest/UserGuide/aws-resource-licensemanager-license.html#cfn-licensemanager-license-productname",
          "UpdateType": "Mutable",
          "Required": true,
          "PrimitiveType": "String"
        },
        "Issuer": {
          "Documentation": "http://docs.aws.amazon.com/AWSCloudFormation/latest/UserGuide/aws-resource-licensemanager-license.html#cfn-licensemanager-license-issuer",
          "UpdateType": "Mutable",
          "Required": true,
          "Type": "IssuerData"
        },
        "HomeRegion": {
          "Documentation": "http://docs.aws.amazon.com/AWSCloudFormation/latest/UserGuide/aws-resource-licensemanager-license.html#cfn-licensemanager-license-homeregion",
          "UpdateType": "Mutable",
          "Required": true,
          "PrimitiveType": "String"
        },
        "Entitlements": {
          "Documentation": "http://docs.aws.amazon.com/AWSCloudFormation/latest/UserGuide/aws-resource-licensemanager-license.html#cfn-licensemanager-license-entitlements",
          "UpdateType": "Mutable",
          "Required": true,
          "Type": "List",
          "ItemType": "Entitlement",
          "DuplicatesAllowed": false
        },
        "LicenseMetadata": {
          "Documentation": "http://docs.aws.amazon.com/AWSCloudFormation/latest/UserGuide/aws-resource-licensemanager-license.html#cfn-licensemanager-license-licensemetadata",
          "UpdateType": "Mutable",
          "Required": false,
          "Type": "List",
          "ItemType": "Metadata",
          "DuplicatesAllowed": false
        },
        "LicenseName": {
          "Documentation": "http://docs.aws.amazon.com/AWSCloudFormation/latest/UserGuide/aws-resource-licensemanager-license.html#cfn-licensemanager-license-licensename",
          "UpdateType": "Mutable",
          "Required": true,
          "PrimitiveType": "String"
        },
        "Beneficiary": {
          "Documentation": "http://docs.aws.amazon.com/AWSCloudFormation/latest/UserGuide/aws-resource-licensemanager-license.html#cfn-licensemanager-license-beneficiary",
          "UpdateType": "Mutable",
          "Required": false,
          "PrimitiveType": "String"
        }
      },
      "Attributes": {
        "Version": {
          "PrimitiveType": "String"
        },
        "LicenseArn": {
          "PrimitiveType": "String"
        }
      }
    }
  },
  "ResourceSpecificationVersion": "114.0.0"
}