{
  "ResourceType": {
    "AWS::Lightsail::LoadBalancerTlsCertificate": {
      "Documentation": "http://docs.aws.amazon.com/AWSCloudFormation/latest/UserGuide/aws-resource-lightsail-loadbalancertlscertificate.html",
      "Properties": {
        "LoadBalancerName": {
          "Documentation": "http://docs.aws.amazon.com/AWSCloudFormation/latest/UserGuide/aws-resource-lightsail-loadbalancertlscertificate.html#cfn-lightsail-loadbalancertlscertificate-loadbalancername",
          "UpdateType": "Immutable",
          "Required": true,
          "PrimitiveType": "String"
        },
        "CertificateDomainName": {
          "Documentation": "http://docs.aws.amazon.com/AWSCloudFormation/latest/UserGuide/aws-resource-lightsail-loadbalancertlscertificate.html#cfn-lightsail-loadbalancertlscertificate-certificatedomainname",
          "UpdateType": "Immutable",
          "Required": true,
          "PrimitiveType": "String"
        },
        "IsAttached": {
          "Documentation": "http://docs.aws.amazon.com/AWSCloudFormation/latest/UserGuide/aws-resource-lightsail-loadbalancertlscertificate.html#cfn-lightsail-loadbalancertlscertificate-isattached",
          "UpdateType": "Mutable",
          "Required": false,
          "PrimitiveType": "Boolean"
        },
        "CertificateAlternativeNames": {
          "Documentation": "http://docs.aws.amazon.com/AWSCloudFormation/latest/UserGuide/aws-resource-lightsail-loadbalancertlscertificate.html#cfn-lightsail-loadbalancertlscertificate-certificatealternativenames",
          "UpdateType": "Immutable",
          "Required": false,
          "Type": "List",
          "PrimitiveItemType": "String",
          "DuplicatesAllowed": false
        },
        "HttpsRedirectionEnabled": {
          "Documentation": "http://docs.aws.amazon.com/AWSCloudFormation/latest/UserGuide/aws-resource-lightsail-loadbalancertlscertificate.html#cfn-lightsail-loadbalancertlscertificate-httpsredirectionenabled",
          "UpdateType": "Mutable",
          "Required": false,
          "PrimitiveType": "Boolean"
        },
        "CertificateName": {
          "Documentation": "http://docs.aws.amazon.com/AWSCloudFormation/latest/UserGuide/aws-resource-lightsail-loadbalancertlscertificate.html#cfn-lightsail-loadbalancertlscertificate-certificatename",
          "UpdateType": "Immutable",
          "Required": true,
          "PrimitiveType": "String"
        }
      },
      "Attributes": {
        "Status": {
          "PrimitiveType": "String"
        },
        "LoadBalancerTlsCertificateArn": {
          "PrimitiveType": "String"
        }
      }
    }
  },
  "ResourceSpecificationVersion": "114.0.0"
}