{
  "ResourceType": {
    "AWS::Lightsail::Alarm": {
      "Documentation": "http://docs.aws.amazon.com/AWSCloudFormation/latest/UserGuide/aws-resource-lightsail-alarm.html",
      "Properties": {
        "MetricName": {
          "Documentation": "http://docs.aws.amazon.com/AWSCloudFormation/latest/UserGuide/aws-resource-lightsail-alarm.html#cfn-lightsail-alarm-metricname",
          "UpdateType": "Immutable",
          "Required": true,
          "PrimitiveType": "String"
        },
        "ComparisonOperator": {
          "Documentation": "http://docs.aws.amazon.com/AWSCloudFormation/latest/UserGuide/aws-resource-lightsail-alarm.html#cfn-lightsail-alarm-comparisonoperator",
          "UpdateType": "Mutable",
          "Required": true,
          "PrimitiveType": "String"
        },
        "TreatMissingData": {
          "Documentation": "http://docs.aws.amazon.com/AWSCloudFormation/latest/UserGuide/aws-resource-lightsail-alarm.html#cfn-lightsail-alarm-treatmissingdata",
          "UpdateType": "Mutable",
          "Required": false,
          "PrimitiveType": "String"
        },
        "AlarmName": {
          "Documentation": "http://docs.aws.amazon.com/AWSCloudFormation/latest/UserGuide/aws-resource-lightsail-alarm.html#cfn-lightsail-alarm-alarmname",
          "UpdateType": "Immutable",
          "Required": true,
          "PrimitiveType": "String"
        },
        "ContactProtocols": {
          "Documentation": "http://docs.aws.amazon.com/AWSCloudFormation/latest/UserGuide/aws-resource-lightsail-alarm.html#cfn-lightsail-alarm-contactprotocols",
          "UpdateType": "Mutable",
          "Required": false,
          "Type": "List",
          "PrimitiveItemType": "String",
          "DuplicatesAllowed": false
        },
        "MonitoredResourceName": {
          "Documentation": "http://docs.aws.amazon.com/AWSCloudFormation/latest/UserGuide/aws-resource-lightsail-alarm.html#cfn-lightsail-alarm-monitoredresourcename",
          "UpdateType": "Immutable",
          "Required": true,
          "PrimitiveType": "String"
        },
        "EvaluationPeriods": {
          "Documentation": "http://docs.aws.amazon.com/AWSCloudFormation/latest/UserGuide/aws-resource-lightsail-alarm.html#cfn-lightsail-alarm-evaluationperiods",
          "UpdateType": "Mutable",
          "Required": true,
          "PrimitiveType": "Integer"
        },
        "NotificationEnabled": {
          "Documentation": "http://docs.aws.amazon.com/AWSCloudFormation/latest/UserGuide/aws-resource-lightsail-alarm.html#cfn-lightsail-alarm-notificationenabled",
          "UpdateType": "Mutable",
          "Required": false,
          "PrimitiveType": "Boolean"
        },
        "DatapointsToAlarm": {
          "Documentation": "http://docs.aws.amazon.com/AWSCloudFormation/latest/UserGuide/aws-resource-lightsail-alarm.html#cfn-lightsail-alarm-datapointstoalarm",
          "UpdateType": "Mutable",
          "Required": false,
          "PrimitiveType": "Integer"
        },
        "NotificationTriggers": {
          "Documentation": "http://docs.aws.amazon.com/AWSCloudFormation/latest/UserGuide/aws-resource-lightsail-alarm.html#cfn-lightsail-alarm-notificationtriggers",
          "UpdateType": "Mutable",
          "Required": false,
          "Type": "List",
          "PrimitiveItemType": "String",
          "DuplicatesAllowed": false
        },
        "Threshold": {
          "Documentation": "http://docs.aws.amazon.com/AWSCloudFormation/latest/UserGuide/aws-resource-lightsail-alarm.html#cfn-lightsail-alarm-threshold",
          "UpdateType": "Mutable",
          "Required": true,
          "PrimitiveType": "Double"
        }
      },
      "Attributes": {
        "AlarmArn": {
          "PrimitiveType": "String"
        },
        "State": {
          "PrimitiveType": "String"
        }
      }
    }
  },
  "ResourceSpecificationVersion": "114.0.0"
}