{
  "ResourceType": {
    "AWS::Lightsail::StaticIp": {
      "Documentation": "http://docs.aws.amazon.com/AWSCloudFormation/latest/UserGuide/aws-resource-lightsail-staticip.html",
      "Properties": {
        "StaticIpName": {
          "Documentation": "http://docs.aws.amazon.com/AWSCloudFormation/latest/UserGuide/aws-resource-lightsail-staticip.html#cfn-lightsail-staticip-staticipname",
          "UpdateType": "Immutable",
          "Required": true,
          "PrimitiveType": "String"
        },
        "AttachedTo": {
          "Documentation": "http://docs.aws.amazon.com/AWSCloudFormation/latest/UserGuide/aws-resource-lightsail-staticip.html#cfn-lightsail-staticip-attachedto",
          "UpdateType": "Mutable",
          "Required": false,
          "PrimitiveType": "String"
        }
      },
      "Attributes": {
        "StaticIpArn": {
          "PrimitiveType": "String"
        },
        "IsAttached": {
          "PrimitiveType": "Boolean"
        },
        "IpAddress": {
          "PrimitiveType": "String"
        }
      }
    }
  },
  "ResourceSpecificationVersion": "114.0.0"
}