{
  "ResourceType": {
    "AWS::Location::RouteCalculator": {
      "Documentation": "http://docs.aws.amazon.com/AWSCloudFormation/latest/UserGuide/aws-resource-location-routecalculator.html",
      "Properties": {
        "CalculatorName": {
          "Documentation": "http://docs.aws.amazon.com/AWSCloudFormation/latest/UserGuide/aws-resource-location-routecalculator.html#cfn-location-routecalculator-calculatorname",
          "UpdateType": "Immutable",
          "Required": true,
          "PrimitiveType": "String"
        },
        "Description": {
          "Documentation": "http://docs.aws.amazon.com/AWSCloudFormation/latest/UserGuide/aws-resource-location-routecalculator.html#cfn-location-routecalculator-description",
          "UpdateType": "Immutable",
          "Required": false,
          "PrimitiveType": "String"
        },
        "PricingPlan": {
          "Documentation": "http://docs.aws.amazon.com/AWSCloudFormation/latest/UserGuide/aws-resource-location-routecalculator.html#cfn-location-routecalculator-pricingplan",
          "UpdateType": "Immutable",
          "Required": false,
          "PrimitiveType": "String"
        },
        "DataSource": {
          "Documentation": "http://docs.aws.amazon.com/AWSCloudFormation/latest/UserGuide/aws-resource-location-routecalculator.html#cfn-location-routecalculator-datasource",
          "UpdateType": "Immutable",
          "Required": true,
          "PrimitiveType": "String"
        }
      },
      "Attributes": {
        "CreateTime": {
          "PrimitiveType": "String"
        },
        "UpdateTime": {
          "PrimitiveType": "String"
        },
        "CalculatorArn": {
          "PrimitiveType": "String"
        },
        "Arn": {
          "PrimitiveType": "String"
        }
      }
    }
  },
  "ResourceSpecificationVersion": "114.0.0"
}