{
  "PropertyTypes": {
    "AWS::LookoutMetrics::AnomalyDetector.TimestampColumn": {
      "Documentation": "http://docs.aws.amazon.com/AWSCloudFormation/latest/UserGuide/aws-properties-lookoutmetrics-anomalydetector-timestampcolumn.html",
      "Properties": {
        "ColumnName": {
          "Documentation": "http://docs.aws.amazon.com/AWSCloudFormation/latest/UserGuide/aws-properties-lookoutmetrics-anomalydetector-timestampcolumn.html#cfn-lookoutmetrics-anomalydetector-timestampcolumn-columnname",
          "UpdateType": "Mutable",
          "Required": false,
          "PrimitiveType": "String"
        },
        "ColumnFormat": {
          "Documentation": "http://docs.aws.amazon.com/AWSCloudFormation/latest/UserGuide/aws-properties-lookoutmetrics-anomalydetector-timestampcolumn.html#cfn-lookoutmetrics-anomalydetector-timestampcolumn-columnformat",
          "UpdateType": "Mutable",
          "Required": false,
          "PrimitiveType": "String"
        }
      }
    },
    "AWS::LookoutMetrics::AnomalyDetector.CloudwatchConfig": {
      "Documentation": "http://docs.aws.amazon.com/AWSCloudFormation/latest/UserGuide/aws-properties-lookoutmetrics-anomalydetector-cloudwatchconfig.html",
      "Properties": {
        "RoleArn": {
          "Documentation": "http://docs.aws.amazon.com/AWSCloudFormation/latest/UserGuide/aws-properties-lookoutmetrics-anomalydetector-cloudwatchconfig.html#cfn-lookoutmetrics-anomalydetector-cloudwatchconfig-rolearn",
          "UpdateType": "Mutable",
          "Required": true,
          "PrimitiveType": "String"
        }
      }
    },
    "AWS::LookoutMetrics::AnomalyDetector.AnomalyDetectorConfig": {
      "Documentation": "http://docs.aws.amazon.com/AWSCloudFormation/latest/UserGuide/aws-properties-lookoutmetrics-anomalydetector-anomalydetectorconfig.html",
      "Properties": {
        "AnomalyDetectorFrequency": {
          "Documentation": "http://docs.aws.amazon.com/AWSCloudFormation/latest/UserGuide/aws-properties-lookoutmetrics-anomalydetector-anomalydetectorconfig.html#cfn-lookoutmetrics-anomalydetector-anomalydetectorconfig-anomalydetectorfrequency",
          "UpdateType": "Mutable",
          "Required": true,
          "PrimitiveType": "String"
        }
      }
    },
    "AWS::LookoutMetrics::AnomalyDetector.MetricSource": {
      "Documentation": "http://docs.aws.amazon.com/AWSCloudFormation/latest/UserGuide/aws-properties-lookoutmetrics-anomalydetector-metricsource.html",
      "Properties": {
        "S3SourceConfig": {
          "Documentation": "http://docs.aws.amazon.com/AWSCloudFormation/latest/UserGuide/aws-properties-lookoutmetrics-anomalydetector-metricsource.html#cfn-lookoutmetrics-anomalydetector-metricsource-s3sourceconfig",
          "UpdateType": "Mutable",
          "Required": false,
          "Type": "S3SourceConfig"
        },
        "CloudwatchConfig": {
          "Documentation": "http://docs.aws.amazon.com/AWSCloudFormation/latest/UserGuide/aws-properties-lookoutmetrics-anomalydetector-metricsource.html#cfn-lookoutmetrics-anomalydetector-metricsource-cloudwatchconfig",
          "UpdateType": "Mutable",
          "Required": false,
          "Type": "CloudwatchConfig"
        },
        "RDSSourceConfig": {
          "Documentation": "http://docs.aws.amazon.com/AWSCloudFormation/latest/UserGuide/aws-properties-lookoutmetrics-anomalydetector-metricsource.html#cfn-lookoutmetrics-anomalydetector-metricsource-rdssourceconfig",
          "UpdateType": "Mutable",
          "Required": false,
          "Type": "RDSSourceConfig"
        },
        "AppFlowConfig": {
          "Documentation": "http://docs.aws.amazon.com/AWSCloudFormation/latest/UserGuide/aws-properties-lookoutmetrics-anomalydetector-metricsource.html#cfn-lookoutmetrics-anomalydetector-metricsource-appflowconfig",
          "UpdateType": "Mutable",
          "Required": false,
          "Type": "AppFlowConfig"
        },
        "RedshiftSourceConfig": {
          "Documentation": "http://docs.aws.amazon.com/AWSCloudFormation/latest/UserGuide/aws-properties-lookoutmetrics-anomalydetector-metricsource.html#cfn-lookoutmetrics-anomalydetector-metricsource-redshiftsourceconfig",
          "UpdateType": "Mutable",
          "Required": false,
          "Type": "RedshiftSourceConfig"
        }
      }
    },
    "AWS::LookoutMetrics::AnomalyDetector.FileFormatDescriptor": {
      "Documentation": "http://docs.aws.amazon.com/AWSCloudFormation/latest/UserGuide/aws-properties-lookoutmetrics-anomalydetector-fileformatdescriptor.html",
      "Properties": {
        "JsonFormatDescriptor": {
          "Documentation": "http://docs.aws.amazon.com/AWSCloudFormation/latest/UserGuide/aws-properties-lookoutmetrics-anomalydetector-fileformatdescriptor.html#cfn-lookoutmetrics-anomalydetector-fileformatdescriptor-jsonformatdescriptor",
          "UpdateType": "Mutable",
          "Required": false,
          "Type": "JsonFormatDescriptor"
        },
        "CsvFormatDescriptor": {
          "Documentation": "http://docs.aws.amazon.com/AWSCloudFormation/latest/UserGuide/aws-properties-lookoutmetrics-anomalydetector-fileformatdescriptor.html#cfn-lookoutmetrics-anomalydetector-fileformatdescriptor-csvformatdescriptor",
          "UpdateType": "Mutable",
          "Required": false,
          "Type": "CsvFormatDescriptor"
        }
      }
    },
    "AWS::LookoutMetrics::AnomalyDetector.JsonFormatDescriptor": {
      "Documentation": "http://docs.aws.amazon.com/AWSCloudFormation/latest/UserGuide/aws-properties-lookoutmetrics-anomalydetector-jsonformatdescriptor.html",
      "Properties": {
        "Charset": {
          "Documentation": "http://docs.aws.amazon.com/AWSCloudFormation/latest/UserGuide/aws-properties-lookoutmetrics-anomalydetector-jsonformatdescriptor.html#cfn-lookoutmetrics-anomalydetector-jsonformatdescriptor-charset",
          "UpdateType": "Mutable",
          "Required": false,
          "PrimitiveType": "String"
        },
        "FileCompression": {
          "Documentation": "http://docs.aws.amazon.com/AWSCloudFormation/latest/UserGuide/aws-properties-lookoutmetrics-anomalydetector-jsonformatdescriptor.html#cfn-lookoutmetrics-anomalydetector-jsonformatdescriptor-filecompression",
          "UpdateType": "Mutable",
          "Required": false,
          "PrimitiveType": "String"
        }
      }
    },
    "AWS::LookoutMetrics::AnomalyDetector.S3SourceConfig": {
      "Documentation": "http://docs.aws.amazon.com/AWSCloudFormation/latest/UserGuide/aws-properties-lookoutmetrics-anomalydetector-s3sourceconfig.html",
      "Properties": {
        "TemplatedPathList": {
          "Documentation": "http://docs.aws.amazon.com/AWSCloudFormation/latest/UserGuide/aws-properties-lookoutmetrics-anomalydetector-s3sourceconfig.html#cfn-lookoutmetrics-anomalydetector-s3sourceconfig-templatedpathlist",
          "UpdateType": "Mutable",
          "Required": false,
          "Type": "List",
          "PrimitiveItemType": "String",
          "DuplicatesAllowed": true
        },
        "HistoricalDataPathList": {
          "Documentation": "http://docs.aws.amazon.com/AWSCloudFormation/latest/UserGuide/aws-properties-lookoutmetrics-anomalydetector-s3sourceconfig.html#cfn-lookoutmetrics-anomalydetector-s3sourceconfig-historicaldatapathlist",
          "UpdateType": "Mutable",
          "Required": false,
          "Type": "List",
          "PrimitiveItemType": "String",
          "DuplicatesAllowed": true
        },
        "RoleArn": {
          "Documentation": "http://docs.aws.amazon.com/AWSCloudFormation/latest/UserGuide/aws-properties-lookoutmetrics-anomalydetector-s3sourceconfig.html#cfn-lookoutmetrics-anomalydetector-s3sourceconfig-rolearn",
          "UpdateType": "Mutable",
          "Required": true,
          "PrimitiveType": "String"
        },
        "FileFormatDescriptor": {
          "Documentation": "http://docs.aws.amazon.com/AWSCloudFormation/latest/UserGuide/aws-properties-lookoutmetrics-anomalydetector-s3sourceconfig.html#cfn-lookoutmetrics-anomalydetector-s3sourceconfig-fileformatdescriptor",
          "UpdateType": "Mutable",
          "Required": true,
          "Type": "FileFormatDescriptor"
        }
      }
    },
    "AWS::LookoutMetrics::AnomalyDetector.AppFlowConfig": {
      "Documentation": "http://docs.aws.amazon.com/AWSCloudFormation/latest/UserGuide/aws-properties-lookoutmetrics-anomalydetector-appflowconfig.html",
      "Properties": {
        "FlowName": {
          "Documentation": "http://docs.aws.amazon.com/AWSCloudFormation/latest/UserGuide/aws-properties-lookoutmetrics-anomalydetector-appflowconfig.html#cfn-lookoutmetrics-anomalydetector-appflowconfig-flowname",
          "UpdateType": "Mutable",
          "Required": true,
          "PrimitiveType": "String"
        },
        "RoleArn": {
          "Documentation": "http://docs.aws.amazon.com/AWSCloudFormation/latest/UserGuide/aws-properties-lookoutmetrics-anomalydetector-appflowconfig.html#cfn-lookoutmetrics-anomalydetector-appflowconfig-rolearn",
          "UpdateType": "Mutable",
          "Required": true,
          "PrimitiveType": "String"
        }
      }
    },
    "AWS::LookoutMetrics::AnomalyDetector.MetricSet": {
      "Documentation": "http://docs.aws.amazon.com/AWSCloudFormation/latest/UserGuide/aws-properties-lookoutmetrics-anomalydetector-metricset.html",
      "Properties": {
        "Timezone": {
          "Documentation": "http://docs.aws.amazon.com/AWSCloudFormation/latest/UserGuide/aws-properties-lookoutmetrics-anomalydetector-metricset.html#cfn-lookoutmetrics-anomalydetector-metricset-timezone",
          "UpdateType": "Mutable",
          "Required": false,
          "PrimitiveType": "String"
        },
        "MetricSetDescription": {
          "Documentation": "http://docs.aws.amazon.com/AWSCloudFormation/latest/UserGuide/aws-properties-lookoutmetrics-anomalydetector-metricset.html#cfn-lookoutmetrics-anomalydetector-metricset-metricsetdescription",
          "UpdateType": "Mutable",
          "Required": false,
          "PrimitiveType": "String"
        },
        "MetricList": {
          "Documentation": "http://docs.aws.amazon.com/AWSCloudFormation/latest/UserGuide/aws-properties-lookoutmetrics-anomalydetector-metricset.html#cfn-lookoutmetrics-anomalydetector-metricset-metriclist",
          "UpdateType": "Mutable",
          "Required": true,
          "Type": "List",
          "ItemType": "Metric",
          "DuplicatesAllowed": true
        },
        "MetricSource": {
          "Documentation": "http://docs.aws.amazon.com/AWSCloudFormation/latest/UserGuide/aws-properties-lookoutmetrics-anomalydetector-metricset.html#cfn-lookoutmetrics-anomalydetector-metricset-metricsource",
          "UpdateType": "Mutable",
          "Required": true,
          "Type": "MetricSource"
        },
        "TimestampColumn": {
          "Documentation": "http://docs.aws.amazon.com/AWSCloudFormation/latest/UserGuide/aws-properties-lookoutmetrics-anomalydetector-metricset.html#cfn-lookoutmetrics-anomalydetector-metricset-timestampcolumn",
          "UpdateType": "Mutable",
          "Required": false,
          "Type": "TimestampColumn"
        },
        "DimensionList": {
          "Documentation": "http://docs.aws.amazon.com/AWSCloudFormation/latest/UserGuide/aws-properties-lookoutmetrics-anomalydetector-metricset.html#cfn-lookoutmetrics-anomalydetector-metricset-dimensionlist",
          "UpdateType": "Mutable",
          "Required": false,
          "Type": "List",
          "PrimitiveItemType": "String",
          "DuplicatesAllowed": true
        },
        "MetricSetFrequency": {
          "Documentation": "http://docs.aws.amazon.com/AWSCloudFormation/latest/UserGuide/aws-properties-lookoutmetrics-anomalydetector-metricset.html#cfn-lookoutmetrics-anomalydetector-metricset-metricsetfrequency",
          "UpdateType": "Mutable",
          "Required": false,
          "PrimitiveType": "String"
        },
        "MetricSetName": {
          "Documentation": "http://docs.aws.amazon.com/AWSCloudFormation/latest/UserGuide/aws-properties-lookoutmetrics-anomalydetector-metricset.html#cfn-lookoutmetrics-anomalydetector-metricset-metricsetname",
          "UpdateType": "Mutable",
          "Required": true,
          "PrimitiveType": "String"
        },
        "Offset": {
          "Documentation": "http://docs.aws.amazon.com/AWSCloudFormation/latest/UserGuide/aws-properties-lookoutmetrics-anomalydetector-metricset.html#cfn-lookoutmetrics-anomalydetector-metricset-offset",
          "UpdateType": "Mutable",
          "Required": false,
          "PrimitiveType": "Integer"
        }
      }
    },
    "AWS::LookoutMetrics::AnomalyDetector.Metric": {
      "Documentation": "http://docs.aws.amazon.com/AWSCloudFormation/latest/UserGuide/aws-properties-lookoutmetrics-anomalydetector-metric.html",
      "Properties": {
        "AggregationFunction": {
          "Documentation": "http://docs.aws.amazon.com/AWSCloudFormation/latest/UserGuide/aws-properties-lookoutmetrics-anomalydetector-metric.html#cfn-lookoutmetrics-anomalydetector-metric-aggregationfunction",
          "UpdateType": "Mutable",
          "Required": true,
          "PrimitiveType": "String"
        },
        "MetricName": {
          "Documentation": "http://docs.aws.amazon.com/AWSCloudFormation/latest/UserGuide/aws-properties-lookoutmetrics-anomalydetector-metric.html#cfn-lookoutmetrics-anomalydetector-metric-metricname",
          "UpdateType": "Mutable",
          "Required": true,
          "PrimitiveType": "String"
        },
        "Namespace": {
          "Documentation": "http://docs.aws.amazon.com/AWSCloudFormation/latest/UserGuide/aws-properties-lookoutmetrics-anomalydetector-metric.html#cfn-lookoutmetrics-anomalydetector-metric-namespace",
          "UpdateType": "Mutable",
          "Required": false,
          "PrimitiveType": "String"
        }
      }
    },
    "AWS::LookoutMetrics::AnomalyDetector.CsvFormatDescriptor": {
      "Documentation": "http://docs.aws.amazon.com/AWSCloudFormation/latest/UserGuide/aws-properties-lookoutmetrics-anomalydetector-csvformatdescriptor.html",
      "Properties": {
        "QuoteSymbol": {
          "Documentation": "http://docs.aws.amazon.com/AWSCloudFormation/latest/UserGuide/aws-properties-lookoutmetrics-anomalydetector-csvformatdescriptor.html#cfn-lookoutmetrics-anomalydetector-csvformatdescriptor-quotesymbol",
          "UpdateType": "Mutable",
          "Required": false,
          "PrimitiveType": "String"
        },
        "ContainsHeader": {
          "Documentation": "http://docs.aws.amazon.com/AWSCloudFormation/latest/UserGuide/aws-properties-lookoutmetrics-anomalydetector-csvformatdescriptor.html#cfn-lookoutmetrics-anomalydetector-csvformatdescriptor-containsheader",
          "UpdateType": "Mutable",
          "Required": false,
          "PrimitiveType": "Boolean"
        },
        "Delimiter": {
          "Documentation": "http://docs.aws.amazon.com/AWSCloudFormation/latest/UserGuide/aws-properties-lookoutmetrics-anomalydetector-csvformatdescriptor.html#cfn-lookoutmetrics-anomalydetector-csvformatdescriptor-delimiter",
          "UpdateType": "Mutable",
          "Required": false,
          "PrimitiveType": "String"
        },
        "HeaderList": {
          "Documentation": "http://docs.aws.amazon.com/AWSCloudFormation/latest/UserGuide/aws-properties-lookoutmetrics-anomalydetector-csvformatdescriptor.html#cfn-lookoutmetrics-anomalydetector-csvformatdescriptor-headerlist",
          "UpdateType": "Mutable",
          "Required": false,
          "Type": "List",
          "PrimitiveItemType": "String",
          "DuplicatesAllowed": true
        },
        "Charset": {
          "Documentation": "http://docs.aws.amazon.com/AWSCloudFormation/latest/UserGuide/aws-properties-lookoutmetrics-anomalydetector-csvformatdescriptor.html#cfn-lookoutmetrics-anomalydetector-csvformatdescriptor-charset",
          "UpdateType": "Mutable",
          "Required": false,
          "PrimitiveType": "String"
        },
        "FileCompression": {
          "Documentation": "http://docs.aws.amazon.com/AWSCloudFormation/latest/UserGuide/aws-properties-lookoutmetrics-anomalydetector-csvformatdescriptor.html#cfn-lookoutmetrics-anomalydetector-csvformatdescriptor-filecompression",
          "UpdateType": "Mutable",
          "Required": false,
          "PrimitiveType": "String"
        }
      }
    },
    "AWS::LookoutMetrics::AnomalyDetector.RedshiftSourceConfig": {
      "Documentation": "http://docs.aws.amazon.com/AWSCloudFormation/latest/UserGuide/aws-properties-lookoutmetrics-anomalydetector-redshiftsourceconfig.html",
      "Properties": {
        "TableName": {
          "Documentation": "http://docs.aws.amazon.com/AWSCloudFormation/latest/UserGuide/aws-properties-lookoutmetrics-anomalydetector-redshiftsourceconfig.html#cfn-lookoutmetrics-anomalydetector-redshiftsourceconfig-tablename",
          "UpdateType": "Mutable",
          "Required": true,
          "PrimitiveType": "String"
        },
        "DatabasePort": {
          "Documentation": "http://docs.aws.amazon.com/AWSCloudFormation/latest/UserGuide/aws-properties-lookoutmetrics-anomalydetector-redshiftsourceconfig.html#cfn-lookoutmetrics-anomalydetector-redshiftsourceconfig-databaseport",
          "UpdateType": "Mutable",
          "Required": true,
          "PrimitiveType": "Integer"
        },
        "DatabaseHost": {
          "Documentation": "http://docs.aws.amazon.com/AWSCloudFormation/latest/UserGuide/aws-properties-lookoutmetrics-anomalydetector-redshiftsourceconfig.html#cfn-lookoutmetrics-anomalydetector-redshiftsourceconfig-databasehost",
          "UpdateType": "Mutable",
          "Required": true,
          "PrimitiveType": "String"
        },
        "DatabaseName": {
          "Documentation": "http://docs.aws.amazon.com/AWSCloudFormation/latest/UserGuide/aws-properties-lookoutmetrics-anomalydetector-redshiftsourceconfig.html#cfn-lookoutmetrics-anomalydetector-redshiftsourceconfig-databasename",
          "UpdateType": "Mutable",
          "Required": true,
          "PrimitiveType": "String"
        },
        "SecretManagerArn": {
          "Documentation": "http://docs.aws.amazon.com/AWSCloudFormation/latest/UserGuide/aws-properties-lookoutmetrics-anomalydetector-redshiftsourceconfig.html#cfn-lookoutmetrics-anomalydetector-redshiftsourceconfig-secretmanagerarn",
          "UpdateType": "Mutable",
          "Required": true,
          "PrimitiveType": "String"
        },
        "VpcConfiguration": {
          "Documentation": "http://docs.aws.amazon.com/AWSCloudFormation/latest/UserGuide/aws-properties-lookoutmetrics-anomalydetector-redshiftsourceconfig.html#cfn-lookoutmetrics-anomalydetector-redshiftsourceconfig-vpcconfiguration",
          "UpdateType": "Mutable",
          "Required": true,
          "Type": "VpcConfiguration"
        },
        "ClusterIdentifier": {
          "Documentation": "http://docs.aws.amazon.com/AWSCloudFormation/latest/UserGuide/aws-properties-lookoutmetrics-anomalydetector-redshiftsourceconfig.html#cfn-lookoutmetrics-anomalydetector-redshiftsourceconfig-clusteridentifier",
          "UpdateType": "Mutable",
          "Required": true,
          "PrimitiveType": "String"
        },
        "RoleArn": {
          "Documentation": "http://docs.aws.amazon.com/AWSCloudFormation/latest/UserGuide/aws-properties-lookoutmetrics-anomalydetector-redshiftsourceconfig.html#cfn-lookoutmetrics-anomalydetector-redshiftsourceconfig-rolearn",
          "UpdateType": "Mutable",
          "Required": true,
          "PrimitiveType": "String"
        }
      }
    },
    "AWS::LookoutMetrics::AnomalyDetector.RDSSourceConfig": {
      "Documentation": "http://docs.aws.amazon.com/AWSCloudFormation/latest/UserGuide/aws-properties-lookoutmetrics-anomalydetector-rdssourceconfig.html",
      "Properties": {
        "TableName": {
          "Documentation": "http://docs.aws.amazon.com/AWSCloudFormation/latest/UserGuide/aws-properties-lookoutmetrics-anomalydetector-rdssourceconfig.html#cfn-lookoutmetrics-anomalydetector-rdssourceconfig-tablename",
          "UpdateType": "Mutable",
          "Required": true,
          "PrimitiveType": "String"
        },
        "DatabasePort": {
          "Documentation": "http://docs.aws.amazon.com/AWSCloudFormation/latest/UserGuide/aws-properties-lookoutmetrics-anomalydetector-rdssourceconfig.html#cfn-lookoutmetrics-anomalydetector-rdssourceconfig-databaseport",
          "UpdateType": "Mutable",
          "Required": true,
          "PrimitiveType": "Integer"
        },
        "DatabaseHost": {
          "Documentation": "http://docs.aws.amazon.com/AWSCloudFormation/latest/UserGuide/aws-properties-lookoutmetrics-anomalydetector-rdssourceconfig.html#cfn-lookoutmetrics-anomalydetector-rdssourceconfig-databasehost",
          "UpdateType": "Mutable",
          "Required": true,
          "PrimitiveType": "String"
        },
        "DatabaseName": {
          "Documentation": "http://docs.aws.amazon.com/AWSCloudFormation/latest/UserGuide/aws-properties-lookoutmetrics-anomalydetector-rdssourceconfig.html#cfn-lookoutmetrics-anomalydetector-rdssourceconfig-databasename",
          "UpdateType": "Mutable",
          "Required": true,
          "PrimitiveType": "String"
        },
        "SecretManagerArn": {
          "Documentation": "http://docs.aws.amazon.com/AWSCloudFormation/latest/UserGuide/aws-properties-lookoutmetrics-anomalydetector-rdssourceconfig.html#cfn-lookoutmetrics-anomalydetector-rdssourceconfig-secretmanagerarn",
          "UpdateType": "Mutable",
          "Required": true,
          "PrimitiveType": "String"
        },
        "VpcConfiguration": {
          "Documentation": "http://docs.aws.amazon.com/AWSCloudFormation/latest/UserGuide/aws-properties-lookoutmetrics-anomalydetector-rdssourceconfig.html#cfn-lookoutmetrics-anomalydetector-rdssourceconfig-vpcconfiguration",
          "UpdateType": "Mutable",
          "Required": true,
          "Type": "VpcConfiguration"
        },
        "DBInstanceIdentifier": {
          "Documentation": "http://docs.aws.amazon.com/AWSCloudFormation/latest/UserGuide/aws-properties-lookoutmetrics-anomalydetector-rdssourceconfig.html#cfn-lookoutmetrics-anomalydetector-rdssourceconfig-dbinstanceidentifier",
          "UpdateType": "Mutable",
          "Required": true,
          "PrimitiveType": "String"
        },
        "RoleArn": {
          "Documentation": "http://docs.aws.amazon.com/AWSCloudFormation/latest/UserGuide/aws-properties-lookoutmetrics-anomalydetector-rdssourceconfig.html#cfn-lookoutmetrics-anomalydetector-rdssourceconfig-rolearn",
          "UpdateType": "Mutable",
          "Required": true,
          "PrimitiveType": "String"
        }
      }
    },
    "AWS::LookoutMetrics::AnomalyDetector.VpcConfiguration": {
      "Documentation": "http://docs.aws.amazon.com/AWSCloudFormation/latest/UserGuide/aws-properties-lookoutmetrics-anomalydetector-vpcconfiguration.html",
      "Properties": {
        "SubnetIdList": {
          "Documentation": "http://docs.aws.amazon.com/AWSCloudFormation/latest/UserGuide/aws-properties-lookoutmetrics-anomalydetector-vpcconfiguration.html#cfn-lookoutmetrics-anomalydetector-vpcconfiguration-subnetidlist",
          "UpdateType": "Mutable",
          "Required": true,
          "Type": "List",
          "PrimitiveItemType": "String",
          "DuplicatesAllowed": true
        },
        "SecurityGroupIdList": {
          "Documentation": "http://docs.aws.amazon.com/AWSCloudFormation/latest/UserGuide/aws-properties-lookoutmetrics-anomalydetector-vpcconfiguration.html#cfn-lookoutmetrics-anomalydetector-vpcconfiguration-securitygroupidlist",
          "UpdateType": "Mutable",
          "Required": true,
          "Type": "List",
          "PrimitiveItemType": "String",
          "DuplicatesAllowed": true
        }
      }
    }
  },
  "ResourceType": {
    "AWS::LookoutMetrics::AnomalyDetector": {
      "Documentation": "http://docs.aws.amazon.com/AWSCloudFormation/latest/UserGuide/aws-resource-lookoutmetrics-anomalydetector.html",
      "Properties": {
        "AnomalyDetectorName": {
          "Documentation": "http://docs.aws.amazon.com/AWSCloudFormation/latest/UserGuide/aws-resource-lookoutmetrics-anomalydetector.html#cfn-lookoutmetrics-anomalydetector-anomalydetectorname",
          "UpdateType": "Immutable",
          "Required": false,
          "PrimitiveType": "String"
        },
        "KmsKeyArn": {
          "Documentation": "http://docs.aws.amazon.com/AWSCloudFormation/latest/UserGuide/aws-resource-lookoutmetrics-anomalydetector.html#cfn-lookoutmetrics-anomalydetector-kmskeyarn",
          "UpdateType": "Mutable",
          "Required": false,
          "PrimitiveType": "String"
        },
        "AnomalyDetectorDescription": {
          "Documentation": "http://docs.aws.amazon.com/AWSCloudFormation/latest/UserGuide/aws-resource-lookoutmetrics-anomalydetector.html#cfn-lookoutmetrics-anomalydetector-anomalydetectordescription",
          "UpdateType": "Mutable",
          "Required": false,
          "PrimitiveType": "String"
        },
        "AnomalyDetectorConfig": {
          "Documentation": "http://docs.aws.amazon.com/AWSCloudFormation/latest/UserGuide/aws-resource-lookoutmetrics-anomalydetector.html#cfn-lookoutmetrics-anomalydetector-anomalydetectorconfig",
          "UpdateType": "Mutable",
          "Required": true,
          "Type": "AnomalyDetectorConfig"
        },
        "MetricSetList": {
          "Documentation": "http://docs.aws.amazon.com/AWSCloudFormation/latest/UserGuide/aws-resource-lookoutmetrics-anomalydetector.html#cfn-lookoutmetrics-anomalydetector-metricsetlist",
          "UpdateType": "Mutable",
          "Required": true,
          "Type": "List",
          "ItemType": "MetricSet",
          "DuplicatesAllowed": true
        }
      },
      "Attributes": {
        "Arn": {
          "PrimitiveType": "String"
        }
      }
    }
  },
  "ResourceSpecificationVersion": "114.0.0"
}