{
  "ResourceType": {
    "AWS::Macie::Session": {
      "Documentation": "http://docs.aws.amazon.com/AWSCloudFormation/latest/UserGuide/aws-resource-macie-session.html",
      "Properties": {
        "Status": {
          "Documentation": "http://docs.aws.amazon.com/AWSCloudFormation/latest/UserGuide/aws-resource-macie-session.html#cfn-macie-session-status",
          "UpdateType": "Mutable",
          "Required": false,
          "PrimitiveType": "String"
        },
        "FindingPublishingFrequency": {
          "Documentation": "http://docs.aws.amazon.com/AWSCloudFormation/latest/UserGuide/aws-resource-macie-session.html#cfn-macie-session-findingpublishingfrequency",
          "UpdateType": "Mutable",
          "Required": false,
          "PrimitiveType": "String"
        }
      },
      "Attributes": {
        "ServiceRole": {
          "PrimitiveType": "String"
        },
        "AwsAccountId": {
          "PrimitiveType": "String"
        }
      }
    }
  },
  "ResourceSpecificationVersion": "114.0.0"
}