{
  "ResourceType": {
    "AWS::Macie::CustomDataIdentifier": {
      "Documentation": "http://docs.aws.amazon.com/AWSCloudFormation/latest/UserGuide/aws-resource-macie-customdataidentifier.html",
      "Properties": {
        "Description": {
          "Documentation": "http://docs.aws.amazon.com/AWSCloudFormation/latest/UserGuide/aws-resource-macie-customdataidentifier.html#cfn-macie-customdataidentifier-description",
          "UpdateType": "Immutable",
          "Required": false,
          "PrimitiveType": "String"
        },
        "Keywords": {
          "Documentation": "http://docs.aws.amazon.com/AWSCloudFormation/latest/UserGuide/aws-resource-macie-customdataidentifier.html#cfn-macie-customdataidentifier-keywords",
          "UpdateType": "Immutable",
          "Required": false,
          "Type": "List",
          "PrimitiveItemType": "String",
          "DuplicatesAllowed": true
        },
        "Regex": {
          "Documentation": "http://docs.aws.amazon.com/AWSCloudFormation/latest/UserGuide/aws-resource-macie-customdataidentifier.html#cfn-macie-customdataidentifier-regex",
          "UpdateType": "Immutable",
          "Required": true,
          "PrimitiveType": "String"
        },
        "IgnoreWords": {
          "Documentation": "http://docs.aws.amazon.com/AWSCloudFormation/latest/UserGuide/aws-resource-macie-customdataidentifier.html#cfn-macie-customdataidentifier-ignorewords",
          "UpdateType": "Immutable",
          "Required": false,
          "Type": "List",
          "PrimitiveItemType": "String",
          "DuplicatesAllowed": true
        },
        "Name": {
          "Documentation": "http://docs.aws.amazon.com/AWSCloudFormation/latest/UserGuide/aws-resource-macie-customdataidentifier.html#cfn-macie-customdataidentifier-name",
          "UpdateType": "Immutable",
          "Required": true,
          "PrimitiveType": "String"
        },
        "MaximumMatchDistance": {
          "Documentation": "http://docs.aws.amazon.com/AWSCloudFormation/latest/UserGuide/aws-resource-macie-customdataidentifier.html#cfn-macie-customdataidentifier-maximummatchdistance",
          "UpdateType": "Immutable",
          "Required": false,
          "PrimitiveType": "Integer"
        }
      },
      "Attributes": {
        "Id": {
          "PrimitiveType": "String"
        },
        "Arn": {
          "PrimitiveType": "String"
        }
      }
    }
  },
  "ResourceSpecificationVersion": "114.0.0"
}