{
  "PropertyTypes": {
    "AWS::ManagedBlockchain::Node.NodeConfiguration": {
      "Documentation": "http://docs.aws.amazon.com/AWSCloudFormation/latest/UserGuide/aws-properties-managedblockchain-node-nodeconfiguration.html",
      "Properties": {
        "AvailabilityZone": {
          "Required": true,
          "Documentation": "http://docs.aws.amazon.com/AWSCloudFormation/latest/UserGuide/aws-properties-managedblockchain-node-nodeconfiguration.html#cfn-managedblockchain-node-nodeconfiguration-availabilityzone",
          "PrimitiveType": "String",
          "UpdateType": "Mutable"
        },
        "InstanceType": {
          "Required": true,
          "Documentation": "http://docs.aws.amazon.com/AWSCloudFormation/latest/UserGuide/aws-properties-managedblockchain-node-nodeconfiguration.html#cfn-managedblockchain-node-nodeconfiguration-instancetype",
          "PrimitiveType": "String",
          "UpdateType": "Mutable"
        }
      }
    }
  },
  "ResourceType": {
    "AWS::ManagedBlockchain::Node": {
      "Documentation": "http://docs.aws.amazon.com/AWSCloudFormation/latest/UserGuide/aws-resource-managedblockchain-node.html",
      "Attributes": {
        "MemberId": {
          "PrimitiveType": "String"
        },
        "NodeId": {
          "PrimitiveType": "String"
        },
        "Arn": {
          "PrimitiveType": "String"
        },
        "NetworkId": {
          "PrimitiveType": "String"
        }
      },
      "Properties": {
        "MemberId": {
          "Required": true,
          "Documentation": "http://docs.aws.amazon.com/AWSCloudFormation/latest/UserGuide/aws-resource-managedblockchain-node.html#cfn-managedblockchain-node-memberid",
          "PrimitiveType": "String",
          "UpdateType": "Mutable"
        },
        "NetworkId": {
          "Required": true,
          "Documentation": "http://docs.aws.amazon.com/AWSCloudFormation/latest/UserGuide/aws-resource-managedblockchain-node.html#cfn-managedblockchain-node-networkid",
          "PrimitiveType": "String",
          "UpdateType": "Mutable"
        },
        "NodeConfiguration": {
          "Type": "NodeConfiguration",
          "Required": true,
          "Documentation": "http://docs.aws.amazon.com/AWSCloudFormation/latest/UserGuide/aws-resource-managedblockchain-node.html#cfn-managedblockchain-node-nodeconfiguration",
          "UpdateType": "Mutable"
        }
      }
    }
  },
  "ResourceSpecificationVersion": "114.0.0"
}