{
  "ResourceType": {
    "AWS::MediaConvert::Preset": {
      "Documentation": "http://docs.aws.amazon.com/AWSCloudFormation/latest/UserGuide/aws-resource-mediaconvert-preset.html",
      "Attributes": {
        "Arn": {
          "PrimitiveType": "String"
        },
        "Name": {
          "PrimitiveType": "String"
        }
      },
      "Properties": {
        "Category": {
          "Required": false,
          "Documentation": "http://docs.aws.amazon.com/AWSCloudFormation/latest/UserGuide/aws-resource-mediaconvert-preset.html#cfn-mediaconvert-preset-category",
          "PrimitiveType": "String",
          "UpdateType": "Mutable"
        },
        "Description": {
          "Required": false,
          "Documentation": "http://docs.aws.amazon.com/AWSCloudFormation/latest/UserGuide/aws-resource-mediaconvert-preset.html#cfn-mediaconvert-preset-description",
          "PrimitiveType": "String",
          "UpdateType": "Mutable"
        },
        "SettingsJson": {
          "Required": true,
          "Documentation": "http://docs.aws.amazon.com/AWSCloudFormation/latest/UserGuide/aws-resource-mediaconvert-preset.html#cfn-mediaconvert-preset-settingsjson",
          "PrimitiveType": "Json",
          "UpdateType": "Mutable"
        },
        "Tags": {
          "Required": false,
          "Documentation": "http://docs.aws.amazon.com/AWSCloudFormation/latest/UserGuide/aws-resource-mediaconvert-preset.html#cfn-mediaconvert-preset-tags",
          "PrimitiveType": "Json",
          "UpdateType": "Mutable"
        },
        "Name": {
          "Required": false,
          "Documentation": "http://docs.aws.amazon.com/AWSCloudFormation/latest/UserGuide/aws-resource-mediaconvert-preset.html#cfn-mediaconvert-preset-name",
          "PrimitiveType": "String",
          "UpdateType": "Immutable"
        }
      }
    }
  },
  "ResourceSpecificationVersion": "114.0.0"
}