{
  "PropertyTypes": {
    "Tag": {
      "Documentation": "http://docs.aws.amazon.com/AWSCloudFormation/latest/UserGuide/aws-properties-resource-tags.html",
      "Properties": {
        "Value": {
          "Documentation": "http://docs.aws.amazon.com/AWSCloudFormation/latest/UserGuide/aws-properties-resource-tags.html#cfn-resource-tags-value",
          "UpdateType": "Mutable",
          "Required": true,
          "PrimitiveType": "String"
        },
        "Key": {
          "Documentation": "http://docs.aws.amazon.com/AWSCloudFormation/latest/UserGuide/aws-properties-resource-tags.html#cfn-resource-tags-key",
          "UpdateType": "Mutable",
          "Required": true,
          "PrimitiveType": "String"
        }
      }
    },
    "AWS::MediaPackage::Asset.EgressEndpoint": {
      "Documentation": "http://docs.aws.amazon.com/AWSCloudFormation/latest/UserGuide/aws-properties-mediapackage-asset-egressendpoint.html",
      "Properties": {
        "PackagingConfigurationId": {
          "Documentation": "http://docs.aws.amazon.com/AWSCloudFormation/latest/UserGuide/aws-properties-mediapackage-asset-egressendpoint.html#cfn-mediapackage-asset-egressendpoint-packagingconfigurationid",
          "UpdateType": "Mutable",
          "Required": true,
          "PrimitiveType": "String"
        },
        "Url": {
          "Documentation": "http://docs.aws.amazon.com/AWSCloudFormation/latest/UserGuide/aws-properties-mediapackage-asset-egressendpoint.html#cfn-mediapackage-asset-egressendpoint-url",
          "UpdateType": "Mutable",
          "Required": true,
          "PrimitiveType": "String"
        }
      }
    }
  },
  "ResourceType": {
    "AWS::MediaPackage::Asset": {
      "Documentation": "http://docs.aws.amazon.com/AWSCloudFormation/latest/UserGuide/aws-resource-mediapackage-asset.html",
      "Properties": {
        "SourceArn": {
          "Documentation": "http://docs.aws.amazon.com/AWSCloudFormation/latest/UserGuide/aws-resource-mediapackage-asset.html#cfn-mediapackage-asset-sourcearn",
          "UpdateType": "Mutable",
          "Required": true,
          "PrimitiveType": "String"
        },
        "ResourceId": {
          "Documentation": "http://docs.aws.amazon.com/AWSCloudFormation/latest/UserGuide/aws-resource-mediapackage-asset.html#cfn-mediapackage-asset-resourceid",
          "UpdateType": "Mutable",
          "Required": false,
          "PrimitiveType": "String"
        },
        "Id": {
          "Documentation": "http://docs.aws.amazon.com/AWSCloudFormation/latest/UserGuide/aws-resource-mediapackage-asset.html#cfn-mediapackage-asset-id",
          "UpdateType": "Mutable",
          "Required": true,
          "PrimitiveType": "String"
        },
        "PackagingGroupId": {
          "Documentation": "http://docs.aws.amazon.com/AWSCloudFormation/latest/UserGuide/aws-resource-mediapackage-asset.html#cfn-mediapackage-asset-packaginggroupid",
          "UpdateType": "Mutable",
          "Required": true,
          "PrimitiveType": "String"
        },
        "EgressEndpoints": {
          "Documentation": "http://docs.aws.amazon.com/AWSCloudFormation/latest/UserGuide/aws-resource-mediapackage-asset.html#cfn-mediapackage-asset-egressendpoints",
          "UpdateType": "Mutable",
          "Required": false,
          "Type": "List",
          "ItemType": "EgressEndpoint",
          "DuplicatesAllowed": true
        },
        "Tags": {
          "Documentation": "http://docs.aws.amazon.com/AWSCloudFormation/latest/UserGuide/aws-resource-mediapackage-asset.html#cfn-mediapackage-asset-tags",
          "UpdateType": "Mutable",
          "Required": false,
          "Type": "List",
          "ItemType": "Tag",
          "DuplicatesAllowed": false
        },
        "SourceRoleArn": {
          "Documentation": "http://docs.aws.amazon.com/AWSCloudFormation/latest/UserGuide/aws-resource-mediapackage-asset.html#cfn-mediapackage-asset-sourcerolearn",
          "UpdateType": "Mutable",
          "Required": true,
          "PrimitiveType": "String"
        }
      },
      "Attributes": {
        "CreatedAt": {
          "PrimitiveType": "String"
        },
        "Arn": {
          "PrimitiveType": "String"
        }
      }
    }
  },
  "ResourceSpecificationVersion": "114.0.0"
}