{
  "PropertyTypes": {
    "AWS::MediaConnect::FlowOutput.Encryption": {
      "Documentation": "http://docs.aws.amazon.com/AWSCloudFormation/latest/UserGuide/aws-properties-mediaconnect-flowoutput-encryption.html",
      "Properties": {
        "SecretArn": {
          "Documentation": "http://docs.aws.amazon.com/AWSCloudFormation/latest/UserGuide/aws-properties-mediaconnect-flowoutput-encryption.html#cfn-mediaconnect-flowoutput-encryption-secretarn",
          "UpdateType": "Mutable",
          "Required": true,
          "PrimitiveType": "String"
        },
        "KeyType": {
          "Documentation": "http://docs.aws.amazon.com/AWSCloudFormation/latest/UserGuide/aws-properties-mediaconnect-flowoutput-encryption.html#cfn-mediaconnect-flowoutput-encryption-keytype",
          "UpdateType": "Mutable",
          "Required": false,
          "PrimitiveType": "String"
        },
        "Algorithm": {
          "Documentation": "http://docs.aws.amazon.com/AWSCloudFormation/latest/UserGuide/aws-properties-mediaconnect-flowoutput-encryption.html#cfn-mediaconnect-flowoutput-encryption-algorithm",
          "UpdateType": "Mutable",
          "Required": false,
          "PrimitiveType": "String"
        },
        "RoleArn": {
          "Documentation": "http://docs.aws.amazon.com/AWSCloudFormation/latest/UserGuide/aws-properties-mediaconnect-flowoutput-encryption.html#cfn-mediaconnect-flowoutput-encryption-rolearn",
          "UpdateType": "Mutable",
          "Required": true,
          "PrimitiveType": "String"
        }
      }
    },
    "AWS::MediaConnect::FlowOutput.VpcInterfaceAttachment": {
      "Documentation": "http://docs.aws.amazon.com/AWSCloudFormation/latest/UserGuide/aws-properties-mediaconnect-flowoutput-vpcinterfaceattachment.html",
      "Properties": {
        "VpcInterfaceName": {
          "Documentation": "http://docs.aws.amazon.com/AWSCloudFormation/latest/UserGuide/aws-properties-mediaconnect-flowoutput-vpcinterfaceattachment.html#cfn-mediaconnect-flowoutput-vpcinterfaceattachment-vpcinterfacename",
          "UpdateType": "Mutable",
          "Required": false,
          "PrimitiveType": "String"
        }
      }
    }
  },
  "ResourceType": {
    "AWS::MediaConnect::FlowOutput": {
      "Documentation": "http://docs.aws.amazon.com/AWSCloudFormation/latest/UserGuide/aws-resource-mediaconnect-flowoutput.html",
      "Properties": {
        "Destination": {
          "Documentation": "http://docs.aws.amazon.com/AWSCloudFormation/latest/UserGuide/aws-resource-mediaconnect-flowoutput.html#cfn-mediaconnect-flowoutput-destination",
          "UpdateType": "Mutable",
          "Required": false,
          "PrimitiveType": "String"
        },
        "SmoothingLatency": {
          "Documentation": "http://docs.aws.amazon.com/AWSCloudFormation/latest/UserGuide/aws-resource-mediaconnect-flowoutput.html#cfn-mediaconnect-flowoutput-smoothinglatency",
          "UpdateType": "Mutable",
          "Required": false,
          "PrimitiveType": "Integer"
        },
        "StreamId": {
          "Documentation": "http://docs.aws.amazon.com/AWSCloudFormation/latest/UserGuide/aws-resource-mediaconnect-flowoutput.html#cfn-mediaconnect-flowoutput-streamid",
          "UpdateType": "Mutable",
          "Required": false,
          "PrimitiveType": "String"
        },
        "Description": {
          "Documentation": "http://docs.aws.amazon.com/AWSCloudFormation/latest/UserGuide/aws-resource-mediaconnect-flowoutput.html#cfn-mediaconnect-flowoutput-description",
          "UpdateType": "Mutable",
          "Required": false,
          "PrimitiveType": "String"
        },
        "Port": {
          "Documentation": "http://docs.aws.amazon.com/AWSCloudFormation/latest/UserGuide/aws-resource-mediaconnect-flowoutput.html#cfn-mediaconnect-flowoutput-port",
          "UpdateType": "Mutable",
          "Required": false,
          "PrimitiveType": "Integer"
        },
        "RemoteId": {
          "Documentation": "http://docs.aws.amazon.com/AWSCloudFormation/latest/UserGuide/aws-resource-mediaconnect-flowoutput.html#cfn-mediaconnect-flowoutput-remoteid",
          "UpdateType": "Mutable",
          "Required": false,
          "PrimitiveType": "String"
        },
        "Encryption": {
          "Documentation": "http://docs.aws.amazon.com/AWSCloudFormation/latest/UserGuide/aws-resource-mediaconnect-flowoutput.html#cfn-mediaconnect-flowoutput-encryption",
          "UpdateType": "Mutable",
          "Required": false,
          "Type": "Encryption"
        },
        "Name": {
          "Documentation": "http://docs.aws.amazon.com/AWSCloudFormation/latest/UserGuide/aws-resource-mediaconnect-flowoutput.html#cfn-mediaconnect-flowoutput-name",
          "UpdateType": "Immutable",
          "Required": false,
          "PrimitiveType": "String"
        },
        "VpcInterfaceAttachment": {
          "Documentation": "http://docs.aws.amazon.com/AWSCloudFormation/latest/UserGuide/aws-resource-mediaconnect-flowoutput.html#cfn-mediaconnect-flowoutput-vpcinterfaceattachment",
          "UpdateType": "Mutable",
          "Required": false,
          "Type": "VpcInterfaceAttachment"
        },
        "MinLatency": {
          "Documentation": "http://docs.aws.amazon.com/AWSCloudFormation/latest/UserGuide/aws-resource-mediaconnect-flowoutput.html#cfn-mediaconnect-flowoutput-minlatency",
          "UpdateType": "Mutable",
          "Required": false,
          "PrimitiveType": "Integer"
        },
        "Protocol": {
          "Documentation": "http://docs.aws.amazon.com/AWSCloudFormation/latest/UserGuide/aws-resource-mediaconnect-flowoutput.html#cfn-mediaconnect-flowoutput-protocol",
          "UpdateType": "Mutable",
          "Required": true,
          "PrimitiveType": "String"
        },
        "FlowArn": {
          "Documentation": "http://docs.aws.amazon.com/AWSCloudFormation/latest/UserGuide/aws-resource-mediaconnect-flowoutput.html#cfn-mediaconnect-flowoutput-flowarn",
          "UpdateType": "Mutable",
          "Required": true,
          "PrimitiveType": "String"
        },
        "MaxLatency": {
          "Documentation": "http://docs.aws.amazon.com/AWSCloudFormation/latest/UserGuide/aws-resource-mediaconnect-flowoutput.html#cfn-mediaconnect-flowoutput-maxlatency",
          "UpdateType": "Mutable",
          "Required": false,
          "PrimitiveType": "Integer"
        },
        "CidrAllowList": {
          "Documentation": "http://docs.aws.amazon.com/AWSCloudFormation/latest/UserGuide/aws-resource-mediaconnect-flowoutput.html#cfn-mediaconnect-flowoutput-cidrallowlist",
          "UpdateType": "Mutable",
          "Required": false,
          "Type": "List",
          "PrimitiveItemType": "String",
          "DuplicatesAllowed": true
        }
      },
      "Attributes": {
        "OutputArn": {
          "PrimitiveType": "String"
        }
      }
    }
  },
  "ResourceSpecificationVersion": "114.0.0"
}