{
  "PropertyTypes": {
    "AWS::MediaConvert::JobTemplate.HopDestination": {
      "Documentation": "http://docs.aws.amazon.com/AWSCloudFormation/latest/UserGuide/aws-properties-mediaconvert-jobtemplate-hopdestination.html",
      "Properties": {
        "WaitMinutes": {
          "Required": false,
          "Documentation": "http://docs.aws.amazon.com/AWSCloudFormation/latest/UserGuide/aws-properties-mediaconvert-jobtemplate-hopdestination.html#cfn-mediaconvert-jobtemplate-hopdestination-waitminutes",
          "PrimitiveType": "Integer",
          "UpdateType": "Mutable"
        },
        "Priority": {
          "Required": false,
          "Documentation": "http://docs.aws.amazon.com/AWSCloudFormation/latest/UserGuide/aws-properties-mediaconvert-jobtemplate-hopdestination.html#cfn-mediaconvert-jobtemplate-hopdestination-priority",
          "PrimitiveType": "Integer",
          "UpdateType": "Mutable"
        },
        "Queue": {
          "Required": false,
          "Documentation": "http://docs.aws.amazon.com/AWSCloudFormation/latest/UserGuide/aws-properties-mediaconvert-jobtemplate-hopdestination.html#cfn-mediaconvert-jobtemplate-hopdestination-queue",
          "PrimitiveType": "String",
          "UpdateType": "Mutable"
        }
      }
    },
    "AWS::MediaConvert::JobTemplate.AccelerationSettings": {
      "Documentation": "http://docs.aws.amazon.com/AWSCloudFormation/latest/UserGuide/aws-properties-mediaconvert-jobtemplate-accelerationsettings.html",
      "Properties": {
        "Mode": {
          "Required": true,
          "Documentation": "http://docs.aws.amazon.com/AWSCloudFormation/latest/UserGuide/aws-properties-mediaconvert-jobtemplate-accelerationsettings.html#cfn-mediaconvert-jobtemplate-accelerationsettings-mode",
          "PrimitiveType": "String",
          "UpdateType": "Mutable"
        }
      }
    }
  },
  "ResourceType": {
    "AWS::MediaConvert::JobTemplate": {
      "Documentation": "http://docs.aws.amazon.com/AWSCloudFormation/latest/UserGuide/aws-resource-mediaconvert-jobtemplate.html",
      "Attributes": {
        "Arn": {
          "PrimitiveType": "String"
        },
        "Name": {
          "PrimitiveType": "String"
        }
      },
      "Properties": {
        "Category": {
          "Required": false,
          "Documentation": "http://docs.aws.amazon.com/AWSCloudFormation/latest/UserGuide/aws-resource-mediaconvert-jobtemplate.html#cfn-mediaconvert-jobtemplate-category",
          "PrimitiveType": "String",
          "UpdateType": "Mutable"
        },
        "Description": {
          "Required": false,
          "Documentation": "http://docs.aws.amazon.com/AWSCloudFormation/latest/UserGuide/aws-resource-mediaconvert-jobtemplate.html#cfn-mediaconvert-jobtemplate-description",
          "PrimitiveType": "String",
          "UpdateType": "Mutable"
        },
        "AccelerationSettings": {
          "Type": "AccelerationSettings",
          "Required": false,
          "Documentation": "http://docs.aws.amazon.com/AWSCloudFormation/latest/UserGuide/aws-resource-mediaconvert-jobtemplate.html#cfn-mediaconvert-jobtemplate-accelerationsettings",
          "UpdateType": "Mutable"
        },
        "Priority": {
          "Required": false,
          "Documentation": "http://docs.aws.amazon.com/AWSCloudFormation/latest/UserGuide/aws-resource-mediaconvert-jobtemplate.html#cfn-mediaconvert-jobtemplate-priority",
          "PrimitiveType": "Integer",
          "UpdateType": "Mutable"
        },
        "StatusUpdateInterval": {
          "Required": false,
          "Documentation": "http://docs.aws.amazon.com/AWSCloudFormation/latest/UserGuide/aws-resource-mediaconvert-jobtemplate.html#cfn-mediaconvert-jobtemplate-statusupdateinterval",
          "PrimitiveType": "String",
          "UpdateType": "Mutable"
        },
        "SettingsJson": {
          "Required": true,
          "Documentation": "http://docs.aws.amazon.com/AWSCloudFormation/latest/UserGuide/aws-resource-mediaconvert-jobtemplate.html#cfn-mediaconvert-jobtemplate-settingsjson",
          "PrimitiveType": "Json",
          "UpdateType": "Mutable"
        },
        "Queue": {
          "Required": false,
          "Documentation": "http://docs.aws.amazon.com/AWSCloudFormation/latest/UserGuide/aws-resource-mediaconvert-jobtemplate.html#cfn-mediaconvert-jobtemplate-queue",
          "PrimitiveType": "String",
          "UpdateType": "Mutable"
        },
        "HopDestinations": {
          "Type": "List",
          "Required": false,
          "Documentation": "http://docs.aws.amazon.com/AWSCloudFormation/latest/UserGuide/aws-resource-mediaconvert-jobtemplate.html#cfn-mediaconvert-jobtemplate-hopdestinations",
          "ItemType": "HopDestination",
          "UpdateType": "Mutable"
        },
        "Tags": {
          "Required": false,
          "Documentation": "http://docs.aws.amazon.com/AWSCloudFormation/latest/UserGuide/aws-resource-mediaconvert-jobtemplate.html#cfn-mediaconvert-jobtemplate-tags",
          "PrimitiveType": "Json",
          "UpdateType": "Mutable"
        },
        "Name": {
          "Required": false,
          "Documentation": "http://docs.aws.amazon.com/AWSCloudFormation/latest/UserGuide/aws-resource-mediaconvert-jobtemplate.html#cfn-mediaconvert-jobtemplate-name",
          "PrimitiveType": "String",
          "UpdateType": "Immutable"
        }
      }
    }
  },
  "ResourceSpecificationVersion": "114.0.0"
}