{
  "PropertyTypes": {
    "AWS::MWAA::Environment.LoggingConfiguration": {
      "Documentation": "http://docs.aws.amazon.com/AWSCloudFormation/latest/UserGuide/aws-properties-mwaa-environment-loggingconfiguration.html",
      "Properties": {
        "SchedulerLogs": {
          "Documentation": "http://docs.aws.amazon.com/AWSCloudFormation/latest/UserGuide/aws-properties-mwaa-environment-loggingconfiguration.html#cfn-mwaa-environment-loggingconfiguration-schedulerlogs",
          "UpdateType": "Mutable",
          "Required": false,
          "Type": "ModuleLoggingConfiguration"
        },
        "TaskLogs": {
          "Documentation": "http://docs.aws.amazon.com/AWSCloudFormation/latest/UserGuide/aws-properties-mwaa-environment-loggingconfiguration.html#cfn-mwaa-environment-loggingconfiguration-tasklogs",
          "UpdateType": "Mutable",
          "Required": false,
          "Type": "ModuleLoggingConfiguration"
        },
        "DagProcessingLogs": {
          "Documentation": "http://docs.aws.amazon.com/AWSCloudFormation/latest/UserGuide/aws-properties-mwaa-environment-loggingconfiguration.html#cfn-mwaa-environment-loggingconfiguration-dagprocessinglogs",
          "UpdateType": "Mutable",
          "Required": false,
          "Type": "ModuleLoggingConfiguration"
        },
        "WebserverLogs": {
          "Documentation": "http://docs.aws.amazon.com/AWSCloudFormation/latest/UserGuide/aws-properties-mwaa-environment-loggingconfiguration.html#cfn-mwaa-environment-loggingconfiguration-webserverlogs",
          "UpdateType": "Mutable",
          "Required": false,
          "Type": "ModuleLoggingConfiguration"
        },
        "WorkerLogs": {
          "Documentation": "http://docs.aws.amazon.com/AWSCloudFormation/latest/UserGuide/aws-properties-mwaa-environment-loggingconfiguration.html#cfn-mwaa-environment-loggingconfiguration-workerlogs",
          "UpdateType": "Mutable",
          "Required": false,
          "Type": "ModuleLoggingConfiguration"
        }
      }
    },
    "AWS::MWAA::Environment.NetworkConfiguration": {
      "Documentation": "http://docs.aws.amazon.com/AWSCloudFormation/latest/UserGuide/aws-properties-mwaa-environment-networkconfiguration.html",
      "Properties": {
        "SubnetIds": {
          "Documentation": "http://docs.aws.amazon.com/AWSCloudFormation/latest/UserGuide/aws-properties-mwaa-environment-networkconfiguration.html#cfn-mwaa-environment-networkconfiguration-subnetids",
          "UpdateType": "Immutable",
          "Required": false,
          "Type": "List",
          "PrimitiveItemType": "String",
          "DuplicatesAllowed": true
        },
        "SecurityGroupIds": {
          "Documentation": "http://docs.aws.amazon.com/AWSCloudFormation/latest/UserGuide/aws-properties-mwaa-environment-networkconfiguration.html#cfn-mwaa-environment-networkconfiguration-securitygroupids",
          "UpdateType": "Mutable",
          "Required": false,
          "Type": "List",
          "PrimitiveItemType": "String",
          "DuplicatesAllowed": true
        }
      }
    },
    "AWS::MWAA::Environment.ModuleLoggingConfiguration": {
      "Documentation": "http://docs.aws.amazon.com/AWSCloudFormation/latest/UserGuide/aws-properties-mwaa-environment-moduleloggingconfiguration.html",
      "Properties": {
        "CloudWatchLogGroupArn": {
          "Documentation": "http://docs.aws.amazon.com/AWSCloudFormation/latest/UserGuide/aws-properties-mwaa-environment-moduleloggingconfiguration.html#cfn-mwaa-environment-moduleloggingconfiguration-cloudwatchloggrouparn",
          "UpdateType": "Mutable",
          "Required": false,
          "PrimitiveType": "String"
        },
        "Enabled": {
          "Documentation": "http://docs.aws.amazon.com/AWSCloudFormation/latest/UserGuide/aws-properties-mwaa-environment-moduleloggingconfiguration.html#cfn-mwaa-environment-moduleloggingconfiguration-enabled",
          "UpdateType": "Mutable",
          "Required": false,
          "PrimitiveType": "Boolean"
        },
        "LogLevel": {
          "Documentation": "http://docs.aws.amazon.com/AWSCloudFormation/latest/UserGuide/aws-properties-mwaa-environment-moduleloggingconfiguration.html#cfn-mwaa-environment-moduleloggingconfiguration-loglevel",
          "UpdateType": "Mutable",
          "Required": false,
          "PrimitiveType": "String"
        }
      }
    }
  },
  "ResourceType": {
    "AWS::MWAA::Environment": {
      "Documentation": "http://docs.aws.amazon.com/AWSCloudFormation/latest/UserGuide/aws-resource-mwaa-environment.html",
      "Properties": {
        "AirflowConfigurationOptions": {
          "Documentation": "http://docs.aws.amazon.com/AWSCloudFormation/latest/UserGuide/aws-resource-mwaa-environment.html#cfn-mwaa-environment-airflowconfigurationoptions",
          "UpdateType": "Mutable",
          "Required": false,
          "PrimitiveType": "Json"
        },
        "MaxWorkers": {
          "Documentation": "http://docs.aws.amazon.com/AWSCloudFormation/latest/UserGuide/aws-resource-mwaa-environment.html#cfn-mwaa-environment-maxworkers",
          "UpdateType": "Mutable",
          "Required": false,
          "PrimitiveType": "Integer"
        },
        "EnvironmentClass": {
          "Documentation": "http://docs.aws.amazon.com/AWSCloudFormation/latest/UserGuide/aws-resource-mwaa-environment.html#cfn-mwaa-environment-environmentclass",
          "UpdateType": "Mutable",
          "Required": false,
          "PrimitiveType": "String"
        },
        "Schedulers": {
          "Documentation": "http://docs.aws.amazon.com/AWSCloudFormation/latest/UserGuide/aws-resource-mwaa-environment.html#cfn-mwaa-environment-schedulers",
          "UpdateType": "Mutable",
          "Required": false,
          "PrimitiveType": "Integer"
        },
        "RequirementsS3Path": {
          "Documentation": "http://docs.aws.amazon.com/AWSCloudFormation/latest/UserGuide/aws-resource-mwaa-environment.html#cfn-mwaa-environment-requirementss3path",
          "UpdateType": "Mutable",
          "Required": false,
          "PrimitiveType": "String"
        },
        "PluginsS3Path": {
          "Documentation": "http://docs.aws.amazon.com/AWSCloudFormation/latest/UserGuide/aws-resource-mwaa-environment.html#cfn-mwaa-environment-pluginss3path",
          "UpdateType": "Mutable",
          "Required": false,
          "PrimitiveType": "String"
        },
        "MinWorkers": {
          "Documentation": "http://docs.aws.amazon.com/AWSCloudFormation/latest/UserGuide/aws-resource-mwaa-environment.html#cfn-mwaa-environment-minworkers",
          "UpdateType": "Mutable",
          "Required": false,
          "PrimitiveType": "Integer"
        },
        "AirflowVersion": {
          "Documentation": "http://docs.aws.amazon.com/AWSCloudFormation/latest/UserGuide/aws-resource-mwaa-environment.html#cfn-mwaa-environment-airflowversion",
          "UpdateType": "Mutable",
          "Required": false,
          "PrimitiveType": "String"
        },
        "Name": {
          "Documentation": "http://docs.aws.amazon.com/AWSCloudFormation/latest/UserGuide/aws-resource-mwaa-environment.html#cfn-mwaa-environment-name",
          "UpdateType": "Immutable",
          "Required": true,
          "PrimitiveType": "String"
        },
        "RequirementsS3ObjectVersion": {
          "Documentation": "http://docs.aws.amazon.com/AWSCloudFormation/latest/UserGuide/aws-resource-mwaa-environment.html#cfn-mwaa-environment-requirementss3objectversion",
          "UpdateType": "Mutable",
          "Required": false,
          "PrimitiveType": "String"
        },
        "SourceBucketArn": {
          "Documentation": "http://docs.aws.amazon.com/AWSCloudFormation/latest/UserGuide/aws-resource-mwaa-environment.html#cfn-mwaa-environment-sourcebucketarn",
          "UpdateType": "Mutable",
          "Required": false,
          "PrimitiveType": "String"
        },
        "ExecutionRoleArn": {
          "Documentation": "http://docs.aws.amazon.com/AWSCloudFormation/latest/UserGuide/aws-resource-mwaa-environment.html#cfn-mwaa-environment-executionrolearn",
          "UpdateType": "Mutable",
          "Required": false,
          "PrimitiveType": "String"
        },
        "WeeklyMaintenanceWindowStart": {
          "Documentation": "http://docs.aws.amazon.com/AWSCloudFormation/latest/UserGuide/aws-resource-mwaa-environment.html#cfn-mwaa-environment-weeklymaintenancewindowstart",
          "UpdateType": "Mutable",
          "Required": false,
          "PrimitiveType": "String"
        },
        "PluginsS3ObjectVersion": {
          "Documentation": "http://docs.aws.amazon.com/AWSCloudFormation/latest/UserGuide/aws-resource-mwaa-environment.html#cfn-mwaa-environment-pluginss3objectversion",
          "UpdateType": "Mutable",
          "Required": false,
          "PrimitiveType": "String"
        },
        "DagS3Path": {
          "Documentation": "http://docs.aws.amazon.com/AWSCloudFormation/latest/UserGuide/aws-resource-mwaa-environment.html#cfn-mwaa-environment-dags3path",
          "UpdateType": "Mutable",
          "Required": false,
          "PrimitiveType": "String"
        },
        "LoggingConfiguration": {
          "Documentation": "http://docs.aws.amazon.com/AWSCloudFormation/latest/UserGuide/aws-resource-mwaa-environment.html#cfn-mwaa-environment-loggingconfiguration",
          "UpdateType": "Mutable",
          "Required": false,
          "Type": "LoggingConfiguration"
        },
        "WebserverAccessMode": {
          "Documentation": "http://docs.aws.amazon.com/AWSCloudFormation/latest/UserGuide/aws-resource-mwaa-environment.html#cfn-mwaa-environment-webserveraccessmode",
          "UpdateType": "Mutable",
          "Required": false,
          "PrimitiveType": "String"
        },
        "NetworkConfiguration": {
          "Documentation": "http://docs.aws.amazon.com/AWSCloudFormation/latest/UserGuide/aws-resource-mwaa-environment.html#cfn-mwaa-environment-networkconfiguration",
          "UpdateType": "Mutable",
          "Required": false,
          "Type": "NetworkConfiguration"
        },
        "KmsKey": {
          "Documentation": "http://docs.aws.amazon.com/AWSCloudFormation/latest/UserGuide/aws-resource-mwaa-environment.html#cfn-mwaa-environment-kmskey",
          "UpdateType": "Immutable",
          "Required": false,
          "PrimitiveType": "String"
        },
        "Tags": {
          "Documentation": "http://docs.aws.amazon.com/AWSCloudFormation/latest/UserGuide/aws-resource-mwaa-environment.html#cfn-mwaa-environment-tags",
          "UpdateType": "Mutable",
          "Required": false,
          "PrimitiveType": "Json"
        }
      },
      "Attributes": {
        "LoggingConfiguration.TaskLogs.CloudWatchLogGroupArn": {
          "PrimitiveType": "String"
        },
        "LoggingConfiguration.WebserverLogs.CloudWatchLogGroupArn": {
          "PrimitiveType": "String"
        },
        "LoggingConfiguration.DagProcessingLogs.CloudWatchLogGroupArn": {
          "PrimitiveType": "String"
        },
        "WebserverUrl": {
          "PrimitiveType": "String"
        },
        "LoggingConfiguration.SchedulerLogs.CloudWatchLogGroupArn": {
          "PrimitiveType": "String"
        },
        "Arn": {
          "PrimitiveType": "String"
        },
        "LoggingConfiguration.WorkerLogs.CloudWatchLogGroupArn": {
          "PrimitiveType": "String"
        }
      }
    }
  },
  "ResourceSpecificationVersion": "114.0.0"
}