{
  "PropertyTypes": {
    "AWS::NetworkFirewall::RuleGroup.RuleOption": {
      "Documentation": "http://docs.aws.amazon.com/AWSCloudFormation/latest/UserGuide/aws-properties-networkfirewall-rulegroup-ruleoption.html",
      "Properties": {
        "Keyword": {
          "Documentation": "http://docs.aws.amazon.com/AWSCloudFormation/latest/UserGuide/aws-properties-networkfirewall-rulegroup-ruleoption.html#cfn-networkfirewall-rulegroup-ruleoption-keyword",
          "UpdateType": "Mutable",
          "Required": true,
          "PrimitiveType": "String"
        },
        "Settings": {
          "Documentation": "http://docs.aws.amazon.com/AWSCloudFormation/latest/UserGuide/aws-properties-networkfirewall-rulegroup-ruleoption.html#cfn-networkfirewall-rulegroup-ruleoption-settings",
          "UpdateType": "Mutable",
          "Required": false,
          "Type": "List",
          "PrimitiveItemType": "String",
          "DuplicatesAllowed": true
        }
      }
    },
    "AWS::NetworkFirewall::RuleGroup.IPSet": {
      "Documentation": "http://docs.aws.amazon.com/AWSCloudFormation/latest/UserGuide/aws-properties-networkfirewall-rulegroup-ipset.html",
      "Properties": {
        "Definition": {
          "Documentation": "http://docs.aws.amazon.com/AWSCloudFormation/latest/UserGuide/aws-properties-networkfirewall-rulegroup-ipset.html#cfn-networkfirewall-rulegroup-ipset-definition",
          "UpdateType": "Mutable",
          "Required": false,
          "Type": "List",
          "PrimitiveItemType": "String",
          "DuplicatesAllowed": true
        }
      }
    },
    "AWS::NetworkFirewall::RuleGroup.PortSet": {
      "Documentation": "http://docs.aws.amazon.com/AWSCloudFormation/latest/UserGuide/aws-properties-networkfirewall-rulegroup-portset.html",
      "Properties": {
        "Definition": {
          "Documentation": "http://docs.aws.amazon.com/AWSCloudFormation/latest/UserGuide/aws-properties-networkfirewall-rulegroup-portset.html#cfn-networkfirewall-rulegroup-portset-definition",
          "UpdateType": "Mutable",
          "Required": false,
          "Type": "List",
          "PrimitiveItemType": "String",
          "DuplicatesAllowed": true
        }
      }
    },
    "AWS::NetworkFirewall::RuleGroup.Address": {
      "Documentation": "http://docs.aws.amazon.com/AWSCloudFormation/latest/UserGuide/aws-properties-networkfirewall-rulegroup-address.html",
      "Properties": {
        "AddressDefinition": {
          "Documentation": "http://docs.aws.amazon.com/AWSCloudFormation/latest/UserGuide/aws-properties-networkfirewall-rulegroup-address.html#cfn-networkfirewall-rulegroup-address-addressdefinition",
          "UpdateType": "Mutable",
          "Required": true,
          "PrimitiveType": "String"
        }
      }
    },
    "AWS::NetworkFirewall::RuleGroup.RulesSourceList": {
      "Documentation": "http://docs.aws.amazon.com/AWSCloudFormation/latest/UserGuide/aws-properties-networkfirewall-rulegroup-rulessourcelist.html",
      "Properties": {
        "GeneratedRulesType": {
          "Documentation": "http://docs.aws.amazon.com/AWSCloudFormation/latest/UserGuide/aws-properties-networkfirewall-rulegroup-rulessourcelist.html#cfn-networkfirewall-rulegroup-rulessourcelist-generatedrulestype",
          "UpdateType": "Mutable",
          "Required": true,
          "PrimitiveType": "String"
        },
        "TargetTypes": {
          "Documentation": "http://docs.aws.amazon.com/AWSCloudFormation/latest/UserGuide/aws-properties-networkfirewall-rulegroup-rulessourcelist.html#cfn-networkfirewall-rulegroup-rulessourcelist-targettypes",
          "UpdateType": "Mutable",
          "Required": true,
          "Type": "List",
          "PrimitiveItemType": "String",
          "DuplicatesAllowed": true
        },
        "Targets": {
          "Documentation": "http://docs.aws.amazon.com/AWSCloudFormation/latest/UserGuide/aws-properties-networkfirewall-rulegroup-rulessourcelist.html#cfn-networkfirewall-rulegroup-rulessourcelist-targets",
          "UpdateType": "Mutable",
          "Required": true,
          "Type": "List",
          "PrimitiveItemType": "String",
          "DuplicatesAllowed": true
        }
      }
    },
    "AWS::NetworkFirewall::RuleGroup.StatefulRuleOptions": {
      "Documentation": "http://docs.aws.amazon.com/AWSCloudFormation/latest/UserGuide/aws-properties-networkfirewall-rulegroup-statefulruleoptions.html",
      "Properties": {
        "RuleOrder": {
          "Documentation": "http://docs.aws.amazon.com/AWSCloudFormation/latest/UserGuide/aws-properties-networkfirewall-rulegroup-statefulruleoptions.html#cfn-networkfirewall-rulegroup-statefulruleoptions-ruleorder",
          "UpdateType": "Mutable",
          "Required": false,
          "PrimitiveType": "String"
        }
      }
    },
    "AWS::NetworkFirewall::RuleGroup.MatchAttributes": {
      "Documentation": "http://docs.aws.amazon.com/AWSCloudFormation/latest/UserGuide/aws-properties-networkfirewall-rulegroup-matchattributes.html",
      "Properties": {
        "Protocols": {
          "Documentation": "http://docs.aws.amazon.com/AWSCloudFormation/latest/UserGuide/aws-properties-networkfirewall-rulegroup-matchattributes.html#cfn-networkfirewall-rulegroup-matchattributes-protocols",
          "UpdateType": "Mutable",
          "Required": false,
          "Type": "List",
          "PrimitiveItemType": "Integer",
          "DuplicatesAllowed": true
        },
        "TCPFlags": {
          "Documentation": "http://docs.aws.amazon.com/AWSCloudFormation/latest/UserGuide/aws-properties-networkfirewall-rulegroup-matchattributes.html#cfn-networkfirewall-rulegroup-matchattributes-tcpflags",
          "UpdateType": "Mutable",
          "Required": false,
          "Type": "List",
          "ItemType": "TCPFlagField",
          "DuplicatesAllowed": true
        },
        "DestinationPorts": {
          "Documentation": "http://docs.aws.amazon.com/AWSCloudFormation/latest/UserGuide/aws-properties-networkfirewall-rulegroup-matchattributes.html#cfn-networkfirewall-rulegroup-matchattributes-destinationports",
          "UpdateType": "Mutable",
          "Required": false,
          "Type": "List",
          "ItemType": "PortRange",
          "DuplicatesAllowed": true
        },
        "Destinations": {
          "Documentation": "http://docs.aws.amazon.com/AWSCloudFormation/latest/UserGuide/aws-properties-networkfirewall-rulegroup-matchattributes.html#cfn-networkfirewall-rulegroup-matchattributes-destinations",
          "UpdateType": "Mutable",
          "Required": false,
          "Type": "List",
          "ItemType": "Address",
          "DuplicatesAllowed": true
        },
        "Sources": {
          "Documentation": "http://docs.aws.amazon.com/AWSCloudFormation/latest/UserGuide/aws-properties-networkfirewall-rulegroup-matchattributes.html#cfn-networkfirewall-rulegroup-matchattributes-sources",
          "UpdateType": "Mutable",
          "Required": false,
          "Type": "List",
          "ItemType": "Address",
          "DuplicatesAllowed": true
        },
        "SourcePorts": {
          "Documentation": "http://docs.aws.amazon.com/AWSCloudFormation/latest/UserGuide/aws-properties-networkfirewall-rulegroup-matchattributes.html#cfn-networkfirewall-rulegroup-matchattributes-sourceports",
          "UpdateType": "Mutable",
          "Required": false,
          "Type": "List",
          "ItemType": "PortRange",
          "DuplicatesAllowed": true
        }
      }
    },
    "AWS::NetworkFirewall::RuleGroup.TCPFlagField": {
      "Documentation": "http://docs.aws.amazon.com/AWSCloudFormation/latest/UserGuide/aws-properties-networkfirewall-rulegroup-tcpflagfield.html",
      "Properties": {
        "Flags": {
          "Documentation": "http://docs.aws.amazon.com/AWSCloudFormation/latest/UserGuide/aws-properties-networkfirewall-rulegroup-tcpflagfield.html#cfn-networkfirewall-rulegroup-tcpflagfield-flags",
          "UpdateType": "Mutable",
          "Required": true,
          "Type": "List",
          "PrimitiveItemType": "String",
          "DuplicatesAllowed": true
        },
        "Masks": {
          "Documentation": "http://docs.aws.amazon.com/AWSCloudFormation/latest/UserGuide/aws-properties-networkfirewall-rulegroup-tcpflagfield.html#cfn-networkfirewall-rulegroup-tcpflagfield-masks",
          "UpdateType": "Mutable",
          "Required": false,
          "Type": "List",
          "PrimitiveItemType": "String",
          "DuplicatesAllowed": true
        }
      }
    },
    "AWS::NetworkFirewall::RuleGroup.ReferenceSets": {
      "Documentation": "http://docs.aws.amazon.com/AWSCloudFormation/latest/UserGuide/aws-properties-networkfirewall-rulegroup-referencesets.html",
      "Properties": {
        "IPSetReferences": {
          "Documentation": "http://docs.aws.amazon.com/AWSCloudFormation/latest/UserGuide/aws-properties-networkfirewall-rulegroup-referencesets.html#cfn-networkfirewall-rulegroup-referencesets-ipsetreferences",
          "UpdateType": "Mutable",
          "Required": false,
          "Type": "Map",
          "ItemType": "IPSetReference"
        }
      }
    },
    "AWS::NetworkFirewall::RuleGroup.ActionDefinition": {
      "Documentation": "http://docs.aws.amazon.com/AWSCloudFormation/latest/UserGuide/aws-properties-networkfirewall-rulegroup-actiondefinition.html",
      "Properties": {
        "PublishMetricAction": {
          "Documentation": "http://docs.aws.amazon.com/AWSCloudFormation/latest/UserGuide/aws-properties-networkfirewall-rulegroup-actiondefinition.html#cfn-networkfirewall-rulegroup-actiondefinition-publishmetricaction",
          "UpdateType": "Mutable",
          "Required": false,
          "Type": "PublishMetricAction"
        }
      }
    },
    "AWS::NetworkFirewall::RuleGroup.RulesSource": {
      "Documentation": "http://docs.aws.amazon.com/AWSCloudFormation/latest/UserGuide/aws-properties-networkfirewall-rulegroup-rulessource.html",
      "Properties": {
        "StatelessRulesAndCustomActions": {
          "Documentation": "http://docs.aws.amazon.com/AWSCloudFormation/latest/UserGuide/aws-properties-networkfirewall-rulegroup-rulessource.html#cfn-networkfirewall-rulegroup-rulessource-statelessrulesandcustomactions",
          "UpdateType": "Mutable",
          "Required": false,
          "Type": "StatelessRulesAndCustomActions"
        },
        "StatefulRules": {
          "Documentation": "http://docs.aws.amazon.com/AWSCloudFormation/latest/UserGuide/aws-properties-networkfirewall-rulegroup-rulessource.html#cfn-networkfirewall-rulegroup-rulessource-statefulrules",
          "UpdateType": "Mutable",
          "Required": false,
          "Type": "List",
          "ItemType": "StatefulRule",
          "DuplicatesAllowed": true
        },
        "RulesString": {
          "Documentation": "http://docs.aws.amazon.com/AWSCloudFormation/latest/UserGuide/aws-properties-networkfirewall-rulegroup-rulessource.html#cfn-networkfirewall-rulegroup-rulessource-rulesstring",
          "UpdateType": "Mutable",
          "Required": false,
          "PrimitiveType": "String"
        },
        "RulesSourceList": {
          "Documentation": "http://docs.aws.amazon.com/AWSCloudFormation/latest/UserGuide/aws-properties-networkfirewall-rulegroup-rulessource.html#cfn-networkfirewall-rulegroup-rulessource-rulessourcelist",
          "UpdateType": "Mutable",
          "Required": false,
          "Type": "RulesSourceList"
        }
      }
    },
    "AWS::NetworkFirewall::RuleGroup.RuleDefinition": {
      "Documentation": "http://docs.aws.amazon.com/AWSCloudFormation/latest/UserGuide/aws-properties-networkfirewall-rulegroup-ruledefinition.html",
      "Properties": {
        "Actions": {
          "Documentation": "http://docs.aws.amazon.com/AWSCloudFormation/latest/UserGuide/aws-properties-networkfirewall-rulegroup-ruledefinition.html#cfn-networkfirewall-rulegroup-ruledefinition-actions",
          "UpdateType": "Mutable",
          "Required": true,
          "Type": "List",
          "PrimitiveItemType": "String",
          "DuplicatesAllowed": true
        },
        "MatchAttributes": {
          "Documentation": "http://docs.aws.amazon.com/AWSCloudFormation/latest/UserGuide/aws-properties-networkfirewall-rulegroup-ruledefinition.html#cfn-networkfirewall-rulegroup-ruledefinition-matchattributes",
          "UpdateType": "Mutable",
          "Required": true,
          "Type": "MatchAttributes"
        }
      }
    },
    "AWS::NetworkFirewall::RuleGroup.StatefulRule": {
      "Documentation": "http://docs.aws.amazon.com/AWSCloudFormation/latest/UserGuide/aws-properties-networkfirewall-rulegroup-statefulrule.html",
      "Properties": {
        "Action": {
          "Documentation": "http://docs.aws.amazon.com/AWSCloudFormation/latest/UserGuide/aws-properties-networkfirewall-rulegroup-statefulrule.html#cfn-networkfirewall-rulegroup-statefulrule-action",
          "UpdateType": "Mutable",
          "Required": true,
          "PrimitiveType": "String"
        },
        "Header": {
          "Documentation": "http://docs.aws.amazon.com/AWSCloudFormation/latest/UserGuide/aws-properties-networkfirewall-rulegroup-statefulrule.html#cfn-networkfirewall-rulegroup-statefulrule-header",
          "UpdateType": "Mutable",
          "Required": true,
          "Type": "Header"
        },
        "RuleOptions": {
          "Documentation": "http://docs.aws.amazon.com/AWSCloudFormation/latest/UserGuide/aws-properties-networkfirewall-rulegroup-statefulrule.html#cfn-networkfirewall-rulegroup-statefulrule-ruleoptions",
          "UpdateType": "Mutable",
          "Required": true,
          "Type": "List",
          "ItemType": "RuleOption",
          "DuplicatesAllowed": true
        }
      }
    },
    "AWS::NetworkFirewall::RuleGroup.Header": {
      "Documentation": "http://docs.aws.amazon.com/AWSCloudFormation/latest/UserGuide/aws-properties-networkfirewall-rulegroup-header.html",
      "Properties": {
        "Destination": {
          "Documentation": "http://docs.aws.amazon.com/AWSCloudFormation/latest/UserGuide/aws-properties-networkfirewall-rulegroup-header.html#cfn-networkfirewall-rulegroup-header-destination",
          "UpdateType": "Mutable",
          "Required": true,
          "PrimitiveType": "String"
        },
        "Protocol": {
          "Documentation": "http://docs.aws.amazon.com/AWSCloudFormation/latest/UserGuide/aws-properties-networkfirewall-rulegroup-header.html#cfn-networkfirewall-rulegroup-header-protocol",
          "UpdateType": "Mutable",
          "Required": true,
          "PrimitiveType": "String"
        },
        "SourcePort": {
          "Documentation": "http://docs.aws.amazon.com/AWSCloudFormation/latest/UserGuide/aws-properties-networkfirewall-rulegroup-header.html#cfn-networkfirewall-rulegroup-header-sourceport",
          "UpdateType": "Mutable",
          "Required": true,
          "PrimitiveType": "String"
        },
        "Direction": {
          "Documentation": "http://docs.aws.amazon.com/AWSCloudFormation/latest/UserGuide/aws-properties-networkfirewall-rulegroup-header.html#cfn-networkfirewall-rulegroup-header-direction",
          "UpdateType": "Mutable",
          "Required": true,
          "PrimitiveType": "String"
        },
        "DestinationPort": {
          "Documentation": "http://docs.aws.amazon.com/AWSCloudFormation/latest/UserGuide/aws-properties-networkfirewall-rulegroup-header.html#cfn-networkfirewall-rulegroup-header-destinationport",
          "UpdateType": "Mutable",
          "Required": true,
          "PrimitiveType": "String"
        },
        "Source": {
          "Documentation": "http://docs.aws.amazon.com/AWSCloudFormation/latest/UserGuide/aws-properties-networkfirewall-rulegroup-header.html#cfn-networkfirewall-rulegroup-header-source",
          "UpdateType": "Mutable",
          "Required": true,
          "PrimitiveType": "String"
        }
      }
    },
    "AWS::NetworkFirewall::RuleGroup.IPSetReference": {
      "Documentation": "http://docs.aws.amazon.com/AWSCloudFormation/latest/UserGuide/aws-properties-networkfirewall-rulegroup-ipsetreference.html",
      "Properties": {
        "ReferenceArn": {
          "Documentation": "http://docs.aws.amazon.com/AWSCloudFormation/latest/UserGuide/aws-properties-networkfirewall-rulegroup-ipsetreference.html#cfn-networkfirewall-rulegroup-ipsetreference-referencearn",
          "UpdateType": "Mutable",
          "Required": false,
          "PrimitiveType": "String"
        }
      }
    },
    "AWS::NetworkFirewall::RuleGroup.StatelessRulesAndCustomActions": {
      "Documentation": "http://docs.aws.amazon.com/AWSCloudFormation/latest/UserGuide/aws-properties-networkfirewall-rulegroup-statelessrulesandcustomactions.html",
      "Properties": {
        "StatelessRules": {
          "Documentation": "http://docs.aws.amazon.com/AWSCloudFormation/latest/UserGuide/aws-properties-networkfirewall-rulegroup-statelessrulesandcustomactions.html#cfn-networkfirewall-rulegroup-statelessrulesandcustomactions-statelessrules",
          "UpdateType": "Mutable",
          "Required": true,
          "Type": "List",
          "ItemType": "StatelessRule",
          "DuplicatesAllowed": true
        },
        "CustomActions": {
          "Documentation": "http://docs.aws.amazon.com/AWSCloudFormation/latest/UserGuide/aws-properties-networkfirewall-rulegroup-statelessrulesandcustomactions.html#cfn-networkfirewall-rulegroup-statelessrulesandcustomactions-customactions",
          "UpdateType": "Mutable",
          "Required": false,
          "Type": "List",
          "ItemType": "CustomAction",
          "DuplicatesAllowed": true
        }
      }
    },
    "AWS::NetworkFirewall::RuleGroup.CustomAction": {
      "Documentation": "http://docs.aws.amazon.com/AWSCloudFormation/latest/UserGuide/aws-properties-networkfirewall-rulegroup-customaction.html",
      "Properties": {
        "ActionName": {
          "Documentation": "http://docs.aws.amazon.com/AWSCloudFormation/latest/UserGuide/aws-properties-networkfirewall-rulegroup-customaction.html#cfn-networkfirewall-rulegroup-customaction-actionname",
          "UpdateType": "Mutable",
          "Required": true,
          "PrimitiveType": "String"
        },
        "ActionDefinition": {
          "Documentation": "http://docs.aws.amazon.com/AWSCloudFormation/latest/UserGuide/aws-properties-networkfirewall-rulegroup-customaction.html#cfn-networkfirewall-rulegroup-customaction-actiondefinition",
          "UpdateType": "Mutable",
          "Required": true,
          "Type": "ActionDefinition"
        }
      }
    },
    "AWS::NetworkFirewall::RuleGroup.Dimension": {
      "Documentation": "http://docs.aws.amazon.com/AWSCloudFormation/latest/UserGuide/aws-properties-networkfirewall-rulegroup-dimension.html",
      "Properties": {
        "Value": {
          "Documentation": "http://docs.aws.amazon.com/AWSCloudFormation/latest/UserGuide/aws-properties-networkfirewall-rulegroup-dimension.html#cfn-networkfirewall-rulegroup-dimension-value",
          "UpdateType": "Mutable",
          "Required": true,
          "PrimitiveType": "String"
        }
      }
    },
    "AWS::NetworkFirewall::RuleGroup.PublishMetricAction": {
      "Documentation": "http://docs.aws.amazon.com/AWSCloudFormation/latest/UserGuide/aws-properties-networkfirewall-rulegroup-publishmetricaction.html",
      "Properties": {
        "Dimensions": {
          "Documentation": "http://docs.aws.amazon.com/AWSCloudFormation/latest/UserGuide/aws-properties-networkfirewall-rulegroup-publishmetricaction.html#cfn-networkfirewall-rulegroup-publishmetricaction-dimensions",
          "UpdateType": "Mutable",
          "Required": true,
          "Type": "List",
          "ItemType": "Dimension",
          "DuplicatesAllowed": true
        }
      }
    },
    "Tag": {
      "Documentation": "http://docs.aws.amazon.com/AWSCloudFormation/latest/UserGuide/aws-properties-resource-tags.html",
      "Properties": {
        "Value": {
          "Documentation": "http://docs.aws.amazon.com/AWSCloudFormation/latest/UserGuide/aws-properties-resource-tags.html#cfn-resource-tags-value",
          "UpdateType": "Mutable",
          "Required": true,
          "PrimitiveType": "String"
        },
        "Key": {
          "Documentation": "http://docs.aws.amazon.com/AWSCloudFormation/latest/UserGuide/aws-properties-resource-tags.html#cfn-resource-tags-key",
          "UpdateType": "Mutable",
          "Required": true,
          "PrimitiveType": "String"
        }
      }
    },
    "AWS::NetworkFirewall::RuleGroup.RuleGroup": {
      "Documentation": "http://docs.aws.amazon.com/AWSCloudFormation/latest/UserGuide/aws-properties-networkfirewall-rulegroup-rulegroup.html",
      "Properties": {
        "StatefulRuleOptions": {
          "Documentation": "http://docs.aws.amazon.com/AWSCloudFormation/latest/UserGuide/aws-properties-networkfirewall-rulegroup-rulegroup.html#cfn-networkfirewall-rulegroup-rulegroup-statefulruleoptions",
          "UpdateType": "Mutable",
          "Required": false,
          "Type": "StatefulRuleOptions"
        },
        "ReferenceSets": {
          "Documentation": "http://docs.aws.amazon.com/AWSCloudFormation/latest/UserGuide/aws-properties-networkfirewall-rulegroup-rulegroup.html#cfn-networkfirewall-rulegroup-rulegroup-referencesets",
          "UpdateType": "Mutable",
          "Required": false,
          "Type": "ReferenceSets"
        },
        "RulesSource": {
          "Documentation": "http://docs.aws.amazon.com/AWSCloudFormation/latest/UserGuide/aws-properties-networkfirewall-rulegroup-rulegroup.html#cfn-networkfirewall-rulegroup-rulegroup-rulessource",
          "UpdateType": "Mutable",
          "Required": true,
          "Type": "RulesSource"
        },
        "RuleVariables": {
          "Documentation": "http://docs.aws.amazon.com/AWSCloudFormation/latest/UserGuide/aws-properties-networkfirewall-rulegroup-rulegroup.html#cfn-networkfirewall-rulegroup-rulegroup-rulevariables",
          "UpdateType": "Mutable",
          "Required": false,
          "Type": "RuleVariables"
        }
      }
    },
    "AWS::NetworkFirewall::RuleGroup.StatelessRule": {
      "Documentation": "http://docs.aws.amazon.com/AWSCloudFormation/latest/UserGuide/aws-properties-networkfirewall-rulegroup-statelessrule.html",
      "Properties": {
        "Priority": {
          "Documentation": "http://docs.aws.amazon.com/AWSCloudFormation/latest/UserGuide/aws-properties-networkfirewall-rulegroup-statelessrule.html#cfn-networkfirewall-rulegroup-statelessrule-priority",
          "UpdateType": "Mutable",
          "Required": true,
          "PrimitiveType": "Integer"
        },
        "RuleDefinition": {
          "Documentation": "http://docs.aws.amazon.com/AWSCloudFormation/latest/UserGuide/aws-properties-networkfirewall-rulegroup-statelessrule.html#cfn-networkfirewall-rulegroup-statelessrule-ruledefinition",
          "UpdateType": "Mutable",
          "Required": true,
          "Type": "RuleDefinition"
        }
      }
    },
    "AWS::NetworkFirewall::RuleGroup.PortRange": {
      "Documentation": "http://docs.aws.amazon.com/AWSCloudFormation/latest/UserGuide/aws-properties-networkfirewall-rulegroup-portrange.html",
      "Properties": {
        "FromPort": {
          "Documentation": "http://docs.aws.amazon.com/AWSCloudFormation/latest/UserGuide/aws-properties-networkfirewall-rulegroup-portrange.html#cfn-networkfirewall-rulegroup-portrange-fromport",
          "UpdateType": "Mutable",
          "Required": true,
          "PrimitiveType": "Integer"
        },
        "ToPort": {
          "Documentation": "http://docs.aws.amazon.com/AWSCloudFormation/latest/UserGuide/aws-properties-networkfirewall-rulegroup-portrange.html#cfn-networkfirewall-rulegroup-portrange-toport",
          "UpdateType": "Mutable",
          "Required": true,
          "PrimitiveType": "Integer"
        }
      }
    },
    "AWS::NetworkFirewall::RuleGroup.RuleVariables": {
      "Documentation": "http://docs.aws.amazon.com/AWSCloudFormation/latest/UserGuide/aws-properties-networkfirewall-rulegroup-rulevariables.html",
      "Properties": {
        "PortSets": {
          "Documentation": "http://docs.aws.amazon.com/AWSCloudFormation/latest/UserGuide/aws-properties-networkfirewall-rulegroup-rulevariables.html#cfn-networkfirewall-rulegroup-rulevariables-portsets",
          "UpdateType": "Mutable",
          "Required": false,
          "Type": "Map",
          "ItemType": "PortSet"
        },
        "IPSets": {
          "Documentation": "http://docs.aws.amazon.com/AWSCloudFormation/latest/UserGuide/aws-properties-networkfirewall-rulegroup-rulevariables.html#cfn-networkfirewall-rulegroup-rulevariables-ipsets",
          "UpdateType": "Mutable",
          "Required": false,
          "Type": "Map",
          "ItemType": "IPSet"
        }
      }
    }
  },
  "ResourceType": {
    "AWS::NetworkFirewall::RuleGroup": {
      "Documentation": "http://docs.aws.amazon.com/AWSCloudFormation/latest/UserGuide/aws-resource-networkfirewall-rulegroup.html",
      "Properties": {
        "Type": {
          "Documentation": "http://docs.aws.amazon.com/AWSCloudFormation/latest/UserGuide/aws-resource-networkfirewall-rulegroup.html#cfn-networkfirewall-rulegroup-type",
          "UpdateType": "Immutable",
          "Required": true,
          "PrimitiveType": "String"
        },
        "Description": {
          "Documentation": "http://docs.aws.amazon.com/AWSCloudFormation/latest/UserGuide/aws-resource-networkfirewall-rulegroup.html#cfn-networkfirewall-rulegroup-description",
          "UpdateType": "Mutable",
          "Required": false,
          "PrimitiveType": "String"
        },
        "Capacity": {
          "Documentation": "http://docs.aws.amazon.com/AWSCloudFormation/latest/UserGuide/aws-resource-networkfirewall-rulegroup.html#cfn-networkfirewall-rulegroup-capacity",
          "UpdateType": "Immutable",
          "Required": true,
          "PrimitiveType": "Integer"
        },
        "RuleGroupName": {
          "Documentation": "http://docs.aws.amazon.com/AWSCloudFormation/latest/UserGuide/aws-resource-networkfirewall-rulegroup.html#cfn-networkfirewall-rulegroup-rulegroupname",
          "UpdateType": "Immutable",
          "Required": true,
          "PrimitiveType": "String"
        },
        "RuleGroup": {
          "Documentation": "http://docs.aws.amazon.com/AWSCloudFormation/latest/UserGuide/aws-resource-networkfirewall-rulegroup.html#cfn-networkfirewall-rulegroup-rulegroup",
          "UpdateType": "Mutable",
          "Required": false,
          "Type": "RuleGroup"
        },
        "Tags": {
          "Documentation": "http://docs.aws.amazon.com/AWSCloudFormation/latest/UserGuide/aws-resource-networkfirewall-rulegroup.html#cfn-networkfirewall-rulegroup-tags",
          "UpdateType": "Mutable",
          "Required": false,
          "Type": "List",
          "ItemType": "Tag",
          "DuplicatesAllowed": false
        }
      },
      "Attributes": {
        "RuleGroupId": {
          "PrimitiveType": "String"
        },
        "RuleGroupArn": {
          "PrimitiveType": "String"
        }
      }
    }
  },
  "ResourceSpecificationVersion": "114.0.0"
}