{
  "PropertyTypes": {
    "AWS::NetworkManager::CoreNetwork.CoreNetworkEdge": {
      "Documentation": "http://docs.aws.amazon.com/AWSCloudFormation/latest/UserGuide/aws-properties-networkmanager-corenetwork-corenetworkedge.html",
      "Properties": {
        "InsideCidrBlocks": {
          "Documentation": "http://docs.aws.amazon.com/AWSCloudFormation/latest/UserGuide/aws-properties-networkmanager-corenetwork-corenetworkedge.html#cfn-networkmanager-corenetwork-corenetworkedge-insidecidrblocks",
          "UpdateType": "Mutable",
          "Required": false,
          "Type": "List",
          "PrimitiveItemType": "String",
          "DuplicatesAllowed": true
        },
        "Asn": {
          "Documentation": "http://docs.aws.amazon.com/AWSCloudFormation/latest/UserGuide/aws-properties-networkmanager-corenetwork-corenetworkedge.html#cfn-networkmanager-corenetwork-corenetworkedge-asn",
          "UpdateType": "Mutable",
          "Required": false,
          "PrimitiveType": "Double"
        },
        "EdgeLocation": {
          "Documentation": "http://docs.aws.amazon.com/AWSCloudFormation/latest/UserGuide/aws-properties-networkmanager-corenetwork-corenetworkedge.html#cfn-networkmanager-corenetwork-corenetworkedge-edgelocation",
          "UpdateType": "Mutable",
          "Required": false,
          "PrimitiveType": "String"
        }
      }
    },
    "Tag": {
      "Documentation": "http://docs.aws.amazon.com/AWSCloudFormation/latest/UserGuide/aws-properties-resource-tags.html",
      "Properties": {
        "Value": {
          "Documentation": "http://docs.aws.amazon.com/AWSCloudFormation/latest/UserGuide/aws-properties-resource-tags.html#cfn-resource-tags-value",
          "UpdateType": "Mutable",
          "Required": true,
          "PrimitiveType": "String"
        },
        "Key": {
          "Documentation": "http://docs.aws.amazon.com/AWSCloudFormation/latest/UserGuide/aws-properties-resource-tags.html#cfn-resource-tags-key",
          "UpdateType": "Mutable",
          "Required": true,
          "PrimitiveType": "String"
        }
      }
    },
    "AWS::NetworkManager::CoreNetwork.CoreNetworkSegment": {
      "Documentation": "http://docs.aws.amazon.com/AWSCloudFormation/latest/UserGuide/aws-properties-networkmanager-corenetwork-corenetworksegment.html",
      "Properties": {
        "EdgeLocations": {
          "Documentation": "http://docs.aws.amazon.com/AWSCloudFormation/latest/UserGuide/aws-properties-networkmanager-corenetwork-corenetworksegment.html#cfn-networkmanager-corenetwork-corenetworksegment-edgelocations",
          "UpdateType": "Mutable",
          "Required": false,
          "Type": "List",
          "PrimitiveItemType": "String",
          "DuplicatesAllowed": true
        },
        "SharedSegments": {
          "Documentation": "http://docs.aws.amazon.com/AWSCloudFormation/latest/UserGuide/aws-properties-networkmanager-corenetwork-corenetworksegment.html#cfn-networkmanager-corenetwork-corenetworksegment-sharedsegments",
          "UpdateType": "Mutable",
          "Required": false,
          "Type": "List",
          "PrimitiveItemType": "String",
          "DuplicatesAllowed": true
        },
        "Name": {
          "Documentation": "http://docs.aws.amazon.com/AWSCloudFormation/latest/UserGuide/aws-properties-networkmanager-corenetwork-corenetworksegment.html#cfn-networkmanager-corenetwork-corenetworksegment-name",
          "UpdateType": "Mutable",
          "Required": false,
          "PrimitiveType": "String"
        }
      }
    }
  },
  "ResourceType": {
    "AWS::NetworkManager::CoreNetwork": {
      "Documentation": "http://docs.aws.amazon.com/AWSCloudFormation/latest/UserGuide/aws-resource-networkmanager-corenetwork.html",
      "Properties": {
        "GlobalNetworkId": {
          "Documentation": "http://docs.aws.amazon.com/AWSCloudFormation/latest/UserGuide/aws-resource-networkmanager-corenetwork.html#cfn-networkmanager-corenetwork-globalnetworkid",
          "UpdateType": "Immutable",
          "Required": true,
          "PrimitiveType": "String"
        },
        "Description": {
          "Documentation": "http://docs.aws.amazon.com/AWSCloudFormation/latest/UserGuide/aws-resource-networkmanager-corenetwork.html#cfn-networkmanager-corenetwork-description",
          "UpdateType": "Mutable",
          "Required": false,
          "PrimitiveType": "String"
        },
        "PolicyDocument": {
          "Documentation": "http://docs.aws.amazon.com/AWSCloudFormation/latest/UserGuide/aws-resource-networkmanager-corenetwork.html#cfn-networkmanager-corenetwork-policydocument",
          "UpdateType": "Mutable",
          "Required": false,
          "PrimitiveType": "Json"
        },
        "Tags": {
          "Documentation": "http://docs.aws.amazon.com/AWSCloudFormation/latest/UserGuide/aws-resource-networkmanager-corenetwork.html#cfn-networkmanager-corenetwork-tags",
          "UpdateType": "Mutable",
          "Required": false,
          "Type": "List",
          "ItemType": "Tag",
          "DuplicatesAllowed": true
        }
      },
      "Attributes": {
        "CoreNetworkId": {
          "PrimitiveType": "String"
        },
        "State": {
          "PrimitiveType": "String"
        },
        "CreatedAt": {
          "PrimitiveType": "String"
        },
        "Segments": {
          "Type": "List",
          "ItemType": "CoreNetworkSegment"
        },
        "OwnerAccount": {
          "PrimitiveType": "String"
        },
        "Edges": {
          "Type": "List",
          "ItemType": "CoreNetworkEdge"
        },
        "CoreNetworkArn": {
          "PrimitiveType": "String"
        }
      }
    }
  },
  "ResourceSpecificationVersion": "114.0.0"
}