{
  "PropertyTypes": {
    "AWS::NetworkFirewall::LoggingConfiguration.LogDestinationConfig": {
      "Documentation": "http://docs.aws.amazon.com/AWSCloudFormation/latest/UserGuide/aws-properties-networkfirewall-loggingconfiguration-logdestinationconfig.html",
      "Properties": {
        "LogType": {
          "Documentation": "http://docs.aws.amazon.com/AWSCloudFormation/latest/UserGuide/aws-properties-networkfirewall-loggingconfiguration-logdestinationconfig.html#cfn-networkfirewall-loggingconfiguration-logdestinationconfig-logtype",
          "UpdateType": "Mutable",
          "Required": true,
          "PrimitiveType": "String"
        },
        "LogDestination": {
          "Documentation": "http://docs.aws.amazon.com/AWSCloudFormation/latest/UserGuide/aws-properties-networkfirewall-loggingconfiguration-logdestinationconfig.html#cfn-networkfirewall-loggingconfiguration-logdestinationconfig-logdestination",
          "UpdateType": "Mutable",
          "Required": true,
          "Type": "Map",
          "PrimitiveItemType": "String"
        },
        "LogDestinationType": {
          "Documentation": "http://docs.aws.amazon.com/AWSCloudFormation/latest/UserGuide/aws-properties-networkfirewall-loggingconfiguration-logdestinationconfig.html#cfn-networkfirewall-loggingconfiguration-logdestinationconfig-logdestinationtype",
          "UpdateType": "Mutable",
          "Required": true,
          "PrimitiveType": "String"
        }
      }
    },
    "AWS::NetworkFirewall::LoggingConfiguration.LoggingConfiguration": {
      "Documentation": "http://docs.aws.amazon.com/AWSCloudFormation/latest/UserGuide/aws-properties-networkfirewall-loggingconfiguration-loggingconfiguration.html",
      "Properties": {
        "LogDestinationConfigs": {
          "Documentation": "http://docs.aws.amazon.com/AWSCloudFormation/latest/UserGuide/aws-properties-networkfirewall-loggingconfiguration-loggingconfiguration.html#cfn-networkfirewall-loggingconfiguration-loggingconfiguration-logdestinationconfigs",
          "UpdateType": "Mutable",
          "Required": true,
          "Type": "List",
          "ItemType": "LogDestinationConfig",
          "DuplicatesAllowed": true
        }
      }
    }
  },
  "ResourceType": {
    "AWS::NetworkFirewall::LoggingConfiguration": {
      "Documentation": "http://docs.aws.amazon.com/AWSCloudFormation/latest/UserGuide/aws-resource-networkfirewall-loggingconfiguration.html",
      "Properties": {
        "FirewallName": {
          "Documentation": "http://docs.aws.amazon.com/AWSCloudFormation/latest/UserGuide/aws-resource-networkfirewall-loggingconfiguration.html#cfn-networkfirewall-loggingconfiguration-firewallname",
          "UpdateType": "Immutable",
          "Required": false,
          "PrimitiveType": "String"
        },
        "FirewallArn": {
          "Documentation": "http://docs.aws.amazon.com/AWSCloudFormation/latest/UserGuide/aws-resource-networkfirewall-loggingconfiguration.html#cfn-networkfirewall-loggingconfiguration-firewallarn",
          "UpdateType": "Immutable",
          "Required": true,
          "PrimitiveType": "String"
        },
        "LoggingConfiguration": {
          "Documentation": "http://docs.aws.amazon.com/AWSCloudFormation/latest/UserGuide/aws-resource-networkfirewall-loggingconfiguration.html#cfn-networkfirewall-loggingconfiguration-loggingconfiguration",
          "UpdateType": "Mutable",
          "Required": true,
          "Type": "LoggingConfiguration"
        }
      }
    }
  },
  "ResourceSpecificationVersion": "114.0.0"
}