{
  "ResourceType": {
    "AWS::NetworkManager::TransitGatewayRegistration": {
      "Documentation": "http://docs.aws.amazon.com/AWSCloudFormation/latest/UserGuide/aws-resource-networkmanager-transitgatewayregistration.html",
      "Properties": {
        "GlobalNetworkId": {
          "Documentation": "http://docs.aws.amazon.com/AWSCloudFormation/latest/UserGuide/aws-resource-networkmanager-transitgatewayregistration.html#cfn-networkmanager-transitgatewayregistration-globalnetworkid",
          "UpdateType": "Immutable",
          "Required": true,
          "PrimitiveType": "String"
        },
        "TransitGatewayArn": {
          "Documentation": "http://docs.aws.amazon.com/AWSCloudFormation/latest/UserGuide/aws-resource-networkmanager-transitgatewayregistration.html#cfn-networkmanager-transitgatewayregistration-transitgatewayarn",
          "UpdateType": "Immutable",
          "Required": true,
          "PrimitiveType": "String"
        }
      }
    }
  },
  "ResourceSpecificationVersion": "114.0.0"
}