{
  "ResourceType": {
    "AWS::Oam::Sink": {
      "Documentation": "http://docs.aws.amazon.com/AWSCloudFormation/latest/UserGuide/aws-resource-oam-sink.html",
      "Properties": {
        "Policy": {
          "Documentation": "http://docs.aws.amazon.com/AWSCloudFormation/latest/UserGuide/aws-resource-oam-sink.html#cfn-oam-sink-policy",
          "UpdateType": "Mutable",
          "Required": false,
          "PrimitiveType": "Json"
        },
        "Tags": {
          "Documentation": "http://docs.aws.amazon.com/AWSCloudFormation/latest/UserGuide/aws-resource-oam-sink.html#cfn-oam-sink-tags",
          "UpdateType": "Mutable",
          "Required": false,
          "Type": "Map",
          "PrimitiveItemType": "String"
        },
        "Name": {
          "Documentation": "http://docs.aws.amazon.com/AWSCloudFormation/latest/UserGuide/aws-resource-oam-sink.html#cfn-oam-sink-name",
          "UpdateType": "Immutable",
          "Required": true,
          "PrimitiveType": "String"
        }
      },
      "Attributes": {
        "Arn": {
          "PrimitiveType": "String"
        }
      }
    }
  },
  "ResourceSpecificationVersion": "114.0.0"
}