{
  "PropertyTypes": {
    "AWS::OpenSearchServerless::SecurityConfig.SamlConfigOptions": {
      "Documentation": "http://docs.aws.amazon.com/AWSCloudFormation/latest/UserGuide/aws-properties-opensearchserverless-securityconfig-samlconfigoptions.html",
      "Properties": {
        "SessionTimeout": {
          "Documentation": "http://docs.aws.amazon.com/AWSCloudFormation/latest/UserGuide/aws-properties-opensearchserverless-securityconfig-samlconfigoptions.html#cfn-opensearchserverless-securityconfig-samlconfigoptions-sessiontimeout",
          "UpdateType": "Mutable",
          "Required": false,
          "PrimitiveType": "Integer"
        },
        "UserAttribute": {
          "Documentation": "http://docs.aws.amazon.com/AWSCloudFormation/latest/UserGuide/aws-properties-opensearchserverless-securityconfig-samlconfigoptions.html#cfn-opensearchserverless-securityconfig-samlconfigoptions-userattribute",
          "UpdateType": "Mutable",
          "Required": false,
          "PrimitiveType": "String"
        },
        "Metadata": {
          "Documentation": "http://docs.aws.amazon.com/AWSCloudFormation/latest/UserGuide/aws-properties-opensearchserverless-securityconfig-samlconfigoptions.html#cfn-opensearchserverless-securityconfig-samlconfigoptions-metadata",
          "UpdateType": "Mutable",
          "Required": true,
          "PrimitiveType": "String"
        },
        "GroupAttribute": {
          "Documentation": "http://docs.aws.amazon.com/AWSCloudFormation/latest/UserGuide/aws-properties-opensearchserverless-securityconfig-samlconfigoptions.html#cfn-opensearchserverless-securityconfig-samlconfigoptions-groupattribute",
          "UpdateType": "Mutable",
          "Required": false,
          "PrimitiveType": "String"
        }
      }
    }
  },
  "ResourceType": {
    "AWS::OpenSearchServerless::SecurityConfig": {
      "Documentation": "http://docs.aws.amazon.com/AWSCloudFormation/latest/UserGuide/aws-resource-opensearchserverless-securityconfig.html",
      "Properties": {
        "Type": {
          "Documentation": "http://docs.aws.amazon.com/AWSCloudFormation/latest/UserGuide/aws-resource-opensearchserverless-securityconfig.html#cfn-opensearchserverless-securityconfig-type",
          "UpdateType": "Immutable",
          "Required": false,
          "PrimitiveType": "String"
        },
        "Description": {
          "Documentation": "http://docs.aws.amazon.com/AWSCloudFormation/latest/UserGuide/aws-resource-opensearchserverless-securityconfig.html#cfn-opensearchserverless-securityconfig-description",
          "UpdateType": "Mutable",
          "Required": false,
          "PrimitiveType": "String"
        },
        "SamlOptions": {
          "Documentation": "http://docs.aws.amazon.com/AWSCloudFormation/latest/UserGuide/aws-resource-opensearchserverless-securityconfig.html#cfn-opensearchserverless-securityconfig-samloptions",
          "UpdateType": "Mutable",
          "Required": false,
          "Type": "SamlConfigOptions"
        },
        "Name": {
          "Documentation": "http://docs.aws.amazon.com/AWSCloudFormation/latest/UserGuide/aws-resource-opensearchserverless-securityconfig.html#cfn-opensearchserverless-securityconfig-name",
          "UpdateType": "Immutable",
          "Required": false,
          "PrimitiveType": "String"
        }
      },
      "Attributes": {
        "Id": {
          "PrimitiveType": "String"
        }
      }
    }
  },
  "ResourceSpecificationVersion": "114.0.0"
}