{
  "PropertyTypes": {
    "AWS::OpenSearchService::Domain.SnapshotOptions": {
      "Documentation": "http://docs.aws.amazon.com/AWSCloudFormation/latest/UserGuide/aws-properties-opensearchservice-domain-snapshotoptions.html",
      "Properties": {
        "AutomatedSnapshotStartHour": {
          "Documentation": "http://docs.aws.amazon.com/AWSCloudFormation/latest/UserGuide/aws-properties-opensearchservice-domain-snapshotoptions.html#cfn-opensearchservice-domain-snapshotoptions-automatedsnapshotstarthour",
          "UpdateType": "Mutable",
          "Required": false,
          "PrimitiveType": "Integer"
        }
      }
    },
    "AWS::OpenSearchService::Domain.AdvancedSecurityOptionsInput": {
      "Documentation": "http://docs.aws.amazon.com/AWSCloudFormation/latest/UserGuide/aws-properties-opensearchservice-domain-advancedsecurityoptionsinput.html",
      "Properties": {
        "AnonymousAuthEnabled": {
          "Documentation": "http://docs.aws.amazon.com/AWSCloudFormation/latest/UserGuide/aws-properties-opensearchservice-domain-advancedsecurityoptionsinput.html#cfn-opensearchservice-domain-advancedsecurityoptionsinput-anonymousauthenabled",
          "UpdateType": "Mutable",
          "Required": false,
          "PrimitiveType": "Boolean"
        },
        "InternalUserDatabaseEnabled": {
          "Documentation": "http://docs.aws.amazon.com/AWSCloudFormation/latest/UserGuide/aws-properties-opensearchservice-domain-advancedsecurityoptionsinput.html#cfn-opensearchservice-domain-advancedsecurityoptionsinput-internaluserdatabaseenabled",
          "UpdateType": "Mutable",
          "Required": false,
          "PrimitiveType": "Boolean"
        },
        "SAMLOptions": {
          "Documentation": "http://docs.aws.amazon.com/AWSCloudFormation/latest/UserGuide/aws-properties-opensearchservice-domain-advancedsecurityoptionsinput.html#cfn-opensearchservice-domain-advancedsecurityoptionsinput-samloptions",
          "UpdateType": "Mutable",
          "Required": false,
          "Type": "SAMLOptions"
        },
        "Enabled": {
          "Documentation": "http://docs.aws.amazon.com/AWSCloudFormation/latest/UserGuide/aws-properties-opensearchservice-domain-advancedsecurityoptionsinput.html#cfn-opensearchservice-domain-advancedsecurityoptionsinput-enabled",
          "UpdateType": "Mutable",
          "Required": false,
          "PrimitiveType": "Boolean"
        },
        "AnonymousAuthDisableDate": {
          "Documentation": "http://docs.aws.amazon.com/AWSCloudFormation/latest/UserGuide/aws-properties-opensearchservice-domain-advancedsecurityoptionsinput.html#cfn-opensearchservice-domain-advancedsecurityoptionsinput-anonymousauthdisabledate",
          "UpdateType": "Mutable",
          "Required": false,
          "PrimitiveType": "String"
        },
        "MasterUserOptions": {
          "Documentation": "http://docs.aws.amazon.com/AWSCloudFormation/latest/UserGuide/aws-properties-opensearchservice-domain-advancedsecurityoptionsinput.html#cfn-opensearchservice-domain-advancedsecurityoptionsinput-masteruseroptions",
          "UpdateType": "Mutable",
          "Required": false,
          "Type": "MasterUserOptions"
        }
      }
    },
    "AWS::OpenSearchService::Domain.EncryptionAtRestOptions": {
      "Documentation": "http://docs.aws.amazon.com/AWSCloudFormation/latest/UserGuide/aws-properties-opensearchservice-domain-encryptionatrestoptions.html",
      "Properties": {
        "KmsKeyId": {
          "Documentation": "http://docs.aws.amazon.com/AWSCloudFormation/latest/UserGuide/aws-properties-opensearchservice-domain-encryptionatrestoptions.html#cfn-opensearchservice-domain-encryptionatrestoptions-kmskeyid",
          "UpdateType": "Mutable",
          "Required": false,
          "PrimitiveType": "String"
        },
        "Enabled": {
          "Documentation": "http://docs.aws.amazon.com/AWSCloudFormation/latest/UserGuide/aws-properties-opensearchservice-domain-encryptionatrestoptions.html#cfn-opensearchservice-domain-encryptionatrestoptions-enabled",
          "UpdateType": "Mutable",
          "Required": false,
          "PrimitiveType": "Boolean"
        }
      }
    },
    "AWS::OpenSearchService::Domain.ZoneAwarenessConfig": {
      "Documentation": "http://docs.aws.amazon.com/AWSCloudFormation/latest/UserGuide/aws-properties-opensearchservice-domain-zoneawarenessconfig.html",
      "Properties": {
        "AvailabilityZoneCount": {
          "Documentation": "http://docs.aws.amazon.com/AWSCloudFormation/latest/UserGuide/aws-properties-opensearchservice-domain-zoneawarenessconfig.html#cfn-opensearchservice-domain-zoneawarenessconfig-availabilityzonecount",
          "UpdateType": "Mutable",
          "Required": false,
          "PrimitiveType": "Integer"
        }
      }
    },
    "AWS::OpenSearchService::Domain.LogPublishingOption": {
      "Documentation": "http://docs.aws.amazon.com/AWSCloudFormation/latest/UserGuide/aws-properties-opensearchservice-domain-logpublishingoption.html",
      "Properties": {
        "CloudWatchLogsLogGroupArn": {
          "Documentation": "http://docs.aws.amazon.com/AWSCloudFormation/latest/UserGuide/aws-properties-opensearchservice-domain-logpublishingoption.html#cfn-opensearchservice-domain-logpublishingoption-cloudwatchlogsloggrouparn",
          "UpdateType": "Mutable",
          "Required": false,
          "PrimitiveType": "String"
        },
        "Enabled": {
          "Documentation": "http://docs.aws.amazon.com/AWSCloudFormation/latest/UserGuide/aws-properties-opensearchservice-domain-logpublishingoption.html#cfn-opensearchservice-domain-logpublishingoption-enabled",
          "UpdateType": "Mutable",
          "Required": false,
          "PrimitiveType": "Boolean"
        }
      }
    },
    "AWS::OpenSearchService::Domain.ClusterConfig": {
      "Documentation": "http://docs.aws.amazon.com/AWSCloudFormation/latest/UserGuide/aws-properties-opensearchservice-domain-clusterconfig.html",
      "Properties": {
        "InstanceCount": {
          "Documentation": "http://docs.aws.amazon.com/AWSCloudFormation/latest/UserGuide/aws-properties-opensearchservice-domain-clusterconfig.html#cfn-opensearchservice-domain-clusterconfig-instancecount",
          "UpdateType": "Mutable",
          "Required": false,
          "PrimitiveType": "Integer"
        },
        "WarmEnabled": {
          "Documentation": "http://docs.aws.amazon.com/AWSCloudFormation/latest/UserGuide/aws-properties-opensearchservice-domain-clusterconfig.html#cfn-opensearchservice-domain-clusterconfig-warmenabled",
          "UpdateType": "Mutable",
          "Required": false,
          "PrimitiveType": "Boolean"
        },
        "WarmCount": {
          "Documentation": "http://docs.aws.amazon.com/AWSCloudFormation/latest/UserGuide/aws-properties-opensearchservice-domain-clusterconfig.html#cfn-opensearchservice-domain-clusterconfig-warmcount",
          "UpdateType": "Mutable",
          "Required": false,
          "PrimitiveType": "Integer"
        },
        "DedicatedMasterEnabled": {
          "Documentation": "http://docs.aws.amazon.com/AWSCloudFormation/latest/UserGuide/aws-properties-opensearchservice-domain-clusterconfig.html#cfn-opensearchservice-domain-clusterconfig-dedicatedmasterenabled",
          "UpdateType": "Mutable",
          "Required": false,
          "PrimitiveType": "Boolean"
        },
        "ZoneAwarenessConfig": {
          "Documentation": "http://docs.aws.amazon.com/AWSCloudFormation/latest/UserGuide/aws-properties-opensearchservice-domain-clusterconfig.html#cfn-opensearchservice-domain-clusterconfig-zoneawarenessconfig",
          "UpdateType": "Mutable",
          "Required": false,
          "Type": "ZoneAwarenessConfig"
        },
        "DedicatedMasterCount": {
          "Documentation": "http://docs.aws.amazon.com/AWSCloudFormation/latest/UserGuide/aws-properties-opensearchservice-domain-clusterconfig.html#cfn-opensearchservice-domain-clusterconfig-dedicatedmastercount",
          "UpdateType": "Mutable",
          "Required": false,
          "PrimitiveType": "Integer"
        },
        "InstanceType": {
          "Documentation": "http://docs.aws.amazon.com/AWSCloudFormation/latest/UserGuide/aws-properties-opensearchservice-domain-clusterconfig.html#cfn-opensearchservice-domain-clusterconfig-instancetype",
          "UpdateType": "Mutable",
          "Required": false,
          "PrimitiveType": "String"
        },
        "WarmType": {
          "Documentation": "http://docs.aws.amazon.com/AWSCloudFormation/latest/UserGuide/aws-properties-opensearchservice-domain-clusterconfig.html#cfn-opensearchservice-domain-clusterconfig-warmtype",
          "UpdateType": "Mutable",
          "Required": false,
          "PrimitiveType": "String"
        },
        "ZoneAwarenessEnabled": {
          "Documentation": "http://docs.aws.amazon.com/AWSCloudFormation/latest/UserGuide/aws-properties-opensearchservice-domain-clusterconfig.html#cfn-opensearchservice-domain-clusterconfig-zoneawarenessenabled",
          "UpdateType": "Mutable",
          "Required": false,
          "PrimitiveType": "Boolean"
        },
        "DedicatedMasterType": {
          "Documentation": "http://docs.aws.amazon.com/AWSCloudFormation/latest/UserGuide/aws-properties-opensearchservice-domain-clusterconfig.html#cfn-opensearchservice-domain-clusterconfig-dedicatedmastertype",
          "UpdateType": "Mutable",
          "Required": false,
          "PrimitiveType": "String"
        }
      }
    },
    "AWS::OpenSearchService::Domain.MasterUserOptions": {
      "Documentation": "http://docs.aws.amazon.com/AWSCloudFormation/latest/UserGuide/aws-properties-opensearchservice-domain-masteruseroptions.html",
      "Properties": {
        "MasterUserPassword": {
          "Documentation": "http://docs.aws.amazon.com/AWSCloudFormation/latest/UserGuide/aws-properties-opensearchservice-domain-masteruseroptions.html#cfn-opensearchservice-domain-masteruseroptions-masteruserpassword",
          "UpdateType": "Mutable",
          "Required": false,
          "PrimitiveType": "String"
        },
        "MasterUserARN": {
          "Documentation": "http://docs.aws.amazon.com/AWSCloudFormation/latest/UserGuide/aws-properties-opensearchservice-domain-masteruseroptions.html#cfn-opensearchservice-domain-masteruseroptions-masteruserarn",
          "UpdateType": "Mutable",
          "Required": false,
          "PrimitiveType": "String"
        },
        "MasterUserName": {
          "Documentation": "http://docs.aws.amazon.com/AWSCloudFormation/latest/UserGuide/aws-properties-opensearchservice-domain-masteruseroptions.html#cfn-opensearchservice-domain-masteruseroptions-masterusername",
          "UpdateType": "Mutable",
          "Required": false,
          "PrimitiveType": "String"
        }
      }
    },
    "AWS::OpenSearchService::Domain.CognitoOptions": {
      "Documentation": "http://docs.aws.amazon.com/AWSCloudFormation/latest/UserGuide/aws-properties-opensearchservice-domain-cognitooptions.html",
      "Properties": {
        "UserPoolId": {
          "Documentation": "http://docs.aws.amazon.com/AWSCloudFormation/latest/UserGuide/aws-properties-opensearchservice-domain-cognitooptions.html#cfn-opensearchservice-domain-cognitooptions-userpoolid",
          "UpdateType": "Mutable",
          "Required": false,
          "PrimitiveType": "String"
        },
        "Enabled": {
          "Documentation": "http://docs.aws.amazon.com/AWSCloudFormation/latest/UserGuide/aws-properties-opensearchservice-domain-cognitooptions.html#cfn-opensearchservice-domain-cognitooptions-enabled",
          "UpdateType": "Mutable",
          "Required": false,
          "PrimitiveType": "Boolean"
        },
        "IdentityPoolId": {
          "Documentation": "http://docs.aws.amazon.com/AWSCloudFormation/latest/UserGuide/aws-properties-opensearchservice-domain-cognitooptions.html#cfn-opensearchservice-domain-cognitooptions-identitypoolid",
          "UpdateType": "Mutable",
          "Required": false,
          "PrimitiveType": "String"
        },
        "RoleArn": {
          "Documentation": "http://docs.aws.amazon.com/AWSCloudFormation/latest/UserGuide/aws-properties-opensearchservice-domain-cognitooptions.html#cfn-opensearchservice-domain-cognitooptions-rolearn",
          "UpdateType": "Mutable",
          "Required": false,
          "PrimitiveType": "String"
        }
      }
    },
    "AWS::OpenSearchService::Domain.ServiceSoftwareOptions": {
      "Documentation": "http://docs.aws.amazon.com/AWSCloudFormation/latest/UserGuide/aws-properties-opensearchservice-domain-servicesoftwareoptions.html",
      "Properties": {
        "NewVersion": {
          "Documentation": "http://docs.aws.amazon.com/AWSCloudFormation/latest/UserGuide/aws-properties-opensearchservice-domain-servicesoftwareoptions.html#cfn-opensearchservice-domain-servicesoftwareoptions-newversion",
          "UpdateType": "Mutable",
          "Required": false,
          "PrimitiveType": "String"
        },
        "UpdateStatus": {
          "Documentation": "http://docs.aws.amazon.com/AWSCloudFormation/latest/UserGuide/aws-properties-opensearchservice-domain-servicesoftwareoptions.html#cfn-opensearchservice-domain-servicesoftwareoptions-updatestatus",
          "UpdateType": "Mutable",
          "Required": false,
          "PrimitiveType": "String"
        },
        "Description": {
          "Documentation": "http://docs.aws.amazon.com/AWSCloudFormation/latest/UserGuide/aws-properties-opensearchservice-domain-servicesoftwareoptions.html#cfn-opensearchservice-domain-servicesoftwareoptions-description",
          "UpdateType": "Mutable",
          "Required": false,
          "PrimitiveType": "String"
        },
        "Cancellable": {
          "Documentation": "http://docs.aws.amazon.com/AWSCloudFormation/latest/UserGuide/aws-properties-opensearchservice-domain-servicesoftwareoptions.html#cfn-opensearchservice-domain-servicesoftwareoptions-cancellable",
          "UpdateType": "Mutable",
          "Required": false,
          "PrimitiveType": "Boolean"
        },
        "CurrentVersion": {
          "Documentation": "http://docs.aws.amazon.com/AWSCloudFormation/latest/UserGuide/aws-properties-opensearchservice-domain-servicesoftwareoptions.html#cfn-opensearchservice-domain-servicesoftwareoptions-currentversion",
          "UpdateType": "Mutable",
          "Required": false,
          "PrimitiveType": "String"
        },
        "AutomatedUpdateDate": {
          "Documentation": "http://docs.aws.amazon.com/AWSCloudFormation/latest/UserGuide/aws-properties-opensearchservice-domain-servicesoftwareoptions.html#cfn-opensearchservice-domain-servicesoftwareoptions-automatedupdatedate",
          "UpdateType": "Mutable",
          "Required": false,
          "PrimitiveType": "String"
        },
        "UpdateAvailable": {
          "Documentation": "http://docs.aws.amazon.com/AWSCloudFormation/latest/UserGuide/aws-properties-opensearchservice-domain-servicesoftwareoptions.html#cfn-opensearchservice-domain-servicesoftwareoptions-updateavailable",
          "UpdateType": "Mutable",
          "Required": false,
          "PrimitiveType": "Boolean"
        },
        "OptionalDeployment": {
          "Documentation": "http://docs.aws.amazon.com/AWSCloudFormation/latest/UserGuide/aws-properties-opensearchservice-domain-servicesoftwareoptions.html#cfn-opensearchservice-domain-servicesoftwareoptions-optionaldeployment",
          "UpdateType": "Mutable",
          "Required": false,
          "PrimitiveType": "Boolean"
        }
      }
    },
    "AWS::OpenSearchService::Domain.SAMLOptions": {
      "Documentation": "http://docs.aws.amazon.com/AWSCloudFormation/latest/UserGuide/aws-properties-opensearchservice-domain-samloptions.html",
      "Properties": {
        "MasterBackendRole": {
          "Documentation": "http://docs.aws.amazon.com/AWSCloudFormation/latest/UserGuide/aws-properties-opensearchservice-domain-samloptions.html#cfn-opensearchservice-domain-samloptions-masterbackendrole",
          "UpdateType": "Mutable",
          "Required": false,
          "PrimitiveType": "String"
        },
        "SubjectKey": {
          "Documentation": "http://docs.aws.amazon.com/AWSCloudFormation/latest/UserGuide/aws-properties-opensearchservice-domain-samloptions.html#cfn-opensearchservice-domain-samloptions-subjectkey",
          "UpdateType": "Mutable",
          "Required": false,
          "PrimitiveType": "String"
        },
        "Idp": {
          "Documentation": "http://docs.aws.amazon.com/AWSCloudFormation/latest/UserGuide/aws-properties-opensearchservice-domain-samloptions.html#cfn-opensearchservice-domain-samloptions-idp",
          "UpdateType": "Mutable",
          "Required": false,
          "Type": "Idp"
        },
        "SessionTimeoutMinutes": {
          "Documentation": "http://docs.aws.amazon.com/AWSCloudFormation/latest/UserGuide/aws-properties-opensearchservice-domain-samloptions.html#cfn-opensearchservice-domain-samloptions-sessiontimeoutminutes",
          "UpdateType": "Mutable",
          "Required": false,
          "PrimitiveType": "Integer"
        },
        "RolesKey": {
          "Documentation": "http://docs.aws.amazon.com/AWSCloudFormation/latest/UserGuide/aws-properties-opensearchservice-domain-samloptions.html#cfn-opensearchservice-domain-samloptions-roleskey",
          "UpdateType": "Mutable",
          "Required": false,
          "PrimitiveType": "String"
        },
        "Enabled": {
          "Documentation": "http://docs.aws.amazon.com/AWSCloudFormation/latest/UserGuide/aws-properties-opensearchservice-domain-samloptions.html#cfn-opensearchservice-domain-samloptions-enabled",
          "UpdateType": "Mutable",
          "Required": false,
          "PrimitiveType": "Boolean"
        },
        "MasterUserName": {
          "Documentation": "http://docs.aws.amazon.com/AWSCloudFormation/latest/UserGuide/aws-properties-opensearchservice-domain-samloptions.html#cfn-opensearchservice-domain-samloptions-masterusername",
          "UpdateType": "Mutable",
          "Required": false,
          "PrimitiveType": "String"
        }
      }
    },
    "AWS::OpenSearchService::Domain.DomainEndpointOptions": {
      "Documentation": "http://docs.aws.amazon.com/AWSCloudFormation/latest/UserGuide/aws-properties-opensearchservice-domain-domainendpointoptions.html",
      "Properties": {
        "CustomEndpointEnabled": {
          "Documentation": "http://docs.aws.amazon.com/AWSCloudFormation/latest/UserGuide/aws-properties-opensearchservice-domain-domainendpointoptions.html#cfn-opensearchservice-domain-domainendpointoptions-customendpointenabled",
          "UpdateType": "Mutable",
          "Required": false,
          "PrimitiveType": "Boolean"
        },
        "EnforceHTTPS": {
          "Documentation": "http://docs.aws.amazon.com/AWSCloudFormation/latest/UserGuide/aws-properties-opensearchservice-domain-domainendpointoptions.html#cfn-opensearchservice-domain-domainendpointoptions-enforcehttps",
          "UpdateType": "Mutable",
          "Required": false,
          "PrimitiveType": "Boolean"
        },
        "CustomEndpointCertificateArn": {
          "Documentation": "http://docs.aws.amazon.com/AWSCloudFormation/latest/UserGuide/aws-properties-opensearchservice-domain-domainendpointoptions.html#cfn-opensearchservice-domain-domainendpointoptions-customendpointcertificatearn",
          "UpdateType": "Mutable",
          "Required": false,
          "PrimitiveType": "String"
        },
        "CustomEndpoint": {
          "Documentation": "http://docs.aws.amazon.com/AWSCloudFormation/latest/UserGuide/aws-properties-opensearchservice-domain-domainendpointoptions.html#cfn-opensearchservice-domain-domainendpointoptions-customendpoint",
          "UpdateType": "Mutable",
          "Required": false,
          "PrimitiveType": "String"
        },
        "TLSSecurityPolicy": {
          "Documentation": "http://docs.aws.amazon.com/AWSCloudFormation/latest/UserGuide/aws-properties-opensearchservice-domain-domainendpointoptions.html#cfn-opensearchservice-domain-domainendpointoptions-tlssecuritypolicy",
          "UpdateType": "Mutable",
          "Required": false,
          "PrimitiveType": "String"
        }
      }
    },
    "AWS::OpenSearchService::Domain.NodeToNodeEncryptionOptions": {
      "Documentation": "http://docs.aws.amazon.com/AWSCloudFormation/latest/UserGuide/aws-properties-opensearchservice-domain-nodetonodeencryptionoptions.html",
      "Properties": {
        "Enabled": {
          "Documentation": "http://docs.aws.amazon.com/AWSCloudFormation/latest/UserGuide/aws-properties-opensearchservice-domain-nodetonodeencryptionoptions.html#cfn-opensearchservice-domain-nodetonodeencryptionoptions-enabled",
          "UpdateType": "Mutable",
          "Required": false,
          "PrimitiveType": "Boolean"
        }
      }
    },
    "AWS::OpenSearchService::Domain.EBSOptions": {
      "Documentation": "http://docs.aws.amazon.com/AWSCloudFormation/latest/UserGuide/aws-properties-opensearchservice-domain-ebsoptions.html",
      "Properties": {
        "EBSEnabled": {
          "Documentation": "http://docs.aws.amazon.com/AWSCloudFormation/latest/UserGuide/aws-properties-opensearchservice-domain-ebsoptions.html#cfn-opensearchservice-domain-ebsoptions-ebsenabled",
          "UpdateType": "Mutable",
          "Required": false,
          "PrimitiveType": "Boolean"
        },
        "VolumeType": {
          "Documentation": "http://docs.aws.amazon.com/AWSCloudFormation/latest/UserGuide/aws-properties-opensearchservice-domain-ebsoptions.html#cfn-opensearchservice-domain-ebsoptions-volumetype",
          "UpdateType": "Mutable",
          "Required": false,
          "PrimitiveType": "String"
        },
        "Throughput": {
          "Documentation": "http://docs.aws.amazon.com/AWSCloudFormation/latest/UserGuide/aws-properties-opensearchservice-domain-ebsoptions.html#cfn-opensearchservice-domain-ebsoptions-throughput",
          "UpdateType": "Mutable",
          "Required": false,
          "PrimitiveType": "Integer"
        },
        "Iops": {
          "Documentation": "http://docs.aws.amazon.com/AWSCloudFormation/latest/UserGuide/aws-properties-opensearchservice-domain-ebsoptions.html#cfn-opensearchservice-domain-ebsoptions-iops",
          "UpdateType": "Mutable",
          "Required": false,
          "PrimitiveType": "Integer"
        },
        "VolumeSize": {
          "Documentation": "http://docs.aws.amazon.com/AWSCloudFormation/latest/UserGuide/aws-properties-opensearchservice-domain-ebsoptions.html#cfn-opensearchservice-domain-ebsoptions-volumesize",
          "UpdateType": "Mutable",
          "Required": false,
          "PrimitiveType": "Integer"
        }
      }
    },
    "Tag": {
      "Documentation": "http://docs.aws.amazon.com/AWSCloudFormation/latest/UserGuide/aws-properties-resource-tags.html",
      "Properties": {
        "Value": {
          "Documentation": "http://docs.aws.amazon.com/AWSCloudFormation/latest/UserGuide/aws-properties-resource-tags.html#cfn-resource-tags-value",
          "UpdateType": "Mutable",
          "Required": true,
          "PrimitiveType": "String"
        },
        "Key": {
          "Documentation": "http://docs.aws.amazon.com/AWSCloudFormation/latest/UserGuide/aws-properties-resource-tags.html#cfn-resource-tags-key",
          "UpdateType": "Mutable",
          "Required": true,
          "PrimitiveType": "String"
        }
      }
    },
    "AWS::OpenSearchService::Domain.Idp": {
      "Documentation": "http://docs.aws.amazon.com/AWSCloudFormation/latest/UserGuide/aws-properties-opensearchservice-domain-idp.html",
      "Properties": {
        "EntityId": {
          "Documentation": "http://docs.aws.amazon.com/AWSCloudFormation/latest/UserGuide/aws-properties-opensearchservice-domain-idp.html#cfn-opensearchservice-domain-idp-entityid",
          "UpdateType": "Mutable",
          "Required": true,
          "PrimitiveType": "String"
        },
        "MetadataContent": {
          "Documentation": "http://docs.aws.amazon.com/AWSCloudFormation/latest/UserGuide/aws-properties-opensearchservice-domain-idp.html#cfn-opensearchservice-domain-idp-metadatacontent",
          "UpdateType": "Mutable",
          "Required": true,
          "PrimitiveType": "String"
        }
      }
    },
    "AWS::OpenSearchService::Domain.VPCOptions": {
      "Documentation": "http://docs.aws.amazon.com/AWSCloudFormation/latest/UserGuide/aws-properties-opensearchservice-domain-vpcoptions.html",
      "Properties": {
        "SecurityGroupIds": {
          "Documentation": "http://docs.aws.amazon.com/AWSCloudFormation/latest/UserGuide/aws-properties-opensearchservice-domain-vpcoptions.html#cfn-opensearchservice-domain-vpcoptions-securitygroupids",
          "UpdateType": "Mutable",
          "Required": false,
          "Type": "List",
          "PrimitiveItemType": "String",
          "DuplicatesAllowed": false
        },
        "SubnetIds": {
          "Documentation": "http://docs.aws.amazon.com/AWSCloudFormation/latest/UserGuide/aws-properties-opensearchservice-domain-vpcoptions.html#cfn-opensearchservice-domain-vpcoptions-subnetids",
          "UpdateType": "Mutable",
          "Required": false,
          "Type": "List",
          "PrimitiveItemType": "String",
          "DuplicatesAllowed": false
        }
      }
    }
  },
  "ResourceType": {
    "AWS::OpenSearchService::Domain": {
      "Documentation": "http://docs.aws.amazon.com/AWSCloudFormation/latest/UserGuide/aws-resource-opensearchservice-domain.html",
      "Properties": {
        "EngineVersion": {
          "Documentation": "http://docs.aws.amazon.com/AWSCloudFormation/latest/UserGuide/aws-resource-opensearchservice-domain.html#cfn-opensearchservice-domain-engineversion",
          "UpdateType": "Mutable",
          "Required": false,
          "PrimitiveType": "String"
        },
        "DomainName": {
          "Documentation": "http://docs.aws.amazon.com/AWSCloudFormation/latest/UserGuide/aws-resource-opensearchservice-domain.html#cfn-opensearchservice-domain-domainname",
          "UpdateType": "Immutable",
          "Required": false,
          "PrimitiveType": "String"
        },
        "LogPublishingOptions": {
          "Documentation": "http://docs.aws.amazon.com/AWSCloudFormation/latest/UserGuide/aws-resource-opensearchservice-domain.html#cfn-opensearchservice-domain-logpublishingoptions",
          "UpdateType": "Mutable",
          "Required": false,
          "Type": "Map",
          "ItemType": "LogPublishingOption"
        },
        "SnapshotOptions": {
          "Documentation": "http://docs.aws.amazon.com/AWSCloudFormation/latest/UserGuide/aws-resource-opensearchservice-domain.html#cfn-opensearchservice-domain-snapshotoptions",
          "UpdateType": "Mutable",
          "Required": false,
          "Type": "SnapshotOptions"
        },
        "VPCOptions": {
          "Documentation": "http://docs.aws.amazon.com/AWSCloudFormation/latest/UserGuide/aws-resource-opensearchservice-domain.html#cfn-opensearchservice-domain-vpcoptions",
          "UpdateType": "Mutable",
          "Required": false,
          "Type": "VPCOptions"
        },
        "NodeToNodeEncryptionOptions": {
          "Documentation": "http://docs.aws.amazon.com/AWSCloudFormation/latest/UserGuide/aws-resource-opensearchservice-domain.html#cfn-opensearchservice-domain-nodetonodeencryptionoptions",
          "UpdateType": "Mutable",
          "Required": false,
          "Type": "NodeToNodeEncryptionOptions"
        },
        "AccessPolicies": {
          "Documentation": "http://docs.aws.amazon.com/AWSCloudFormation/latest/UserGuide/aws-resource-opensearchservice-domain.html#cfn-opensearchservice-domain-accesspolicies",
          "UpdateType": "Mutable",
          "Required": false,
          "PrimitiveType": "Json"
        },
        "DomainEndpointOptions": {
          "Documentation": "http://docs.aws.amazon.com/AWSCloudFormation/latest/UserGuide/aws-resource-opensearchservice-domain.html#cfn-opensearchservice-domain-domainendpointoptions",
          "UpdateType": "Mutable",
          "Required": false,
          "Type": "DomainEndpointOptions"
        },
        "CognitoOptions": {
          "Documentation": "http://docs.aws.amazon.com/AWSCloudFormation/latest/UserGuide/aws-resource-opensearchservice-domain.html#cfn-opensearchservice-domain-cognitooptions",
          "UpdateType": "Mutable",
          "Required": false,
          "Type": "CognitoOptions"
        },
        "AdvancedOptions": {
          "Documentation": "http://docs.aws.amazon.com/AWSCloudFormation/latest/UserGuide/aws-resource-opensearchservice-domain.html#cfn-opensearchservice-domain-advancedoptions",
          "UpdateType": "Mutable",
          "Required": false,
          "Type": "Map",
          "PrimitiveItemType": "String"
        },
        "AdvancedSecurityOptions": {
          "Documentation": "http://docs.aws.amazon.com/AWSCloudFormation/latest/UserGuide/aws-resource-opensearchservice-domain.html#cfn-opensearchservice-domain-advancedsecurityoptions",
          "UpdateType": "Mutable",
          "Required": false,
          "Type": "AdvancedSecurityOptionsInput"
        },
        "EBSOptions": {
          "Documentation": "http://docs.aws.amazon.com/AWSCloudFormation/latest/UserGuide/aws-resource-opensearchservice-domain.html#cfn-opensearchservice-domain-ebsoptions",
          "UpdateType": "Mutable",
          "Required": false,
          "Type": "EBSOptions"
        },
        "EncryptionAtRestOptions": {
          "Documentation": "http://docs.aws.amazon.com/AWSCloudFormation/latest/UserGuide/aws-resource-opensearchservice-domain.html#cfn-opensearchservice-domain-encryptionatrestoptions",
          "UpdateType": "Mutable",
          "Required": false,
          "Type": "EncryptionAtRestOptions"
        },
        "Tags": {
          "Documentation": "http://docs.aws.amazon.com/AWSCloudFormation/latest/UserGuide/aws-resource-opensearchservice-domain.html#cfn-opensearchservice-domain-tags",
          "UpdateType": "Mutable",
          "Required": false,
          "Type": "List",
          "ItemType": "Tag",
          "DuplicatesAllowed": false
        },
        "ClusterConfig": {
          "Documentation": "http://docs.aws.amazon.com/AWSCloudFormation/latest/UserGuide/aws-resource-opensearchservice-domain.html#cfn-opensearchservice-domain-clusterconfig",
          "UpdateType": "Mutable",
          "Required": false,
          "Type": "ClusterConfig"
        }
      },
      "Attributes": {
        "ServiceSoftwareOptions.OptionalDeployment": {
          "PrimitiveType": "Boolean"
        },
        "ServiceSoftwareOptions.Description": {
          "PrimitiveType": "String"
        },
        "ServiceSoftwareOptions.UpdateStatus": {
          "PrimitiveType": "String"
        },
        "ServiceSoftwareOptions.AutomatedUpdateDate": {
          "PrimitiveType": "String"
        },
        "ServiceSoftwareOptions.CurrentVersion": {
          "PrimitiveType": "String"
        },
        "DomainEndpoints": {
          "Type": "Map",
          "PrimitiveItemType": "String"
        },
        "DomainArn": {
          "PrimitiveType": "String"
        },
        "ServiceSoftwareOptions.UpdateAvailable": {
          "PrimitiveType": "Boolean"
        },
        "DomainEndpoint": {
          "PrimitiveType": "String"
        },
        "ServiceSoftwareOptions": {
          "Type": "ServiceSoftwareOptions"
        },
        "AdvancedSecurityOptions.AnonymousAuthDisableDate": {
          "PrimitiveType": "String"
        },
        "ServiceSoftwareOptions.NewVersion": {
          "PrimitiveType": "String"
        },
        "Id": {
          "PrimitiveType": "String"
        },
        "Arn": {
          "PrimitiveType": "String"
        },
        "ServiceSoftwareOptions.Cancellable": {
          "PrimitiveType": "Boolean"
        }
      }
    }
  },
  "ResourceSpecificationVersion": "114.0.0"
}