{
  "PropertyTypes": {
    "AWS::OpsWorks::Instance.BlockDeviceMapping": {
      "Documentation": "http://docs.aws.amazon.com/AWSCloudFormation/latest/UserGuide/aws-properties-opsworks-instance-blockdevicemapping.html",
      "Properties": {
        "DeviceName": {
          "Documentation": "http://docs.aws.amazon.com/AWSCloudFormation/latest/UserGuide/aws-properties-opsworks-instance-blockdevicemapping.html#cfn-opsworks-instance-blockdevicemapping-devicename",
          "PrimitiveType": "String",
          "Required": false,
          "UpdateType": "Mutable"
        },
        "Ebs": {
          "Documentation": "http://docs.aws.amazon.com/AWSCloudFormation/latest/UserGuide/aws-properties-opsworks-instance-blockdevicemapping.html#cfn-opsworks-instance-blockdevicemapping-ebs",
          "Required": false,
          "Type": "EbsBlockDevice",
          "UpdateType": "Mutable"
        },
        "NoDevice": {
          "Documentation": "http://docs.aws.amazon.com/AWSCloudFormation/latest/UserGuide/aws-properties-opsworks-instance-blockdevicemapping.html#cfn-opsworks-instance-blockdevicemapping-nodevice",
          "PrimitiveType": "String",
          "Required": false,
          "UpdateType": "Mutable"
        },
        "VirtualName": {
          "Documentation": "http://docs.aws.amazon.com/AWSCloudFormation/latest/UserGuide/aws-properties-opsworks-instance-blockdevicemapping.html#cfn-opsworks-instance-blockdevicemapping-virtualname",
          "PrimitiveType": "String",
          "Required": false,
          "UpdateType": "Mutable"
        }
      }
    },
    "AWS::OpsWorks::Instance.EbsBlockDevice": {
      "Documentation": "http://docs.aws.amazon.com/AWSCloudFormation/latest/UserGuide/aws-properties-opsworks-instance-ebsblockdevice.html",
      "Properties": {
        "DeleteOnTermination": {
          "Documentation": "http://docs.aws.amazon.com/AWSCloudFormation/latest/UserGuide/aws-properties-opsworks-instance-ebsblockdevice.html#cfn-opsworks-instance-ebsblockdevice-deleteontermination",
          "PrimitiveType": "Boolean",
          "Required": false,
          "UpdateType": "Mutable"
        },
        "Iops": {
          "Documentation": "http://docs.aws.amazon.com/AWSCloudFormation/latest/UserGuide/aws-properties-opsworks-instance-ebsblockdevice.html#cfn-opsworks-instance-ebsblockdevice-iops",
          "PrimitiveType": "Integer",
          "Required": false,
          "UpdateType": "Mutable"
        },
        "SnapshotId": {
          "Documentation": "http://docs.aws.amazon.com/AWSCloudFormation/latest/UserGuide/aws-properties-opsworks-instance-ebsblockdevice.html#cfn-opsworks-instance-ebsblockdevice-snapshotid",
          "PrimitiveType": "String",
          "Required": false,
          "UpdateType": "Mutable"
        },
        "VolumeSize": {
          "Documentation": "http://docs.aws.amazon.com/AWSCloudFormation/latest/UserGuide/aws-properties-opsworks-instance-ebsblockdevice.html#cfn-opsworks-instance-ebsblockdevice-volumesize",
          "PrimitiveType": "Integer",
          "Required": false,
          "UpdateType": "Mutable"
        },
        "VolumeType": {
          "Documentation": "http://docs.aws.amazon.com/AWSCloudFormation/latest/UserGuide/aws-properties-opsworks-instance-ebsblockdevice.html#cfn-opsworks-instance-ebsblockdevice-volumetype",
          "PrimitiveType": "String",
          "Required": false,
          "UpdateType": "Mutable"
        }
      }
    },
    "AWS::OpsWorks::Instance.TimeBasedAutoScaling": {
      "Documentation": "http://docs.aws.amazon.com/AWSCloudFormation/latest/UserGuide/aws-properties-opsworks-instance-timebasedautoscaling.html",
      "Properties": {
        "Friday": {
          "Documentation": "http://docs.aws.amazon.com/AWSCloudFormation/latest/UserGuide/aws-properties-opsworks-instance-timebasedautoscaling.html#cfn-opsworks-instance-timebasedautoscaling-friday",
          "DuplicatesAllowed": false,
          "PrimitiveItemType": "String",
          "Required": false,
          "Type": "Map",
          "UpdateType": "Mutable"
        },
        "Monday": {
          "Documentation": "http://docs.aws.amazon.com/AWSCloudFormation/latest/UserGuide/aws-properties-opsworks-instance-timebasedautoscaling.html#cfn-opsworks-instance-timebasedautoscaling-monday",
          "DuplicatesAllowed": false,
          "PrimitiveItemType": "String",
          "Required": false,
          "Type": "Map",
          "UpdateType": "Mutable"
        },
        "Saturday": {
          "Documentation": "http://docs.aws.amazon.com/AWSCloudFormation/latest/UserGuide/aws-properties-opsworks-instance-timebasedautoscaling.html#cfn-opsworks-instance-timebasedautoscaling-saturday",
          "DuplicatesAllowed": false,
          "PrimitiveItemType": "String",
          "Required": false,
          "Type": "Map",
          "UpdateType": "Mutable"
        },
        "Sunday": {
          "Documentation": "http://docs.aws.amazon.com/AWSCloudFormation/latest/UserGuide/aws-properties-opsworks-instance-timebasedautoscaling.html#cfn-opsworks-instance-timebasedautoscaling-sunday",
          "DuplicatesAllowed": false,
          "PrimitiveItemType": "String",
          "Required": false,
          "Type": "Map",
          "UpdateType": "Mutable"
        },
        "Thursday": {
          "Documentation": "http://docs.aws.amazon.com/AWSCloudFormation/latest/UserGuide/aws-properties-opsworks-instance-timebasedautoscaling.html#cfn-opsworks-instance-timebasedautoscaling-thursday",
          "DuplicatesAllowed": false,
          "PrimitiveItemType": "String",
          "Required": false,
          "Type": "Map",
          "UpdateType": "Mutable"
        },
        "Tuesday": {
          "Documentation": "http://docs.aws.amazon.com/AWSCloudFormation/latest/UserGuide/aws-properties-opsworks-instance-timebasedautoscaling.html#cfn-opsworks-instance-timebasedautoscaling-tuesday",
          "DuplicatesAllowed": false,
          "PrimitiveItemType": "String",
          "Required": false,
          "Type": "Map",
          "UpdateType": "Mutable"
        },
        "Wednesday": {
          "Documentation": "http://docs.aws.amazon.com/AWSCloudFormation/latest/UserGuide/aws-properties-opsworks-instance-timebasedautoscaling.html#cfn-opsworks-instance-timebasedautoscaling-wednesday",
          "DuplicatesAllowed": false,
          "PrimitiveItemType": "String",
          "Required": false,
          "Type": "Map",
          "UpdateType": "Mutable"
        }
      }
    }
  },
  "ResourceType": {
    "AWS::OpsWorks::Instance": {
      "Attributes": {
        "AvailabilityZone": {
          "PrimitiveType": "String"
        },
        "PrivateDnsName": {
          "PrimitiveType": "String"
        },
        "PrivateIp": {
          "PrimitiveType": "String"
        },
        "PublicDnsName": {
          "PrimitiveType": "String"
        },
        "PublicIp": {
          "PrimitiveType": "String"
        }
      },
      "Documentation": "http://docs.aws.amazon.com/AWSCloudFormation/latest/UserGuide/aws-resource-opsworks-instance.html",
      "Properties": {
        "AgentVersion": {
          "Documentation": "http://docs.aws.amazon.com/AWSCloudFormation/latest/UserGuide/aws-resource-opsworks-instance.html#cfn-opsworks-instance-agentversion",
          "PrimitiveType": "String",
          "Required": false,
          "UpdateType": "Mutable"
        },
        "AmiId": {
          "Documentation": "http://docs.aws.amazon.com/AWSCloudFormation/latest/UserGuide/aws-resource-opsworks-instance.html#cfn-opsworks-instance-amiid",
          "PrimitiveType": "String",
          "Required": false,
          "UpdateType": "Mutable"
        },
        "Architecture": {
          "Documentation": "http://docs.aws.amazon.com/AWSCloudFormation/latest/UserGuide/aws-resource-opsworks-instance.html#cfn-opsworks-instance-architecture",
          "PrimitiveType": "String",
          "Required": false,
          "UpdateType": "Mutable"
        },
        "AutoScalingType": {
          "Documentation": "http://docs.aws.amazon.com/AWSCloudFormation/latest/UserGuide/aws-resource-opsworks-instance.html#cfn-opsworks-instance-autoscalingtype",
          "PrimitiveType": "String",
          "Required": false,
          "UpdateType": "Immutable"
        },
        "AvailabilityZone": {
          "Documentation": "http://docs.aws.amazon.com/AWSCloudFormation/latest/UserGuide/aws-resource-opsworks-instance.html#cfn-opsworks-instance-availabilityzone",
          "PrimitiveType": "String",
          "Required": false,
          "UpdateType": "Immutable"
        },
        "BlockDeviceMappings": {
          "Documentation": "http://docs.aws.amazon.com/AWSCloudFormation/latest/UserGuide/aws-resource-opsworks-instance.html#cfn-opsworks-instance-blockdevicemappings",
          "DuplicatesAllowed": false,
          "ItemType": "BlockDeviceMapping",
          "Required": false,
          "Type": "List",
          "UpdateType": "Immutable"
        },
        "EbsOptimized": {
          "Documentation": "http://docs.aws.amazon.com/AWSCloudFormation/latest/UserGuide/aws-resource-opsworks-instance.html#cfn-opsworks-instance-ebsoptimized",
          "PrimitiveType": "Boolean",
          "Required": false,
          "UpdateType": "Immutable"
        },
        "ElasticIps": {
          "Documentation": "http://docs.aws.amazon.com/AWSCloudFormation/latest/UserGuide/aws-resource-opsworks-instance.html#cfn-opsworks-instance-elasticips",
          "DuplicatesAllowed": false,
          "PrimitiveItemType": "String",
          "Required": false,
          "Type": "List",
          "UpdateType": "Mutable"
        },
        "Hostname": {
          "Documentation": "http://docs.aws.amazon.com/AWSCloudFormation/latest/UserGuide/aws-resource-opsworks-instance.html#cfn-opsworks-instance-hostname",
          "PrimitiveType": "String",
          "Required": false,
          "UpdateType": "Mutable"
        },
        "InstallUpdatesOnBoot": {
          "Documentation": "http://docs.aws.amazon.com/AWSCloudFormation/latest/UserGuide/aws-resource-opsworks-instance.html#cfn-opsworks-instance-installupdatesonboot",
          "PrimitiveType": "Boolean",
          "Required": false,
          "UpdateType": "Mutable"
        },
        "InstanceType": {
          "Documentation": "http://docs.aws.amazon.com/AWSCloudFormation/latest/UserGuide/aws-resource-opsworks-instance.html#cfn-opsworks-instance-instancetype",
          "PrimitiveType": "String",
          "Required": true,
          "UpdateType": "Mutable"
        },
        "LayerIds": {
          "Documentation": "http://docs.aws.amazon.com/AWSCloudFormation/latest/UserGuide/aws-resource-opsworks-instance.html#cfn-opsworks-instance-layerids",
          "DuplicatesAllowed": true,
          "PrimitiveItemType": "String",
          "Required": true,
          "Type": "List",
          "UpdateType": "Mutable"
        },
        "Os": {
          "Documentation": "http://docs.aws.amazon.com/AWSCloudFormation/latest/UserGuide/aws-resource-opsworks-instance.html#cfn-opsworks-instance-os",
          "PrimitiveType": "String",
          "Required": false,
          "UpdateType": "Mutable"
        },
        "RootDeviceType": {
          "Documentation": "http://docs.aws.amazon.com/AWSCloudFormation/latest/UserGuide/aws-resource-opsworks-instance.html#cfn-opsworks-instance-rootdevicetype",
          "PrimitiveType": "String",
          "Required": false,
          "UpdateType": "Immutable"
        },
        "SshKeyName": {
          "Documentation": "http://docs.aws.amazon.com/AWSCloudFormation/latest/UserGuide/aws-resource-opsworks-instance.html#cfn-opsworks-instance-sshkeyname",
          "PrimitiveType": "String",
          "Required": false,
          "UpdateType": "Mutable"
        },
        "StackId": {
          "Documentation": "http://docs.aws.amazon.com/AWSCloudFormation/latest/UserGuide/aws-resource-opsworks-instance.html#cfn-opsworks-instance-stackid",
          "PrimitiveType": "String",
          "Required": true,
          "UpdateType": "Immutable"
        },
        "SubnetId": {
          "Documentation": "http://docs.aws.amazon.com/AWSCloudFormation/latest/UserGuide/aws-resource-opsworks-instance.html#cfn-opsworks-instance-subnetid",
          "PrimitiveType": "String",
          "Required": false,
          "UpdateType": "Immutable"
        },
        "Tenancy": {
          "Documentation": "http://docs.aws.amazon.com/AWSCloudFormation/latest/UserGuide/aws-resource-opsworks-instance.html#cfn-opsworks-instance-tenancy",
          "PrimitiveType": "String",
          "Required": false,
          "UpdateType": "Immutable"
        },
        "TimeBasedAutoScaling": {
          "Documentation": "http://docs.aws.amazon.com/AWSCloudFormation/latest/UserGuide/aws-resource-opsworks-instance.html#cfn-opsworks-instance-timebasedautoscaling",
          "Required": false,
          "Type": "TimeBasedAutoScaling",
          "UpdateType": "Immutable"
        },
        "VirtualizationType": {
          "Documentation": "http://docs.aws.amazon.com/AWSCloudFormation/latest/UserGuide/aws-resource-opsworks-instance.html#cfn-opsworks-instance-virtualizationtype",
          "PrimitiveType": "String",
          "Required": false,
          "UpdateType": "Immutable"
        },
        "Volumes": {
          "Documentation": "http://docs.aws.amazon.com/AWSCloudFormation/latest/UserGuide/aws-resource-opsworks-instance.html#cfn-opsworks-instance-volumes",
          "DuplicatesAllowed": false,
          "PrimitiveItemType": "String",
          "Required": false,
          "Type": "List",
          "UpdateType": "Mutable"
        }
      }
    }
  },
  "ResourceSpecificationVersion": "114.0.0"
}