{
  "PropertyTypes": {
    "Tag": {
      "Documentation": "http://docs.aws.amazon.com/AWSCloudFormation/latest/UserGuide/aws-properties-resource-tags.html",
      "Properties": {
        "Key": {
          "Required": true,
          "Documentation": "http://docs.aws.amazon.com/AWSCloudFormation/latest/UserGuide/aws-properties-resource-tags.html#cfn-resource-tags-key",
          "PrimitiveType": "String",
          "UpdateType": "Mutable"
        },
        "Value": {
          "Required": true,
          "Documentation": "http://docs.aws.amazon.com/AWSCloudFormation/latest/UserGuide/aws-properties-resource-tags.html#cfn-resource-tags-value",
          "PrimitiveType": "String",
          "UpdateType": "Mutable"
        }
      }
    }
  },
  "ResourceType": {
    "AWS::RAM::ResourceShare": {
      "Documentation": "http://docs.aws.amazon.com/AWSCloudFormation/latest/UserGuide/aws-resource-ram-resourceshare.html",
      "Attributes": {
        "Arn": {
          "PrimitiveType": "String"
        }
      },
      "Properties": {
        "PermissionArns": {
          "PrimitiveItemType": "String",
          "Type": "List",
          "Required": false,
          "Documentation": "http://docs.aws.amazon.com/AWSCloudFormation/latest/UserGuide/aws-resource-ram-resourceshare.html#cfn-ram-resourceshare-permissionarns",
          "UpdateType": "Mutable"
        },
        "Principals": {
          "PrimitiveItemType": "String",
          "Type": "List",
          "Required": false,
          "Documentation": "http://docs.aws.amazon.com/AWSCloudFormation/latest/UserGuide/aws-resource-ram-resourceshare.html#cfn-ram-resourceshare-principals",
          "UpdateType": "Mutable"
        },
        "AllowExternalPrincipals": {
          "Required": false,
          "Documentation": "http://docs.aws.amazon.com/AWSCloudFormation/latest/UserGuide/aws-resource-ram-resourceshare.html#cfn-ram-resourceshare-allowexternalprincipals",
          "PrimitiveType": "Boolean",
          "UpdateType": "Mutable"
        },
        "ResourceArns": {
          "PrimitiveItemType": "String",
          "Type": "List",
          "Required": false,
          "Documentation": "http://docs.aws.amazon.com/AWSCloudFormation/latest/UserGuide/aws-resource-ram-resourceshare.html#cfn-ram-resourceshare-resourcearns",
          "UpdateType": "Mutable"
        },
        "Tags": {
          "Type": "List",
          "Required": false,
          "Documentation": "http://docs.aws.amazon.com/AWSCloudFormation/latest/UserGuide/aws-resource-ram-resourceshare.html#cfn-ram-resourceshare-tags",
          "ItemType": "Tag",
          "UpdateType": "Mutable"
        },
        "Name": {
          "Required": true,
          "Documentation": "http://docs.aws.amazon.com/AWSCloudFormation/latest/UserGuide/aws-resource-ram-resourceshare.html#cfn-ram-resourceshare-name",
          "PrimitiveType": "String",
          "UpdateType": "Mutable"
        }
      }
    }
  },
  "ResourceSpecificationVersion": "114.0.0"
}