{
  "PropertyTypes": {
    "AWS::RDS::DBCluster.ScalingConfiguration": {
      "Documentation": "http://docs.aws.amazon.com/AWSCloudFormation/latest/UserGuide/aws-properties-rds-dbcluster-scalingconfiguration.html",
      "Properties": {
        "TimeoutAction": {
          "Documentation": "http://docs.aws.amazon.com/AWSCloudFormation/latest/UserGuide/aws-properties-rds-dbcluster-scalingconfiguration.html#cfn-rds-dbcluster-scalingconfiguration-timeoutaction",
          "UpdateType": "Mutable",
          "Required": false,
          "PrimitiveType": "String"
        },
        "SecondsBeforeTimeout": {
          "Documentation": "http://docs.aws.amazon.com/AWSCloudFormation/latest/UserGuide/aws-properties-rds-dbcluster-scalingconfiguration.html#cfn-rds-dbcluster-scalingconfiguration-secondsbeforetimeout",
          "UpdateType": "Mutable",
          "Required": false,
          "PrimitiveType": "Integer"
        },
        "SecondsUntilAutoPause": {
          "Documentation": "http://docs.aws.amazon.com/AWSCloudFormation/latest/UserGuide/aws-properties-rds-dbcluster-scalingconfiguration.html#cfn-rds-dbcluster-scalingconfiguration-secondsuntilautopause",
          "UpdateType": "Mutable",
          "Required": false,
          "PrimitiveType": "Integer"
        },
        "AutoPause": {
          "Documentation": "http://docs.aws.amazon.com/AWSCloudFormation/latest/UserGuide/aws-properties-rds-dbcluster-scalingconfiguration.html#cfn-rds-dbcluster-scalingconfiguration-autopause",
          "UpdateType": "Mutable",
          "Required": false,
          "PrimitiveType": "Boolean"
        },
        "MinCapacity": {
          "Documentation": "http://docs.aws.amazon.com/AWSCloudFormation/latest/UserGuide/aws-properties-rds-dbcluster-scalingconfiguration.html#cfn-rds-dbcluster-scalingconfiguration-mincapacity",
          "UpdateType": "Mutable",
          "Required": false,
          "PrimitiveType": "Integer"
        },
        "MaxCapacity": {
          "Documentation": "http://docs.aws.amazon.com/AWSCloudFormation/latest/UserGuide/aws-properties-rds-dbcluster-scalingconfiguration.html#cfn-rds-dbcluster-scalingconfiguration-maxcapacity",
          "UpdateType": "Mutable",
          "Required": false,
          "PrimitiveType": "Integer"
        }
      }
    },
    "AWS::RDS::DBCluster.MasterUserSecret": {
      "Documentation": "http://docs.aws.amazon.com/AWSCloudFormation/latest/UserGuide/aws-properties-rds-dbcluster-masterusersecret.html",
      "Properties": {
        "SecretArn": {
          "Documentation": "http://docs.aws.amazon.com/AWSCloudFormation/latest/UserGuide/aws-properties-rds-dbcluster-masterusersecret.html#cfn-rds-dbcluster-masterusersecret-secretarn",
          "UpdateType": "Mutable",
          "Required": false,
          "PrimitiveType": "String"
        },
        "KmsKeyId": {
          "Documentation": "http://docs.aws.amazon.com/AWSCloudFormation/latest/UserGuide/aws-properties-rds-dbcluster-masterusersecret.html#cfn-rds-dbcluster-masterusersecret-kmskeyid",
          "UpdateType": "Mutable",
          "Required": false,
          "PrimitiveType": "String"
        }
      }
    },
    "AWS::RDS::DBCluster.ReadEndpoint": {
      "Documentation": "http://docs.aws.amazon.com/AWSCloudFormation/latest/UserGuide/aws-properties-rds-dbcluster-readendpoint.html",
      "Properties": {
        "Address": {
          "Documentation": "http://docs.aws.amazon.com/AWSCloudFormation/latest/UserGuide/aws-properties-rds-dbcluster-readendpoint.html#cfn-rds-dbcluster-readendpoint-address",
          "UpdateType": "Mutable",
          "Required": false,
          "PrimitiveType": "String"
        }
      }
    },
    "AWS::RDS::DBCluster.Endpoint": {
      "Documentation": "http://docs.aws.amazon.com/AWSCloudFormation/latest/UserGuide/aws-properties-rds-dbcluster-endpoint.html",
      "Properties": {
        "Address": {
          "Documentation": "http://docs.aws.amazon.com/AWSCloudFormation/latest/UserGuide/aws-properties-rds-dbcluster-endpoint.html#cfn-rds-dbcluster-endpoint-address",
          "UpdateType": "Mutable",
          "Required": false,
          "PrimitiveType": "String"
        },
        "Port": {
          "Documentation": "http://docs.aws.amazon.com/AWSCloudFormation/latest/UserGuide/aws-properties-rds-dbcluster-endpoint.html#cfn-rds-dbcluster-endpoint-port",
          "UpdateType": "Mutable",
          "Required": false,
          "PrimitiveType": "String"
        }
      }
    },
    "AWS::RDS::DBCluster.ServerlessV2ScalingConfiguration": {
      "Documentation": "http://docs.aws.amazon.com/AWSCloudFormation/latest/UserGuide/aws-properties-rds-dbcluster-serverlessv2scalingconfiguration.html",
      "Properties": {
        "MinCapacity": {
          "Documentation": "http://docs.aws.amazon.com/AWSCloudFormation/latest/UserGuide/aws-properties-rds-dbcluster-serverlessv2scalingconfiguration.html#cfn-rds-dbcluster-serverlessv2scalingconfiguration-mincapacity",
          "UpdateType": "Mutable",
          "Required": false,
          "PrimitiveType": "Double"
        },
        "MaxCapacity": {
          "Documentation": "http://docs.aws.amazon.com/AWSCloudFormation/latest/UserGuide/aws-properties-rds-dbcluster-serverlessv2scalingconfiguration.html#cfn-rds-dbcluster-serverlessv2scalingconfiguration-maxcapacity",
          "UpdateType": "Mutable",
          "Required": false,
          "PrimitiveType": "Double"
        }
      }
    },
    "AWS::RDS::DBCluster.DBClusterRole": {
      "Documentation": "http://docs.aws.amazon.com/AWSCloudFormation/latest/UserGuide/aws-properties-rds-dbcluster-dbclusterrole.html",
      "Properties": {
        "RoleArn": {
          "Documentation": "http://docs.aws.amazon.com/AWSCloudFormation/latest/UserGuide/aws-properties-rds-dbcluster-dbclusterrole.html#cfn-rds-dbcluster-dbclusterrole-rolearn",
          "UpdateType": "Mutable",
          "Required": true,
          "PrimitiveType": "String"
        },
        "FeatureName": {
          "Documentation": "http://docs.aws.amazon.com/AWSCloudFormation/latest/UserGuide/aws-properties-rds-dbcluster-dbclusterrole.html#cfn-rds-dbcluster-dbclusterrole-featurename",
          "UpdateType": "Mutable",
          "Required": false,
          "PrimitiveType": "String"
        }
      }
    },
    "Tag": {
      "Documentation": "http://docs.aws.amazon.com/AWSCloudFormation/latest/UserGuide/aws-properties-resource-tags.html",
      "Properties": {
        "Value": {
          "Documentation": "http://docs.aws.amazon.com/AWSCloudFormation/latest/UserGuide/aws-properties-resource-tags.html#cfn-resource-tags-value",
          "UpdateType": "Mutable",
          "Required": true,
          "PrimitiveType": "String"
        },
        "Key": {
          "Documentation": "http://docs.aws.amazon.com/AWSCloudFormation/latest/UserGuide/aws-properties-resource-tags.html#cfn-resource-tags-key",
          "UpdateType": "Mutable",
          "Required": true,
          "PrimitiveType": "String"
        }
      }
    }
  },
  "ResourceType": {
    "AWS::RDS::DBCluster": {
      "Documentation": "http://docs.aws.amazon.com/AWSCloudFormation/latest/UserGuide/aws-resource-rds-dbcluster.html",
      "Properties": {
        "StorageEncrypted": {
          "Documentation": "http://docs.aws.amazon.com/AWSCloudFormation/latest/UserGuide/aws-resource-rds-dbcluster.html#cfn-rds-dbcluster-storageencrypted",
          "UpdateType": "Immutable",
          "Required": false,
          "PrimitiveType": "Boolean"
        },
        "DBSystemId": {
          "Documentation": "http://docs.aws.amazon.com/AWSCloudFormation/latest/UserGuide/aws-resource-rds-dbcluster.html#cfn-rds-dbcluster-dbsystemid",
          "UpdateType": "Immutable",
          "Required": false,
          "PrimitiveType": "String"
        },
        "EngineMode": {
          "Documentation": "http://docs.aws.amazon.com/AWSCloudFormation/latest/UserGuide/aws-resource-rds-dbcluster.html#cfn-rds-dbcluster-enginemode",
          "UpdateType": "Immutable",
          "Required": false,
          "PrimitiveType": "String"
        },
        "Port": {
          "Documentation": "http://docs.aws.amazon.com/AWSCloudFormation/latest/UserGuide/aws-resource-rds-dbcluster.html#cfn-rds-dbcluster-port",
          "UpdateType": "Mutable",
          "Required": false,
          "PrimitiveType": "Integer"
        },
        "DBClusterIdentifier": {
          "Documentation": "http://docs.aws.amazon.com/AWSCloudFormation/latest/UserGuide/aws-resource-rds-dbcluster.html#cfn-rds-dbcluster-dbclusteridentifier",
          "UpdateType": "Immutable",
          "Required": false,
          "PrimitiveType": "String"
        },
        "MonitoringInterval": {
          "Documentation": "http://docs.aws.amazon.com/AWSCloudFormation/latest/UserGuide/aws-resource-rds-dbcluster.html#cfn-rds-dbcluster-monitoringinterval",
          "UpdateType": "Mutable",
          "Required": false,
          "PrimitiveType": "Integer"
        },
        "ReplicationSourceIdentifier": {
          "Documentation": "http://docs.aws.amazon.com/AWSCloudFormation/latest/UserGuide/aws-resource-rds-dbcluster.html#cfn-rds-dbcluster-replicationsourceidentifier",
          "UpdateType": "Mutable",
          "Required": false,
          "PrimitiveType": "String"
        },
        "Engine": {
          "Documentation": "http://docs.aws.amazon.com/AWSCloudFormation/latest/UserGuide/aws-resource-rds-dbcluster.html#cfn-rds-dbcluster-engine",
          "UpdateType": "Conditional",
          "Required": false,
          "PrimitiveType": "String"
        },
        "Tags": {
          "Documentation": "http://docs.aws.amazon.com/AWSCloudFormation/latest/UserGuide/aws-resource-rds-dbcluster.html#cfn-rds-dbcluster-tags",
          "UpdateType": "Mutable",
          "Required": false,
          "Type": "List",
          "ItemType": "Tag",
          "DuplicatesAllowed": false
        },
        "EngineVersion": {
          "Documentation": "http://docs.aws.amazon.com/AWSCloudFormation/latest/UserGuide/aws-resource-rds-dbcluster.html#cfn-rds-dbcluster-engineversion",
          "UpdateType": "Mutable",
          "Required": false,
          "PrimitiveType": "String"
        },
        "StorageType": {
          "Documentation": "http://docs.aws.amazon.com/AWSCloudFormation/latest/UserGuide/aws-resource-rds-dbcluster.html#cfn-rds-dbcluster-storagetype",
          "UpdateType": "Mutable",
          "Required": false,
          "PrimitiveType": "String"
        },
        "KmsKeyId": {
          "Documentation": "http://docs.aws.amazon.com/AWSCloudFormation/latest/UserGuide/aws-resource-rds-dbcluster.html#cfn-rds-dbcluster-kmskeyid",
          "UpdateType": "Immutable",
          "Required": false,
          "PrimitiveType": "String"
        },
        "ServerlessV2ScalingConfiguration": {
          "Documentation": "http://docs.aws.amazon.com/AWSCloudFormation/latest/UserGuide/aws-resource-rds-dbcluster.html#cfn-rds-dbcluster-serverlessv2scalingconfiguration",
          "UpdateType": "Mutable",
          "Required": false,
          "Type": "ServerlessV2ScalingConfiguration"
        },
        "PerformanceInsightsRetentionPeriod": {
          "Documentation": "http://docs.aws.amazon.com/AWSCloudFormation/latest/UserGuide/aws-resource-rds-dbcluster.html#cfn-rds-dbcluster-performanceinsightsretentionperiod",
          "UpdateType": "Mutable",
          "Required": false,
          "PrimitiveType": "Integer"
        },
        "DatabaseName": {
          "Documentation": "http://docs.aws.amazon.com/AWSCloudFormation/latest/UserGuide/aws-resource-rds-dbcluster.html#cfn-rds-dbcluster-databasename",
          "UpdateType": "Immutable",
          "Required": false,
          "PrimitiveType": "String"
        },
        "AutoMinorVersionUpgrade": {
          "Documentation": "http://docs.aws.amazon.com/AWSCloudFormation/latest/UserGuide/aws-resource-rds-dbcluster.html#cfn-rds-dbcluster-autominorversionupgrade",
          "UpdateType": "Mutable",
          "Required": false,
          "PrimitiveType": "Boolean"
        },
        "DBSubnetGroupName": {
          "Documentation": "http://docs.aws.amazon.com/AWSCloudFormation/latest/UserGuide/aws-resource-rds-dbcluster.html#cfn-rds-dbcluster-dbsubnetgroupname",
          "UpdateType": "Immutable",
          "Required": false,
          "PrimitiveType": "String"
        },
        "DeletionProtection": {
          "Documentation": "http://docs.aws.amazon.com/AWSCloudFormation/latest/UserGuide/aws-resource-rds-dbcluster.html#cfn-rds-dbcluster-deletionprotection",
          "UpdateType": "Mutable",
          "Required": false,
          "PrimitiveType": "Boolean"
        },
        "AllocatedStorage": {
          "Documentation": "http://docs.aws.amazon.com/AWSCloudFormation/latest/UserGuide/aws-resource-rds-dbcluster.html#cfn-rds-dbcluster-allocatedstorage",
          "UpdateType": "Mutable",
          "Required": false,
          "PrimitiveType": "Integer"
        },
        "MasterUserPassword": {
          "Documentation": "http://docs.aws.amazon.com/AWSCloudFormation/latest/UserGuide/aws-resource-rds-dbcluster.html#cfn-rds-dbcluster-masteruserpassword",
          "UpdateType": "Mutable",
          "Required": false,
          "PrimitiveType": "String"
        },
        "MasterUserSecret": {
          "Documentation": "http://docs.aws.amazon.com/AWSCloudFormation/latest/UserGuide/aws-resource-rds-dbcluster.html#cfn-rds-dbcluster-masterusersecret",
          "UpdateType": "Mutable",
          "Required": false,
          "Type": "MasterUserSecret"
        },
        "SourceDBClusterIdentifier": {
          "Documentation": "http://docs.aws.amazon.com/AWSCloudFormation/latest/UserGuide/aws-resource-rds-dbcluster.html#cfn-rds-dbcluster-sourcedbclusteridentifier",
          "UpdateType": "Immutable",
          "Required": false,
          "PrimitiveType": "String"
        },
        "MasterUsername": {
          "Documentation": "http://docs.aws.amazon.com/AWSCloudFormation/latest/UserGuide/aws-resource-rds-dbcluster.html#cfn-rds-dbcluster-masterusername",
          "UpdateType": "Conditional",
          "Required": false,
          "PrimitiveType": "String"
        },
        "ScalingConfiguration": {
          "Documentation": "http://docs.aws.amazon.com/AWSCloudFormation/latest/UserGuide/aws-resource-rds-dbcluster.html#cfn-rds-dbcluster-scalingconfiguration",
          "UpdateType": "Mutable",
          "Required": false,
          "Type": "ScalingConfiguration"
        },
        "PerformanceInsightsKmsKeyId": {
          "Documentation": "http://docs.aws.amazon.com/AWSCloudFormation/latest/UserGuide/aws-resource-rds-dbcluster.html#cfn-rds-dbcluster-performanceinsightskmskeyid",
          "UpdateType": "Mutable",
          "Required": false,
          "PrimitiveType": "String"
        },
        "PubliclyAccessible": {
          "Documentation": "http://docs.aws.amazon.com/AWSCloudFormation/latest/UserGuide/aws-resource-rds-dbcluster.html#cfn-rds-dbcluster-publiclyaccessible",
          "UpdateType": "Immutable",
          "Required": false,
          "PrimitiveType": "Boolean"
        },
        "Domain": {
          "Documentation": "http://docs.aws.amazon.com/AWSCloudFormation/latest/UserGuide/aws-resource-rds-dbcluster.html#cfn-rds-dbcluster-domain",
          "UpdateType": "Mutable",
          "Required": false,
          "PrimitiveType": "String"
        },
        "BacktrackWindow": {
          "Documentation": "http://docs.aws.amazon.com/AWSCloudFormation/latest/UserGuide/aws-resource-rds-dbcluster.html#cfn-rds-dbcluster-backtrackwindow",
          "UpdateType": "Mutable",
          "Required": false,
          "PrimitiveType": "Integer"
        },
        "DBInstanceParameterGroupName": {
          "Documentation": "http://docs.aws.amazon.com/AWSCloudFormation/latest/UserGuide/aws-resource-rds-dbcluster.html#cfn-rds-dbcluster-dbinstanceparametergroupname",
          "UpdateType": "Mutable",
          "Required": false,
          "PrimitiveType": "String"
        },
        "MonitoringRoleArn": {
          "Documentation": "http://docs.aws.amazon.com/AWSCloudFormation/latest/UserGuide/aws-resource-rds-dbcluster.html#cfn-rds-dbcluster-monitoringrolearn",
          "UpdateType": "Mutable",
          "Required": false,
          "PrimitiveType": "String"
        },
        "AssociatedRoles": {
          "Documentation": "http://docs.aws.amazon.com/AWSCloudFormation/latest/UserGuide/aws-resource-rds-dbcluster.html#cfn-rds-dbcluster-associatedroles",
          "UpdateType": "Mutable",
          "Required": false,
          "Type": "List",
          "ItemType": "DBClusterRole",
          "DuplicatesAllowed": false
        },
        "EnableHttpEndpoint": {
          "Documentation": "http://docs.aws.amazon.com/AWSCloudFormation/latest/UserGuide/aws-resource-rds-dbcluster.html#cfn-rds-dbcluster-enablehttpendpoint",
          "UpdateType": "Mutable",
          "Required": false,
          "PrimitiveType": "Boolean"
        },
        "SnapshotIdentifier": {
          "Documentation": "http://docs.aws.amazon.com/AWSCloudFormation/latest/UserGuide/aws-resource-rds-dbcluster.html#cfn-rds-dbcluster-snapshotidentifier",
          "UpdateType": "Immutable",
          "Required": false,
          "PrimitiveType": "String"
        },
        "PreferredBackupWindow": {
          "Documentation": "http://docs.aws.amazon.com/AWSCloudFormation/latest/UserGuide/aws-resource-rds-dbcluster.html#cfn-rds-dbcluster-preferredbackupwindow",
          "UpdateType": "Mutable",
          "Required": false,
          "PrimitiveType": "String"
        },
        "NetworkType": {
          "Documentation": "http://docs.aws.amazon.com/AWSCloudFormation/latest/UserGuide/aws-resource-rds-dbcluster.html#cfn-rds-dbcluster-networktype",
          "UpdateType": "Mutable",
          "Required": false,
          "PrimitiveType": "String"
        },
        "VpcSecurityGroupIds": {
          "Documentation": "http://docs.aws.amazon.com/AWSCloudFormation/latest/UserGuide/aws-resource-rds-dbcluster.html#cfn-rds-dbcluster-vpcsecuritygroupids",
          "UpdateType": "Mutable",
          "Required": false,
          "Type": "List",
          "PrimitiveItemType": "String",
          "DuplicatesAllowed": false
        },
        "CopyTagsToSnapshot": {
          "Documentation": "http://docs.aws.amazon.com/AWSCloudFormation/latest/UserGuide/aws-resource-rds-dbcluster.html#cfn-rds-dbcluster-copytagstosnapshot",
          "UpdateType": "Mutable",
          "Required": false,
          "PrimitiveType": "Boolean"
        },
        "GlobalClusterIdentifier": {
          "Documentation": "http://docs.aws.amazon.com/AWSCloudFormation/latest/UserGuide/aws-resource-rds-dbcluster.html#cfn-rds-dbcluster-globalclusteridentifier",
          "UpdateType": "Conditional",
          "Required": false,
          "PrimitiveType": "String"
        },
        "RestoreType": {
          "Documentation": "http://docs.aws.amazon.com/AWSCloudFormation/latest/UserGuide/aws-resource-rds-dbcluster.html#cfn-rds-dbcluster-restoretype",
          "UpdateType": "Immutable",
          "Required": false,
          "PrimitiveType": "String"
        },
        "DomainIAMRoleName": {
          "Documentation": "http://docs.aws.amazon.com/AWSCloudFormation/latest/UserGuide/aws-resource-rds-dbcluster.html#cfn-rds-dbcluster-domainiamrolename",
          "UpdateType": "Mutable",
          "Required": false,
          "PrimitiveType": "String"
        },
        "DBClusterInstanceClass": {
          "Documentation": "http://docs.aws.amazon.com/AWSCloudFormation/latest/UserGuide/aws-resource-rds-dbcluster.html#cfn-rds-dbcluster-dbclusterinstanceclass",
          "UpdateType": "Mutable",
          "Required": false,
          "PrimitiveType": "String"
        },
        "AvailabilityZones": {
          "Documentation": "http://docs.aws.amazon.com/AWSCloudFormation/latest/UserGuide/aws-resource-rds-dbcluster.html#cfn-rds-dbcluster-availabilityzones",
          "UpdateType": "Immutable",
          "Required": false,
          "Type": "List",
          "PrimitiveItemType": "String",
          "DuplicatesAllowed": false
        },
        "PreferredMaintenanceWindow": {
          "Documentation": "http://docs.aws.amazon.com/AWSCloudFormation/latest/UserGuide/aws-resource-rds-dbcluster.html#cfn-rds-dbcluster-preferredmaintenancewindow",
          "UpdateType": "Mutable",
          "Required": false,
          "PrimitiveType": "String"
        },
        "Iops": {
          "Documentation": "http://docs.aws.amazon.com/AWSCloudFormation/latest/UserGuide/aws-resource-rds-dbcluster.html#cfn-rds-dbcluster-iops",
          "UpdateType": "Mutable",
          "Required": false,
          "PrimitiveType": "Integer"
        },
        "SourceRegion": {
          "Documentation": "http://docs.aws.amazon.com/AWSCloudFormation/latest/UserGuide/aws-resource-rds-dbcluster.html#cfn-rds-dbcluster-sourceregion",
          "UpdateType": "Immutable",
          "Required": false,
          "PrimitiveType": "String"
        },
        "UseLatestRestorableTime": {
          "Documentation": "http://docs.aws.amazon.com/AWSCloudFormation/latest/UserGuide/aws-resource-rds-dbcluster.html#cfn-rds-dbcluster-uselatestrestorabletime",
          "UpdateType": "Immutable",
          "Required": false,
          "PrimitiveType": "Boolean"
        },
        "ManageMasterUserPassword": {
          "Documentation": "http://docs.aws.amazon.com/AWSCloudFormation/latest/UserGuide/aws-resource-rds-dbcluster.html#cfn-rds-dbcluster-managemasteruserpassword",
          "UpdateType": "Mutable",
          "Required": false,
          "PrimitiveType": "Boolean"
        },
        "EnableIAMDatabaseAuthentication": {
          "Documentation": "http://docs.aws.amazon.com/AWSCloudFormation/latest/UserGuide/aws-resource-rds-dbcluster.html#cfn-rds-dbcluster-enableiamdatabaseauthentication",
          "UpdateType": "Mutable",
          "Required": false,
          "PrimitiveType": "Boolean"
        },
        "DBClusterParameterGroupName": {
          "Documentation": "http://docs.aws.amazon.com/AWSCloudFormation/latest/UserGuide/aws-resource-rds-dbcluster.html#cfn-rds-dbcluster-dbclusterparametergroupname",
          "UpdateType": "Mutable",
          "Required": false,
          "PrimitiveType": "String"
        },
        "PerformanceInsightsEnabled": {
          "Documentation": "http://docs.aws.amazon.com/AWSCloudFormation/latest/UserGuide/aws-resource-rds-dbcluster.html#cfn-rds-dbcluster-performanceinsightsenabled",
          "UpdateType": "Mutable",
          "Required": false,
          "PrimitiveType": "Boolean"
        },
        "BackupRetentionPeriod": {
          "Documentation": "http://docs.aws.amazon.com/AWSCloudFormation/latest/UserGuide/aws-resource-rds-dbcluster.html#cfn-rds-dbcluster-backupretentionperiod",
          "UpdateType": "Mutable",
          "Required": false,
          "PrimitiveType": "Integer"
        },
        "EnableCloudwatchLogsExports": {
          "Documentation": "http://docs.aws.amazon.com/AWSCloudFormation/latest/UserGuide/aws-resource-rds-dbcluster.html#cfn-rds-dbcluster-enablecloudwatchlogsexports",
          "UpdateType": "Mutable",
          "Required": false,
          "Type": "List",
          "PrimitiveItemType": "String",
          "DuplicatesAllowed": false
        }
      },
      "Attributes": {
        "Endpoint.Address": {
          "PrimitiveType": "String"
        },
        "Endpoint": {
          "Type": "Endpoint"
        },
        "DBClusterArn": {
          "PrimitiveType": "String"
        },
        "Endpoint.Port": {
          "PrimitiveType": "String"
        },
        "ReadEndpoint.Address": {
          "PrimitiveType": "String"
        },
        "DBClusterResourceId": {
          "PrimitiveType": "String"
        },
        "MasterUserSecret.SecretArn": {
          "PrimitiveType": "String"
        }
      }
    }
  },
  "ResourceSpecificationVersion": "114.0.0"
}