{
  "PropertyTypes": {
    "Tag": {
      "Documentation": "http://docs.aws.amazon.com/AWSCloudFormation/latest/UserGuide/aws-properties-resource-tags.html",
      "Properties": {
        "Value": {
          "Documentation": "http://docs.aws.amazon.com/AWSCloudFormation/latest/UserGuide/aws-properties-resource-tags.html#cfn-resource-tags-value",
          "UpdateType": "Mutable",
          "Required": true,
          "PrimitiveType": "String"
        },
        "Key": {
          "Documentation": "http://docs.aws.amazon.com/AWSCloudFormation/latest/UserGuide/aws-properties-resource-tags.html#cfn-resource-tags-key",
          "UpdateType": "Mutable",
          "Required": true,
          "PrimitiveType": "String"
        }
      }
    }
  },
  "ResourceType": {
    "AWS::RDS::DBSubnetGroup": {
      "Documentation": "http://docs.aws.amazon.com/AWSCloudFormation/latest/UserGuide/aws-resource-rds-dbsubnetgroup.html",
      "Properties": {
        "DBSubnetGroupName": {
          "Documentation": "http://docs.aws.amazon.com/AWSCloudFormation/latest/UserGuide/aws-resource-rds-dbsubnetgroup.html#cfn-rds-dbsubnetgroup-dbsubnetgroupname",
          "UpdateType": "Immutable",
          "Required": false,
          "PrimitiveType": "String"
        },
        "DBSubnetGroupDescription": {
          "Documentation": "http://docs.aws.amazon.com/AWSCloudFormation/latest/UserGuide/aws-resource-rds-dbsubnetgroup.html#cfn-rds-dbsubnetgroup-dbsubnetgroupdescription",
          "UpdateType": "Mutable",
          "Required": true,
          "PrimitiveType": "String"
        },
        "SubnetIds": {
          "Documentation": "http://docs.aws.amazon.com/AWSCloudFormation/latest/UserGuide/aws-resource-rds-dbsubnetgroup.html#cfn-rds-dbsubnetgroup-subnetids",
          "UpdateType": "Mutable",
          "Required": true,
          "Type": "List",
          "PrimitiveItemType": "String",
          "DuplicatesAllowed": true
        },
        "Tags": {
          "Documentation": "http://docs.aws.amazon.com/AWSCloudFormation/latest/UserGuide/aws-resource-rds-dbsubnetgroup.html#cfn-rds-dbsubnetgroup-tags",
          "UpdateType": "Mutable",
          "Required": false,
          "Type": "List",
          "ItemType": "Tag",
          "DuplicatesAllowed": true
        }
      }
    }
  },
  "ResourceSpecificationVersion": "114.0.0"
}