{
  "ResourceType": {
    "AWS::Redshift::EndpointAuthorization": {
      "Documentation": "http://docs.aws.amazon.com/AWSCloudFormation/latest/UserGuide/aws-resource-redshift-endpointauthorization.html",
      "Properties": {
        "Account": {
          "Documentation": "http://docs.aws.amazon.com/AWSCloudFormation/latest/UserGuide/aws-resource-redshift-endpointauthorization.html#cfn-redshift-endpointauthorization-account",
          "UpdateType": "Immutable",
          "Required": true,
          "PrimitiveType": "String"
        },
        "Force": {
          "Documentation": "http://docs.aws.amazon.com/AWSCloudFormation/latest/UserGuide/aws-resource-redshift-endpointauthorization.html#cfn-redshift-endpointauthorization-force",
          "UpdateType": "Mutable",
          "Required": false,
          "PrimitiveType": "Boolean"
        },
        "VpcIds": {
          "Documentation": "http://docs.aws.amazon.com/AWSCloudFormation/latest/UserGuide/aws-resource-redshift-endpointauthorization.html#cfn-redshift-endpointauthorization-vpcids",
          "UpdateType": "Mutable",
          "Required": false,
          "Type": "List",
          "PrimitiveItemType": "String",
          "DuplicatesAllowed": true
        },
        "ClusterIdentifier": {
          "Documentation": "http://docs.aws.amazon.com/AWSCloudFormation/latest/UserGuide/aws-resource-redshift-endpointauthorization.html#cfn-redshift-endpointauthorization-clusteridentifier",
          "UpdateType": "Immutable",
          "Required": true,
          "PrimitiveType": "String"
        }
      },
      "Attributes": {
        "Status": {
          "PrimitiveType": "String"
        },
        "Grantee": {
          "PrimitiveType": "String"
        },
        "Grantor": {
          "PrimitiveType": "String"
        },
        "EndpointCount": {
          "PrimitiveType": "Integer"
        },
        "AuthorizeTime": {
          "PrimitiveType": "String"
        },
        "AllowedVPCs": {
          "Type": "List",
          "PrimitiveItemType": "String"
        },
        "AllowedAllVPCs": {
          "PrimitiveType": "Boolean"
        },
        "ClusterStatus": {
          "PrimitiveType": "String"
        }
      }
    }
  },
  "ResourceSpecificationVersion": "114.0.0"
}