{
  "ResourceType": {
    "AWS::RoboMaker::Robot": {
      "Documentation": "http://docs.aws.amazon.com/AWSCloudFormation/latest/UserGuide/aws-resource-robomaker-robot.html",
      "Properties": {
        "Fleet": {
          "Documentation": "http://docs.aws.amazon.com/AWSCloudFormation/latest/UserGuide/aws-resource-robomaker-robot.html#cfn-robomaker-robot-fleet",
          "UpdateType": "Immutable",
          "Required": false,
          "PrimitiveType": "String"
        },
        "Architecture": {
          "Documentation": "http://docs.aws.amazon.com/AWSCloudFormation/latest/UserGuide/aws-resource-robomaker-robot.html#cfn-robomaker-robot-architecture",
          "UpdateType": "Immutable",
          "Required": true,
          "PrimitiveType": "String"
        },
        "GreengrassGroupId": {
          "Documentation": "http://docs.aws.amazon.com/AWSCloudFormation/latest/UserGuide/aws-resource-robomaker-robot.html#cfn-robomaker-robot-greengrassgroupid",
          "UpdateType": "Immutable",
          "Required": true,
          "PrimitiveType": "String"
        },
        "Tags": {
          "Documentation": "http://docs.aws.amazon.com/AWSCloudFormation/latest/UserGuide/aws-resource-robomaker-robot.html#cfn-robomaker-robot-tags",
          "UpdateType": "Mutable",
          "Required": false,
          "Type": "Map",
          "PrimitiveItemType": "String"
        },
        "Name": {
          "Documentation": "http://docs.aws.amazon.com/AWSCloudFormation/latest/UserGuide/aws-resource-robomaker-robot.html#cfn-robomaker-robot-name",
          "UpdateType": "Immutable",
          "Required": false,
          "PrimitiveType": "String"
        }
      },
      "Attributes": {
        "Arn": {
          "PrimitiveType": "String"
        }
      }
    }
  },
  "ResourceSpecificationVersion": "114.0.0"
}