{
  "PropertyTypes": {
    "AWS::Route53::HostedZone.HostedZoneConfig": {
      "Documentation": "http://docs.aws.amazon.com/AWSCloudFormation/latest/UserGuide/aws-properties-route53-hostedzone-hostedzoneconfig.html",
      "Properties": {
        "Comment": {
          "Documentation": "http://docs.aws.amazon.com/AWSCloudFormation/latest/UserGuide/aws-properties-route53-hostedzone-hostedzoneconfig.html#cfn-route53-hostedzone-hostedzoneconfig-comment",
          "UpdateType": "Mutable",
          "Required": false,
          "PrimitiveType": "String"
        }
      }
    },
    "AWS::Route53::HostedZone.QueryLoggingConfig": {
      "Documentation": "http://docs.aws.amazon.com/AWSCloudFormation/latest/UserGuide/aws-properties-route53-hostedzone-queryloggingconfig.html",
      "Properties": {
        "CloudWatchLogsLogGroupArn": {
          "Documentation": "http://docs.aws.amazon.com/AWSCloudFormation/latest/UserGuide/aws-properties-route53-hostedzone-queryloggingconfig.html#cfn-route53-hostedzone-queryloggingconfig-cloudwatchlogsloggrouparn",
          "UpdateType": "Mutable",
          "Required": true,
          "PrimitiveType": "String"
        }
      }
    },
    "AWS::Route53::HostedZone.VPC": {
      "Documentation": "http://docs.aws.amazon.com/AWSCloudFormation/latest/UserGuide/aws-properties-route53-hostedzone-vpc.html",
      "Properties": {
        "VPCRegion": {
          "Documentation": "http://docs.aws.amazon.com/AWSCloudFormation/latest/UserGuide/aws-properties-route53-hostedzone-vpc.html#cfn-route53-hostedzone-vpc-vpcregion",
          "UpdateType": "Mutable",
          "Required": true,
          "PrimitiveType": "String"
        },
        "VPCId": {
          "Documentation": "http://docs.aws.amazon.com/AWSCloudFormation/latest/UserGuide/aws-properties-route53-hostedzone-vpc.html#cfn-route53-hostedzone-vpc-vpcid",
          "UpdateType": "Mutable",
          "Required": true,
          "PrimitiveType": "String"
        }
      }
    },
    "AWS::Route53::HostedZone.HostedZoneTag": {
      "Documentation": "http://docs.aws.amazon.com/AWSCloudFormation/latest/UserGuide/aws-properties-route53-hostedzone-hostedzonetag.html",
      "Properties": {
        "Value": {
          "Documentation": "http://docs.aws.amazon.com/AWSCloudFormation/latest/UserGuide/aws-properties-route53-hostedzone-hostedzonetag.html#cfn-route53-hostedzone-hostedzonetag-value",
          "UpdateType": "Mutable",
          "Required": true,
          "PrimitiveType": "String"
        },
        "Key": {
          "Documentation": "http://docs.aws.amazon.com/AWSCloudFormation/latest/UserGuide/aws-properties-route53-hostedzone-hostedzonetag.html#cfn-route53-hostedzone-hostedzonetag-key",
          "UpdateType": "Mutable",
          "Required": true,
          "PrimitiveType": "String"
        }
      }
    }
  },
  "ResourceType": {
    "AWS::Route53::HostedZone": {
      "Documentation": "http://docs.aws.amazon.com/AWSCloudFormation/latest/UserGuide/aws-resource-route53-hostedzone.html",
      "Properties": {
        "HostedZoneTags": {
          "Documentation": "http://docs.aws.amazon.com/AWSCloudFormation/latest/UserGuide/aws-resource-route53-hostedzone.html#cfn-route53-hostedzone-hostedzonetags",
          "UpdateType": "Mutable",
          "Required": false,
          "Type": "List",
          "ItemType": "HostedZoneTag",
          "DuplicatesAllowed": false
        },
        "VPCs": {
          "Documentation": "http://docs.aws.amazon.com/AWSCloudFormation/latest/UserGuide/aws-resource-route53-hostedzone.html#cfn-route53-hostedzone-vpcs",
          "UpdateType": "Mutable",
          "Required": false,
          "Type": "List",
          "ItemType": "VPC",
          "DuplicatesAllowed": false
        },
        "HostedZoneConfig": {
          "Documentation": "http://docs.aws.amazon.com/AWSCloudFormation/latest/UserGuide/aws-resource-route53-hostedzone.html#cfn-route53-hostedzone-hostedzoneconfig",
          "UpdateType": "Mutable",
          "Required": false,
          "Type": "HostedZoneConfig"
        },
        "QueryLoggingConfig": {
          "Documentation": "http://docs.aws.amazon.com/AWSCloudFormation/latest/UserGuide/aws-resource-route53-hostedzone.html#cfn-route53-hostedzone-queryloggingconfig",
          "UpdateType": "Mutable",
          "Required": false,
          "Type": "QueryLoggingConfig"
        },
        "Name": {
          "Documentation": "http://docs.aws.amazon.com/AWSCloudFormation/latest/UserGuide/aws-resource-route53-hostedzone.html#cfn-route53-hostedzone-name",
          "UpdateType": "Immutable",
          "Required": false,
          "PrimitiveType": "String"
        }
      },
      "Attributes": {
        "Id": {
          "PrimitiveType": "String"
        },
        "NameServers": {
          "Type": "List",
          "PrimitiveItemType": "String"
        }
      }
    }
  },
  "ResourceSpecificationVersion": "114.0.0"
}