{
  "PropertyTypes": {
    "AWS::RUM::AppMonitor.MetricDestination": {
      "Documentation": "http://docs.aws.amazon.com/AWSCloudFormation/latest/UserGuide/aws-properties-rum-appmonitor-metricdestination.html",
      "Properties": {
        "Destination": {
          "Documentation": "http://docs.aws.amazon.com/AWSCloudFormation/latest/UserGuide/aws-properties-rum-appmonitor-metricdestination.html#cfn-rum-appmonitor-metricdestination-destination",
          "UpdateType": "Mutable",
          "Required": true,
          "PrimitiveType": "String"
        },
        "IamRoleArn": {
          "Documentation": "http://docs.aws.amazon.com/AWSCloudFormation/latest/UserGuide/aws-properties-rum-appmonitor-metricdestination.html#cfn-rum-appmonitor-metricdestination-iamrolearn",
          "UpdateType": "Mutable",
          "Required": false,
          "PrimitiveType": "String"
        },
        "MetricDefinitions": {
          "Documentation": "http://docs.aws.amazon.com/AWSCloudFormation/latest/UserGuide/aws-properties-rum-appmonitor-metricdestination.html#cfn-rum-appmonitor-metricdestination-metricdefinitions",
          "UpdateType": "Mutable",
          "Required": false,
          "Type": "List",
          "ItemType": "MetricDefinition",
          "DuplicatesAllowed": false
        },
        "DestinationArn": {
          "Documentation": "http://docs.aws.amazon.com/AWSCloudFormation/latest/UserGuide/aws-properties-rum-appmonitor-metricdestination.html#cfn-rum-appmonitor-metricdestination-destinationarn",
          "UpdateType": "Mutable",
          "Required": false,
          "PrimitiveType": "String"
        }
      }
    },
    "AWS::RUM::AppMonitor.MetricDefinition": {
      "Documentation": "http://docs.aws.amazon.com/AWSCloudFormation/latest/UserGuide/aws-properties-rum-appmonitor-metricdefinition.html",
      "Properties": {
        "EventPattern": {
          "Documentation": "http://docs.aws.amazon.com/AWSCloudFormation/latest/UserGuide/aws-properties-rum-appmonitor-metricdefinition.html#cfn-rum-appmonitor-metricdefinition-eventpattern",
          "UpdateType": "Mutable",
          "Required": false,
          "PrimitiveType": "String"
        },
        "ValueKey": {
          "Documentation": "http://docs.aws.amazon.com/AWSCloudFormation/latest/UserGuide/aws-properties-rum-appmonitor-metricdefinition.html#cfn-rum-appmonitor-metricdefinition-valuekey",
          "UpdateType": "Mutable",
          "Required": false,
          "PrimitiveType": "String"
        },
        "UnitLabel": {
          "Documentation": "http://docs.aws.amazon.com/AWSCloudFormation/latest/UserGuide/aws-properties-rum-appmonitor-metricdefinition.html#cfn-rum-appmonitor-metricdefinition-unitlabel",
          "UpdateType": "Mutable",
          "Required": false,
          "PrimitiveType": "String"
        },
        "DimensionKeys": {
          "Documentation": "http://docs.aws.amazon.com/AWSCloudFormation/latest/UserGuide/aws-properties-rum-appmonitor-metricdefinition.html#cfn-rum-appmonitor-metricdefinition-dimensionkeys",
          "UpdateType": "Mutable",
          "Required": false,
          "Type": "Map",
          "PrimitiveItemType": "String"
        },
        "Name": {
          "Documentation": "http://docs.aws.amazon.com/AWSCloudFormation/latest/UserGuide/aws-properties-rum-appmonitor-metricdefinition.html#cfn-rum-appmonitor-metricdefinition-name",
          "UpdateType": "Mutable",
          "Required": true,
          "PrimitiveType": "String"
        }
      }
    },
    "AWS::RUM::AppMonitor.CustomEvents": {
      "Documentation": "http://docs.aws.amazon.com/AWSCloudFormation/latest/UserGuide/aws-properties-rum-appmonitor-customevents.html",
      "Properties": {
        "Status": {
          "Documentation": "http://docs.aws.amazon.com/AWSCloudFormation/latest/UserGuide/aws-properties-rum-appmonitor-customevents.html#cfn-rum-appmonitor-customevents-status",
          "UpdateType": "Mutable",
          "Required": false,
          "PrimitiveType": "String"
        }
      }
    },
    "AWS::RUM::AppMonitor.AppMonitorConfiguration": {
      "Documentation": "http://docs.aws.amazon.com/AWSCloudFormation/latest/UserGuide/aws-properties-rum-appmonitor-appmonitorconfiguration.html",
      "Properties": {
        "MetricDestinations": {
          "Documentation": "http://docs.aws.amazon.com/AWSCloudFormation/latest/UserGuide/aws-properties-rum-appmonitor-appmonitorconfiguration.html#cfn-rum-appmonitor-appmonitorconfiguration-metricdestinations",
          "UpdateType": "Mutable",
          "Required": false,
          "Type": "List",
          "ItemType": "MetricDestination",
          "DuplicatesAllowed": false
        },
        "IncludedPages": {
          "Documentation": "http://docs.aws.amazon.com/AWSCloudFormation/latest/UserGuide/aws-properties-rum-appmonitor-appmonitorconfiguration.html#cfn-rum-appmonitor-appmonitorconfiguration-includedpages",
          "UpdateType": "Mutable",
          "Required": false,
          "Type": "List",
          "PrimitiveItemType": "String",
          "DuplicatesAllowed": true
        },
        "ExcludedPages": {
          "Documentation": "http://docs.aws.amazon.com/AWSCloudFormation/latest/UserGuide/aws-properties-rum-appmonitor-appmonitorconfiguration.html#cfn-rum-appmonitor-appmonitorconfiguration-excludedpages",
          "UpdateType": "Mutable",
          "Required": false,
          "Type": "List",
          "PrimitiveItemType": "String",
          "DuplicatesAllowed": true
        },
        "FavoritePages": {
          "Documentation": "http://docs.aws.amazon.com/AWSCloudFormation/latest/UserGuide/aws-properties-rum-appmonitor-appmonitorconfiguration.html#cfn-rum-appmonitor-appmonitorconfiguration-favoritepages",
          "UpdateType": "Mutable",
          "Required": false,
          "Type": "List",
          "PrimitiveItemType": "String",
          "DuplicatesAllowed": true
        },
        "SessionSampleRate": {
          "Documentation": "http://docs.aws.amazon.com/AWSCloudFormation/latest/UserGuide/aws-properties-rum-appmonitor-appmonitorconfiguration.html#cfn-rum-appmonitor-appmonitorconfiguration-sessionsamplerate",
          "UpdateType": "Mutable",
          "Required": false,
          "PrimitiveType": "Double"
        },
        "AllowCookies": {
          "Documentation": "http://docs.aws.amazon.com/AWSCloudFormation/latest/UserGuide/aws-properties-rum-appmonitor-appmonitorconfiguration.html#cfn-rum-appmonitor-appmonitorconfiguration-allowcookies",
          "UpdateType": "Mutable",
          "Required": false,
          "PrimitiveType": "Boolean"
        },
        "Telemetries": {
          "Documentation": "http://docs.aws.amazon.com/AWSCloudFormation/latest/UserGuide/aws-properties-rum-appmonitor-appmonitorconfiguration.html#cfn-rum-appmonitor-appmonitorconfiguration-telemetries",
          "UpdateType": "Mutable",
          "Required": false,
          "Type": "List",
          "PrimitiveItemType": "String",
          "DuplicatesAllowed": true
        },
        "IdentityPoolId": {
          "Documentation": "http://docs.aws.amazon.com/AWSCloudFormation/latest/UserGuide/aws-properties-rum-appmonitor-appmonitorconfiguration.html#cfn-rum-appmonitor-appmonitorconfiguration-identitypoolid",
          "UpdateType": "Mutable",
          "Required": false,
          "PrimitiveType": "String"
        },
        "GuestRoleArn": {
          "Documentation": "http://docs.aws.amazon.com/AWSCloudFormation/latest/UserGuide/aws-properties-rum-appmonitor-appmonitorconfiguration.html#cfn-rum-appmonitor-appmonitorconfiguration-guestrolearn",
          "UpdateType": "Mutable",
          "Required": false,
          "PrimitiveType": "String"
        },
        "EnableXRay": {
          "Documentation": "http://docs.aws.amazon.com/AWSCloudFormation/latest/UserGuide/aws-properties-rum-appmonitor-appmonitorconfiguration.html#cfn-rum-appmonitor-appmonitorconfiguration-enablexray",
          "UpdateType": "Mutable",
          "Required": false,
          "PrimitiveType": "Boolean"
        }
      }
    },
    "Tag": {
      "Documentation": "http://docs.aws.amazon.com/AWSCloudFormation/latest/UserGuide/aws-properties-resource-tags.html",
      "Properties": {
        "Value": {
          "Documentation": "http://docs.aws.amazon.com/AWSCloudFormation/latest/UserGuide/aws-properties-resource-tags.html#cfn-resource-tags-value",
          "UpdateType": "Mutable",
          "Required": true,
          "PrimitiveType": "String"
        },
        "Key": {
          "Documentation": "http://docs.aws.amazon.com/AWSCloudFormation/latest/UserGuide/aws-properties-resource-tags.html#cfn-resource-tags-key",
          "UpdateType": "Mutable",
          "Required": true,
          "PrimitiveType": "String"
        }
      }
    }
  },
  "ResourceType": {
    "AWS::RUM::AppMonitor": {
      "Documentation": "http://docs.aws.amazon.com/AWSCloudFormation/latest/UserGuide/aws-resource-rum-appmonitor.html",
      "Properties": {
        "CustomEvents": {
          "Documentation": "http://docs.aws.amazon.com/AWSCloudFormation/latest/UserGuide/aws-resource-rum-appmonitor.html#cfn-rum-appmonitor-customevents",
          "UpdateType": "Mutable",
          "Required": false,
          "Type": "CustomEvents"
        },
        "CwLogEnabled": {
          "Documentation": "http://docs.aws.amazon.com/AWSCloudFormation/latest/UserGuide/aws-resource-rum-appmonitor.html#cfn-rum-appmonitor-cwlogenabled",
          "UpdateType": "Mutable",
          "Required": false,
          "PrimitiveType": "Boolean"
        },
        "Domain": {
          "Documentation": "http://docs.aws.amazon.com/AWSCloudFormation/latest/UserGuide/aws-resource-rum-appmonitor.html#cfn-rum-appmonitor-domain",
          "UpdateType": "Mutable",
          "Required": true,
          "PrimitiveType": "String"
        },
        "AppMonitorConfiguration": {
          "Documentation": "http://docs.aws.amazon.com/AWSCloudFormation/latest/UserGuide/aws-resource-rum-appmonitor.html#cfn-rum-appmonitor-appmonitorconfiguration",
          "UpdateType": "Mutable",
          "Required": false,
          "Type": "AppMonitorConfiguration"
        },
        "Tags": {
          "Documentation": "http://docs.aws.amazon.com/AWSCloudFormation/latest/UserGuide/aws-resource-rum-appmonitor.html#cfn-rum-appmonitor-tags",
          "UpdateType": "Mutable",
          "Required": false,
          "Type": "List",
          "ItemType": "Tag",
          "DuplicatesAllowed": false
        },
        "Name": {
          "Documentation": "http://docs.aws.amazon.com/AWSCloudFormation/latest/UserGuide/aws-resource-rum-appmonitor.html#cfn-rum-appmonitor-name",
          "UpdateType": "Immutable",
          "Required": true,
          "PrimitiveType": "String"
        }
      },
      "Attributes": {
        "Id": {
          "PrimitiveType": "String"
        }
      }
    }
  },
  "ResourceSpecificationVersion": "114.0.0"
}