{
  "PropertyTypes": {
    "AWS::S3::AccessPoint.PolicyStatus": {
      "Documentation": "http://docs.aws.amazon.com/AWSCloudFormation/latest/UserGuide/aws-properties-s3-accesspoint-policystatus.html",
      "Properties": {
        "IsPublic": {
          "Documentation": "http://docs.aws.amazon.com/AWSCloudFormation/latest/UserGuide/aws-properties-s3-accesspoint-policystatus.html#cfn-s3-accesspoint-policystatus-ispublic",
          "UpdateType": "Mutable",
          "Required": false,
          "PrimitiveType": "String"
        }
      }
    },
    "AWS::S3::AccessPoint.PublicAccessBlockConfiguration": {
      "Documentation": "http://docs.aws.amazon.com/AWSCloudFormation/latest/UserGuide/aws-properties-s3-accesspoint-publicaccessblockconfiguration.html",
      "Properties": {
        "RestrictPublicBuckets": {
          "Documentation": "http://docs.aws.amazon.com/AWSCloudFormation/latest/UserGuide/aws-properties-s3-accesspoint-publicaccessblockconfiguration.html#cfn-s3-accesspoint-publicaccessblockconfiguration-restrictpublicbuckets",
          "UpdateType": "Immutable",
          "Required": false,
          "PrimitiveType": "Boolean"
        },
        "BlockPublicPolicy": {
          "Documentation": "http://docs.aws.amazon.com/AWSCloudFormation/latest/UserGuide/aws-properties-s3-accesspoint-publicaccessblockconfiguration.html#cfn-s3-accesspoint-publicaccessblockconfiguration-blockpublicpolicy",
          "UpdateType": "Immutable",
          "Required": false,
          "PrimitiveType": "Boolean"
        },
        "BlockPublicAcls": {
          "Documentation": "http://docs.aws.amazon.com/AWSCloudFormation/latest/UserGuide/aws-properties-s3-accesspoint-publicaccessblockconfiguration.html#cfn-s3-accesspoint-publicaccessblockconfiguration-blockpublicacls",
          "UpdateType": "Immutable",
          "Required": false,
          "PrimitiveType": "Boolean"
        },
        "IgnorePublicAcls": {
          "Documentation": "http://docs.aws.amazon.com/AWSCloudFormation/latest/UserGuide/aws-properties-s3-accesspoint-publicaccessblockconfiguration.html#cfn-s3-accesspoint-publicaccessblockconfiguration-ignorepublicacls",
          "UpdateType": "Immutable",
          "Required": false,
          "PrimitiveType": "Boolean"
        }
      }
    },
    "AWS::S3::AccessPoint.VpcConfiguration": {
      "Documentation": "http://docs.aws.amazon.com/AWSCloudFormation/latest/UserGuide/aws-properties-s3-accesspoint-vpcconfiguration.html",
      "Properties": {
        "VpcId": {
          "Documentation": "http://docs.aws.amazon.com/AWSCloudFormation/latest/UserGuide/aws-properties-s3-accesspoint-vpcconfiguration.html#cfn-s3-accesspoint-vpcconfiguration-vpcid",
          "UpdateType": "Immutable",
          "Required": false,
          "PrimitiveType": "String"
        }
      }
    }
  },
  "ResourceType": {
    "AWS::S3::AccessPoint": {
      "Documentation": "http://docs.aws.amazon.com/AWSCloudFormation/latest/UserGuide/aws-resource-s3-accesspoint.html",
      "Properties": {
        "Policy": {
          "Documentation": "http://docs.aws.amazon.com/AWSCloudFormation/latest/UserGuide/aws-resource-s3-accesspoint.html#cfn-s3-accesspoint-policy",
          "UpdateType": "Mutable",
          "Required": false,
          "PrimitiveType": "Json"
        },
        "PublicAccessBlockConfiguration": {
          "Documentation": "http://docs.aws.amazon.com/AWSCloudFormation/latest/UserGuide/aws-resource-s3-accesspoint.html#cfn-s3-accesspoint-publicaccessblockconfiguration",
          "UpdateType": "Immutable",
          "Required": false,
          "Type": "PublicAccessBlockConfiguration"
        },
        "Bucket": {
          "Documentation": "http://docs.aws.amazon.com/AWSCloudFormation/latest/UserGuide/aws-resource-s3-accesspoint.html#cfn-s3-accesspoint-bucket",
          "UpdateType": "Immutable",
          "Required": true,
          "PrimitiveType": "String"
        },
        "PolicyStatus": {
          "Documentation": "http://docs.aws.amazon.com/AWSCloudFormation/latest/UserGuide/aws-resource-s3-accesspoint.html#cfn-s3-accesspoint-policystatus",
          "UpdateType": "Mutable",
          "Required": false,
          "Type": "PolicyStatus"
        },
        "BucketAccountId": {
          "Documentation": "http://docs.aws.amazon.com/AWSCloudFormation/latest/UserGuide/aws-resource-s3-accesspoint.html#cfn-s3-accesspoint-bucketaccountid",
          "UpdateType": "Immutable",
          "Required": false,
          "PrimitiveType": "String"
        },
        "VpcConfiguration": {
          "Documentation": "http://docs.aws.amazon.com/AWSCloudFormation/latest/UserGuide/aws-resource-s3-accesspoint.html#cfn-s3-accesspoint-vpcconfiguration",
          "UpdateType": "Immutable",
          "Required": false,
          "Type": "VpcConfiguration"
        },
        "Name": {
          "Documentation": "http://docs.aws.amazon.com/AWSCloudFormation/latest/UserGuide/aws-resource-s3-accesspoint.html#cfn-s3-accesspoint-name",
          "UpdateType": "Immutable",
          "Required": false,
          "PrimitiveType": "String"
        }
      },
      "Attributes": {
        "Alias": {
          "PrimitiveType": "String"
        },
        "Arn": {
          "PrimitiveType": "String"
        },
        "NetworkOrigin": {
          "PrimitiveType": "String"
        },
        "Name": {
          "PrimitiveType": "String"
        }
      }
    }
  },
  "ResourceSpecificationVersion": "114.0.0"
}