{
  "PropertyTypes": {
    "AWS::SageMaker::Domain.CustomImage": {
      "Documentation": "http://docs.aws.amazon.com/AWSCloudFormation/latest/UserGuide/aws-properties-sagemaker-domain-customimage.html",
      "Properties": {
        "ImageName": {
          "Documentation": "http://docs.aws.amazon.com/AWSCloudFormation/latest/UserGuide/aws-properties-sagemaker-domain-customimage.html#cfn-sagemaker-domain-customimage-imagename",
          "UpdateType": "Mutable",
          "Required": true,
          "PrimitiveType": "String"
        },
        "AppImageConfigName": {
          "Documentation": "http://docs.aws.amazon.com/AWSCloudFormation/latest/UserGuide/aws-properties-sagemaker-domain-customimage.html#cfn-sagemaker-domain-customimage-appimageconfigname",
          "UpdateType": "Mutable",
          "Required": true,
          "PrimitiveType": "String"
        },
        "ImageVersionNumber": {
          "Documentation": "http://docs.aws.amazon.com/AWSCloudFormation/latest/UserGuide/aws-properties-sagemaker-domain-customimage.html#cfn-sagemaker-domain-customimage-imageversionnumber",
          "UpdateType": "Mutable",
          "Required": false,
          "PrimitiveType": "Integer"
        }
      }
    },
    "AWS::SageMaker::Domain.JupyterServerAppSettings": {
      "Documentation": "http://docs.aws.amazon.com/AWSCloudFormation/latest/UserGuide/aws-properties-sagemaker-domain-jupyterserverappsettings.html",
      "Properties": {
        "DefaultResourceSpec": {
          "Documentation": "http://docs.aws.amazon.com/AWSCloudFormation/latest/UserGuide/aws-properties-sagemaker-domain-jupyterserverappsettings.html#cfn-sagemaker-domain-jupyterserverappsettings-defaultresourcespec",
          "UpdateType": "Mutable",
          "Required": false,
          "Type": "ResourceSpec"
        }
      }
    },
    "AWS::SageMaker::Domain.KernelGatewayAppSettings": {
      "Documentation": "http://docs.aws.amazon.com/AWSCloudFormation/latest/UserGuide/aws-properties-sagemaker-domain-kernelgatewayappsettings.html",
      "Properties": {
        "CustomImages": {
          "Documentation": "http://docs.aws.amazon.com/AWSCloudFormation/latest/UserGuide/aws-properties-sagemaker-domain-kernelgatewayappsettings.html#cfn-sagemaker-domain-kernelgatewayappsettings-customimages",
          "UpdateType": "Mutable",
          "Required": false,
          "Type": "List",
          "ItemType": "CustomImage",
          "DuplicatesAllowed": true
        },
        "DefaultResourceSpec": {
          "Documentation": "http://docs.aws.amazon.com/AWSCloudFormation/latest/UserGuide/aws-properties-sagemaker-domain-kernelgatewayappsettings.html#cfn-sagemaker-domain-kernelgatewayappsettings-defaultresourcespec",
          "UpdateType": "Mutable",
          "Required": false,
          "Type": "ResourceSpec"
        }
      }
    },
    "AWS::SageMaker::Domain.RStudioServerProAppSettings": {
      "Documentation": "http://docs.aws.amazon.com/AWSCloudFormation/latest/UserGuide/aws-properties-sagemaker-domain-rstudioserverproappsettings.html",
      "Properties": {
        "AccessStatus": {
          "Documentation": "http://docs.aws.amazon.com/AWSCloudFormation/latest/UserGuide/aws-properties-sagemaker-domain-rstudioserverproappsettings.html#cfn-sagemaker-domain-rstudioserverproappsettings-accessstatus",
          "UpdateType": "Mutable",
          "Required": false,
          "PrimitiveType": "String"
        },
        "UserGroup": {
          "Documentation": "http://docs.aws.amazon.com/AWSCloudFormation/latest/UserGuide/aws-properties-sagemaker-domain-rstudioserverproappsettings.html#cfn-sagemaker-domain-rstudioserverproappsettings-usergroup",
          "UpdateType": "Mutable",
          "Required": false,
          "PrimitiveType": "String"
        }
      }
    },
    "AWS::SageMaker::Domain.RStudioServerProDomainSettings": {
      "Documentation": "http://docs.aws.amazon.com/AWSCloudFormation/latest/UserGuide/aws-properties-sagemaker-domain-rstudioserverprodomainsettings.html",
      "Properties": {
        "DomainExecutionRoleArn": {
          "Documentation": "http://docs.aws.amazon.com/AWSCloudFormation/latest/UserGuide/aws-properties-sagemaker-domain-rstudioserverprodomainsettings.html#cfn-sagemaker-domain-rstudioserverprodomainsettings-domainexecutionrolearn",
          "UpdateType": "Mutable",
          "Required": true,
          "PrimitiveType": "String"
        },
        "RStudioConnectUrl": {
          "Documentation": "http://docs.aws.amazon.com/AWSCloudFormation/latest/UserGuide/aws-properties-sagemaker-domain-rstudioserverprodomainsettings.html#cfn-sagemaker-domain-rstudioserverprodomainsettings-rstudioconnecturl",
          "UpdateType": "Mutable",
          "Required": false,
          "PrimitiveType": "String"
        },
        "DefaultResourceSpec": {
          "Documentation": "http://docs.aws.amazon.com/AWSCloudFormation/latest/UserGuide/aws-properties-sagemaker-domain-rstudioserverprodomainsettings.html#cfn-sagemaker-domain-rstudioserverprodomainsettings-defaultresourcespec",
          "UpdateType": "Immutable",
          "Required": false,
          "Type": "ResourceSpec"
        },
        "RStudioPackageManagerUrl": {
          "Documentation": "http://docs.aws.amazon.com/AWSCloudFormation/latest/UserGuide/aws-properties-sagemaker-domain-rstudioserverprodomainsettings.html#cfn-sagemaker-domain-rstudioserverprodomainsettings-rstudiopackagemanagerurl",
          "UpdateType": "Mutable",
          "Required": false,
          "PrimitiveType": "String"
        }
      }
    },
    "AWS::SageMaker::Domain.ResourceSpec": {
      "Documentation": "http://docs.aws.amazon.com/AWSCloudFormation/latest/UserGuide/aws-properties-sagemaker-domain-resourcespec.html",
      "Properties": {
        "SageMakerImageArn": {
          "Documentation": "http://docs.aws.amazon.com/AWSCloudFormation/latest/UserGuide/aws-properties-sagemaker-domain-resourcespec.html#cfn-sagemaker-domain-resourcespec-sagemakerimagearn",
          "UpdateType": "Conditional",
          "Required": false,
          "PrimitiveType": "String"
        },
        "InstanceType": {
          "Documentation": "http://docs.aws.amazon.com/AWSCloudFormation/latest/UserGuide/aws-properties-sagemaker-domain-resourcespec.html#cfn-sagemaker-domain-resourcespec-instancetype",
          "UpdateType": "Conditional",
          "Required": false,
          "PrimitiveType": "String"
        },
        "LifecycleConfigArn": {
          "Documentation": "http://docs.aws.amazon.com/AWSCloudFormation/latest/UserGuide/aws-properties-sagemaker-domain-resourcespec.html#cfn-sagemaker-domain-resourcespec-lifecycleconfigarn",
          "UpdateType": "Conditional",
          "Required": false,
          "PrimitiveType": "String"
        },
        "SageMakerImageVersionArn": {
          "Documentation": "http://docs.aws.amazon.com/AWSCloudFormation/latest/UserGuide/aws-properties-sagemaker-domain-resourcespec.html#cfn-sagemaker-domain-resourcespec-sagemakerimageversionarn",
          "UpdateType": "Conditional",
          "Required": false,
          "PrimitiveType": "String"
        }
      }
    },
    "AWS::SageMaker::Domain.RSessionAppSettings": {
      "Documentation": "http://docs.aws.amazon.com/AWSCloudFormation/latest/UserGuide/aws-properties-sagemaker-domain-rsessionappsettings.html",
      "Properties": {
        "CustomImages": {
          "Documentation": "http://docs.aws.amazon.com/AWSCloudFormation/latest/UserGuide/aws-properties-sagemaker-domain-rsessionappsettings.html#cfn-sagemaker-domain-rsessionappsettings-customimages",
          "UpdateType": "Mutable",
          "Required": false,
          "Type": "List",
          "ItemType": "CustomImage",
          "DuplicatesAllowed": true
        },
        "DefaultResourceSpec": {
          "Documentation": "http://docs.aws.amazon.com/AWSCloudFormation/latest/UserGuide/aws-properties-sagemaker-domain-rsessionappsettings.html#cfn-sagemaker-domain-rsessionappsettings-defaultresourcespec",
          "UpdateType": "Mutable",
          "Required": false,
          "Type": "ResourceSpec"
        }
      }
    },
    "AWS::SageMaker::Domain.UserSettings": {
      "Documentation": "http://docs.aws.amazon.com/AWSCloudFormation/latest/UserGuide/aws-properties-sagemaker-domain-usersettings.html",
      "Properties": {
        "SecurityGroups": {
          "Documentation": "http://docs.aws.amazon.com/AWSCloudFormation/latest/UserGuide/aws-properties-sagemaker-domain-usersettings.html#cfn-sagemaker-domain-usersettings-securitygroups",
          "UpdateType": "Mutable",
          "Required": false,
          "Type": "List",
          "PrimitiveItemType": "String",
          "DuplicatesAllowed": true
        },
        "KernelGatewayAppSettings": {
          "Documentation": "http://docs.aws.amazon.com/AWSCloudFormation/latest/UserGuide/aws-properties-sagemaker-domain-usersettings.html#cfn-sagemaker-domain-usersettings-kernelgatewayappsettings",
          "UpdateType": "Mutable",
          "Required": false,
          "Type": "KernelGatewayAppSettings"
        },
        "RStudioServerProAppSettings": {
          "Documentation": "http://docs.aws.amazon.com/AWSCloudFormation/latest/UserGuide/aws-properties-sagemaker-domain-usersettings.html#cfn-sagemaker-domain-usersettings-rstudioserverproappsettings",
          "UpdateType": "Mutable",
          "Required": false,
          "Type": "RStudioServerProAppSettings"
        },
        "RSessionAppSettings": {
          "Documentation": "http://docs.aws.amazon.com/AWSCloudFormation/latest/UserGuide/aws-properties-sagemaker-domain-usersettings.html#cfn-sagemaker-domain-usersettings-rsessionappsettings",
          "UpdateType": "Mutable",
          "Required": false,
          "Type": "RSessionAppSettings"
        },
        "JupyterServerAppSettings": {
          "Documentation": "http://docs.aws.amazon.com/AWSCloudFormation/latest/UserGuide/aws-properties-sagemaker-domain-usersettings.html#cfn-sagemaker-domain-usersettings-jupyterserverappsettings",
          "UpdateType": "Mutable",
          "Required": false,
          "Type": "JupyterServerAppSettings"
        },
        "ExecutionRole": {
          "Documentation": "http://docs.aws.amazon.com/AWSCloudFormation/latest/UserGuide/aws-properties-sagemaker-domain-usersettings.html#cfn-sagemaker-domain-usersettings-executionrole",
          "UpdateType": "Mutable",
          "Required": false,
          "PrimitiveType": "String"
        },
        "SharingSettings": {
          "Documentation": "http://docs.aws.amazon.com/AWSCloudFormation/latest/UserGuide/aws-properties-sagemaker-domain-usersettings.html#cfn-sagemaker-domain-usersettings-sharingsettings",
          "UpdateType": "Mutable",
          "Required": false,
          "Type": "SharingSettings"
        }
      }
    },
    "AWS::SageMaker::Domain.DomainSettings": {
      "Documentation": "http://docs.aws.amazon.com/AWSCloudFormation/latest/UserGuide/aws-properties-sagemaker-domain-domainsettings.html",
      "Properties": {
        "RStudioServerProDomainSettings": {
          "Documentation": "http://docs.aws.amazon.com/AWSCloudFormation/latest/UserGuide/aws-properties-sagemaker-domain-domainsettings.html#cfn-sagemaker-domain-domainsettings-rstudioserverprodomainsettings",
          "UpdateType": "Mutable",
          "Required": false,
          "Type": "RStudioServerProDomainSettings"
        },
        "SecurityGroupIds": {
          "Documentation": "http://docs.aws.amazon.com/AWSCloudFormation/latest/UserGuide/aws-properties-sagemaker-domain-domainsettings.html#cfn-sagemaker-domain-domainsettings-securitygroupids",
          "UpdateType": "Mutable",
          "Required": false,
          "Type": "List",
          "PrimitiveItemType": "String",
          "DuplicatesAllowed": true
        }
      }
    },
    "AWS::SageMaker::Domain.DefaultSpaceSettings": {
      "Documentation": "http://docs.aws.amazon.com/AWSCloudFormation/latest/UserGuide/aws-properties-sagemaker-domain-defaultspacesettings.html",
      "Properties": {
        "SecurityGroups": {
          "Documentation": "http://docs.aws.amazon.com/AWSCloudFormation/latest/UserGuide/aws-properties-sagemaker-domain-defaultspacesettings.html#cfn-sagemaker-domain-defaultspacesettings-securitygroups",
          "UpdateType": "Mutable",
          "Required": false,
          "Type": "List",
          "PrimitiveItemType": "String",
          "DuplicatesAllowed": true
        },
        "KernelGatewayAppSettings": {
          "Documentation": "http://docs.aws.amazon.com/AWSCloudFormation/latest/UserGuide/aws-properties-sagemaker-domain-defaultspacesettings.html#cfn-sagemaker-domain-defaultspacesettings-kernelgatewayappsettings",
          "UpdateType": "Mutable",
          "Required": false,
          "Type": "KernelGatewayAppSettings"
        },
        "JupyterServerAppSettings": {
          "Documentation": "http://docs.aws.amazon.com/AWSCloudFormation/latest/UserGuide/aws-properties-sagemaker-domain-defaultspacesettings.html#cfn-sagemaker-domain-defaultspacesettings-jupyterserverappsettings",
          "UpdateType": "Mutable",
          "Required": false,
          "Type": "JupyterServerAppSettings"
        },
        "ExecutionRole": {
          "Documentation": "http://docs.aws.amazon.com/AWSCloudFormation/latest/UserGuide/aws-properties-sagemaker-domain-defaultspacesettings.html#cfn-sagemaker-domain-defaultspacesettings-executionrole",
          "UpdateType": "Mutable",
          "Required": false,
          "PrimitiveType": "String"
        }
      }
    },
    "Tag": {
      "Documentation": "http://docs.aws.amazon.com/AWSCloudFormation/latest/UserGuide/aws-properties-resource-tags.html",
      "Properties": {
        "Value": {
          "Documentation": "http://docs.aws.amazon.com/AWSCloudFormation/latest/UserGuide/aws-properties-resource-tags.html#cfn-resource-tags-value",
          "UpdateType": "Mutable",
          "Required": true,
          "PrimitiveType": "String"
        },
        "Key": {
          "Documentation": "http://docs.aws.amazon.com/AWSCloudFormation/latest/UserGuide/aws-properties-resource-tags.html#cfn-resource-tags-key",
          "UpdateType": "Mutable",
          "Required": true,
          "PrimitiveType": "String"
        }
      }
    },
    "AWS::SageMaker::Domain.SharingSettings": {
      "Documentation": "http://docs.aws.amazon.com/AWSCloudFormation/latest/UserGuide/aws-properties-sagemaker-domain-sharingsettings.html",
      "Properties": {
        "NotebookOutputOption": {
          "Documentation": "http://docs.aws.amazon.com/AWSCloudFormation/latest/UserGuide/aws-properties-sagemaker-domain-sharingsettings.html#cfn-sagemaker-domain-sharingsettings-notebookoutputoption",
          "UpdateType": "Mutable",
          "Required": false,
          "PrimitiveType": "String"
        },
        "S3KmsKeyId": {
          "Documentation": "http://docs.aws.amazon.com/AWSCloudFormation/latest/UserGuide/aws-properties-sagemaker-domain-sharingsettings.html#cfn-sagemaker-domain-sharingsettings-s3kmskeyid",
          "UpdateType": "Mutable",
          "Required": false,
          "PrimitiveType": "String"
        },
        "S3OutputPath": {
          "Documentation": "http://docs.aws.amazon.com/AWSCloudFormation/latest/UserGuide/aws-properties-sagemaker-domain-sharingsettings.html#cfn-sagemaker-domain-sharingsettings-s3outputpath",
          "UpdateType": "Mutable",
          "Required": false,
          "PrimitiveType": "String"
        }
      }
    }
  },
  "ResourceType": {
    "AWS::SageMaker::Domain": {
      "Documentation": "http://docs.aws.amazon.com/AWSCloudFormation/latest/UserGuide/aws-resource-sagemaker-domain.html",
      "Properties": {
        "AppNetworkAccessType": {
          "Documentation": "http://docs.aws.amazon.com/AWSCloudFormation/latest/UserGuide/aws-resource-sagemaker-domain.html#cfn-sagemaker-domain-appnetworkaccesstype",
          "UpdateType": "Immutable",
          "Required": false,
          "PrimitiveType": "String"
        },
        "DefaultSpaceSettings": {
          "Documentation": "http://docs.aws.amazon.com/AWSCloudFormation/latest/UserGuide/aws-resource-sagemaker-domain.html#cfn-sagemaker-domain-defaultspacesettings",
          "UpdateType": "Mutable",
          "Required": false,
          "Type": "DefaultSpaceSettings"
        },
        "KmsKeyId": {
          "Documentation": "http://docs.aws.amazon.com/AWSCloudFormation/latest/UserGuide/aws-resource-sagemaker-domain.html#cfn-sagemaker-domain-kmskeyid",
          "UpdateType": "Immutable",
          "Required": false,
          "PrimitiveType": "String"
        },
        "VpcId": {
          "Documentation": "http://docs.aws.amazon.com/AWSCloudFormation/latest/UserGuide/aws-resource-sagemaker-domain.html#cfn-sagemaker-domain-vpcid",
          "UpdateType": "Immutable",
          "Required": true,
          "PrimitiveType": "String"
        },
        "DomainName": {
          "Documentation": "http://docs.aws.amazon.com/AWSCloudFormation/latest/UserGuide/aws-resource-sagemaker-domain.html#cfn-sagemaker-domain-domainname",
          "UpdateType": "Immutable",
          "Required": true,
          "PrimitiveType": "String"
        },
        "AppSecurityGroupManagement": {
          "Documentation": "http://docs.aws.amazon.com/AWSCloudFormation/latest/UserGuide/aws-resource-sagemaker-domain.html#cfn-sagemaker-domain-appsecuritygroupmanagement",
          "UpdateType": "Mutable",
          "Required": false,
          "PrimitiveType": "String"
        },
        "DefaultUserSettings": {
          "Documentation": "http://docs.aws.amazon.com/AWSCloudFormation/latest/UserGuide/aws-resource-sagemaker-domain.html#cfn-sagemaker-domain-defaultusersettings",
          "UpdateType": "Mutable",
          "Required": true,
          "Type": "UserSettings"
        },
        "SubnetIds": {
          "Documentation": "http://docs.aws.amazon.com/AWSCloudFormation/latest/UserGuide/aws-resource-sagemaker-domain.html#cfn-sagemaker-domain-subnetids",
          "UpdateType": "Immutable",
          "Required": true,
          "Type": "List",
          "PrimitiveItemType": "String",
          "DuplicatesAllowed": true
        },
        "AuthMode": {
          "Documentation": "http://docs.aws.amazon.com/AWSCloudFormation/latest/UserGuide/aws-resource-sagemaker-domain.html#cfn-sagemaker-domain-authmode",
          "UpdateType": "Immutable",
          "Required": true,
          "PrimitiveType": "String"
        },
        "Tags": {
          "Documentation": "http://docs.aws.amazon.com/AWSCloudFormation/latest/UserGuide/aws-resource-sagemaker-domain.html#cfn-sagemaker-domain-tags",
          "UpdateType": "Immutable",
          "Required": false,
          "Type": "List",
          "ItemType": "Tag",
          "DuplicatesAllowed": true
        },
        "DomainSettings": {
          "Documentation": "http://docs.aws.amazon.com/AWSCloudFormation/latest/UserGuide/aws-resource-sagemaker-domain.html#cfn-sagemaker-domain-domainsettings",
          "UpdateType": "Mutable",
          "Required": false,
          "Type": "DomainSettings"
        }
      },
      "Attributes": {
        "HomeEfsFileSystemId": {
          "PrimitiveType": "String"
        },
        "DomainId": {
          "PrimitiveType": "String"
        },
        "SecurityGroupIdForDomainBoundary": {
          "PrimitiveType": "String"
        },
        "SingleSignOnManagedApplicationInstanceId": {
          "PrimitiveType": "String"
        },
        "DomainArn": {
          "PrimitiveType": "String"
        },
        "Url": {
          "PrimitiveType": "String"
        }
      }
    }
  },
  "ResourceSpecificationVersion": "114.0.0"
}