{
  "PropertyTypes": {
    "AWS::SageMaker::Project.ProvisioningParameter": {
      "Documentation": "http://docs.aws.amazon.com/AWSCloudFormation/latest/UserGuide/aws-properties-sagemaker-project-provisioningparameter.html",
      "Properties": {
        "Value": {
          "Documentation": "http://docs.aws.amazon.com/AWSCloudFormation/latest/UserGuide/aws-properties-sagemaker-project-provisioningparameter.html#cfn-sagemaker-project-provisioningparameter-value",
          "UpdateType": "Immutable",
          "Required": true,
          "PrimitiveType": "String"
        },
        "Key": {
          "Documentation": "http://docs.aws.amazon.com/AWSCloudFormation/latest/UserGuide/aws-properties-sagemaker-project-provisioningparameter.html#cfn-sagemaker-project-provisioningparameter-key",
          "UpdateType": "Immutable",
          "Required": true,
          "PrimitiveType": "String"
        }
      }
    },
    "AWS::SageMaker::Project.ServiceCatalogProvisionedProductDetails": {
      "Documentation": "http://docs.aws.amazon.com/AWSCloudFormation/latest/UserGuide/aws-properties-sagemaker-project-servicecatalogprovisionedproductdetails.html",
      "Properties": {
        "ProvisionedProductStatusMessage": {
          "Documentation": "http://docs.aws.amazon.com/AWSCloudFormation/latest/UserGuide/aws-properties-sagemaker-project-servicecatalogprovisionedproductdetails.html#cfn-sagemaker-project-servicecatalogprovisionedproductdetails-provisionedproductstatusmessage",
          "UpdateType": "Mutable",
          "Required": false,
          "PrimitiveType": "String"
        },
        "ProvisionedProductId": {
          "Documentation": "http://docs.aws.amazon.com/AWSCloudFormation/latest/UserGuide/aws-properties-sagemaker-project-servicecatalogprovisionedproductdetails.html#cfn-sagemaker-project-servicecatalogprovisionedproductdetails-provisionedproductid",
          "UpdateType": "Mutable",
          "Required": false,
          "PrimitiveType": "String"
        }
      }
    },
    "AWS::SageMaker::Project.ServiceCatalogProvisioningDetails": {
      "Documentation": "http://docs.aws.amazon.com/AWSCloudFormation/latest/UserGuide/aws-properties-sagemaker-project-servicecatalogprovisioningdetails.html",
      "Properties": {
        "PathId": {
          "Documentation": "http://docs.aws.amazon.com/AWSCloudFormation/latest/UserGuide/aws-properties-sagemaker-project-servicecatalogprovisioningdetails.html#cfn-sagemaker-project-servicecatalogprovisioningdetails-pathid",
          "UpdateType": "Immutable",
          "Required": false,
          "PrimitiveType": "String"
        },
        "ProvisioningParameters": {
          "Documentation": "http://docs.aws.amazon.com/AWSCloudFormation/latest/UserGuide/aws-properties-sagemaker-project-servicecatalogprovisioningdetails.html#cfn-sagemaker-project-servicecatalogprovisioningdetails-provisioningparameters",
          "UpdateType": "Immutable",
          "Required": false,
          "Type": "List",
          "ItemType": "ProvisioningParameter",
          "DuplicatesAllowed": true
        },
        "ProductId": {
          "Documentation": "http://docs.aws.amazon.com/AWSCloudFormation/latest/UserGuide/aws-properties-sagemaker-project-servicecatalogprovisioningdetails.html#cfn-sagemaker-project-servicecatalogprovisioningdetails-productid",
          "UpdateType": "Immutable",
          "Required": true,
          "PrimitiveType": "String"
        },
        "ProvisioningArtifactId": {
          "Documentation": "http://docs.aws.amazon.com/AWSCloudFormation/latest/UserGuide/aws-properties-sagemaker-project-servicecatalogprovisioningdetails.html#cfn-sagemaker-project-servicecatalogprovisioningdetails-provisioningartifactid",
          "UpdateType": "Immutable",
          "Required": false,
          "PrimitiveType": "String"
        }
      }
    },
    "Tag": {
      "Documentation": "http://docs.aws.amazon.com/AWSCloudFormation/latest/UserGuide/aws-properties-resource-tags.html",
      "Properties": {
        "Value": {
          "Documentation": "http://docs.aws.amazon.com/AWSCloudFormation/latest/UserGuide/aws-properties-resource-tags.html#cfn-resource-tags-value",
          "UpdateType": "Mutable",
          "Required": true,
          "PrimitiveType": "String"
        },
        "Key": {
          "Documentation": "http://docs.aws.amazon.com/AWSCloudFormation/latest/UserGuide/aws-properties-resource-tags.html#cfn-resource-tags-key",
          "UpdateType": "Mutable",
          "Required": true,
          "PrimitiveType": "String"
        }
      }
    }
  },
  "ResourceType": {
    "AWS::SageMaker::Project": {
      "Documentation": "http://docs.aws.amazon.com/AWSCloudFormation/latest/UserGuide/aws-resource-sagemaker-project.html",
      "Properties": {
        "ProjectName": {
          "Documentation": "http://docs.aws.amazon.com/AWSCloudFormation/latest/UserGuide/aws-resource-sagemaker-project.html#cfn-sagemaker-project-projectname",
          "UpdateType": "Immutable",
          "Required": true,
          "PrimitiveType": "String"
        },
        "ServiceCatalogProvisioningDetails": {
          "Documentation": "http://docs.aws.amazon.com/AWSCloudFormation/latest/UserGuide/aws-resource-sagemaker-project.html#cfn-sagemaker-project-servicecatalogprovisioningdetails",
          "UpdateType": "Immutable",
          "Required": true,
          "Type": "ServiceCatalogProvisioningDetails"
        },
        "ProjectDescription": {
          "Documentation": "http://docs.aws.amazon.com/AWSCloudFormation/latest/UserGuide/aws-resource-sagemaker-project.html#cfn-sagemaker-project-projectdescription",
          "UpdateType": "Immutable",
          "Required": false,
          "PrimitiveType": "String"
        },
        "Tags": {
          "Documentation": "http://docs.aws.amazon.com/AWSCloudFormation/latest/UserGuide/aws-resource-sagemaker-project.html#cfn-sagemaker-project-tags",
          "UpdateType": "Immutable",
          "Required": false,
          "Type": "List",
          "ItemType": "Tag",
          "DuplicatesAllowed": true
        }
      },
      "Attributes": {
        "ProjectArn": {
          "PrimitiveType": "String"
        },
        "ProjectStatus": {
          "PrimitiveType": "String"
        },
        "ServiceCatalogProvisionedProductDetails.ProvisionedProductStatusMessage": {
          "PrimitiveType": "String"
        },
        "ServiceCatalogProvisionedProductDetails.ProvisionedProductId": {
          "PrimitiveType": "String"
        },
        "ProjectId": {
          "PrimitiveType": "String"
        },
        "CreationTime": {
          "PrimitiveType": "String"
        },
        "ServiceCatalogProvisionedProductDetails": {
          "Type": "ServiceCatalogProvisionedProductDetails"
        }
      }
    }
  },
  "ResourceSpecificationVersion": "114.0.0"
}