{
  "PropertyTypes": {
    "AWS::SageMaker::ModelQualityJobDefinition.ModelQualityJobInput": {
      "Documentation": "http://docs.aws.amazon.com/AWSCloudFormation/latest/UserGuide/aws-properties-sagemaker-modelqualityjobdefinition-modelqualityjobinput.html",
      "Properties": {
        "GroundTruthS3Input": {
          "Documentation": "http://docs.aws.amazon.com/AWSCloudFormation/latest/UserGuide/aws-properties-sagemaker-modelqualityjobdefinition-modelqualityjobinput.html#cfn-sagemaker-modelqualityjobdefinition-modelqualityjobinput-groundtruths3input",
          "UpdateType": "Immutable",
          "Required": true,
          "Type": "MonitoringGroundTruthS3Input"
        },
        "BatchTransformInput": {
          "Documentation": "http://docs.aws.amazon.com/AWSCloudFormation/latest/UserGuide/aws-properties-sagemaker-modelqualityjobdefinition-modelqualityjobinput.html#cfn-sagemaker-modelqualityjobdefinition-modelqualityjobinput-batchtransforminput",
          "UpdateType": "Immutable",
          "Required": false,
          "Type": "BatchTransformInput"
        },
        "EndpointInput": {
          "Documentation": "http://docs.aws.amazon.com/AWSCloudFormation/latest/UserGuide/aws-properties-sagemaker-modelqualityjobdefinition-modelqualityjobinput.html#cfn-sagemaker-modelqualityjobdefinition-modelqualityjobinput-endpointinput",
          "UpdateType": "Immutable",
          "Required": false,
          "Type": "EndpointInput"
        }
      }
    },
    "AWS::SageMaker::ModelQualityJobDefinition.MonitoringGroundTruthS3Input": {
      "Documentation": "http://docs.aws.amazon.com/AWSCloudFormation/latest/UserGuide/aws-properties-sagemaker-modelqualityjobdefinition-monitoringgroundtruths3input.html",
      "Properties": {
        "S3Uri": {
          "Documentation": "http://docs.aws.amazon.com/AWSCloudFormation/latest/UserGuide/aws-properties-sagemaker-modelqualityjobdefinition-monitoringgroundtruths3input.html#cfn-sagemaker-modelqualityjobdefinition-monitoringgroundtruths3input-s3uri",
          "UpdateType": "Immutable",
          "Required": true,
          "PrimitiveType": "String"
        }
      }
    },
    "AWS::SageMaker::ModelQualityJobDefinition.S3Output": {
      "Documentation": "http://docs.aws.amazon.com/AWSCloudFormation/latest/UserGuide/aws-properties-sagemaker-modelqualityjobdefinition-s3output.html",
      "Properties": {
        "S3Uri": {
          "Documentation": "http://docs.aws.amazon.com/AWSCloudFormation/latest/UserGuide/aws-properties-sagemaker-modelqualityjobdefinition-s3output.html#cfn-sagemaker-modelqualityjobdefinition-s3output-s3uri",
          "UpdateType": "Immutable",
          "Required": true,
          "PrimitiveType": "String"
        },
        "LocalPath": {
          "Documentation": "http://docs.aws.amazon.com/AWSCloudFormation/latest/UserGuide/aws-properties-sagemaker-modelqualityjobdefinition-s3output.html#cfn-sagemaker-modelqualityjobdefinition-s3output-localpath",
          "UpdateType": "Immutable",
          "Required": true,
          "PrimitiveType": "String"
        },
        "S3UploadMode": {
          "Documentation": "http://docs.aws.amazon.com/AWSCloudFormation/latest/UserGuide/aws-properties-sagemaker-modelqualityjobdefinition-s3output.html#cfn-sagemaker-modelqualityjobdefinition-s3output-s3uploadmode",
          "UpdateType": "Immutable",
          "Required": false,
          "PrimitiveType": "String"
        }
      }
    },
    "AWS::SageMaker::ModelQualityJobDefinition.StoppingCondition": {
      "Documentation": "http://docs.aws.amazon.com/AWSCloudFormation/latest/UserGuide/aws-properties-sagemaker-modelqualityjobdefinition-stoppingcondition.html",
      "Properties": {
        "MaxRuntimeInSeconds": {
          "Documentation": "http://docs.aws.amazon.com/AWSCloudFormation/latest/UserGuide/aws-properties-sagemaker-modelqualityjobdefinition-stoppingcondition.html#cfn-sagemaker-modelqualityjobdefinition-stoppingcondition-maxruntimeinseconds",
          "UpdateType": "Immutable",
          "Required": true,
          "PrimitiveType": "Integer"
        }
      }
    },
    "AWS::SageMaker::ModelQualityJobDefinition.ModelQualityBaselineConfig": {
      "Documentation": "http://docs.aws.amazon.com/AWSCloudFormation/latest/UserGuide/aws-properties-sagemaker-modelqualityjobdefinition-modelqualitybaselineconfig.html",
      "Properties": {
        "ConstraintsResource": {
          "Documentation": "http://docs.aws.amazon.com/AWSCloudFormation/latest/UserGuide/aws-properties-sagemaker-modelqualityjobdefinition-modelqualitybaselineconfig.html#cfn-sagemaker-modelqualityjobdefinition-modelqualitybaselineconfig-constraintsresource",
          "UpdateType": "Immutable",
          "Required": false,
          "Type": "ConstraintsResource"
        },
        "BaseliningJobName": {
          "Documentation": "http://docs.aws.amazon.com/AWSCloudFormation/latest/UserGuide/aws-properties-sagemaker-modelqualityjobdefinition-modelqualitybaselineconfig.html#cfn-sagemaker-modelqualityjobdefinition-modelqualitybaselineconfig-baseliningjobname",
          "UpdateType": "Immutable",
          "Required": false,
          "PrimitiveType": "String"
        }
      }
    },
    "AWS::SageMaker::ModelQualityJobDefinition.VpcConfig": {
      "Documentation": "http://docs.aws.amazon.com/AWSCloudFormation/latest/UserGuide/aws-properties-sagemaker-modelqualityjobdefinition-vpcconfig.html",
      "Properties": {
        "Subnets": {
          "Documentation": "http://docs.aws.amazon.com/AWSCloudFormation/latest/UserGuide/aws-properties-sagemaker-modelqualityjobdefinition-vpcconfig.html#cfn-sagemaker-modelqualityjobdefinition-vpcconfig-subnets",
          "UpdateType": "Immutable",
          "Required": true,
          "Type": "List",
          "PrimitiveItemType": "String",
          "DuplicatesAllowed": true
        },
        "SecurityGroupIds": {
          "Documentation": "http://docs.aws.amazon.com/AWSCloudFormation/latest/UserGuide/aws-properties-sagemaker-modelqualityjobdefinition-vpcconfig.html#cfn-sagemaker-modelqualityjobdefinition-vpcconfig-securitygroupids",
          "UpdateType": "Immutable",
          "Required": true,
          "Type": "List",
          "PrimitiveItemType": "String",
          "DuplicatesAllowed": true
        }
      }
    },
    "AWS::SageMaker::ModelQualityJobDefinition.ModelQualityAppSpecification": {
      "Documentation": "http://docs.aws.amazon.com/AWSCloudFormation/latest/UserGuide/aws-properties-sagemaker-modelqualityjobdefinition-modelqualityappspecification.html",
      "Properties": {
        "ContainerEntrypoint": {
          "Documentation": "http://docs.aws.amazon.com/AWSCloudFormation/latest/UserGuide/aws-properties-sagemaker-modelqualityjobdefinition-modelqualityappspecification.html#cfn-sagemaker-modelqualityjobdefinition-modelqualityappspecification-containerentrypoint",
          "UpdateType": "Immutable",
          "Required": false,
          "Type": "List",
          "PrimitiveItemType": "String",
          "DuplicatesAllowed": true
        },
        "ProblemType": {
          "Documentation": "http://docs.aws.amazon.com/AWSCloudFormation/latest/UserGuide/aws-properties-sagemaker-modelqualityjobdefinition-modelqualityappspecification.html#cfn-sagemaker-modelqualityjobdefinition-modelqualityappspecification-problemtype",
          "UpdateType": "Immutable",
          "Required": true,
          "PrimitiveType": "String"
        },
        "PostAnalyticsProcessorSourceUri": {
          "Documentation": "http://docs.aws.amazon.com/AWSCloudFormation/latest/UserGuide/aws-properties-sagemaker-modelqualityjobdefinition-modelqualityappspecification.html#cfn-sagemaker-modelqualityjobdefinition-modelqualityappspecification-postanalyticsprocessorsourceuri",
          "UpdateType": "Immutable",
          "Required": false,
          "PrimitiveType": "String"
        },
        "RecordPreprocessorSourceUri": {
          "Documentation": "http://docs.aws.amazon.com/AWSCloudFormation/latest/UserGuide/aws-properties-sagemaker-modelqualityjobdefinition-modelqualityappspecification.html#cfn-sagemaker-modelqualityjobdefinition-modelqualityappspecification-recordpreprocessorsourceuri",
          "UpdateType": "Immutable",
          "Required": false,
          "PrimitiveType": "String"
        },
        "Environment": {
          "Documentation": "http://docs.aws.amazon.com/AWSCloudFormation/latest/UserGuide/aws-properties-sagemaker-modelqualityjobdefinition-modelqualityappspecification.html#cfn-sagemaker-modelqualityjobdefinition-modelqualityappspecification-environment",
          "UpdateType": "Immutable",
          "Required": false,
          "Type": "Map",
          "PrimitiveItemType": "String"
        },
        "ImageUri": {
          "Documentation": "http://docs.aws.amazon.com/AWSCloudFormation/latest/UserGuide/aws-properties-sagemaker-modelqualityjobdefinition-modelqualityappspecification.html#cfn-sagemaker-modelqualityjobdefinition-modelqualityappspecification-imageuri",
          "UpdateType": "Immutable",
          "Required": true,
          "PrimitiveType": "String"
        },
        "ContainerArguments": {
          "Documentation": "http://docs.aws.amazon.com/AWSCloudFormation/latest/UserGuide/aws-properties-sagemaker-modelqualityjobdefinition-modelqualityappspecification.html#cfn-sagemaker-modelqualityjobdefinition-modelqualityappspecification-containerarguments",
          "UpdateType": "Immutable",
          "Required": false,
          "Type": "List",
          "PrimitiveItemType": "String",
          "DuplicatesAllowed": true
        }
      }
    },
    "AWS::SageMaker::ModelQualityJobDefinition.ClusterConfig": {
      "Documentation": "http://docs.aws.amazon.com/AWSCloudFormation/latest/UserGuide/aws-properties-sagemaker-modelqualityjobdefinition-clusterconfig.html",
      "Properties": {
        "InstanceCount": {
          "Documentation": "http://docs.aws.amazon.com/AWSCloudFormation/latest/UserGuide/aws-properties-sagemaker-modelqualityjobdefinition-clusterconfig.html#cfn-sagemaker-modelqualityjobdefinition-clusterconfig-instancecount",
          "UpdateType": "Immutable",
          "Required": true,
          "PrimitiveType": "Integer"
        },
        "VolumeSizeInGB": {
          "Documentation": "http://docs.aws.amazon.com/AWSCloudFormation/latest/UserGuide/aws-properties-sagemaker-modelqualityjobdefinition-clusterconfig.html#cfn-sagemaker-modelqualityjobdefinition-clusterconfig-volumesizeingb",
          "UpdateType": "Immutable",
          "Required": true,
          "PrimitiveType": "Integer"
        },
        "VolumeKmsKeyId": {
          "Documentation": "http://docs.aws.amazon.com/AWSCloudFormation/latest/UserGuide/aws-properties-sagemaker-modelqualityjobdefinition-clusterconfig.html#cfn-sagemaker-modelqualityjobdefinition-clusterconfig-volumekmskeyid",
          "UpdateType": "Immutable",
          "Required": false,
          "PrimitiveType": "String"
        },
        "InstanceType": {
          "Documentation": "http://docs.aws.amazon.com/AWSCloudFormation/latest/UserGuide/aws-properties-sagemaker-modelqualityjobdefinition-clusterconfig.html#cfn-sagemaker-modelqualityjobdefinition-clusterconfig-instancetype",
          "UpdateType": "Immutable",
          "Required": true,
          "PrimitiveType": "String"
        }
      }
    },
    "AWS::SageMaker::ModelQualityJobDefinition.MonitoringOutput": {
      "Documentation": "http://docs.aws.amazon.com/AWSCloudFormation/latest/UserGuide/aws-properties-sagemaker-modelqualityjobdefinition-monitoringoutput.html",
      "Properties": {
        "S3Output": {
          "Documentation": "http://docs.aws.amazon.com/AWSCloudFormation/latest/UserGuide/aws-properties-sagemaker-modelqualityjobdefinition-monitoringoutput.html#cfn-sagemaker-modelqualityjobdefinition-monitoringoutput-s3output",
          "UpdateType": "Immutable",
          "Required": true,
          "Type": "S3Output"
        }
      }
    },
    "AWS::SageMaker::ModelQualityJobDefinition.Csv": {
      "Documentation": "http://docs.aws.amazon.com/AWSCloudFormation/latest/UserGuide/aws-properties-sagemaker-modelqualityjobdefinition-csv.html",
      "Properties": {
        "Header": {
          "Documentation": "http://docs.aws.amazon.com/AWSCloudFormation/latest/UserGuide/aws-properties-sagemaker-modelqualityjobdefinition-csv.html#cfn-sagemaker-modelqualityjobdefinition-csv-header",
          "UpdateType": "Immutable",
          "Required": false,
          "PrimitiveType": "Boolean"
        }
      }
    },
    "AWS::SageMaker::ModelQualityJobDefinition.ConstraintsResource": {
      "Documentation": "http://docs.aws.amazon.com/AWSCloudFormation/latest/UserGuide/aws-properties-sagemaker-modelqualityjobdefinition-constraintsresource.html",
      "Properties": {
        "S3Uri": {
          "Documentation": "http://docs.aws.amazon.com/AWSCloudFormation/latest/UserGuide/aws-properties-sagemaker-modelqualityjobdefinition-constraintsresource.html#cfn-sagemaker-modelqualityjobdefinition-constraintsresource-s3uri",
          "UpdateType": "Immutable",
          "Required": false,
          "PrimitiveType": "String"
        }
      }
    },
    "AWS::SageMaker::ModelQualityJobDefinition.NetworkConfig": {
      "Documentation": "http://docs.aws.amazon.com/AWSCloudFormation/latest/UserGuide/aws-properties-sagemaker-modelqualityjobdefinition-networkconfig.html",
      "Properties": {
        "EnableNetworkIsolation": {
          "Documentation": "http://docs.aws.amazon.com/AWSCloudFormation/latest/UserGuide/aws-properties-sagemaker-modelqualityjobdefinition-networkconfig.html#cfn-sagemaker-modelqualityjobdefinition-networkconfig-enablenetworkisolation",
          "UpdateType": "Immutable",
          "Required": false,
          "PrimitiveType": "Boolean"
        },
        "EnableInterContainerTrafficEncryption": {
          "Documentation": "http://docs.aws.amazon.com/AWSCloudFormation/latest/UserGuide/aws-properties-sagemaker-modelqualityjobdefinition-networkconfig.html#cfn-sagemaker-modelqualityjobdefinition-networkconfig-enableintercontainertrafficencryption",
          "UpdateType": "Immutable",
          "Required": false,
          "PrimitiveType": "Boolean"
        },
        "VpcConfig": {
          "Documentation": "http://docs.aws.amazon.com/AWSCloudFormation/latest/UserGuide/aws-properties-sagemaker-modelqualityjobdefinition-networkconfig.html#cfn-sagemaker-modelqualityjobdefinition-networkconfig-vpcconfig",
          "UpdateType": "Immutable",
          "Required": false,
          "Type": "VpcConfig"
        }
      }
    },
    "AWS::SageMaker::ModelQualityJobDefinition.Json": {
      "Documentation": "http://docs.aws.amazon.com/AWSCloudFormation/latest/UserGuide/aws-properties-sagemaker-modelqualityjobdefinition-json.html",
      "Properties": {
        "Line": {
          "Documentation": "http://docs.aws.amazon.com/AWSCloudFormation/latest/UserGuide/aws-properties-sagemaker-modelqualityjobdefinition-json.html#cfn-sagemaker-modelqualityjobdefinition-json-line",
          "UpdateType": "Immutable",
          "Required": false,
          "PrimitiveType": "Boolean"
        }
      }
    },
    "AWS::SageMaker::ModelQualityJobDefinition.MonitoringOutputConfig": {
      "Documentation": "http://docs.aws.amazon.com/AWSCloudFormation/latest/UserGuide/aws-properties-sagemaker-modelqualityjobdefinition-monitoringoutputconfig.html",
      "Properties": {
        "KmsKeyId": {
          "Documentation": "http://docs.aws.amazon.com/AWSCloudFormation/latest/UserGuide/aws-properties-sagemaker-modelqualityjobdefinition-monitoringoutputconfig.html#cfn-sagemaker-modelqualityjobdefinition-monitoringoutputconfig-kmskeyid",
          "UpdateType": "Immutable",
          "Required": false,
          "PrimitiveType": "String"
        },
        "MonitoringOutputs": {
          "Documentation": "http://docs.aws.amazon.com/AWSCloudFormation/latest/UserGuide/aws-properties-sagemaker-modelqualityjobdefinition-monitoringoutputconfig.html#cfn-sagemaker-modelqualityjobdefinition-monitoringoutputconfig-monitoringoutputs",
          "UpdateType": "Immutable",
          "Required": true,
          "Type": "List",
          "ItemType": "MonitoringOutput",
          "DuplicatesAllowed": true
        }
      }
    },
    "Tag": {
      "Documentation": "http://docs.aws.amazon.com/AWSCloudFormation/latest/UserGuide/aws-properties-resource-tags.html",
      "Properties": {
        "Value": {
          "Documentation": "http://docs.aws.amazon.com/AWSCloudFormation/latest/UserGuide/aws-properties-resource-tags.html#cfn-resource-tags-value",
          "UpdateType": "Mutable",
          "Required": true,
          "PrimitiveType": "String"
        },
        "Key": {
          "Documentation": "http://docs.aws.amazon.com/AWSCloudFormation/latest/UserGuide/aws-properties-resource-tags.html#cfn-resource-tags-key",
          "UpdateType": "Mutable",
          "Required": true,
          "PrimitiveType": "String"
        }
      }
    },
    "AWS::SageMaker::ModelQualityJobDefinition.BatchTransformInput": {
      "Documentation": "http://docs.aws.amazon.com/AWSCloudFormation/latest/UserGuide/aws-properties-sagemaker-modelqualityjobdefinition-batchtransforminput.html",
      "Properties": {
        "DatasetFormat": {
          "Documentation": "http://docs.aws.amazon.com/AWSCloudFormation/latest/UserGuide/aws-properties-sagemaker-modelqualityjobdefinition-batchtransforminput.html#cfn-sagemaker-modelqualityjobdefinition-batchtransforminput-datasetformat",
          "UpdateType": "Immutable",
          "Required": true,
          "Type": "DatasetFormat"
        },
        "S3DataDistributionType": {
          "Documentation": "http://docs.aws.amazon.com/AWSCloudFormation/latest/UserGuide/aws-properties-sagemaker-modelqualityjobdefinition-batchtransforminput.html#cfn-sagemaker-modelqualityjobdefinition-batchtransforminput-s3datadistributiontype",
          "UpdateType": "Immutable",
          "Required": false,
          "PrimitiveType": "String"
        },
        "StartTimeOffset": {
          "Documentation": "http://docs.aws.amazon.com/AWSCloudFormation/latest/UserGuide/aws-properties-sagemaker-modelqualityjobdefinition-batchtransforminput.html#cfn-sagemaker-modelqualityjobdefinition-batchtransforminput-starttimeoffset",
          "UpdateType": "Immutable",
          "Required": false,
          "PrimitiveType": "String"
        },
        "EndTimeOffset": {
          "Documentation": "http://docs.aws.amazon.com/AWSCloudFormation/latest/UserGuide/aws-properties-sagemaker-modelqualityjobdefinition-batchtransforminput.html#cfn-sagemaker-modelqualityjobdefinition-batchtransforminput-endtimeoffset",
          "UpdateType": "Immutable",
          "Required": false,
          "PrimitiveType": "String"
        },
        "ProbabilityThresholdAttribute": {
          "Documentation": "http://docs.aws.amazon.com/AWSCloudFormation/latest/UserGuide/aws-properties-sagemaker-modelqualityjobdefinition-batchtransforminput.html#cfn-sagemaker-modelqualityjobdefinition-batchtransforminput-probabilitythresholdattribute",
          "UpdateType": "Immutable",
          "Required": false,
          "PrimitiveType": "Double"
        },
        "InferenceAttribute": {
          "Documentation": "http://docs.aws.amazon.com/AWSCloudFormation/latest/UserGuide/aws-properties-sagemaker-modelqualityjobdefinition-batchtransforminput.html#cfn-sagemaker-modelqualityjobdefinition-batchtransforminput-inferenceattribute",
          "UpdateType": "Immutable",
          "Required": false,
          "PrimitiveType": "String"
        },
        "DataCapturedDestinationS3Uri": {
          "Documentation": "http://docs.aws.amazon.com/AWSCloudFormation/latest/UserGuide/aws-properties-sagemaker-modelqualityjobdefinition-batchtransforminput.html#cfn-sagemaker-modelqualityjobdefinition-batchtransforminput-datacaptureddestinations3uri",
          "UpdateType": "Immutable",
          "Required": true,
          "PrimitiveType": "String"
        },
        "S3InputMode": {
          "Documentation": "http://docs.aws.amazon.com/AWSCloudFormation/latest/UserGuide/aws-properties-sagemaker-modelqualityjobdefinition-batchtransforminput.html#cfn-sagemaker-modelqualityjobdefinition-batchtransforminput-s3inputmode",
          "UpdateType": "Immutable",
          "Required": false,
          "PrimitiveType": "String"
        },
        "LocalPath": {
          "Documentation": "http://docs.aws.amazon.com/AWSCloudFormation/latest/UserGuide/aws-properties-sagemaker-modelqualityjobdefinition-batchtransforminput.html#cfn-sagemaker-modelqualityjobdefinition-batchtransforminput-localpath",
          "UpdateType": "Immutable",
          "Required": true,
          "PrimitiveType": "String"
        },
        "ProbabilityAttribute": {
          "Documentation": "http://docs.aws.amazon.com/AWSCloudFormation/latest/UserGuide/aws-properties-sagemaker-modelqualityjobdefinition-batchtransforminput.html#cfn-sagemaker-modelqualityjobdefinition-batchtransforminput-probabilityattribute",
          "UpdateType": "Immutable",
          "Required": false,
          "PrimitiveType": "String"
        }
      }
    },
    "AWS::SageMaker::ModelQualityJobDefinition.EndpointInput": {
      "Documentation": "http://docs.aws.amazon.com/AWSCloudFormation/latest/UserGuide/aws-properties-sagemaker-modelqualityjobdefinition-endpointinput.html",
      "Properties": {
        "S3DataDistributionType": {
          "Documentation": "http://docs.aws.amazon.com/AWSCloudFormation/latest/UserGuide/aws-properties-sagemaker-modelqualityjobdefinition-endpointinput.html#cfn-sagemaker-modelqualityjobdefinition-endpointinput-s3datadistributiontype",
          "UpdateType": "Immutable",
          "Required": false,
          "PrimitiveType": "String"
        },
        "StartTimeOffset": {
          "Documentation": "http://docs.aws.amazon.com/AWSCloudFormation/latest/UserGuide/aws-properties-sagemaker-modelqualityjobdefinition-endpointinput.html#cfn-sagemaker-modelqualityjobdefinition-endpointinput-starttimeoffset",
          "UpdateType": "Immutable",
          "Required": false,
          "PrimitiveType": "String"
        },
        "EndTimeOffset": {
          "Documentation": "http://docs.aws.amazon.com/AWSCloudFormation/latest/UserGuide/aws-properties-sagemaker-modelqualityjobdefinition-endpointinput.html#cfn-sagemaker-modelqualityjobdefinition-endpointinput-endtimeoffset",
          "UpdateType": "Immutable",
          "Required": false,
          "PrimitiveType": "String"
        },
        "ProbabilityThresholdAttribute": {
          "Documentation": "http://docs.aws.amazon.com/AWSCloudFormation/latest/UserGuide/aws-properties-sagemaker-modelqualityjobdefinition-endpointinput.html#cfn-sagemaker-modelqualityjobdefinition-endpointinput-probabilitythresholdattribute",
          "UpdateType": "Immutable",
          "Required": false,
          "PrimitiveType": "Double"
        },
        "EndpointName": {
          "Documentation": "http://docs.aws.amazon.com/AWSCloudFormation/latest/UserGuide/aws-properties-sagemaker-modelqualityjobdefinition-endpointinput.html#cfn-sagemaker-modelqualityjobdefinition-endpointinput-endpointname",
          "UpdateType": "Immutable",
          "Required": true,
          "PrimitiveType": "String"
        },
        "InferenceAttribute": {
          "Documentation": "http://docs.aws.amazon.com/AWSCloudFormation/latest/UserGuide/aws-properties-sagemaker-modelqualityjobdefinition-endpointinput.html#cfn-sagemaker-modelqualityjobdefinition-endpointinput-inferenceattribute",
          "UpdateType": "Immutable",
          "Required": false,
          "PrimitiveType": "String"
        },
        "S3InputMode": {
          "Documentation": "http://docs.aws.amazon.com/AWSCloudFormation/latest/UserGuide/aws-properties-sagemaker-modelqualityjobdefinition-endpointinput.html#cfn-sagemaker-modelqualityjobdefinition-endpointinput-s3inputmode",
          "UpdateType": "Immutable",
          "Required": false,
          "PrimitiveType": "String"
        },
        "LocalPath": {
          "Documentation": "http://docs.aws.amazon.com/AWSCloudFormation/latest/UserGuide/aws-properties-sagemaker-modelqualityjobdefinition-endpointinput.html#cfn-sagemaker-modelqualityjobdefinition-endpointinput-localpath",
          "UpdateType": "Immutable",
          "Required": true,
          "PrimitiveType": "String"
        },
        "ProbabilityAttribute": {
          "Documentation": "http://docs.aws.amazon.com/AWSCloudFormation/latest/UserGuide/aws-properties-sagemaker-modelqualityjobdefinition-endpointinput.html#cfn-sagemaker-modelqualityjobdefinition-endpointinput-probabilityattribute",
          "UpdateType": "Immutable",
          "Required": false,
          "PrimitiveType": "String"
        }
      }
    },
    "AWS::SageMaker::ModelQualityJobDefinition.DatasetFormat": {
      "Documentation": "http://docs.aws.amazon.com/AWSCloudFormation/latest/UserGuide/aws-properties-sagemaker-modelqualityjobdefinition-datasetformat.html",
      "Properties": {
        "Parquet": {
          "Documentation": "http://docs.aws.amazon.com/AWSCloudFormation/latest/UserGuide/aws-properties-sagemaker-modelqualityjobdefinition-datasetformat.html#cfn-sagemaker-modelqualityjobdefinition-datasetformat-parquet",
          "UpdateType": "Immutable",
          "Required": false,
          "PrimitiveType": "Boolean"
        },
        "Csv": {
          "Documentation": "http://docs.aws.amazon.com/AWSCloudFormation/latest/UserGuide/aws-properties-sagemaker-modelqualityjobdefinition-datasetformat.html#cfn-sagemaker-modelqualityjobdefinition-datasetformat-csv",
          "UpdateType": "Immutable",
          "Required": false,
          "Type": "Csv"
        },
        "Json": {
          "Documentation": "http://docs.aws.amazon.com/AWSCloudFormation/latest/UserGuide/aws-properties-sagemaker-modelqualityjobdefinition-datasetformat.html#cfn-sagemaker-modelqualityjobdefinition-datasetformat-json",
          "UpdateType": "Immutable",
          "Required": false,
          "Type": "Json"
        }
      }
    },
    "AWS::SageMaker::ModelQualityJobDefinition.MonitoringResources": {
      "Documentation": "http://docs.aws.amazon.com/AWSCloudFormation/latest/UserGuide/aws-properties-sagemaker-modelqualityjobdefinition-monitoringresources.html",
      "Properties": {
        "ClusterConfig": {
          "Documentation": "http://docs.aws.amazon.com/AWSCloudFormation/latest/UserGuide/aws-properties-sagemaker-modelqualityjobdefinition-monitoringresources.html#cfn-sagemaker-modelqualityjobdefinition-monitoringresources-clusterconfig",
          "UpdateType": "Immutable",
          "Required": true,
          "Type": "ClusterConfig"
        }
      }
    }
  },
  "ResourceType": {
    "AWS::SageMaker::ModelQualityJobDefinition": {
      "Documentation": "http://docs.aws.amazon.com/AWSCloudFormation/latest/UserGuide/aws-resource-sagemaker-modelqualityjobdefinition.html",
      "Properties": {
        "ModelQualityAppSpecification": {
          "Documentation": "http://docs.aws.amazon.com/AWSCloudFormation/latest/UserGuide/aws-resource-sagemaker-modelqualityjobdefinition.html#cfn-sagemaker-modelqualityjobdefinition-modelqualityappspecification",
          "UpdateType": "Immutable",
          "Required": true,
          "Type": "ModelQualityAppSpecification"
        },
        "EndpointName": {
          "Documentation": "http://docs.aws.amazon.com/AWSCloudFormation/latest/UserGuide/aws-resource-sagemaker-modelqualityjobdefinition.html#cfn-sagemaker-modelqualityjobdefinition-endpointname",
          "UpdateType": "Mutable",
          "Required": false,
          "PrimitiveType": "String"
        },
        "StoppingCondition": {
          "Documentation": "http://docs.aws.amazon.com/AWSCloudFormation/latest/UserGuide/aws-resource-sagemaker-modelqualityjobdefinition.html#cfn-sagemaker-modelqualityjobdefinition-stoppingcondition",
          "UpdateType": "Immutable",
          "Required": false,
          "Type": "StoppingCondition"
        },
        "ModelQualityBaselineConfig": {
          "Documentation": "http://docs.aws.amazon.com/AWSCloudFormation/latest/UserGuide/aws-resource-sagemaker-modelqualityjobdefinition.html#cfn-sagemaker-modelqualityjobdefinition-modelqualitybaselineconfig",
          "UpdateType": "Immutable",
          "Required": false,
          "Type": "ModelQualityBaselineConfig"
        },
        "JobDefinitionName": {
          "Documentation": "http://docs.aws.amazon.com/AWSCloudFormation/latest/UserGuide/aws-resource-sagemaker-modelqualityjobdefinition.html#cfn-sagemaker-modelqualityjobdefinition-jobdefinitionname",
          "UpdateType": "Immutable",
          "Required": false,
          "PrimitiveType": "String"
        },
        "ModelQualityJobInput": {
          "Documentation": "http://docs.aws.amazon.com/AWSCloudFormation/latest/UserGuide/aws-resource-sagemaker-modelqualityjobdefinition.html#cfn-sagemaker-modelqualityjobdefinition-modelqualityjobinput",
          "UpdateType": "Immutable",
          "Required": true,
          "Type": "ModelQualityJobInput"
        },
        "JobResources": {
          "Documentation": "http://docs.aws.amazon.com/AWSCloudFormation/latest/UserGuide/aws-resource-sagemaker-modelqualityjobdefinition.html#cfn-sagemaker-modelqualityjobdefinition-jobresources",
          "UpdateType": "Immutable",
          "Required": true,
          "Type": "MonitoringResources"
        },
        "NetworkConfig": {
          "Documentation": "http://docs.aws.amazon.com/AWSCloudFormation/latest/UserGuide/aws-resource-sagemaker-modelqualityjobdefinition.html#cfn-sagemaker-modelqualityjobdefinition-networkconfig",
          "UpdateType": "Immutable",
          "Required": false,
          "Type": "NetworkConfig"
        },
        "ModelQualityJobOutputConfig": {
          "Documentation": "http://docs.aws.amazon.com/AWSCloudFormation/latest/UserGuide/aws-resource-sagemaker-modelqualityjobdefinition.html#cfn-sagemaker-modelqualityjobdefinition-modelqualityjoboutputconfig",
          "UpdateType": "Immutable",
          "Required": true,
          "Type": "MonitoringOutputConfig"
        },
        "RoleArn": {
          "Documentation": "http://docs.aws.amazon.com/AWSCloudFormation/latest/UserGuide/aws-resource-sagemaker-modelqualityjobdefinition.html#cfn-sagemaker-modelqualityjobdefinition-rolearn",
          "UpdateType": "Immutable",
          "Required": true,
          "PrimitiveType": "String"
        },
        "Tags": {
          "Documentation": "http://docs.aws.amazon.com/AWSCloudFormation/latest/UserGuide/aws-resource-sagemaker-modelqualityjobdefinition.html#cfn-sagemaker-modelqualityjobdefinition-tags",
          "UpdateType": "Immutable",
          "Required": false,
          "Type": "List",
          "ItemType": "Tag",
          "DuplicatesAllowed": true
        }
      },
      "Attributes": {
        "JobDefinitionArn": {
          "PrimitiveType": "String"
        },
        "CreationTime": {
          "PrimitiveType": "String"
        }
      }
    }
  },
  "ResourceSpecificationVersion": "114.0.0"
}