{
  "PropertyTypes": {
    "AWS::SageMaker::ModelBiasJobDefinition.Csv": {
      "Documentation": "http://docs.aws.amazon.com/AWSCloudFormation/latest/UserGuide/aws-properties-sagemaker-modelbiasjobdefinition-csv.html",
      "Properties": {
        "Header": {
          "Documentation": "http://docs.aws.amazon.com/AWSCloudFormation/latest/UserGuide/aws-properties-sagemaker-modelbiasjobdefinition-csv.html#cfn-sagemaker-modelbiasjobdefinition-csv-header",
          "UpdateType": "Immutable",
          "Required": false,
          "PrimitiveType": "Boolean"
        }
      }
    },
    "AWS::SageMaker::ModelBiasJobDefinition.VpcConfig": {
      "Documentation": "http://docs.aws.amazon.com/AWSCloudFormation/latest/UserGuide/aws-properties-sagemaker-modelbiasjobdefinition-vpcconfig.html",
      "Properties": {
        "Subnets": {
          "Documentation": "http://docs.aws.amazon.com/AWSCloudFormation/latest/UserGuide/aws-properties-sagemaker-modelbiasjobdefinition-vpcconfig.html#cfn-sagemaker-modelbiasjobdefinition-vpcconfig-subnets",
          "UpdateType": "Immutable",
          "Required": true,
          "Type": "List",
          "PrimitiveItemType": "String",
          "DuplicatesAllowed": true
        },
        "SecurityGroupIds": {
          "Documentation": "http://docs.aws.amazon.com/AWSCloudFormation/latest/UserGuide/aws-properties-sagemaker-modelbiasjobdefinition-vpcconfig.html#cfn-sagemaker-modelbiasjobdefinition-vpcconfig-securitygroupids",
          "UpdateType": "Immutable",
          "Required": true,
          "Type": "List",
          "PrimitiveItemType": "String",
          "DuplicatesAllowed": true
        }
      }
    },
    "AWS::SageMaker::ModelBiasJobDefinition.ModelBiasAppSpecification": {
      "Documentation": "http://docs.aws.amazon.com/AWSCloudFormation/latest/UserGuide/aws-properties-sagemaker-modelbiasjobdefinition-modelbiasappspecification.html",
      "Properties": {
        "ConfigUri": {
          "Documentation": "http://docs.aws.amazon.com/AWSCloudFormation/latest/UserGuide/aws-properties-sagemaker-modelbiasjobdefinition-modelbiasappspecification.html#cfn-sagemaker-modelbiasjobdefinition-modelbiasappspecification-configuri",
          "UpdateType": "Immutable",
          "Required": true,
          "PrimitiveType": "String"
        },
        "Environment": {
          "Documentation": "http://docs.aws.amazon.com/AWSCloudFormation/latest/UserGuide/aws-properties-sagemaker-modelbiasjobdefinition-modelbiasappspecification.html#cfn-sagemaker-modelbiasjobdefinition-modelbiasappspecification-environment",
          "UpdateType": "Immutable",
          "Required": false,
          "Type": "Map",
          "PrimitiveItemType": "String"
        },
        "ImageUri": {
          "Documentation": "http://docs.aws.amazon.com/AWSCloudFormation/latest/UserGuide/aws-properties-sagemaker-modelbiasjobdefinition-modelbiasappspecification.html#cfn-sagemaker-modelbiasjobdefinition-modelbiasappspecification-imageuri",
          "UpdateType": "Immutable",
          "Required": true,
          "PrimitiveType": "String"
        }
      }
    },
    "AWS::SageMaker::ModelBiasJobDefinition.DatasetFormat": {
      "Documentation": "http://docs.aws.amazon.com/AWSCloudFormation/latest/UserGuide/aws-properties-sagemaker-modelbiasjobdefinition-datasetformat.html",
      "Properties": {
        "Parquet": {
          "Documentation": "http://docs.aws.amazon.com/AWSCloudFormation/latest/UserGuide/aws-properties-sagemaker-modelbiasjobdefinition-datasetformat.html#cfn-sagemaker-modelbiasjobdefinition-datasetformat-parquet",
          "UpdateType": "Immutable",
          "Required": false,
          "PrimitiveType": "Boolean"
        },
        "Csv": {
          "Documentation": "http://docs.aws.amazon.com/AWSCloudFormation/latest/UserGuide/aws-properties-sagemaker-modelbiasjobdefinition-datasetformat.html#cfn-sagemaker-modelbiasjobdefinition-datasetformat-csv",
          "UpdateType": "Immutable",
          "Required": false,
          "Type": "Csv"
        },
        "Json": {
          "Documentation": "http://docs.aws.amazon.com/AWSCloudFormation/latest/UserGuide/aws-properties-sagemaker-modelbiasjobdefinition-datasetformat.html#cfn-sagemaker-modelbiasjobdefinition-datasetformat-json",
          "UpdateType": "Immutable",
          "Required": false,
          "Type": "Json"
        }
      }
    },
    "AWS::SageMaker::ModelBiasJobDefinition.MonitoringOutputConfig": {
      "Documentation": "http://docs.aws.amazon.com/AWSCloudFormation/latest/UserGuide/aws-properties-sagemaker-modelbiasjobdefinition-monitoringoutputconfig.html",
      "Properties": {
        "KmsKeyId": {
          "Documentation": "http://docs.aws.amazon.com/AWSCloudFormation/latest/UserGuide/aws-properties-sagemaker-modelbiasjobdefinition-monitoringoutputconfig.html#cfn-sagemaker-modelbiasjobdefinition-monitoringoutputconfig-kmskeyid",
          "UpdateType": "Immutable",
          "Required": false,
          "PrimitiveType": "String"
        },
        "MonitoringOutputs": {
          "Documentation": "http://docs.aws.amazon.com/AWSCloudFormation/latest/UserGuide/aws-properties-sagemaker-modelbiasjobdefinition-monitoringoutputconfig.html#cfn-sagemaker-modelbiasjobdefinition-monitoringoutputconfig-monitoringoutputs",
          "UpdateType": "Immutable",
          "Required": true,
          "Type": "List",
          "ItemType": "MonitoringOutput",
          "DuplicatesAllowed": true
        }
      }
    },
    "AWS::SageMaker::ModelBiasJobDefinition.NetworkConfig": {
      "Documentation": "http://docs.aws.amazon.com/AWSCloudFormation/latest/UserGuide/aws-properties-sagemaker-modelbiasjobdefinition-networkconfig.html",
      "Properties": {
        "EnableNetworkIsolation": {
          "Documentation": "http://docs.aws.amazon.com/AWSCloudFormation/latest/UserGuide/aws-properties-sagemaker-modelbiasjobdefinition-networkconfig.html#cfn-sagemaker-modelbiasjobdefinition-networkconfig-enablenetworkisolation",
          "UpdateType": "Immutable",
          "Required": false,
          "PrimitiveType": "Boolean"
        },
        "EnableInterContainerTrafficEncryption": {
          "Documentation": "http://docs.aws.amazon.com/AWSCloudFormation/latest/UserGuide/aws-properties-sagemaker-modelbiasjobdefinition-networkconfig.html#cfn-sagemaker-modelbiasjobdefinition-networkconfig-enableintercontainertrafficencryption",
          "UpdateType": "Immutable",
          "Required": false,
          "PrimitiveType": "Boolean"
        },
        "VpcConfig": {
          "Documentation": "http://docs.aws.amazon.com/AWSCloudFormation/latest/UserGuide/aws-properties-sagemaker-modelbiasjobdefinition-networkconfig.html#cfn-sagemaker-modelbiasjobdefinition-networkconfig-vpcconfig",
          "UpdateType": "Immutable",
          "Required": false,
          "Type": "VpcConfig"
        }
      }
    },
    "AWS::SageMaker::ModelBiasJobDefinition.ConstraintsResource": {
      "Documentation": "http://docs.aws.amazon.com/AWSCloudFormation/latest/UserGuide/aws-properties-sagemaker-modelbiasjobdefinition-constraintsresource.html",
      "Properties": {
        "S3Uri": {
          "Documentation": "http://docs.aws.amazon.com/AWSCloudFormation/latest/UserGuide/aws-properties-sagemaker-modelbiasjobdefinition-constraintsresource.html#cfn-sagemaker-modelbiasjobdefinition-constraintsresource-s3uri",
          "UpdateType": "Immutable",
          "Required": false,
          "PrimitiveType": "String"
        }
      }
    },
    "AWS::SageMaker::ModelBiasJobDefinition.ModelBiasJobInput": {
      "Documentation": "http://docs.aws.amazon.com/AWSCloudFormation/latest/UserGuide/aws-properties-sagemaker-modelbiasjobdefinition-modelbiasjobinput.html",
      "Properties": {
        "GroundTruthS3Input": {
          "Documentation": "http://docs.aws.amazon.com/AWSCloudFormation/latest/UserGuide/aws-properties-sagemaker-modelbiasjobdefinition-modelbiasjobinput.html#cfn-sagemaker-modelbiasjobdefinition-modelbiasjobinput-groundtruths3input",
          "UpdateType": "Immutable",
          "Required": true,
          "Type": "MonitoringGroundTruthS3Input"
        },
        "BatchTransformInput": {
          "Documentation": "http://docs.aws.amazon.com/AWSCloudFormation/latest/UserGuide/aws-properties-sagemaker-modelbiasjobdefinition-modelbiasjobinput.html#cfn-sagemaker-modelbiasjobdefinition-modelbiasjobinput-batchtransforminput",
          "UpdateType": "Immutable",
          "Required": false,
          "Type": "BatchTransformInput"
        },
        "EndpointInput": {
          "Documentation": "http://docs.aws.amazon.com/AWSCloudFormation/latest/UserGuide/aws-properties-sagemaker-modelbiasjobdefinition-modelbiasjobinput.html#cfn-sagemaker-modelbiasjobdefinition-modelbiasjobinput-endpointinput",
          "UpdateType": "Immutable",
          "Required": false,
          "Type": "EndpointInput"
        }
      }
    },
    "AWS::SageMaker::ModelBiasJobDefinition.ModelBiasBaselineConfig": {
      "Documentation": "http://docs.aws.amazon.com/AWSCloudFormation/latest/UserGuide/aws-properties-sagemaker-modelbiasjobdefinition-modelbiasbaselineconfig.html",
      "Properties": {
        "ConstraintsResource": {
          "Documentation": "http://docs.aws.amazon.com/AWSCloudFormation/latest/UserGuide/aws-properties-sagemaker-modelbiasjobdefinition-modelbiasbaselineconfig.html#cfn-sagemaker-modelbiasjobdefinition-modelbiasbaselineconfig-constraintsresource",
          "UpdateType": "Immutable",
          "Required": false,
          "Type": "ConstraintsResource"
        },
        "BaseliningJobName": {
          "Documentation": "http://docs.aws.amazon.com/AWSCloudFormation/latest/UserGuide/aws-properties-sagemaker-modelbiasjobdefinition-modelbiasbaselineconfig.html#cfn-sagemaker-modelbiasjobdefinition-modelbiasbaselineconfig-baseliningjobname",
          "UpdateType": "Immutable",
          "Required": false,
          "PrimitiveType": "String"
        }
      }
    },
    "AWS::SageMaker::ModelBiasJobDefinition.Json": {
      "Documentation": "http://docs.aws.amazon.com/AWSCloudFormation/latest/UserGuide/aws-properties-sagemaker-modelbiasjobdefinition-json.html",
      "Properties": {
        "Line": {
          "Documentation": "http://docs.aws.amazon.com/AWSCloudFormation/latest/UserGuide/aws-properties-sagemaker-modelbiasjobdefinition-json.html#cfn-sagemaker-modelbiasjobdefinition-json-line",
          "UpdateType": "Immutable",
          "Required": false,
          "PrimitiveType": "Boolean"
        }
      }
    },
    "AWS::SageMaker::ModelBiasJobDefinition.EndpointInput": {
      "Documentation": "http://docs.aws.amazon.com/AWSCloudFormation/latest/UserGuide/aws-properties-sagemaker-modelbiasjobdefinition-endpointinput.html",
      "Properties": {
        "S3DataDistributionType": {
          "Documentation": "http://docs.aws.amazon.com/AWSCloudFormation/latest/UserGuide/aws-properties-sagemaker-modelbiasjobdefinition-endpointinput.html#cfn-sagemaker-modelbiasjobdefinition-endpointinput-s3datadistributiontype",
          "UpdateType": "Immutable",
          "Required": false,
          "PrimitiveType": "String"
        },
        "StartTimeOffset": {
          "Documentation": "http://docs.aws.amazon.com/AWSCloudFormation/latest/UserGuide/aws-properties-sagemaker-modelbiasjobdefinition-endpointinput.html#cfn-sagemaker-modelbiasjobdefinition-endpointinput-starttimeoffset",
          "UpdateType": "Immutable",
          "Required": false,
          "PrimitiveType": "String"
        },
        "EndTimeOffset": {
          "Documentation": "http://docs.aws.amazon.com/AWSCloudFormation/latest/UserGuide/aws-properties-sagemaker-modelbiasjobdefinition-endpointinput.html#cfn-sagemaker-modelbiasjobdefinition-endpointinput-endtimeoffset",
          "UpdateType": "Immutable",
          "Required": false,
          "PrimitiveType": "String"
        },
        "ProbabilityThresholdAttribute": {
          "Documentation": "http://docs.aws.amazon.com/AWSCloudFormation/latest/UserGuide/aws-properties-sagemaker-modelbiasjobdefinition-endpointinput.html#cfn-sagemaker-modelbiasjobdefinition-endpointinput-probabilitythresholdattribute",
          "UpdateType": "Immutable",
          "Required": false,
          "PrimitiveType": "Double"
        },
        "EndpointName": {
          "Documentation": "http://docs.aws.amazon.com/AWSCloudFormation/latest/UserGuide/aws-properties-sagemaker-modelbiasjobdefinition-endpointinput.html#cfn-sagemaker-modelbiasjobdefinition-endpointinput-endpointname",
          "UpdateType": "Immutable",
          "Required": true,
          "PrimitiveType": "String"
        },
        "InferenceAttribute": {
          "Documentation": "http://docs.aws.amazon.com/AWSCloudFormation/latest/UserGuide/aws-properties-sagemaker-modelbiasjobdefinition-endpointinput.html#cfn-sagemaker-modelbiasjobdefinition-endpointinput-inferenceattribute",
          "UpdateType": "Immutable",
          "Required": false,
          "PrimitiveType": "String"
        },
        "S3InputMode": {
          "Documentation": "http://docs.aws.amazon.com/AWSCloudFormation/latest/UserGuide/aws-properties-sagemaker-modelbiasjobdefinition-endpointinput.html#cfn-sagemaker-modelbiasjobdefinition-endpointinput-s3inputmode",
          "UpdateType": "Immutable",
          "Required": false,
          "PrimitiveType": "String"
        },
        "LocalPath": {
          "Documentation": "http://docs.aws.amazon.com/AWSCloudFormation/latest/UserGuide/aws-properties-sagemaker-modelbiasjobdefinition-endpointinput.html#cfn-sagemaker-modelbiasjobdefinition-endpointinput-localpath",
          "UpdateType": "Immutable",
          "Required": true,
          "PrimitiveType": "String"
        },
        "ProbabilityAttribute": {
          "Documentation": "http://docs.aws.amazon.com/AWSCloudFormation/latest/UserGuide/aws-properties-sagemaker-modelbiasjobdefinition-endpointinput.html#cfn-sagemaker-modelbiasjobdefinition-endpointinput-probabilityattribute",
          "UpdateType": "Immutable",
          "Required": false,
          "PrimitiveType": "String"
        },
        "FeaturesAttribute": {
          "Documentation": "http://docs.aws.amazon.com/AWSCloudFormation/latest/UserGuide/aws-properties-sagemaker-modelbiasjobdefinition-endpointinput.html#cfn-sagemaker-modelbiasjobdefinition-endpointinput-featuresattribute",
          "UpdateType": "Immutable",
          "Required": false,
          "PrimitiveType": "String"
        }
      }
    },
    "AWS::SageMaker::ModelBiasJobDefinition.MonitoringGroundTruthS3Input": {
      "Documentation": "http://docs.aws.amazon.com/AWSCloudFormation/latest/UserGuide/aws-properties-sagemaker-modelbiasjobdefinition-monitoringgroundtruths3input.html",
      "Properties": {
        "S3Uri": {
          "Documentation": "http://docs.aws.amazon.com/AWSCloudFormation/latest/UserGuide/aws-properties-sagemaker-modelbiasjobdefinition-monitoringgroundtruths3input.html#cfn-sagemaker-modelbiasjobdefinition-monitoringgroundtruths3input-s3uri",
          "UpdateType": "Immutable",
          "Required": true,
          "PrimitiveType": "String"
        }
      }
    },
    "AWS::SageMaker::ModelBiasJobDefinition.BatchTransformInput": {
      "Documentation": "http://docs.aws.amazon.com/AWSCloudFormation/latest/UserGuide/aws-properties-sagemaker-modelbiasjobdefinition-batchtransforminput.html",
      "Properties": {
        "DatasetFormat": {
          "Documentation": "http://docs.aws.amazon.com/AWSCloudFormation/latest/UserGuide/aws-properties-sagemaker-modelbiasjobdefinition-batchtransforminput.html#cfn-sagemaker-modelbiasjobdefinition-batchtransforminput-datasetformat",
          "UpdateType": "Immutable",
          "Required": true,
          "Type": "DatasetFormat"
        },
        "S3DataDistributionType": {
          "Documentation": "http://docs.aws.amazon.com/AWSCloudFormation/latest/UserGuide/aws-properties-sagemaker-modelbiasjobdefinition-batchtransforminput.html#cfn-sagemaker-modelbiasjobdefinition-batchtransforminput-s3datadistributiontype",
          "UpdateType": "Immutable",
          "Required": false,
          "PrimitiveType": "String"
        },
        "StartTimeOffset": {
          "Documentation": "http://docs.aws.amazon.com/AWSCloudFormation/latest/UserGuide/aws-properties-sagemaker-modelbiasjobdefinition-batchtransforminput.html#cfn-sagemaker-modelbiasjobdefinition-batchtransforminput-starttimeoffset",
          "UpdateType": "Immutable",
          "Required": false,
          "PrimitiveType": "String"
        },
        "EndTimeOffset": {
          "Documentation": "http://docs.aws.amazon.com/AWSCloudFormation/latest/UserGuide/aws-properties-sagemaker-modelbiasjobdefinition-batchtransforminput.html#cfn-sagemaker-modelbiasjobdefinition-batchtransforminput-endtimeoffset",
          "UpdateType": "Immutable",
          "Required": false,
          "PrimitiveType": "String"
        },
        "ProbabilityThresholdAttribute": {
          "Documentation": "http://docs.aws.amazon.com/AWSCloudFormation/latest/UserGuide/aws-properties-sagemaker-modelbiasjobdefinition-batchtransforminput.html#cfn-sagemaker-modelbiasjobdefinition-batchtransforminput-probabilitythresholdattribute",
          "UpdateType": "Immutable",
          "Required": false,
          "PrimitiveType": "Double"
        },
        "InferenceAttribute": {
          "Documentation": "http://docs.aws.amazon.com/AWSCloudFormation/latest/UserGuide/aws-properties-sagemaker-modelbiasjobdefinition-batchtransforminput.html#cfn-sagemaker-modelbiasjobdefinition-batchtransforminput-inferenceattribute",
          "UpdateType": "Immutable",
          "Required": false,
          "PrimitiveType": "String"
        },
        "DataCapturedDestinationS3Uri": {
          "Documentation": "http://docs.aws.amazon.com/AWSCloudFormation/latest/UserGuide/aws-properties-sagemaker-modelbiasjobdefinition-batchtransforminput.html#cfn-sagemaker-modelbiasjobdefinition-batchtransforminput-datacaptureddestinations3uri",
          "UpdateType": "Immutable",
          "Required": true,
          "PrimitiveType": "String"
        },
        "S3InputMode": {
          "Documentation": "http://docs.aws.amazon.com/AWSCloudFormation/latest/UserGuide/aws-properties-sagemaker-modelbiasjobdefinition-batchtransforminput.html#cfn-sagemaker-modelbiasjobdefinition-batchtransforminput-s3inputmode",
          "UpdateType": "Immutable",
          "Required": false,
          "PrimitiveType": "String"
        },
        "LocalPath": {
          "Documentation": "http://docs.aws.amazon.com/AWSCloudFormation/latest/UserGuide/aws-properties-sagemaker-modelbiasjobdefinition-batchtransforminput.html#cfn-sagemaker-modelbiasjobdefinition-batchtransforminput-localpath",
          "UpdateType": "Immutable",
          "Required": true,
          "PrimitiveType": "String"
        },
        "ProbabilityAttribute": {
          "Documentation": "http://docs.aws.amazon.com/AWSCloudFormation/latest/UserGuide/aws-properties-sagemaker-modelbiasjobdefinition-batchtransforminput.html#cfn-sagemaker-modelbiasjobdefinition-batchtransforminput-probabilityattribute",
          "UpdateType": "Immutable",
          "Required": false,
          "PrimitiveType": "String"
        },
        "FeaturesAttribute": {
          "Documentation": "http://docs.aws.amazon.com/AWSCloudFormation/latest/UserGuide/aws-properties-sagemaker-modelbiasjobdefinition-batchtransforminput.html#cfn-sagemaker-modelbiasjobdefinition-batchtransforminput-featuresattribute",
          "UpdateType": "Immutable",
          "Required": false,
          "PrimitiveType": "String"
        }
      }
    },
    "AWS::SageMaker::ModelBiasJobDefinition.ClusterConfig": {
      "Documentation": "http://docs.aws.amazon.com/AWSCloudFormation/latest/UserGuide/aws-properties-sagemaker-modelbiasjobdefinition-clusterconfig.html",
      "Properties": {
        "InstanceCount": {
          "Documentation": "http://docs.aws.amazon.com/AWSCloudFormation/latest/UserGuide/aws-properties-sagemaker-modelbiasjobdefinition-clusterconfig.html#cfn-sagemaker-modelbiasjobdefinition-clusterconfig-instancecount",
          "UpdateType": "Immutable",
          "Required": true,
          "PrimitiveType": "Integer"
        },
        "VolumeSizeInGB": {
          "Documentation": "http://docs.aws.amazon.com/AWSCloudFormation/latest/UserGuide/aws-properties-sagemaker-modelbiasjobdefinition-clusterconfig.html#cfn-sagemaker-modelbiasjobdefinition-clusterconfig-volumesizeingb",
          "UpdateType": "Immutable",
          "Required": true,
          "PrimitiveType": "Integer"
        },
        "VolumeKmsKeyId": {
          "Documentation": "http://docs.aws.amazon.com/AWSCloudFormation/latest/UserGuide/aws-properties-sagemaker-modelbiasjobdefinition-clusterconfig.html#cfn-sagemaker-modelbiasjobdefinition-clusterconfig-volumekmskeyid",
          "UpdateType": "Immutable",
          "Required": false,
          "PrimitiveType": "String"
        },
        "InstanceType": {
          "Documentation": "http://docs.aws.amazon.com/AWSCloudFormation/latest/UserGuide/aws-properties-sagemaker-modelbiasjobdefinition-clusterconfig.html#cfn-sagemaker-modelbiasjobdefinition-clusterconfig-instancetype",
          "UpdateType": "Immutable",
          "Required": true,
          "PrimitiveType": "String"
        }
      }
    },
    "Tag": {
      "Documentation": "http://docs.aws.amazon.com/AWSCloudFormation/latest/UserGuide/aws-properties-resource-tags.html",
      "Properties": {
        "Value": {
          "Documentation": "http://docs.aws.amazon.com/AWSCloudFormation/latest/UserGuide/aws-properties-resource-tags.html#cfn-resource-tags-value",
          "UpdateType": "Mutable",
          "Required": true,
          "PrimitiveType": "String"
        },
        "Key": {
          "Documentation": "http://docs.aws.amazon.com/AWSCloudFormation/latest/UserGuide/aws-properties-resource-tags.html#cfn-resource-tags-key",
          "UpdateType": "Mutable",
          "Required": true,
          "PrimitiveType": "String"
        }
      }
    },
    "AWS::SageMaker::ModelBiasJobDefinition.MonitoringResources": {
      "Documentation": "http://docs.aws.amazon.com/AWSCloudFormation/latest/UserGuide/aws-properties-sagemaker-modelbiasjobdefinition-monitoringresources.html",
      "Properties": {
        "ClusterConfig": {
          "Documentation": "http://docs.aws.amazon.com/AWSCloudFormation/latest/UserGuide/aws-properties-sagemaker-modelbiasjobdefinition-monitoringresources.html#cfn-sagemaker-modelbiasjobdefinition-monitoringresources-clusterconfig",
          "UpdateType": "Immutable",
          "Required": true,
          "Type": "ClusterConfig"
        }
      }
    },
    "AWS::SageMaker::ModelBiasJobDefinition.MonitoringOutput": {
      "Documentation": "http://docs.aws.amazon.com/AWSCloudFormation/latest/UserGuide/aws-properties-sagemaker-modelbiasjobdefinition-monitoringoutput.html",
      "Properties": {
        "S3Output": {
          "Documentation": "http://docs.aws.amazon.com/AWSCloudFormation/latest/UserGuide/aws-properties-sagemaker-modelbiasjobdefinition-monitoringoutput.html#cfn-sagemaker-modelbiasjobdefinition-monitoringoutput-s3output",
          "UpdateType": "Immutable",
          "Required": true,
          "Type": "S3Output"
        }
      }
    },
    "AWS::SageMaker::ModelBiasJobDefinition.S3Output": {
      "Documentation": "http://docs.aws.amazon.com/AWSCloudFormation/latest/UserGuide/aws-properties-sagemaker-modelbiasjobdefinition-s3output.html",
      "Properties": {
        "S3Uri": {
          "Documentation": "http://docs.aws.amazon.com/AWSCloudFormation/latest/UserGuide/aws-properties-sagemaker-modelbiasjobdefinition-s3output.html#cfn-sagemaker-modelbiasjobdefinition-s3output-s3uri",
          "UpdateType": "Immutable",
          "Required": true,
          "PrimitiveType": "String"
        },
        "LocalPath": {
          "Documentation": "http://docs.aws.amazon.com/AWSCloudFormation/latest/UserGuide/aws-properties-sagemaker-modelbiasjobdefinition-s3output.html#cfn-sagemaker-modelbiasjobdefinition-s3output-localpath",
          "UpdateType": "Immutable",
          "Required": true,
          "PrimitiveType": "String"
        },
        "S3UploadMode": {
          "Documentation": "http://docs.aws.amazon.com/AWSCloudFormation/latest/UserGuide/aws-properties-sagemaker-modelbiasjobdefinition-s3output.html#cfn-sagemaker-modelbiasjobdefinition-s3output-s3uploadmode",
          "UpdateType": "Immutable",
          "Required": false,
          "PrimitiveType": "String"
        }
      }
    },
    "AWS::SageMaker::ModelBiasJobDefinition.StoppingCondition": {
      "Documentation": "http://docs.aws.amazon.com/AWSCloudFormation/latest/UserGuide/aws-properties-sagemaker-modelbiasjobdefinition-stoppingcondition.html",
      "Properties": {
        "MaxRuntimeInSeconds": {
          "Documentation": "http://docs.aws.amazon.com/AWSCloudFormation/latest/UserGuide/aws-properties-sagemaker-modelbiasjobdefinition-stoppingcondition.html#cfn-sagemaker-modelbiasjobdefinition-stoppingcondition-maxruntimeinseconds",
          "UpdateType": "Immutable",
          "Required": true,
          "PrimitiveType": "Integer"
        }
      }
    }
  },
  "ResourceType": {
    "AWS::SageMaker::ModelBiasJobDefinition": {
      "Documentation": "http://docs.aws.amazon.com/AWSCloudFormation/latest/UserGuide/aws-resource-sagemaker-modelbiasjobdefinition.html",
      "Properties": {
        "ModelBiasJobInput": {
          "Documentation": "http://docs.aws.amazon.com/AWSCloudFormation/latest/UserGuide/aws-resource-sagemaker-modelbiasjobdefinition.html#cfn-sagemaker-modelbiasjobdefinition-modelbiasjobinput",
          "UpdateType": "Immutable",
          "Required": true,
          "Type": "ModelBiasJobInput"
        },
        "ModelBiasJobOutputConfig": {
          "Documentation": "http://docs.aws.amazon.com/AWSCloudFormation/latest/UserGuide/aws-resource-sagemaker-modelbiasjobdefinition.html#cfn-sagemaker-modelbiasjobdefinition-modelbiasjoboutputconfig",
          "UpdateType": "Immutable",
          "Required": true,
          "Type": "MonitoringOutputConfig"
        },
        "EndpointName": {
          "Documentation": "http://docs.aws.amazon.com/AWSCloudFormation/latest/UserGuide/aws-resource-sagemaker-modelbiasjobdefinition.html#cfn-sagemaker-modelbiasjobdefinition-endpointname",
          "UpdateType": "Mutable",
          "Required": false,
          "PrimitiveType": "String"
        },
        "StoppingCondition": {
          "Documentation": "http://docs.aws.amazon.com/AWSCloudFormation/latest/UserGuide/aws-resource-sagemaker-modelbiasjobdefinition.html#cfn-sagemaker-modelbiasjobdefinition-stoppingcondition",
          "UpdateType": "Immutable",
          "Required": false,
          "Type": "StoppingCondition"
        },
        "JobDefinitionName": {
          "Documentation": "http://docs.aws.amazon.com/AWSCloudFormation/latest/UserGuide/aws-resource-sagemaker-modelbiasjobdefinition.html#cfn-sagemaker-modelbiasjobdefinition-jobdefinitionname",
          "UpdateType": "Immutable",
          "Required": false,
          "PrimitiveType": "String"
        },
        "JobResources": {
          "Documentation": "http://docs.aws.amazon.com/AWSCloudFormation/latest/UserGuide/aws-resource-sagemaker-modelbiasjobdefinition.html#cfn-sagemaker-modelbiasjobdefinition-jobresources",
          "UpdateType": "Immutable",
          "Required": true,
          "Type": "MonitoringResources"
        },
        "NetworkConfig": {
          "Documentation": "http://docs.aws.amazon.com/AWSCloudFormation/latest/UserGuide/aws-resource-sagemaker-modelbiasjobdefinition.html#cfn-sagemaker-modelbiasjobdefinition-networkconfig",
          "UpdateType": "Immutable",
          "Required": false,
          "Type": "NetworkConfig"
        },
        "ModelBiasBaselineConfig": {
          "Documentation": "http://docs.aws.amazon.com/AWSCloudFormation/latest/UserGuide/aws-resource-sagemaker-modelbiasjobdefinition.html#cfn-sagemaker-modelbiasjobdefinition-modelbiasbaselineconfig",
          "UpdateType": "Immutable",
          "Required": false,
          "Type": "ModelBiasBaselineConfig"
        },
        "ModelBiasAppSpecification": {
          "Documentation": "http://docs.aws.amazon.com/AWSCloudFormation/latest/UserGuide/aws-resource-sagemaker-modelbiasjobdefinition.html#cfn-sagemaker-modelbiasjobdefinition-modelbiasappspecification",
          "UpdateType": "Immutable",
          "Required": true,
          "Type": "ModelBiasAppSpecification"
        },
        "RoleArn": {
          "Documentation": "http://docs.aws.amazon.com/AWSCloudFormation/latest/UserGuide/aws-resource-sagemaker-modelbiasjobdefinition.html#cfn-sagemaker-modelbiasjobdefinition-rolearn",
          "UpdateType": "Immutable",
          "Required": true,
          "PrimitiveType": "String"
        },
        "Tags": {
          "Documentation": "http://docs.aws.amazon.com/AWSCloudFormation/latest/UserGuide/aws-resource-sagemaker-modelbiasjobdefinition.html#cfn-sagemaker-modelbiasjobdefinition-tags",
          "UpdateType": "Immutable",
          "Required": false,
          "Type": "List",
          "ItemType": "Tag",
          "DuplicatesAllowed": true
        }
      },
      "Attributes": {
        "JobDefinitionArn": {
          "PrimitiveType": "String"
        },
        "CreationTime": {
          "PrimitiveType": "String"
        }
      }
    }
  },
  "ResourceSpecificationVersion": "114.0.0"
}