{
  "PropertyTypes": {
    "AWS::SageMaker::FeatureGroup.FeatureDefinition": {
      "Documentation": "http://docs.aws.amazon.com/AWSCloudFormation/latest/UserGuide/aws-properties-sagemaker-featuregroup-featuredefinition.html",
      "Properties": {
        "FeatureType": {
          "Documentation": "http://docs.aws.amazon.com/AWSCloudFormation/latest/UserGuide/aws-properties-sagemaker-featuregroup-featuredefinition.html#cfn-sagemaker-featuregroup-featuredefinition-featuretype",
          "UpdateType": "Mutable",
          "Required": true,
          "PrimitiveType": "String"
        },
        "FeatureName": {
          "Documentation": "http://docs.aws.amazon.com/AWSCloudFormation/latest/UserGuide/aws-properties-sagemaker-featuregroup-featuredefinition.html#cfn-sagemaker-featuregroup-featuredefinition-featurename",
          "UpdateType": "Mutable",
          "Required": true,
          "PrimitiveType": "String"
        }
      }
    },
    "AWS::SageMaker::FeatureGroup.OnlineStoreConfig": {
      "Documentation": "http://docs.aws.amazon.com/AWSCloudFormation/latest/UserGuide/aws-properties-sagemaker-featuregroup-onlinestoreconfig.html",
      "Properties": {
        "EnableOnlineStore": {
          "Documentation": "http://docs.aws.amazon.com/AWSCloudFormation/latest/UserGuide/aws-properties-sagemaker-featuregroup-onlinestoreconfig.html#cfn-sagemaker-featuregroup-onlinestoreconfig-enableonlinestore",
          "UpdateType": "Immutable",
          "Required": false,
          "PrimitiveType": "Boolean"
        },
        "SecurityConfig": {
          "Documentation": "http://docs.aws.amazon.com/AWSCloudFormation/latest/UserGuide/aws-properties-sagemaker-featuregroup-onlinestoreconfig.html#cfn-sagemaker-featuregroup-onlinestoreconfig-securityconfig",
          "UpdateType": "Immutable",
          "Required": false,
          "Type": "OnlineStoreSecurityConfig"
        }
      }
    },
    "AWS::SageMaker::FeatureGroup.OfflineStoreConfig": {
      "Documentation": "http://docs.aws.amazon.com/AWSCloudFormation/latest/UserGuide/aws-properties-sagemaker-featuregroup-offlinestoreconfig.html",
      "Properties": {
        "DataCatalogConfig": {
          "Documentation": "http://docs.aws.amazon.com/AWSCloudFormation/latest/UserGuide/aws-properties-sagemaker-featuregroup-offlinestoreconfig.html#cfn-sagemaker-featuregroup-offlinestoreconfig-datacatalogconfig",
          "UpdateType": "Immutable",
          "Required": false,
          "Type": "DataCatalogConfig"
        },
        "S3StorageConfig": {
          "Documentation": "http://docs.aws.amazon.com/AWSCloudFormation/latest/UserGuide/aws-properties-sagemaker-featuregroup-offlinestoreconfig.html#cfn-sagemaker-featuregroup-offlinestoreconfig-s3storageconfig",
          "UpdateType": "Immutable",
          "Required": true,
          "Type": "S3StorageConfig"
        },
        "DisableGlueTableCreation": {
          "Documentation": "http://docs.aws.amazon.com/AWSCloudFormation/latest/UserGuide/aws-properties-sagemaker-featuregroup-offlinestoreconfig.html#cfn-sagemaker-featuregroup-offlinestoreconfig-disablegluetablecreation",
          "UpdateType": "Immutable",
          "Required": false,
          "PrimitiveType": "Boolean"
        },
        "TableFormat": {
          "Documentation": "http://docs.aws.amazon.com/AWSCloudFormation/latest/UserGuide/aws-properties-sagemaker-featuregroup-offlinestoreconfig.html#cfn-sagemaker-featuregroup-offlinestoreconfig-tableformat",
          "UpdateType": "Immutable",
          "Required": false,
          "PrimitiveType": "String"
        }
      }
    },
    "AWS::SageMaker::FeatureGroup.S3StorageConfig": {
      "Documentation": "http://docs.aws.amazon.com/AWSCloudFormation/latest/UserGuide/aws-properties-sagemaker-featuregroup-s3storageconfig.html",
      "Properties": {
        "KmsKeyId": {
          "Documentation": "http://docs.aws.amazon.com/AWSCloudFormation/latest/UserGuide/aws-properties-sagemaker-featuregroup-s3storageconfig.html#cfn-sagemaker-featuregroup-s3storageconfig-kmskeyid",
          "UpdateType": "Immutable",
          "Required": false,
          "PrimitiveType": "String"
        },
        "S3Uri": {
          "Documentation": "http://docs.aws.amazon.com/AWSCloudFormation/latest/UserGuide/aws-properties-sagemaker-featuregroup-s3storageconfig.html#cfn-sagemaker-featuregroup-s3storageconfig-s3uri",
          "UpdateType": "Immutable",
          "Required": true,
          "PrimitiveType": "String"
        }
      }
    },
    "AWS::SageMaker::FeatureGroup.OnlineStoreSecurityConfig": {
      "Documentation": "http://docs.aws.amazon.com/AWSCloudFormation/latest/UserGuide/aws-properties-sagemaker-featuregroup-onlinestoresecurityconfig.html",
      "Properties": {
        "KmsKeyId": {
          "Documentation": "http://docs.aws.amazon.com/AWSCloudFormation/latest/UserGuide/aws-properties-sagemaker-featuregroup-onlinestoresecurityconfig.html#cfn-sagemaker-featuregroup-onlinestoresecurityconfig-kmskeyid",
          "UpdateType": "Immutable",
          "Required": false,
          "PrimitiveType": "String"
        }
      }
    },
    "Tag": {
      "Documentation": "http://docs.aws.amazon.com/AWSCloudFormation/latest/UserGuide/aws-properties-resource-tags.html",
      "Properties": {
        "Value": {
          "Documentation": "http://docs.aws.amazon.com/AWSCloudFormation/latest/UserGuide/aws-properties-resource-tags.html#cfn-resource-tags-value",
          "UpdateType": "Mutable",
          "Required": true,
          "PrimitiveType": "String"
        },
        "Key": {
          "Documentation": "http://docs.aws.amazon.com/AWSCloudFormation/latest/UserGuide/aws-properties-resource-tags.html#cfn-resource-tags-key",
          "UpdateType": "Mutable",
          "Required": true,
          "PrimitiveType": "String"
        }
      }
    },
    "AWS::SageMaker::FeatureGroup.DataCatalogConfig": {
      "Documentation": "http://docs.aws.amazon.com/AWSCloudFormation/latest/UserGuide/aws-properties-sagemaker-featuregroup-datacatalogconfig.html",
      "Properties": {
        "TableName": {
          "Documentation": "http://docs.aws.amazon.com/AWSCloudFormation/latest/UserGuide/aws-properties-sagemaker-featuregroup-datacatalogconfig.html#cfn-sagemaker-featuregroup-datacatalogconfig-tablename",
          "UpdateType": "Immutable",
          "Required": true,
          "PrimitiveType": "String"
        },
        "Database": {
          "Documentation": "http://docs.aws.amazon.com/AWSCloudFormation/latest/UserGuide/aws-properties-sagemaker-featuregroup-datacatalogconfig.html#cfn-sagemaker-featuregroup-datacatalogconfig-database",
          "UpdateType": "Immutable",
          "Required": true,
          "PrimitiveType": "String"
        },
        "Catalog": {
          "Documentation": "http://docs.aws.amazon.com/AWSCloudFormation/latest/UserGuide/aws-properties-sagemaker-featuregroup-datacatalogconfig.html#cfn-sagemaker-featuregroup-datacatalogconfig-catalog",
          "UpdateType": "Immutable",
          "Required": true,
          "PrimitiveType": "String"
        }
      }
    }
  },
  "ResourceType": {
    "AWS::SageMaker::FeatureGroup": {
      "Documentation": "http://docs.aws.amazon.com/AWSCloudFormation/latest/UserGuide/aws-resource-sagemaker-featuregroup.html",
      "Properties": {
        "Description": {
          "Documentation": "http://docs.aws.amazon.com/AWSCloudFormation/latest/UserGuide/aws-resource-sagemaker-featuregroup.html#cfn-sagemaker-featuregroup-description",
          "UpdateType": "Immutable",
          "Required": false,
          "PrimitiveType": "String"
        },
        "OfflineStoreConfig": {
          "Documentation": "http://docs.aws.amazon.com/AWSCloudFormation/latest/UserGuide/aws-resource-sagemaker-featuregroup.html#cfn-sagemaker-featuregroup-offlinestoreconfig",
          "UpdateType": "Immutable",
          "Required": false,
          "Type": "OfflineStoreConfig"
        },
        "FeatureDefinitions": {
          "Documentation": "http://docs.aws.amazon.com/AWSCloudFormation/latest/UserGuide/aws-resource-sagemaker-featuregroup.html#cfn-sagemaker-featuregroup-featuredefinitions",
          "UpdateType": "Mutable",
          "Required": true,
          "Type": "List",
          "ItemType": "FeatureDefinition",
          "DuplicatesAllowed": true
        },
        "RecordIdentifierFeatureName": {
          "Documentation": "http://docs.aws.amazon.com/AWSCloudFormation/latest/UserGuide/aws-resource-sagemaker-featuregroup.html#cfn-sagemaker-featuregroup-recordidentifierfeaturename",
          "UpdateType": "Immutable",
          "Required": true,
          "PrimitiveType": "String"
        },
        "EventTimeFeatureName": {
          "Documentation": "http://docs.aws.amazon.com/AWSCloudFormation/latest/UserGuide/aws-resource-sagemaker-featuregroup.html#cfn-sagemaker-featuregroup-eventtimefeaturename",
          "UpdateType": "Immutable",
          "Required": true,
          "PrimitiveType": "String"
        },
        "FeatureGroupName": {
          "Documentation": "http://docs.aws.amazon.com/AWSCloudFormation/latest/UserGuide/aws-resource-sagemaker-featuregroup.html#cfn-sagemaker-featuregroup-featuregroupname",
          "UpdateType": "Immutable",
          "Required": true,
          "PrimitiveType": "String"
        },
        "OnlineStoreConfig": {
          "Documentation": "http://docs.aws.amazon.com/AWSCloudFormation/latest/UserGuide/aws-resource-sagemaker-featuregroup.html#cfn-sagemaker-featuregroup-onlinestoreconfig",
          "UpdateType": "Immutable",
          "Required": false,
          "Type": "OnlineStoreConfig"
        },
        "RoleArn": {
          "Documentation": "http://docs.aws.amazon.com/AWSCloudFormation/latest/UserGuide/aws-resource-sagemaker-featuregroup.html#cfn-sagemaker-featuregroup-rolearn",
          "UpdateType": "Immutable",
          "Required": false,
          "PrimitiveType": "String"
        },
        "Tags": {
          "Documentation": "http://docs.aws.amazon.com/AWSCloudFormation/latest/UserGuide/aws-resource-sagemaker-featuregroup.html#cfn-sagemaker-featuregroup-tags",
          "UpdateType": "Immutable",
          "Required": false,
          "Type": "List",
          "ItemType": "Tag",
          "DuplicatesAllowed": true
        }
      }
    }
  },
  "ResourceSpecificationVersion": "114.0.0"
}