{
  "ResourceType": {
    "AWS::SageMaker::ImageVersion": {
      "Documentation": "http://docs.aws.amazon.com/AWSCloudFormation/latest/UserGuide/aws-resource-sagemaker-imageversion.html",
      "Properties": {
        "ImageName": {
          "Documentation": "http://docs.aws.amazon.com/AWSCloudFormation/latest/UserGuide/aws-resource-sagemaker-imageversion.html#cfn-sagemaker-imageversion-imagename",
          "UpdateType": "Immutable",
          "Required": true,
          "PrimitiveType": "String"
        },
        "BaseImage": {
          "Documentation": "http://docs.aws.amazon.com/AWSCloudFormation/latest/UserGuide/aws-resource-sagemaker-imageversion.html#cfn-sagemaker-imageversion-baseimage",
          "UpdateType": "Immutable",
          "Required": true,
          "PrimitiveType": "String"
        }
      },
      "Attributes": {
        "ImageVersionArn": {
          "PrimitiveType": "String"
        },
        "Version": {
          "PrimitiveType": "Integer"
        },
        "ContainerImage": {
          "PrimitiveType": "String"
        },
        "ImageArn": {
          "PrimitiveType": "String"
        }
      }
    }
  },
  "ResourceSpecificationVersion": "114.0.0"
}