{
  "ResourceType": {
    "AWS::ServiceCatalog::AcceptedPortfolioShare": {
      "Documentation": "http://docs.aws.amazon.com/AWSCloudFormation/latest/UserGuide/aws-resource-servicecatalog-acceptedportfolioshare.html",
      "Properties": {
        "AcceptLanguage": {
          "Required": false,
          "Documentation": "http://docs.aws.amazon.com/AWSCloudFormation/latest/UserGuide/aws-resource-servicecatalog-acceptedportfolioshare.html#cfn-servicecatalog-acceptedportfolioshare-acceptlanguage",
          "PrimitiveType": "String",
          "UpdateType": "Immutable"
        },
        "PortfolioId": {
          "Required": true,
          "Documentation": "http://docs.aws.amazon.com/AWSCloudFormation/latest/UserGuide/aws-resource-servicecatalog-acceptedportfolioshare.html#cfn-servicecatalog-acceptedportfolioshare-portfolioid",
          "PrimitiveType": "String",
          "UpdateType": "Immutable"
        }
      }
    }
  },
  "ResourceSpecificationVersion": "114.0.0"
}