{
  "ResourceType": {
    "AWS::ServiceCatalog::PortfolioShare": {
      "Documentation": "http://docs.aws.amazon.com/AWSCloudFormation/latest/UserGuide/aws-resource-servicecatalog-portfolioshare.html",
      "Properties": {
        "AccountId": {
          "Required": true,
          "Documentation": "http://docs.aws.amazon.com/AWSCloudFormation/latest/UserGuide/aws-resource-servicecatalog-portfolioshare.html#cfn-servicecatalog-portfolioshare-accountid",
          "PrimitiveType": "String",
          "UpdateType": "Immutable"
        },
        "AcceptLanguage": {
          "Required": false,
          "Documentation": "http://docs.aws.amazon.com/AWSCloudFormation/latest/UserGuide/aws-resource-servicecatalog-portfolioshare.html#cfn-servicecatalog-portfolioshare-acceptlanguage",
          "PrimitiveType": "String",
          "UpdateType": "Immutable"
        },
        "PortfolioId": {
          "Required": true,
          "Documentation": "http://docs.aws.amazon.com/AWSCloudFormation/latest/UserGuide/aws-resource-servicecatalog-portfolioshare.html#cfn-servicecatalog-portfolioshare-portfolioid",
          "PrimitiveType": "String",
          "UpdateType": "Immutable"
        },
        "ShareTagOptions": {
          "Required": false,
          "Documentation": "http://docs.aws.amazon.com/AWSCloudFormation/latest/UserGuide/aws-resource-servicecatalog-portfolioshare.html#cfn-servicecatalog-portfolioshare-sharetagoptions",
          "PrimitiveType": "Boolean",
          "UpdateType": "Mutable"
        }
      }
    }
  },
  "ResourceSpecificationVersion": "114.0.0"
}