{
  "ResourceType": {
    "AWS::ServiceCatalog::StackSetConstraint": {
      "Documentation": "http://docs.aws.amazon.com/AWSCloudFormation/latest/UserGuide/aws-resource-servicecatalog-stacksetconstraint.html",
      "Properties": {
        "Description": {
          "Required": true,
          "Documentation": "http://docs.aws.amazon.com/AWSCloudFormation/latest/UserGuide/aws-resource-servicecatalog-stacksetconstraint.html#cfn-servicecatalog-stacksetconstraint-description",
          "PrimitiveType": "String",
          "UpdateType": "Mutable"
        },
        "StackInstanceControl": {
          "Required": true,
          "Documentation": "http://docs.aws.amazon.com/AWSCloudFormation/latest/UserGuide/aws-resource-servicecatalog-stacksetconstraint.html#cfn-servicecatalog-stacksetconstraint-stackinstancecontrol",
          "PrimitiveType": "String",
          "UpdateType": "Mutable"
        },
        "AcceptLanguage": {
          "Required": false,
          "Documentation": "http://docs.aws.amazon.com/AWSCloudFormation/latest/UserGuide/aws-resource-servicecatalog-stacksetconstraint.html#cfn-servicecatalog-stacksetconstraint-acceptlanguage",
          "PrimitiveType": "String",
          "UpdateType": "Mutable"
        },
        "PortfolioId": {
          "Required": true,
          "Documentation": "http://docs.aws.amazon.com/AWSCloudFormation/latest/UserGuide/aws-resource-servicecatalog-stacksetconstraint.html#cfn-servicecatalog-stacksetconstraint-portfolioid",
          "PrimitiveType": "String",
          "UpdateType": "Immutable"
        },
        "ProductId": {
          "Required": true,
          "Documentation": "http://docs.aws.amazon.com/AWSCloudFormation/latest/UserGuide/aws-resource-servicecatalog-stacksetconstraint.html#cfn-servicecatalog-stacksetconstraint-productid",
          "PrimitiveType": "String",
          "UpdateType": "Immutable"
        },
        "RegionList": {
          "PrimitiveItemType": "String",
          "Type": "List",
          "Required": true,
          "Documentation": "http://docs.aws.amazon.com/AWSCloudFormation/latest/UserGuide/aws-resource-servicecatalog-stacksetconstraint.html#cfn-servicecatalog-stacksetconstraint-regionlist",
          "UpdateType": "Mutable"
        },
        "AdminRole": {
          "Required": true,
          "Documentation": "http://docs.aws.amazon.com/AWSCloudFormation/latest/UserGuide/aws-resource-servicecatalog-stacksetconstraint.html#cfn-servicecatalog-stacksetconstraint-adminrole",
          "PrimitiveType": "String",
          "UpdateType": "Mutable"
        },
        "AccountList": {
          "PrimitiveItemType": "String",
          "Type": "List",
          "Required": true,
          "Documentation": "http://docs.aws.amazon.com/AWSCloudFormation/latest/UserGuide/aws-resource-servicecatalog-stacksetconstraint.html#cfn-servicecatalog-stacksetconstraint-accountlist",
          "UpdateType": "Mutable"
        },
        "ExecutionRole": {
          "Required": true,
          "Documentation": "http://docs.aws.amazon.com/AWSCloudFormation/latest/UserGuide/aws-resource-servicecatalog-stacksetconstraint.html#cfn-servicecatalog-stacksetconstraint-executionrole",
          "PrimitiveType": "String",
          "UpdateType": "Mutable"
        }
      }
    }
  },
  "ResourceSpecificationVersion": "114.0.0"
}