{
  "ResourceType": {
    "AWS::ServiceCatalog::PortfolioProductAssociation": {
      "Documentation": "http://docs.aws.amazon.com/AWSCloudFormation/latest/UserGuide/aws-resource-servicecatalog-portfolioproductassociation.html",
      "Properties": {
        "SourcePortfolioId": {
          "Required": false,
          "Documentation": "http://docs.aws.amazon.com/AWSCloudFormation/latest/UserGuide/aws-resource-servicecatalog-portfolioproductassociation.html#cfn-servicecatalog-portfolioproductassociation-sourceportfolioid",
          "PrimitiveType": "String",
          "UpdateType": "Immutable"
        },
        "AcceptLanguage": {
          "Required": false,
          "Documentation": "http://docs.aws.amazon.com/AWSCloudFormation/latest/UserGuide/aws-resource-servicecatalog-portfolioproductassociation.html#cfn-servicecatalog-portfolioproductassociation-acceptlanguage",
          "PrimitiveType": "String",
          "UpdateType": "Immutable"
        },
        "PortfolioId": {
          "Required": true,
          "Documentation": "http://docs.aws.amazon.com/AWSCloudFormation/latest/UserGuide/aws-resource-servicecatalog-portfolioproductassociation.html#cfn-servicecatalog-portfolioproductassociation-portfolioid",
          "PrimitiveType": "String",
          "UpdateType": "Immutable"
        },
        "ProductId": {
          "Required": true,
          "Documentation": "http://docs.aws.amazon.com/AWSCloudFormation/latest/UserGuide/aws-resource-servicecatalog-portfolioproductassociation.html#cfn-servicecatalog-portfolioproductassociation-productid",
          "PrimitiveType": "String",
          "UpdateType": "Immutable"
        }
      }
    }
  },
  "ResourceSpecificationVersion": "114.0.0"
}