{
  "PropertyTypes": {
    "AWS::SES::VdmAttributes.DashboardAttributes": {
      "Documentation": "http://docs.aws.amazon.com/AWSCloudFormation/latest/UserGuide/aws-properties-ses-vdmattributes-dashboardattributes.html",
      "Properties": {
        "EngagementMetrics": {
          "Documentation": "http://docs.aws.amazon.com/AWSCloudFormation/latest/UserGuide/aws-properties-ses-vdmattributes-dashboardattributes.html#cfn-ses-vdmattributes-dashboardattributes-engagementmetrics",
          "UpdateType": "Mutable",
          "Required": false,
          "PrimitiveType": "String"
        }
      }
    },
    "AWS::SES::VdmAttributes.GuardianAttributes": {
      "Documentation": "http://docs.aws.amazon.com/AWSCloudFormation/latest/UserGuide/aws-properties-ses-vdmattributes-guardianattributes.html",
      "Properties": {
        "OptimizedSharedDelivery": {
          "Documentation": "http://docs.aws.amazon.com/AWSCloudFormation/latest/UserGuide/aws-properties-ses-vdmattributes-guardianattributes.html#cfn-ses-vdmattributes-guardianattributes-optimizedshareddelivery",
          "UpdateType": "Mutable",
          "Required": false,
          "PrimitiveType": "String"
        }
      }
    }
  },
  "ResourceType": {
    "AWS::SES::VdmAttributes": {
      "Documentation": "http://docs.aws.amazon.com/AWSCloudFormation/latest/UserGuide/aws-resource-ses-vdmattributes.html",
      "Properties": {
        "DashboardAttributes": {
          "Documentation": "http://docs.aws.amazon.com/AWSCloudFormation/latest/UserGuide/aws-resource-ses-vdmattributes.html#cfn-ses-vdmattributes-dashboardattributes",
          "UpdateType": "Mutable",
          "Required": false,
          "Type": "DashboardAttributes"
        },
        "GuardianAttributes": {
          "Documentation": "http://docs.aws.amazon.com/AWSCloudFormation/latest/UserGuide/aws-resource-ses-vdmattributes.html#cfn-ses-vdmattributes-guardianattributes",
          "UpdateType": "Mutable",
          "Required": false,
          "Type": "GuardianAttributes"
        }
      },
      "Attributes": {
        "VdmAttributesResourceId": {
          "PrimitiveType": "String"
        }
      }
    }
  },
  "ResourceSpecificationVersion": "114.0.0"
}