{
  "PropertyTypes": {
    "AWS::SimSpaceWeaver::Simulation.S3Location": {
      "Documentation": "http://docs.aws.amazon.com/AWSCloudFormation/latest/UserGuide/aws-properties-simspaceweaver-simulation-s3location.html",
      "Properties": {
        "BucketName": {
          "Documentation": "http://docs.aws.amazon.com/AWSCloudFormation/latest/UserGuide/aws-properties-simspaceweaver-simulation-s3location.html#cfn-simspaceweaver-simulation-s3location-bucketname",
          "UpdateType": "Mutable",
          "Required": true,
          "PrimitiveType": "String"
        },
        "ObjectKey": {
          "Documentation": "http://docs.aws.amazon.com/AWSCloudFormation/latest/UserGuide/aws-properties-simspaceweaver-simulation-s3location.html#cfn-simspaceweaver-simulation-s3location-objectkey",
          "UpdateType": "Mutable",
          "Required": true,
          "PrimitiveType": "String"
        }
      }
    }
  },
  "ResourceType": {
    "AWS::SimSpaceWeaver::Simulation": {
      "Documentation": "http://docs.aws.amazon.com/AWSCloudFormation/latest/UserGuide/aws-resource-simspaceweaver-simulation.html",
      "Properties": {
        "SchemaS3Location": {
          "Documentation": "http://docs.aws.amazon.com/AWSCloudFormation/latest/UserGuide/aws-resource-simspaceweaver-simulation.html#cfn-simspaceweaver-simulation-schemas3location",
          "UpdateType": "Mutable",
          "Required": false,
          "Type": "S3Location"
        },
        "RoleArn": {
          "Documentation": "http://docs.aws.amazon.com/AWSCloudFormation/latest/UserGuide/aws-resource-simspaceweaver-simulation.html#cfn-simspaceweaver-simulation-rolearn",
          "UpdateType": "Mutable",
          "Required": false,
          "PrimitiveType": "String"
        },
        "Name": {
          "Documentation": "http://docs.aws.amazon.com/AWSCloudFormation/latest/UserGuide/aws-resource-simspaceweaver-simulation.html#cfn-simspaceweaver-simulation-name",
          "UpdateType": "Immutable",
          "Required": false,
          "PrimitiveType": "String"
        }
      },
      "Attributes": {
        "DescribePayload": {
          "PrimitiveType": "String"
        }
      }
    }
  },
  "ResourceSpecificationVersion": "114.0.0"
}