{
  "PropertyTypes": {
    "AWS::SSMContacts::Contact.Stage": {
      "Documentation": "http://docs.aws.amazon.com/AWSCloudFormation/latest/UserGuide/aws-properties-ssmcontacts-contact-stage.html",
      "Properties": {
        "DurationInMinutes": {
          "Documentation": "http://docs.aws.amazon.com/AWSCloudFormation/latest/UserGuide/aws-properties-ssmcontacts-contact-stage.html#cfn-ssmcontacts-contact-stage-durationinminutes",
          "UpdateType": "Mutable",
          "Required": true,
          "PrimitiveType": "Integer"
        },
        "Targets": {
          "Documentation": "http://docs.aws.amazon.com/AWSCloudFormation/latest/UserGuide/aws-properties-ssmcontacts-contact-stage.html#cfn-ssmcontacts-contact-stage-targets",
          "UpdateType": "Mutable",
          "Required": false,
          "Type": "List",
          "ItemType": "Targets",
          "DuplicatesAllowed": true
        }
      }
    },
    "AWS::SSMContacts::Contact.Targets": {
      "Documentation": "http://docs.aws.amazon.com/AWSCloudFormation/latest/UserGuide/aws-properties-ssmcontacts-contact-targets.html",
      "Properties": {
        "ChannelTargetInfo": {
          "Documentation": "http://docs.aws.amazon.com/AWSCloudFormation/latest/UserGuide/aws-properties-ssmcontacts-contact-targets.html#cfn-ssmcontacts-contact-targets-channeltargetinfo",
          "UpdateType": "Mutable",
          "Required": false,
          "Type": "ChannelTargetInfo"
        },
        "ContactTargetInfo": {
          "Documentation": "http://docs.aws.amazon.com/AWSCloudFormation/latest/UserGuide/aws-properties-ssmcontacts-contact-targets.html#cfn-ssmcontacts-contact-targets-contacttargetinfo",
          "UpdateType": "Mutable",
          "Required": false,
          "Type": "ContactTargetInfo"
        }
      }
    },
    "AWS::SSMContacts::Contact.ContactTargetInfo": {
      "Documentation": "http://docs.aws.amazon.com/AWSCloudFormation/latest/UserGuide/aws-properties-ssmcontacts-contact-contacttargetinfo.html",
      "Properties": {
        "ContactId": {
          "Documentation": "http://docs.aws.amazon.com/AWSCloudFormation/latest/UserGuide/aws-properties-ssmcontacts-contact-contacttargetinfo.html#cfn-ssmcontacts-contact-contacttargetinfo-contactid",
          "UpdateType": "Mutable",
          "Required": true,
          "PrimitiveType": "String"
        },
        "IsEssential": {
          "Documentation": "http://docs.aws.amazon.com/AWSCloudFormation/latest/UserGuide/aws-properties-ssmcontacts-contact-contacttargetinfo.html#cfn-ssmcontacts-contact-contacttargetinfo-isessential",
          "UpdateType": "Mutable",
          "Required": true,
          "PrimitiveType": "Boolean"
        }
      }
    },
    "AWS::SSMContacts::Contact.ChannelTargetInfo": {
      "Documentation": "http://docs.aws.amazon.com/AWSCloudFormation/latest/UserGuide/aws-properties-ssmcontacts-contact-channeltargetinfo.html",
      "Properties": {
        "RetryIntervalInMinutes": {
          "Documentation": "http://docs.aws.amazon.com/AWSCloudFormation/latest/UserGuide/aws-properties-ssmcontacts-contact-channeltargetinfo.html#cfn-ssmcontacts-contact-channeltargetinfo-retryintervalinminutes",
          "UpdateType": "Mutable",
          "Required": true,
          "PrimitiveType": "Integer"
        },
        "ChannelId": {
          "Documentation": "http://docs.aws.amazon.com/AWSCloudFormation/latest/UserGuide/aws-properties-ssmcontacts-contact-channeltargetinfo.html#cfn-ssmcontacts-contact-channeltargetinfo-channelid",
          "UpdateType": "Mutable",
          "Required": true,
          "PrimitiveType": "String"
        }
      }
    }
  },
  "ResourceType": {
    "AWS::SSMContacts::Contact": {
      "Documentation": "http://docs.aws.amazon.com/AWSCloudFormation/latest/UserGuide/aws-resource-ssmcontacts-contact.html",
      "Properties": {
        "Type": {
          "Documentation": "http://docs.aws.amazon.com/AWSCloudFormation/latest/UserGuide/aws-resource-ssmcontacts-contact.html#cfn-ssmcontacts-contact-type",
          "UpdateType": "Immutable",
          "Required": true,
          "PrimitiveType": "String"
        },
        "Alias": {
          "Documentation": "http://docs.aws.amazon.com/AWSCloudFormation/latest/UserGuide/aws-resource-ssmcontacts-contact.html#cfn-ssmcontacts-contact-alias",
          "UpdateType": "Immutable",
          "Required": true,
          "PrimitiveType": "String"
        },
        "DisplayName": {
          "Documentation": "http://docs.aws.amazon.com/AWSCloudFormation/latest/UserGuide/aws-resource-ssmcontacts-contact.html#cfn-ssmcontacts-contact-displayname",
          "UpdateType": "Mutable",
          "Required": true,
          "PrimitiveType": "String"
        },
        "Plan": {
          "Documentation": "http://docs.aws.amazon.com/AWSCloudFormation/latest/UserGuide/aws-resource-ssmcontacts-contact.html#cfn-ssmcontacts-contact-plan",
          "UpdateType": "Mutable",
          "Required": true,
          "Type": "List",
          "ItemType": "Stage",
          "DuplicatesAllowed": true
        }
      },
      "Attributes": {
        "Arn": {
          "PrimitiveType": "String"
        }
      }
    }
  },
  "ResourceSpecificationVersion": "114.0.0"
}