{
  "ResourceType": {
    "AWS::SSMContacts::ContactChannel": {
      "Documentation": "http://docs.aws.amazon.com/AWSCloudFormation/latest/UserGuide/aws-resource-ssmcontacts-contactchannel.html",
      "Properties": {
        "ChannelName": {
          "Documentation": "http://docs.aws.amazon.com/AWSCloudFormation/latest/UserGuide/aws-resource-ssmcontacts-contactchannel.html#cfn-ssmcontacts-contactchannel-channelname",
          "UpdateType": "Mutable",
          "Required": true,
          "PrimitiveType": "String"
        },
        "ChannelAddress": {
          "Documentation": "http://docs.aws.amazon.com/AWSCloudFormation/latest/UserGuide/aws-resource-ssmcontacts-contactchannel.html#cfn-ssmcontacts-contactchannel-channeladdress",
          "UpdateType": "Mutable",
          "Required": true,
          "PrimitiveType": "String"
        },
        "ContactId": {
          "Documentation": "http://docs.aws.amazon.com/AWSCloudFormation/latest/UserGuide/aws-resource-ssmcontacts-contactchannel.html#cfn-ssmcontacts-contactchannel-contactid",
          "UpdateType": "Immutable",
          "Required": true,
          "PrimitiveType": "String"
        },
        "ChannelType": {
          "Documentation": "http://docs.aws.amazon.com/AWSCloudFormation/latest/UserGuide/aws-resource-ssmcontacts-contactchannel.html#cfn-ssmcontacts-contactchannel-channeltype",
          "UpdateType": "Immutable",
          "Required": true,
          "PrimitiveType": "String"
        },
        "DeferActivation": {
          "Documentation": "http://docs.aws.amazon.com/AWSCloudFormation/latest/UserGuide/aws-resource-ssmcontacts-contactchannel.html#cfn-ssmcontacts-contactchannel-deferactivation",
          "UpdateType": "Mutable",
          "Required": false,
          "PrimitiveType": "Boolean"
        }
      },
      "Attributes": {
        "Arn": {
          "PrimitiveType": "String"
        }
      }
    }
  },
  "ResourceSpecificationVersion": "114.0.0"
}