{
  "PropertyTypes": {
    "AWS::SSM::MaintenanceWindowTask.MaintenanceWindowRunCommandParameters": {
      "Documentation": "http://docs.aws.amazon.com/AWSCloudFormation/latest/UserGuide/aws-properties-ssm-maintenancewindowtask-maintenancewindowruncommandparameters.html",
      "Properties": {
        "TimeoutSeconds": {
          "Required": false,
          "Documentation": "http://docs.aws.amazon.com/AWSCloudFormation/latest/UserGuide/aws-properties-ssm-maintenancewindowtask-maintenancewindowruncommandparameters.html#cfn-ssm-maintenancewindowtask-maintenancewindowruncommandparameters-timeoutseconds",
          "PrimitiveType": "Integer",
          "UpdateType": "Mutable"
        },
        "Comment": {
          "Required": false,
          "Documentation": "http://docs.aws.amazon.com/AWSCloudFormation/latest/UserGuide/aws-properties-ssm-maintenancewindowtask-maintenancewindowruncommandparameters.html#cfn-ssm-maintenancewindowtask-maintenancewindowruncommandparameters-comment",
          "PrimitiveType": "String",
          "UpdateType": "Mutable"
        },
        "OutputS3KeyPrefix": {
          "Required": false,
          "Documentation": "http://docs.aws.amazon.com/AWSCloudFormation/latest/UserGuide/aws-properties-ssm-maintenancewindowtask-maintenancewindowruncommandparameters.html#cfn-ssm-maintenancewindowtask-maintenancewindowruncommandparameters-outputs3keyprefix",
          "PrimitiveType": "String",
          "UpdateType": "Mutable"
        },
        "Parameters": {
          "Required": false,
          "Documentation": "http://docs.aws.amazon.com/AWSCloudFormation/latest/UserGuide/aws-properties-ssm-maintenancewindowtask-maintenancewindowruncommandparameters.html#cfn-ssm-maintenancewindowtask-maintenancewindowruncommandparameters-parameters",
          "PrimitiveType": "Json",
          "UpdateType": "Mutable"
        },
        "CloudWatchOutputConfig": {
          "Type": "CloudWatchOutputConfig",
          "Required": false,
          "Documentation": "http://docs.aws.amazon.com/AWSCloudFormation/latest/UserGuide/aws-properties-ssm-maintenancewindowtask-maintenancewindowruncommandparameters.html#cfn-ssm-maintenancewindowtask-maintenancewindowruncommandparameters-cloudwatchoutputconfig",
          "UpdateType": "Mutable"
        },
        "DocumentHashType": {
          "Required": false,
          "Documentation": "http://docs.aws.amazon.com/AWSCloudFormation/latest/UserGuide/aws-properties-ssm-maintenancewindowtask-maintenancewindowruncommandparameters.html#cfn-ssm-maintenancewindowtask-maintenancewindowruncommandparameters-documenthashtype",
          "PrimitiveType": "String",
          "UpdateType": "Mutable"
        },
        "ServiceRoleArn": {
          "Required": false,
          "Documentation": "http://docs.aws.amazon.com/AWSCloudFormation/latest/UserGuide/aws-properties-ssm-maintenancewindowtask-maintenancewindowruncommandparameters.html#cfn-ssm-maintenancewindowtask-maintenancewindowruncommandparameters-servicerolearn",
          "PrimitiveType": "String",
          "UpdateType": "Mutable"
        },
        "NotificationConfig": {
          "Type": "NotificationConfig",
          "Required": false,
          "Documentation": "http://docs.aws.amazon.com/AWSCloudFormation/latest/UserGuide/aws-properties-ssm-maintenancewindowtask-maintenancewindowruncommandparameters.html#cfn-ssm-maintenancewindowtask-maintenancewindowruncommandparameters-notificationconfig",
          "UpdateType": "Mutable"
        },
        "DocumentVersion": {
          "Required": false,
          "Documentation": "http://docs.aws.amazon.com/AWSCloudFormation/latest/UserGuide/aws-properties-ssm-maintenancewindowtask-maintenancewindowruncommandparameters.html#cfn-ssm-maintenancewindowtask-maintenancewindowruncommandparameters-documentversion",
          "PrimitiveType": "String",
          "UpdateType": "Mutable"
        },
        "OutputS3BucketName": {
          "Required": false,
          "Documentation": "http://docs.aws.amazon.com/AWSCloudFormation/latest/UserGuide/aws-properties-ssm-maintenancewindowtask-maintenancewindowruncommandparameters.html#cfn-ssm-maintenancewindowtask-maintenancewindowruncommandparameters-outputs3bucketname",
          "PrimitiveType": "String",
          "UpdateType": "Mutable"
        },
        "DocumentHash": {
          "Required": false,
          "Documentation": "http://docs.aws.amazon.com/AWSCloudFormation/latest/UserGuide/aws-properties-ssm-maintenancewindowtask-maintenancewindowruncommandparameters.html#cfn-ssm-maintenancewindowtask-maintenancewindowruncommandparameters-documenthash",
          "PrimitiveType": "String",
          "UpdateType": "Mutable"
        }
      }
    },
    "AWS::SSM::MaintenanceWindowTask.Target": {
      "Documentation": "http://docs.aws.amazon.com/AWSCloudFormation/latest/UserGuide/aws-properties-ssm-maintenancewindowtask-target.html",
      "Properties": {
        "Values": {
          "PrimitiveItemType": "String",
          "Type": "List",
          "Required": true,
          "Documentation": "http://docs.aws.amazon.com/AWSCloudFormation/latest/UserGuide/aws-properties-ssm-maintenancewindowtask-target.html#cfn-ssm-maintenancewindowtask-target-values",
          "UpdateType": "Mutable"
        },
        "Key": {
          "Required": true,
          "Documentation": "http://docs.aws.amazon.com/AWSCloudFormation/latest/UserGuide/aws-properties-ssm-maintenancewindowtask-target.html#cfn-ssm-maintenancewindowtask-target-key",
          "PrimitiveType": "String",
          "UpdateType": "Mutable"
        }
      }
    },
    "AWS::SSM::MaintenanceWindowTask.CloudWatchOutputConfig": {
      "Documentation": "http://docs.aws.amazon.com/AWSCloudFormation/latest/UserGuide/aws-properties-ssm-maintenancewindowtask-cloudwatchoutputconfig.html",
      "Properties": {
        "CloudWatchOutputEnabled": {
          "Required": false,
          "Documentation": "http://docs.aws.amazon.com/AWSCloudFormation/latest/UserGuide/aws-properties-ssm-maintenancewindowtask-cloudwatchoutputconfig.html#cfn-ssm-maintenancewindowtask-cloudwatchoutputconfig-cloudwatchoutputenabled",
          "PrimitiveType": "Boolean",
          "UpdateType": "Mutable"
        },
        "CloudWatchLogGroupName": {
          "Required": false,
          "Documentation": "http://docs.aws.amazon.com/AWSCloudFormation/latest/UserGuide/aws-properties-ssm-maintenancewindowtask-cloudwatchoutputconfig.html#cfn-ssm-maintenancewindowtask-cloudwatchoutputconfig-cloudwatchloggroupname",
          "PrimitiveType": "String",
          "UpdateType": "Mutable"
        }
      }
    },
    "AWS::SSM::MaintenanceWindowTask.LoggingInfo": {
      "Documentation": "http://docs.aws.amazon.com/AWSCloudFormation/latest/UserGuide/aws-properties-ssm-maintenancewindowtask-logginginfo.html",
      "Properties": {
        "S3Bucket": {
          "Required": true,
          "Documentation": "http://docs.aws.amazon.com/AWSCloudFormation/latest/UserGuide/aws-properties-ssm-maintenancewindowtask-logginginfo.html#cfn-ssm-maintenancewindowtask-logginginfo-s3bucket",
          "PrimitiveType": "String",
          "UpdateType": "Mutable"
        },
        "Region": {
          "Required": true,
          "Documentation": "http://docs.aws.amazon.com/AWSCloudFormation/latest/UserGuide/aws-properties-ssm-maintenancewindowtask-logginginfo.html#cfn-ssm-maintenancewindowtask-logginginfo-region",
          "PrimitiveType": "String",
          "UpdateType": "Mutable"
        },
        "S3Prefix": {
          "Required": false,
          "Documentation": "http://docs.aws.amazon.com/AWSCloudFormation/latest/UserGuide/aws-properties-ssm-maintenancewindowtask-logginginfo.html#cfn-ssm-maintenancewindowtask-logginginfo-s3prefix",
          "PrimitiveType": "String",
          "UpdateType": "Mutable"
        }
      }
    },
    "AWS::SSM::MaintenanceWindowTask.MaintenanceWindowLambdaParameters": {
      "Documentation": "http://docs.aws.amazon.com/AWSCloudFormation/latest/UserGuide/aws-properties-ssm-maintenancewindowtask-maintenancewindowlambdaparameters.html",
      "Properties": {
        "ClientContext": {
          "Required": false,
          "Documentation": "http://docs.aws.amazon.com/AWSCloudFormation/latest/UserGuide/aws-properties-ssm-maintenancewindowtask-maintenancewindowlambdaparameters.html#cfn-ssm-maintenancewindowtask-maintenancewindowlambdaparameters-clientcontext",
          "PrimitiveType": "String",
          "UpdateType": "Mutable"
        },
        "Qualifier": {
          "Required": false,
          "Documentation": "http://docs.aws.amazon.com/AWSCloudFormation/latest/UserGuide/aws-properties-ssm-maintenancewindowtask-maintenancewindowlambdaparameters.html#cfn-ssm-maintenancewindowtask-maintenancewindowlambdaparameters-qualifier",
          "PrimitiveType": "String",
          "UpdateType": "Mutable"
        },
        "Payload": {
          "Required": false,
          "Documentation": "http://docs.aws.amazon.com/AWSCloudFormation/latest/UserGuide/aws-properties-ssm-maintenancewindowtask-maintenancewindowlambdaparameters.html#cfn-ssm-maintenancewindowtask-maintenancewindowlambdaparameters-payload",
          "PrimitiveType": "String",
          "UpdateType": "Mutable"
        }
      }
    },
    "AWS::SSM::MaintenanceWindowTask.MaintenanceWindowStepFunctionsParameters": {
      "Documentation": "http://docs.aws.amazon.com/AWSCloudFormation/latest/UserGuide/aws-properties-ssm-maintenancewindowtask-maintenancewindowstepfunctionsparameters.html",
      "Properties": {
        "Input": {
          "Required": false,
          "Documentation": "http://docs.aws.amazon.com/AWSCloudFormation/latest/UserGuide/aws-properties-ssm-maintenancewindowtask-maintenancewindowstepfunctionsparameters.html#cfn-ssm-maintenancewindowtask-maintenancewindowstepfunctionsparameters-input",
          "PrimitiveType": "String",
          "UpdateType": "Mutable"
        },
        "Name": {
          "Required": false,
          "Documentation": "http://docs.aws.amazon.com/AWSCloudFormation/latest/UserGuide/aws-properties-ssm-maintenancewindowtask-maintenancewindowstepfunctionsparameters.html#cfn-ssm-maintenancewindowtask-maintenancewindowstepfunctionsparameters-name",
          "PrimitiveType": "String",
          "UpdateType": "Mutable"
        }
      }
    },
    "AWS::SSM::MaintenanceWindowTask.TaskInvocationParameters": {
      "Documentation": "http://docs.aws.amazon.com/AWSCloudFormation/latest/UserGuide/aws-properties-ssm-maintenancewindowtask-taskinvocationparameters.html",
      "Properties": {
        "MaintenanceWindowRunCommandParameters": {
          "Type": "MaintenanceWindowRunCommandParameters",
          "Required": false,
          "Documentation": "http://docs.aws.amazon.com/AWSCloudFormation/latest/UserGuide/aws-properties-ssm-maintenancewindowtask-taskinvocationparameters.html#cfn-ssm-maintenancewindowtask-taskinvocationparameters-maintenancewindowruncommandparameters",
          "UpdateType": "Mutable"
        },
        "MaintenanceWindowAutomationParameters": {
          "Type": "MaintenanceWindowAutomationParameters",
          "Required": false,
          "Documentation": "http://docs.aws.amazon.com/AWSCloudFormation/latest/UserGuide/aws-properties-ssm-maintenancewindowtask-taskinvocationparameters.html#cfn-ssm-maintenancewindowtask-taskinvocationparameters-maintenancewindowautomationparameters",
          "UpdateType": "Mutable"
        },
        "MaintenanceWindowStepFunctionsParameters": {
          "Type": "MaintenanceWindowStepFunctionsParameters",
          "Required": false,
          "Documentation": "http://docs.aws.amazon.com/AWSCloudFormation/latest/UserGuide/aws-properties-ssm-maintenancewindowtask-taskinvocationparameters.html#cfn-ssm-maintenancewindowtask-taskinvocationparameters-maintenancewindowstepfunctionsparameters",
          "UpdateType": "Mutable"
        },
        "MaintenanceWindowLambdaParameters": {
          "Type": "MaintenanceWindowLambdaParameters",
          "Required": false,
          "Documentation": "http://docs.aws.amazon.com/AWSCloudFormation/latest/UserGuide/aws-properties-ssm-maintenancewindowtask-taskinvocationparameters.html#cfn-ssm-maintenancewindowtask-taskinvocationparameters-maintenancewindowlambdaparameters",
          "UpdateType": "Mutable"
        }
      }
    },
    "AWS::SSM::MaintenanceWindowTask.NotificationConfig": {
      "Documentation": "http://docs.aws.amazon.com/AWSCloudFormation/latest/UserGuide/aws-properties-ssm-maintenancewindowtask-notificationconfig.html",
      "Properties": {
        "NotificationArn": {
          "Required": true,
          "Documentation": "http://docs.aws.amazon.com/AWSCloudFormation/latest/UserGuide/aws-properties-ssm-maintenancewindowtask-notificationconfig.html#cfn-ssm-maintenancewindowtask-notificationconfig-notificationarn",
          "PrimitiveType": "String",
          "UpdateType": "Mutable"
        },
        "NotificationType": {
          "Required": false,
          "Documentation": "http://docs.aws.amazon.com/AWSCloudFormation/latest/UserGuide/aws-properties-ssm-maintenancewindowtask-notificationconfig.html#cfn-ssm-maintenancewindowtask-notificationconfig-notificationtype",
          "PrimitiveType": "String",
          "UpdateType": "Mutable"
        },
        "NotificationEvents": {
          "PrimitiveItemType": "String",
          "Type": "List",
          "Required": false,
          "Documentation": "http://docs.aws.amazon.com/AWSCloudFormation/latest/UserGuide/aws-properties-ssm-maintenancewindowtask-notificationconfig.html#cfn-ssm-maintenancewindowtask-notificationconfig-notificationevents",
          "UpdateType": "Mutable"
        }
      }
    },
    "AWS::SSM::MaintenanceWindowTask.MaintenanceWindowAutomationParameters": {
      "Documentation": "http://docs.aws.amazon.com/AWSCloudFormation/latest/UserGuide/aws-properties-ssm-maintenancewindowtask-maintenancewindowautomationparameters.html",
      "Properties": {
        "Parameters": {
          "Required": false,
          "Documentation": "http://docs.aws.amazon.com/AWSCloudFormation/latest/UserGuide/aws-properties-ssm-maintenancewindowtask-maintenancewindowautomationparameters.html#cfn-ssm-maintenancewindowtask-maintenancewindowautomationparameters-parameters",
          "PrimitiveType": "Json",
          "UpdateType": "Mutable"
        },
        "DocumentVersion": {
          "Required": false,
          "Documentation": "http://docs.aws.amazon.com/AWSCloudFormation/latest/UserGuide/aws-properties-ssm-maintenancewindowtask-maintenancewindowautomationparameters.html#cfn-ssm-maintenancewindowtask-maintenancewindowautomationparameters-documentversion",
          "PrimitiveType": "String",
          "UpdateType": "Mutable"
        }
      }
    }
  },
  "ResourceType": {
    "AWS::SSM::MaintenanceWindowTask": {
      "Documentation": "http://docs.aws.amazon.com/AWSCloudFormation/latest/UserGuide/aws-resource-ssm-maintenancewindowtask.html",
      "Properties": {
        "MaxErrors": {
          "Required": false,
          "Documentation": "http://docs.aws.amazon.com/AWSCloudFormation/latest/UserGuide/aws-resource-ssm-maintenancewindowtask.html#cfn-ssm-maintenancewindowtask-maxerrors",
          "PrimitiveType": "String",
          "UpdateType": "Mutable"
        },
        "Description": {
          "Required": false,
          "Documentation": "http://docs.aws.amazon.com/AWSCloudFormation/latest/UserGuide/aws-resource-ssm-maintenancewindowtask.html#cfn-ssm-maintenancewindowtask-description",
          "PrimitiveType": "String",
          "UpdateType": "Mutable"
        },
        "ServiceRoleArn": {
          "Required": false,
          "Documentation": "http://docs.aws.amazon.com/AWSCloudFormation/latest/UserGuide/aws-resource-ssm-maintenancewindowtask.html#cfn-ssm-maintenancewindowtask-servicerolearn",
          "PrimitiveType": "String",
          "UpdateType": "Mutable"
        },
        "Priority": {
          "Required": true,
          "Documentation": "http://docs.aws.amazon.com/AWSCloudFormation/latest/UserGuide/aws-resource-ssm-maintenancewindowtask.html#cfn-ssm-maintenancewindowtask-priority",
          "PrimitiveType": "Integer",
          "UpdateType": "Mutable"
        },
        "MaxConcurrency": {
          "Required": false,
          "Documentation": "http://docs.aws.amazon.com/AWSCloudFormation/latest/UserGuide/aws-resource-ssm-maintenancewindowtask.html#cfn-ssm-maintenancewindowtask-maxconcurrency",
          "PrimitiveType": "String",
          "UpdateType": "Mutable"
        },
        "Targets": {
          "Type": "List",
          "Required": false,
          "Documentation": "http://docs.aws.amazon.com/AWSCloudFormation/latest/UserGuide/aws-resource-ssm-maintenancewindowtask.html#cfn-ssm-maintenancewindowtask-targets",
          "ItemType": "Target",
          "UpdateType": "Mutable"
        },
        "Name": {
          "Required": false,
          "Documentation": "http://docs.aws.amazon.com/AWSCloudFormation/latest/UserGuide/aws-resource-ssm-maintenancewindowtask.html#cfn-ssm-maintenancewindowtask-name",
          "PrimitiveType": "String",
          "UpdateType": "Mutable"
        },
        "TaskArn": {
          "Required": true,
          "Documentation": "http://docs.aws.amazon.com/AWSCloudFormation/latest/UserGuide/aws-resource-ssm-maintenancewindowtask.html#cfn-ssm-maintenancewindowtask-taskarn",
          "PrimitiveType": "String",
          "UpdateType": "Mutable"
        },
        "TaskInvocationParameters": {
          "Type": "TaskInvocationParameters",
          "Required": false,
          "Documentation": "http://docs.aws.amazon.com/AWSCloudFormation/latest/UserGuide/aws-resource-ssm-maintenancewindowtask.html#cfn-ssm-maintenancewindowtask-taskinvocationparameters",
          "UpdateType": "Mutable"
        },
        "WindowId": {
          "Required": true,
          "Documentation": "http://docs.aws.amazon.com/AWSCloudFormation/latest/UserGuide/aws-resource-ssm-maintenancewindowtask.html#cfn-ssm-maintenancewindowtask-windowid",
          "PrimitiveType": "String",
          "UpdateType": "Immutable"
        },
        "TaskParameters": {
          "Required": false,
          "Documentation": "http://docs.aws.amazon.com/AWSCloudFormation/latest/UserGuide/aws-resource-ssm-maintenancewindowtask.html#cfn-ssm-maintenancewindowtask-taskparameters",
          "PrimitiveType": "Json",
          "UpdateType": "Mutable"
        },
        "TaskType": {
          "Required": true,
          "Documentation": "http://docs.aws.amazon.com/AWSCloudFormation/latest/UserGuide/aws-resource-ssm-maintenancewindowtask.html#cfn-ssm-maintenancewindowtask-tasktype",
          "PrimitiveType": "String",
          "UpdateType": "Immutable"
        },
        "CutoffBehavior": {
          "Required": false,
          "Documentation": "http://docs.aws.amazon.com/AWSCloudFormation/latest/UserGuide/aws-resource-ssm-maintenancewindowtask.html#cfn-ssm-maintenancewindowtask-cutoffbehavior",
          "PrimitiveType": "String",
          "UpdateType": "Mutable"
        },
        "LoggingInfo": {
          "Type": "LoggingInfo",
          "Required": false,
          "Documentation": "http://docs.aws.amazon.com/AWSCloudFormation/latest/UserGuide/aws-resource-ssm-maintenancewindowtask.html#cfn-ssm-maintenancewindowtask-logginginfo",
          "UpdateType": "Mutable"
        }
      }
    }
  },
  "ResourceSpecificationVersion": "114.0.0"
}