{
  "PropertyTypes": {
    "AWS::SSM::MaintenanceWindowTarget.Targets": {
      "Documentation": "http://docs.aws.amazon.com/AWSCloudFormation/latest/UserGuide/aws-properties-ssm-maintenancewindowtarget-targets.html",
      "Properties": {
        "Values": {
          "PrimitiveItemType": "String",
          "Type": "List",
          "Required": true,
          "Documentation": "http://docs.aws.amazon.com/AWSCloudFormation/latest/UserGuide/aws-properties-ssm-maintenancewindowtarget-targets.html#cfn-ssm-maintenancewindowtarget-targets-values",
          "UpdateType": "Mutable"
        },
        "Key": {
          "Required": true,
          "Documentation": "http://docs.aws.amazon.com/AWSCloudFormation/latest/UserGuide/aws-properties-ssm-maintenancewindowtarget-targets.html#cfn-ssm-maintenancewindowtarget-targets-key",
          "PrimitiveType": "String",
          "UpdateType": "Mutable"
        }
      }
    }
  },
  "ResourceType": {
    "AWS::SSM::MaintenanceWindowTarget": {
      "Documentation": "http://docs.aws.amazon.com/AWSCloudFormation/latest/UserGuide/aws-resource-ssm-maintenancewindowtarget.html",
      "Properties": {
        "OwnerInformation": {
          "Required": false,
          "Documentation": "http://docs.aws.amazon.com/AWSCloudFormation/latest/UserGuide/aws-resource-ssm-maintenancewindowtarget.html#cfn-ssm-maintenancewindowtarget-ownerinformation",
          "PrimitiveType": "String",
          "UpdateType": "Mutable"
        },
        "Description": {
          "Required": false,
          "Documentation": "http://docs.aws.amazon.com/AWSCloudFormation/latest/UserGuide/aws-resource-ssm-maintenancewindowtarget.html#cfn-ssm-maintenancewindowtarget-description",
          "PrimitiveType": "String",
          "UpdateType": "Mutable"
        },
        "WindowId": {
          "Required": true,
          "Documentation": "http://docs.aws.amazon.com/AWSCloudFormation/latest/UserGuide/aws-resource-ssm-maintenancewindowtarget.html#cfn-ssm-maintenancewindowtarget-windowid",
          "PrimitiveType": "String",
          "UpdateType": "Immutable"
        },
        "ResourceType": {
          "Required": true,
          "Documentation": "http://docs.aws.amazon.com/AWSCloudFormation/latest/UserGuide/aws-resource-ssm-maintenancewindowtarget.html#cfn-ssm-maintenancewindowtarget-resourcetype",
          "PrimitiveType": "String",
          "UpdateType": "Mutable"
        },
        "Targets": {
          "Type": "List",
          "Required": true,
          "Documentation": "http://docs.aws.amazon.com/AWSCloudFormation/latest/UserGuide/aws-resource-ssm-maintenancewindowtarget.html#cfn-ssm-maintenancewindowtarget-targets",
          "ItemType": "Targets",
          "UpdateType": "Mutable"
        },
        "Name": {
          "Required": false,
          "Documentation": "http://docs.aws.amazon.com/AWSCloudFormation/latest/UserGuide/aws-resource-ssm-maintenancewindowtarget.html#cfn-ssm-maintenancewindowtarget-name",
          "PrimitiveType": "String",
          "UpdateType": "Mutable"
        }
      }
    }
  },
  "ResourceSpecificationVersion": "114.0.0"
}