{
  "ResourceType": {
    "AWS::SSM::ResourcePolicy": {
      "Documentation": "http://docs.aws.amazon.com/AWSCloudFormation/latest/UserGuide/aws-resource-ssm-resourcepolicy.html",
      "Properties": {
        "Policy": {
          "Documentation": "http://docs.aws.amazon.com/AWSCloudFormation/latest/UserGuide/aws-resource-ssm-resourcepolicy.html#cfn-ssm-resourcepolicy-policy",
          "UpdateType": "Mutable",
          "Required": true,
          "PrimitiveType": "Json"
        },
        "ResourceArn": {
          "Documentation": "http://docs.aws.amazon.com/AWSCloudFormation/latest/UserGuide/aws-resource-ssm-resourcepolicy.html#cfn-ssm-resourcepolicy-resourcearn",
          "UpdateType": "Immutable",
          "Required": true,
          "PrimitiveType": "String"
        }
      },
      "Attributes": {
        "PolicyHash": {
          "PrimitiveType": "String"
        },
        "PolicyId": {
          "PrimitiveType": "String"
        }
      }
    }
  },
  "ResourceSpecificationVersion": "114.0.0"
}