{
  "PropertyTypes": {
    "AWS::Timestream::Table.MagneticStoreWriteProperties": {
      "Documentation": "http://docs.aws.amazon.com/AWSCloudFormation/latest/UserGuide/aws-properties-timestream-table-magneticstorewriteproperties.html",
      "Properties": {
        "EnableMagneticStoreWrites": {
          "Documentation": "http://docs.aws.amazon.com/AWSCloudFormation/latest/UserGuide/aws-properties-timestream-table-magneticstorewriteproperties.html#cfn-timestream-table-magneticstorewriteproperties-enablemagneticstorewrites",
          "UpdateType": "Mutable",
          "Required": true,
          "PrimitiveType": "Boolean"
        },
        "MagneticStoreRejectedDataLocation": {
          "Documentation": "http://docs.aws.amazon.com/AWSCloudFormation/latest/UserGuide/aws-properties-timestream-table-magneticstorewriteproperties.html#cfn-timestream-table-magneticstorewriteproperties-magneticstorerejecteddatalocation",
          "UpdateType": "Mutable",
          "Required": false,
          "Type": "MagneticStoreRejectedDataLocation"
        }
      }
    },
    "AWS::Timestream::Table.RetentionProperties": {
      "Documentation": "http://docs.aws.amazon.com/AWSCloudFormation/latest/UserGuide/aws-properties-timestream-table-retentionproperties.html",
      "Properties": {
        "MagneticStoreRetentionPeriodInDays": {
          "Documentation": "http://docs.aws.amazon.com/AWSCloudFormation/latest/UserGuide/aws-properties-timestream-table-retentionproperties.html#cfn-timestream-table-retentionproperties-magneticstoreretentionperiodindays",
          "UpdateType": "Mutable",
          "Required": false,
          "PrimitiveType": "String"
        },
        "MemoryStoreRetentionPeriodInHours": {
          "Documentation": "http://docs.aws.amazon.com/AWSCloudFormation/latest/UserGuide/aws-properties-timestream-table-retentionproperties.html#cfn-timestream-table-retentionproperties-memorystoreretentionperiodinhours",
          "UpdateType": "Mutable",
          "Required": false,
          "PrimitiveType": "String"
        }
      }
    },
    "AWS::Timestream::Table.S3Configuration": {
      "Documentation": "http://docs.aws.amazon.com/AWSCloudFormation/latest/UserGuide/aws-properties-timestream-table-s3configuration.html",
      "Properties": {
        "BucketName": {
          "Documentation": "http://docs.aws.amazon.com/AWSCloudFormation/latest/UserGuide/aws-properties-timestream-table-s3configuration.html#cfn-timestream-table-s3configuration-bucketname",
          "UpdateType": "Mutable",
          "Required": true,
          "PrimitiveType": "String"
        },
        "KmsKeyId": {
          "Documentation": "http://docs.aws.amazon.com/AWSCloudFormation/latest/UserGuide/aws-properties-timestream-table-s3configuration.html#cfn-timestream-table-s3configuration-kmskeyid",
          "UpdateType": "Mutable",
          "Required": false,
          "PrimitiveType": "String"
        },
        "ObjectKeyPrefix": {
          "Documentation": "http://docs.aws.amazon.com/AWSCloudFormation/latest/UserGuide/aws-properties-timestream-table-s3configuration.html#cfn-timestream-table-s3configuration-objectkeyprefix",
          "UpdateType": "Mutable",
          "Required": false,
          "PrimitiveType": "String"
        },
        "EncryptionOption": {
          "Documentation": "http://docs.aws.amazon.com/AWSCloudFormation/latest/UserGuide/aws-properties-timestream-table-s3configuration.html#cfn-timestream-table-s3configuration-encryptionoption",
          "UpdateType": "Mutable",
          "Required": true,
          "PrimitiveType": "String"
        }
      }
    },
    "AWS::Timestream::Table.MagneticStoreRejectedDataLocation": {
      "Documentation": "http://docs.aws.amazon.com/AWSCloudFormation/latest/UserGuide/aws-properties-timestream-table-magneticstorerejecteddatalocation.html",
      "Properties": {
        "S3Configuration": {
          "Documentation": "http://docs.aws.amazon.com/AWSCloudFormation/latest/UserGuide/aws-properties-timestream-table-magneticstorerejecteddatalocation.html#cfn-timestream-table-magneticstorerejecteddatalocation-s3configuration",
          "UpdateType": "Mutable",
          "Required": false,
          "Type": "S3Configuration"
        }
      }
    },
    "Tag": {
      "Documentation": "http://docs.aws.amazon.com/AWSCloudFormation/latest/UserGuide/aws-properties-resource-tags.html",
      "Properties": {
        "Value": {
          "Documentation": "http://docs.aws.amazon.com/AWSCloudFormation/latest/UserGuide/aws-properties-resource-tags.html#cfn-resource-tags-value",
          "UpdateType": "Mutable",
          "Required": true,
          "PrimitiveType": "String"
        },
        "Key": {
          "Documentation": "http://docs.aws.amazon.com/AWSCloudFormation/latest/UserGuide/aws-properties-resource-tags.html#cfn-resource-tags-key",
          "UpdateType": "Mutable",
          "Required": true,
          "PrimitiveType": "String"
        }
      }
    }
  },
  "ResourceType": {
    "AWS::Timestream::Table": {
      "Documentation": "http://docs.aws.amazon.com/AWSCloudFormation/latest/UserGuide/aws-resource-timestream-table.html",
      "Properties": {
        "TableName": {
          "Documentation": "http://docs.aws.amazon.com/AWSCloudFormation/latest/UserGuide/aws-resource-timestream-table.html#cfn-timestream-table-tablename",
          "UpdateType": "Immutable",
          "Required": false,
          "PrimitiveType": "String"
        },
        "RetentionProperties": {
          "Documentation": "http://docs.aws.amazon.com/AWSCloudFormation/latest/UserGuide/aws-resource-timestream-table.html#cfn-timestream-table-retentionproperties",
          "UpdateType": "Mutable",
          "Required": false,
          "Type": "RetentionProperties"
        },
        "DatabaseName": {
          "Documentation": "http://docs.aws.amazon.com/AWSCloudFormation/latest/UserGuide/aws-resource-timestream-table.html#cfn-timestream-table-databasename",
          "UpdateType": "Immutable",
          "Required": true,
          "PrimitiveType": "String"
        },
        "Tags": {
          "Documentation": "http://docs.aws.amazon.com/AWSCloudFormation/latest/UserGuide/aws-resource-timestream-table.html#cfn-timestream-table-tags",
          "UpdateType": "Mutable",
          "Required": false,
          "Type": "List",
          "ItemType": "Tag",
          "DuplicatesAllowed": true
        },
        "MagneticStoreWriteProperties": {
          "Documentation": "http://docs.aws.amazon.com/AWSCloudFormation/latest/UserGuide/aws-resource-timestream-table.html#cfn-timestream-table-magneticstorewriteproperties",
          "UpdateType": "Mutable",
          "Required": false,
          "Type": "MagneticStoreWriteProperties"
        }
      },
      "Attributes": {
        "Arn": {
          "PrimitiveType": "String"
        },
        "Name": {
          "PrimitiveType": "String"
        }
      }
    }
  },
  "ResourceSpecificationVersion": "114.0.0"
}