{
  "PropertyTypes": {
    "AWS::Transfer::Workflow.S3FileLocation": {
      "Documentation": "http://docs.aws.amazon.com/AWSCloudFormation/latest/UserGuide/aws-properties-transfer-workflow-s3filelocation.html",
      "Properties": {
        "S3FileLocation": {
          "Documentation": "http://docs.aws.amazon.com/AWSCloudFormation/latest/UserGuide/aws-properties-transfer-workflow-s3filelocation.html#cfn-transfer-workflow-s3filelocation-s3filelocation",
          "UpdateType": "Immutable",
          "Required": false,
          "Type": "S3InputFileLocation"
        }
      }
    },
    "AWS::Transfer::Workflow.TagStepDetails": {
      "Documentation": "http://docs.aws.amazon.com/AWSCloudFormation/latest/UserGuide/aws-properties-transfer-workflow-tagstepdetails.html",
      "Properties": {
        "SourceFileLocation": {
          "Documentation": "http://docs.aws.amazon.com/AWSCloudFormation/latest/UserGuide/aws-properties-transfer-workflow-tagstepdetails.html#cfn-transfer-workflow-tagstepdetails-sourcefilelocation",
          "UpdateType": "Immutable",
          "Required": false,
          "PrimitiveType": "String"
        },
        "Tags": {
          "Documentation": "http://docs.aws.amazon.com/AWSCloudFormation/latest/UserGuide/aws-properties-transfer-workflow-tagstepdetails.html#cfn-transfer-workflow-tagstepdetails-tags",
          "UpdateType": "Immutable",
          "Required": false,
          "Type": "List",
          "ItemType": "S3Tag",
          "DuplicatesAllowed": false
        },
        "Name": {
          "Documentation": "http://docs.aws.amazon.com/AWSCloudFormation/latest/UserGuide/aws-properties-transfer-workflow-tagstepdetails.html#cfn-transfer-workflow-tagstepdetails-name",
          "UpdateType": "Immutable",
          "Required": false,
          "PrimitiveType": "String"
        }
      }
    },
    "AWS::Transfer::Workflow.S3Tag": {
      "Documentation": "http://docs.aws.amazon.com/AWSCloudFormation/latest/UserGuide/aws-properties-transfer-workflow-s3tag.html",
      "Properties": {
        "Value": {
          "Documentation": "http://docs.aws.amazon.com/AWSCloudFormation/latest/UserGuide/aws-properties-transfer-workflow-s3tag.html#cfn-transfer-workflow-s3tag-value",
          "UpdateType": "Immutable",
          "Required": true,
          "PrimitiveType": "String"
        },
        "Key": {
          "Documentation": "http://docs.aws.amazon.com/AWSCloudFormation/latest/UserGuide/aws-properties-transfer-workflow-s3tag.html#cfn-transfer-workflow-s3tag-key",
          "UpdateType": "Immutable",
          "Required": true,
          "PrimitiveType": "String"
        }
      }
    },
    "AWS::Transfer::Workflow.WorkflowStep": {
      "Documentation": "http://docs.aws.amazon.com/AWSCloudFormation/latest/UserGuide/aws-properties-transfer-workflow-workflowstep.html",
      "Properties": {
        "CustomStepDetails": {
          "Documentation": "http://docs.aws.amazon.com/AWSCloudFormation/latest/UserGuide/aws-properties-transfer-workflow-workflowstep.html#cfn-transfer-workflow-workflowstep-customstepdetails",
          "UpdateType": "Immutable",
          "Required": false,
          "Type": "CustomStepDetails"
        },
        "CopyStepDetails": {
          "Documentation": "http://docs.aws.amazon.com/AWSCloudFormation/latest/UserGuide/aws-properties-transfer-workflow-workflowstep.html#cfn-transfer-workflow-workflowstep-copystepdetails",
          "UpdateType": "Immutable",
          "Required": false,
          "Type": "CopyStepDetails"
        },
        "DecryptStepDetails": {
          "Documentation": "http://docs.aws.amazon.com/AWSCloudFormation/latest/UserGuide/aws-properties-transfer-workflow-workflowstep.html#cfn-transfer-workflow-workflowstep-decryptstepdetails",
          "UpdateType": "Immutable",
          "Required": false,
          "Type": "DecryptStepDetails"
        },
        "Type": {
          "Documentation": "http://docs.aws.amazon.com/AWSCloudFormation/latest/UserGuide/aws-properties-transfer-workflow-workflowstep.html#cfn-transfer-workflow-workflowstep-type",
          "UpdateType": "Immutable",
          "Required": false,
          "PrimitiveType": "String"
        },
        "TagStepDetails": {
          "Documentation": "http://docs.aws.amazon.com/AWSCloudFormation/latest/UserGuide/aws-properties-transfer-workflow-workflowstep.html#cfn-transfer-workflow-workflowstep-tagstepdetails",
          "UpdateType": "Immutable",
          "Required": false,
          "Type": "TagStepDetails"
        },
        "DeleteStepDetails": {
          "Documentation": "http://docs.aws.amazon.com/AWSCloudFormation/latest/UserGuide/aws-properties-transfer-workflow-workflowstep.html#cfn-transfer-workflow-workflowstep-deletestepdetails",
          "UpdateType": "Immutable",
          "Required": false,
          "Type": "DeleteStepDetails"
        }
      }
    },
    "AWS::Transfer::Workflow.DeleteStepDetails": {
      "Documentation": "http://docs.aws.amazon.com/AWSCloudFormation/latest/UserGuide/aws-properties-transfer-workflow-deletestepdetails.html",
      "Properties": {
        "SourceFileLocation": {
          "Documentation": "http://docs.aws.amazon.com/AWSCloudFormation/latest/UserGuide/aws-properties-transfer-workflow-deletestepdetails.html#cfn-transfer-workflow-deletestepdetails-sourcefilelocation",
          "UpdateType": "Immutable",
          "Required": false,
          "PrimitiveType": "String"
        },
        "Name": {
          "Documentation": "http://docs.aws.amazon.com/AWSCloudFormation/latest/UserGuide/aws-properties-transfer-workflow-deletestepdetails.html#cfn-transfer-workflow-deletestepdetails-name",
          "UpdateType": "Immutable",
          "Required": false,
          "PrimitiveType": "String"
        }
      }
    },
    "AWS::Transfer::Workflow.CopyStepDetails": {
      "Documentation": "http://docs.aws.amazon.com/AWSCloudFormation/latest/UserGuide/aws-properties-transfer-workflow-copystepdetails.html",
      "Properties": {
        "DestinationFileLocation": {
          "Documentation": "http://docs.aws.amazon.com/AWSCloudFormation/latest/UserGuide/aws-properties-transfer-workflow-copystepdetails.html#cfn-transfer-workflow-copystepdetails-destinationfilelocation",
          "UpdateType": "Immutable",
          "Required": false,
          "Type": "S3FileLocation"
        },
        "SourceFileLocation": {
          "Documentation": "http://docs.aws.amazon.com/AWSCloudFormation/latest/UserGuide/aws-properties-transfer-workflow-copystepdetails.html#cfn-transfer-workflow-copystepdetails-sourcefilelocation",
          "UpdateType": "Immutable",
          "Required": false,
          "PrimitiveType": "String"
        },
        "Name": {
          "Documentation": "http://docs.aws.amazon.com/AWSCloudFormation/latest/UserGuide/aws-properties-transfer-workflow-copystepdetails.html#cfn-transfer-workflow-copystepdetails-name",
          "UpdateType": "Immutable",
          "Required": false,
          "PrimitiveType": "String"
        },
        "OverwriteExisting": {
          "Documentation": "http://docs.aws.amazon.com/AWSCloudFormation/latest/UserGuide/aws-properties-transfer-workflow-copystepdetails.html#cfn-transfer-workflow-copystepdetails-overwriteexisting",
          "UpdateType": "Immutable",
          "Required": false,
          "PrimitiveType": "String"
        }
      }
    },
    "AWS::Transfer::Workflow.InputFileLocation": {
      "Documentation": "http://docs.aws.amazon.com/AWSCloudFormation/latest/UserGuide/aws-properties-transfer-workflow-inputfilelocation.html",
      "Properties": {
        "EfsFileLocation": {
          "Documentation": "http://docs.aws.amazon.com/AWSCloudFormation/latest/UserGuide/aws-properties-transfer-workflow-inputfilelocation.html#cfn-transfer-workflow-inputfilelocation-efsfilelocation",
          "UpdateType": "Immutable",
          "Required": false,
          "Type": "EfsInputFileLocation"
        },
        "S3FileLocation": {
          "Documentation": "http://docs.aws.amazon.com/AWSCloudFormation/latest/UserGuide/aws-properties-transfer-workflow-inputfilelocation.html#cfn-transfer-workflow-inputfilelocation-s3filelocation",
          "UpdateType": "Immutable",
          "Required": false,
          "Type": "S3InputFileLocation"
        }
      }
    },
    "AWS::Transfer::Workflow.S3InputFileLocation": {
      "Documentation": "http://docs.aws.amazon.com/AWSCloudFormation/latest/UserGuide/aws-properties-transfer-workflow-s3inputfilelocation.html",
      "Properties": {
        "Bucket": {
          "Documentation": "http://docs.aws.amazon.com/AWSCloudFormation/latest/UserGuide/aws-properties-transfer-workflow-s3inputfilelocation.html#cfn-transfer-workflow-s3inputfilelocation-bucket",
          "UpdateType": "Immutable",
          "Required": false,
          "PrimitiveType": "String"
        },
        "Key": {
          "Documentation": "http://docs.aws.amazon.com/AWSCloudFormation/latest/UserGuide/aws-properties-transfer-workflow-s3inputfilelocation.html#cfn-transfer-workflow-s3inputfilelocation-key",
          "UpdateType": "Immutable",
          "Required": false,
          "PrimitiveType": "String"
        }
      }
    },
    "Tag": {
      "Documentation": "http://docs.aws.amazon.com/AWSCloudFormation/latest/UserGuide/aws-properties-resource-tags.html",
      "Properties": {
        "Value": {
          "Documentation": "http://docs.aws.amazon.com/AWSCloudFormation/latest/UserGuide/aws-properties-resource-tags.html#cfn-resource-tags-value",
          "UpdateType": "Mutable",
          "Required": true,
          "PrimitiveType": "String"
        },
        "Key": {
          "Documentation": "http://docs.aws.amazon.com/AWSCloudFormation/latest/UserGuide/aws-properties-resource-tags.html#cfn-resource-tags-key",
          "UpdateType": "Mutable",
          "Required": true,
          "PrimitiveType": "String"
        }
      }
    },
    "AWS::Transfer::Workflow.DecryptStepDetails": {
      "Documentation": "http://docs.aws.amazon.com/AWSCloudFormation/latest/UserGuide/aws-properties-transfer-workflow-decryptstepdetails.html",
      "Properties": {
        "DestinationFileLocation": {
          "Documentation": "http://docs.aws.amazon.com/AWSCloudFormation/latest/UserGuide/aws-properties-transfer-workflow-decryptstepdetails.html#cfn-transfer-workflow-decryptstepdetails-destinationfilelocation",
          "UpdateType": "Immutable",
          "Required": false,
          "Type": "InputFileLocation"
        },
        "Type": {
          "Documentation": "http://docs.aws.amazon.com/AWSCloudFormation/latest/UserGuide/aws-properties-transfer-workflow-decryptstepdetails.html#cfn-transfer-workflow-decryptstepdetails-type",
          "UpdateType": "Immutable",
          "Required": false,
          "PrimitiveType": "String"
        },
        "SourceFileLocation": {
          "Documentation": "http://docs.aws.amazon.com/AWSCloudFormation/latest/UserGuide/aws-properties-transfer-workflow-decryptstepdetails.html#cfn-transfer-workflow-decryptstepdetails-sourcefilelocation",
          "UpdateType": "Immutable",
          "Required": false,
          "PrimitiveType": "String"
        },
        "Name": {
          "Documentation": "http://docs.aws.amazon.com/AWSCloudFormation/latest/UserGuide/aws-properties-transfer-workflow-decryptstepdetails.html#cfn-transfer-workflow-decryptstepdetails-name",
          "UpdateType": "Immutable",
          "Required": false,
          "PrimitiveType": "String"
        },
        "OverwriteExisting": {
          "Documentation": "http://docs.aws.amazon.com/AWSCloudFormation/latest/UserGuide/aws-properties-transfer-workflow-decryptstepdetails.html#cfn-transfer-workflow-decryptstepdetails-overwriteexisting",
          "UpdateType": "Immutable",
          "Required": false,
          "PrimitiveType": "String"
        }
      }
    },
    "AWS::Transfer::Workflow.EfsInputFileLocation": {
      "Documentation": "http://docs.aws.amazon.com/AWSCloudFormation/latest/UserGuide/aws-properties-transfer-workflow-efsinputfilelocation.html",
      "Properties": {
        "Path": {
          "Documentation": "http://docs.aws.amazon.com/AWSCloudFormation/latest/UserGuide/aws-properties-transfer-workflow-efsinputfilelocation.html#cfn-transfer-workflow-efsinputfilelocation-path",
          "UpdateType": "Immutable",
          "Required": false,
          "PrimitiveType": "String"
        },
        "FileSystemId": {
          "Documentation": "http://docs.aws.amazon.com/AWSCloudFormation/latest/UserGuide/aws-properties-transfer-workflow-efsinputfilelocation.html#cfn-transfer-workflow-efsinputfilelocation-filesystemid",
          "UpdateType": "Immutable",
          "Required": false,
          "PrimitiveType": "String"
        }
      }
    },
    "AWS::Transfer::Workflow.CustomStepDetails": {
      "Documentation": "http://docs.aws.amazon.com/AWSCloudFormation/latest/UserGuide/aws-properties-transfer-workflow-customstepdetails.html",
      "Properties": {
        "TimeoutSeconds": {
          "Documentation": "http://docs.aws.amazon.com/AWSCloudFormation/latest/UserGuide/aws-properties-transfer-workflow-customstepdetails.html#cfn-transfer-workflow-customstepdetails-timeoutseconds",
          "UpdateType": "Immutable",
          "Required": false,
          "PrimitiveType": "Integer"
        },
        "Target": {
          "Documentation": "http://docs.aws.amazon.com/AWSCloudFormation/latest/UserGuide/aws-properties-transfer-workflow-customstepdetails.html#cfn-transfer-workflow-customstepdetails-target",
          "UpdateType": "Immutable",
          "Required": false,
          "PrimitiveType": "String"
        },
        "SourceFileLocation": {
          "Documentation": "http://docs.aws.amazon.com/AWSCloudFormation/latest/UserGuide/aws-properties-transfer-workflow-customstepdetails.html#cfn-transfer-workflow-customstepdetails-sourcefilelocation",
          "UpdateType": "Immutable",
          "Required": false,
          "PrimitiveType": "String"
        },
        "Name": {
          "Documentation": "http://docs.aws.amazon.com/AWSCloudFormation/latest/UserGuide/aws-properties-transfer-workflow-customstepdetails.html#cfn-transfer-workflow-customstepdetails-name",
          "UpdateType": "Immutable",
          "Required": false,
          "PrimitiveType": "String"
        }
      }
    }
  },
  "ResourceType": {
    "AWS::Transfer::Workflow": {
      "Documentation": "http://docs.aws.amazon.com/AWSCloudFormation/latest/UserGuide/aws-resource-transfer-workflow.html",
      "Properties": {
        "Steps": {
          "Documentation": "http://docs.aws.amazon.com/AWSCloudFormation/latest/UserGuide/aws-resource-transfer-workflow.html#cfn-transfer-workflow-steps",
          "UpdateType": "Immutable",
          "Required": true,
          "Type": "List",
          "ItemType": "WorkflowStep",
          "DuplicatesAllowed": false
        },
        "Description": {
          "Documentation": "http://docs.aws.amazon.com/AWSCloudFormation/latest/UserGuide/aws-resource-transfer-workflow.html#cfn-transfer-workflow-description",
          "UpdateType": "Immutable",
          "Required": false,
          "PrimitiveType": "String"
        },
        "OnExceptionSteps": {
          "Documentation": "http://docs.aws.amazon.com/AWSCloudFormation/latest/UserGuide/aws-resource-transfer-workflow.html#cfn-transfer-workflow-onexceptionsteps",
          "UpdateType": "Immutable",
          "Required": false,
          "Type": "List",
          "ItemType": "WorkflowStep",
          "DuplicatesAllowed": false
        },
        "Tags": {
          "Documentation": "http://docs.aws.amazon.com/AWSCloudFormation/latest/UserGuide/aws-resource-transfer-workflow.html#cfn-transfer-workflow-tags",
          "UpdateType": "Mutable",
          "Required": false,
          "Type": "List",
          "ItemType": "Tag",
          "DuplicatesAllowed": false
        }
      },
      "Attributes": {
        "WorkflowId": {
          "PrimitiveType": "String"
        },
        "Arn": {
          "PrimitiveType": "String"
        }
      }
    }
  },
  "ResourceSpecificationVersion": "114.0.0"
}