{
  "PropertyTypes": {
    "AWS::WAF::ByteMatchSet.ByteMatchTuple": {
      "Documentation": "http://docs.aws.amazon.com/AWSCloudFormation/latest/UserGuide/aws-properties-waf-bytematchset-bytematchtuples.html",
      "Properties": {
        "FieldToMatch": {
          "Documentation": "http://docs.aws.amazon.com/AWSCloudFormation/latest/UserGuide/aws-properties-waf-bytematchset-bytematchtuples.html#cfn-waf-bytematchset-bytematchtuples-fieldtomatch",
          "Required": true,
          "Type": "FieldToMatch",
          "UpdateType": "Mutable"
        },
        "PositionalConstraint": {
          "Documentation": "http://docs.aws.amazon.com/AWSCloudFormation/latest/UserGuide/aws-properties-waf-bytematchset-bytematchtuples.html#cfn-waf-bytematchset-bytematchtuples-positionalconstraint",
          "PrimitiveType": "String",
          "Required": true,
          "UpdateType": "Mutable"
        },
        "TargetString": {
          "Documentation": "http://docs.aws.amazon.com/AWSCloudFormation/latest/UserGuide/aws-properties-waf-bytematchset-bytematchtuples.html#cfn-waf-bytematchset-bytematchtuples-targetstring",
          "PrimitiveType": "String",
          "Required": false,
          "UpdateType": "Mutable"
        },
        "TargetStringBase64": {
          "Documentation": "http://docs.aws.amazon.com/AWSCloudFormation/latest/UserGuide/aws-properties-waf-bytematchset-bytematchtuples.html#cfn-waf-bytematchset-bytematchtuples-targetstringbase64",
          "PrimitiveType": "String",
          "Required": false,
          "UpdateType": "Mutable"
        },
        "TextTransformation": {
          "Documentation": "http://docs.aws.amazon.com/AWSCloudFormation/latest/UserGuide/aws-properties-waf-bytematchset-bytematchtuples.html#cfn-waf-bytematchset-bytematchtuples-texttransformation",
          "PrimitiveType": "String",
          "Required": true,
          "UpdateType": "Mutable"
        }
      }
    },
    "AWS::WAF::ByteMatchSet.FieldToMatch": {
      "Documentation": "http://docs.aws.amazon.com/AWSCloudFormation/latest/UserGuide/aws-properties-waf-bytematchset-bytematchtuples-fieldtomatch.html",
      "Properties": {
        "Data": {
          "Documentation": "http://docs.aws.amazon.com/AWSCloudFormation/latest/UserGuide/aws-properties-waf-bytematchset-bytematchtuples-fieldtomatch.html#cfn-waf-bytematchset-bytematchtuples-fieldtomatch-data",
          "PrimitiveType": "String",
          "Required": false,
          "UpdateType": "Mutable"
        },
        "Type": {
          "Documentation": "http://docs.aws.amazon.com/AWSCloudFormation/latest/UserGuide/aws-properties-waf-bytematchset-bytematchtuples-fieldtomatch.html#cfn-waf-bytematchset-bytematchtuples-fieldtomatch-type",
          "PrimitiveType": "String",
          "Required": true,
          "UpdateType": "Mutable"
        }
      }
    }
  },
  "ResourceType": {
    "AWS::WAF::ByteMatchSet": {
      "Documentation": "http://docs.aws.amazon.com/AWSCloudFormation/latest/UserGuide/aws-resource-waf-bytematchset.html",
      "Properties": {
        "ByteMatchTuples": {
          "Documentation": "http://docs.aws.amazon.com/AWSCloudFormation/latest/UserGuide/aws-resource-waf-bytematchset.html#cfn-waf-bytematchset-bytematchtuples",
          "DuplicatesAllowed": false,
          "ItemType": "ByteMatchTuple",
          "Required": false,
          "Type": "List",
          "UpdateType": "Mutable"
        },
        "Name": {
          "Documentation": "http://docs.aws.amazon.com/AWSCloudFormation/latest/UserGuide/aws-resource-waf-bytematchset.html#cfn-waf-bytematchset-name",
          "PrimitiveType": "String",
          "Required": true,
          "UpdateType": "Immutable"
        }
      }
    }
  },
  "ResourceSpecificationVersion": "114.0.0"
}