{
  "PropertyTypes": {
    "AWS::WAFRegional::SqlInjectionMatchSet.FieldToMatch": {
      "Documentation": "http://docs.aws.amazon.com/AWSCloudFormation/latest/UserGuide/aws-properties-wafregional-sqlinjectionmatchset-fieldtomatch.html",
      "Properties": {
        "Type": {
          "Required": true,
          "Documentation": "http://docs.aws.amazon.com/AWSCloudFormation/latest/UserGuide/aws-properties-wafregional-sqlinjectionmatchset-fieldtomatch.html#cfn-wafregional-sqlinjectionmatchset-fieldtomatch-type",
          "PrimitiveType": "String",
          "UpdateType": "Mutable"
        },
        "Data": {
          "Required": false,
          "Documentation": "http://docs.aws.amazon.com/AWSCloudFormation/latest/UserGuide/aws-properties-wafregional-sqlinjectionmatchset-fieldtomatch.html#cfn-wafregional-sqlinjectionmatchset-fieldtomatch-data",
          "PrimitiveType": "String",
          "UpdateType": "Mutable"
        }
      }
    },
    "AWS::WAFRegional::SqlInjectionMatchSet.SqlInjectionMatchTuple": {
      "Documentation": "http://docs.aws.amazon.com/AWSCloudFormation/latest/UserGuide/aws-properties-wafregional-sqlinjectionmatchset-sqlinjectionmatchtuple.html",
      "Properties": {
        "TextTransformation": {
          "Required": true,
          "Documentation": "http://docs.aws.amazon.com/AWSCloudFormation/latest/UserGuide/aws-properties-wafregional-sqlinjectionmatchset-sqlinjectionmatchtuple.html#cfn-wafregional-sqlinjectionmatchset-sqlinjectionmatchtuple-texttransformation",
          "PrimitiveType": "String",
          "UpdateType": "Mutable"
        },
        "FieldToMatch": {
          "Type": "FieldToMatch",
          "Required": true,
          "Documentation": "http://docs.aws.amazon.com/AWSCloudFormation/latest/UserGuide/aws-properties-wafregional-sqlinjectionmatchset-sqlinjectionmatchtuple.html#cfn-wafregional-sqlinjectionmatchset-sqlinjectionmatchtuple-fieldtomatch",
          "UpdateType": "Mutable"
        }
      }
    }
  },
  "ResourceType": {
    "AWS::WAFRegional::SqlInjectionMatchSet": {
      "Documentation": "http://docs.aws.amazon.com/AWSCloudFormation/latest/UserGuide/aws-resource-wafregional-sqlinjectionmatchset.html",
      "Properties": {
        "SqlInjectionMatchTuples": {
          "Type": "List",
          "Required": false,
          "Documentation": "http://docs.aws.amazon.com/AWSCloudFormation/latest/UserGuide/aws-resource-wafregional-sqlinjectionmatchset.html#cfn-wafregional-sqlinjectionmatchset-sqlinjectionmatchtuples",
          "ItemType": "SqlInjectionMatchTuple",
          "UpdateType": "Mutable"
        },
        "Name": {
          "Required": true,
          "Documentation": "http://docs.aws.amazon.com/AWSCloudFormation/latest/UserGuide/aws-resource-wafregional-sqlinjectionmatchset.html#cfn-wafregional-sqlinjectionmatchset-name",
          "PrimitiveType": "String",
          "UpdateType": "Immutable"
        }
      }
    }
  },
  "ResourceSpecificationVersion": "114.0.0"
}