{
  "ResourceType": {
    "AWS::WAFRegional::RegexPatternSet": {
      "Documentation": "http://docs.aws.amazon.com/AWSCloudFormation/latest/UserGuide/aws-resource-wafregional-regexpatternset.html",
      "Properties": {
        "RegexPatternStrings": {
          "PrimitiveItemType": "String",
          "Type": "List",
          "Required": true,
          "Documentation": "http://docs.aws.amazon.com/AWSCloudFormation/latest/UserGuide/aws-resource-wafregional-regexpatternset.html#cfn-wafregional-regexpatternset-regexpatternstrings",
          "UpdateType": "Mutable"
        },
        "Name": {
          "Required": true,
          "Documentation": "http://docs.aws.amazon.com/AWSCloudFormation/latest/UserGuide/aws-resource-wafregional-regexpatternset.html#cfn-wafregional-regexpatternset-name",
          "PrimitiveType": "String",
          "UpdateType": "Immutable"
        }
      }
    }
  },
  "ResourceSpecificationVersion": "114.0.0"
}