{
  "PropertyTypes": {
    "AWS::WAFRegional::GeoMatchSet.GeoMatchConstraint": {
      "Documentation": "http://docs.aws.amazon.com/AWSCloudFormation/latest/UserGuide/aws-properties-wafregional-geomatchset-geomatchconstraint.html",
      "Properties": {
        "Type": {
          "Required": true,
          "Documentation": "http://docs.aws.amazon.com/AWSCloudFormation/latest/UserGuide/aws-properties-wafregional-geomatchset-geomatchconstraint.html#cfn-wafregional-geomatchset-geomatchconstraint-type",
          "PrimitiveType": "String",
          "UpdateType": "Mutable"
        },
        "Value": {
          "Required": true,
          "Documentation": "http://docs.aws.amazon.com/AWSCloudFormation/latest/UserGuide/aws-properties-wafregional-geomatchset-geomatchconstraint.html#cfn-wafregional-geomatchset-geomatchconstraint-value",
          "PrimitiveType": "String",
          "UpdateType": "Mutable"
        }
      }
    }
  },
  "ResourceType": {
    "AWS::WAFRegional::GeoMatchSet": {
      "Documentation": "http://docs.aws.amazon.com/AWSCloudFormation/latest/UserGuide/aws-resource-wafregional-geomatchset.html",
      "Properties": {
        "GeoMatchConstraints": {
          "Type": "List",
          "Required": false,
          "Documentation": "http://docs.aws.amazon.com/AWSCloudFormation/latest/UserGuide/aws-resource-wafregional-geomatchset.html#cfn-wafregional-geomatchset-geomatchconstraints",
          "ItemType": "GeoMatchConstraint",
          "UpdateType": "Mutable"
        },
        "Name": {
          "Required": true,
          "Documentation": "http://docs.aws.amazon.com/AWSCloudFormation/latest/UserGuide/aws-resource-wafregional-geomatchset.html#cfn-wafregional-geomatchset-name",
          "PrimitiveType": "String",
          "UpdateType": "Immutable"
        }
      }
    }
  },
  "ResourceSpecificationVersion": "114.0.0"
}