{
  "PropertyTypes": {
    "AWS::WAFv2::LoggingConfiguration.MatchPattern": {
      "Documentation": "http://docs.aws.amazon.com/AWSCloudFormation/latest/UserGuide/aws-properties-wafv2-loggingconfiguration-matchpattern.html",
      "Properties": {
        "All": {
          "Documentation": "http://docs.aws.amazon.com/AWSCloudFormation/latest/UserGuide/aws-properties-wafv2-loggingconfiguration-matchpattern.html#cfn-wafv2-loggingconfiguration-matchpattern-all",
          "UpdateType": "Mutable",
          "Required": false,
          "PrimitiveType": "Json"
        },
        "IncludedPaths": {
          "Documentation": "http://docs.aws.amazon.com/AWSCloudFormation/latest/UserGuide/aws-properties-wafv2-loggingconfiguration-matchpattern.html#cfn-wafv2-loggingconfiguration-matchpattern-includedpaths",
          "UpdateType": "Mutable",
          "Required": false,
          "Type": "List",
          "PrimitiveItemType": "String",
          "DuplicatesAllowed": true
        }
      }
    },
    "AWS::WAFv2::LoggingConfiguration.LoggingFilter": {
      "Documentation": "http://docs.aws.amazon.com/AWSCloudFormation/latest/UserGuide/aws-properties-wafv2-loggingconfiguration-loggingfilter.html",
      "Properties": {
        "Filters": {
          "Documentation": "http://docs.aws.amazon.com/AWSCloudFormation/latest/UserGuide/aws-properties-wafv2-loggingconfiguration-loggingfilter.html#cfn-wafv2-loggingconfiguration-loggingfilter-filters",
          "UpdateType": "Mutable",
          "Required": true,
          "Type": "List",
          "ItemType": "Filter",
          "DuplicatesAllowed": true
        },
        "DefaultBehavior": {
          "Documentation": "http://docs.aws.amazon.com/AWSCloudFormation/latest/UserGuide/aws-properties-wafv2-loggingconfiguration-loggingfilter.html#cfn-wafv2-loggingconfiguration-loggingfilter-defaultbehavior",
          "UpdateType": "Mutable",
          "Required": true,
          "PrimitiveType": "String"
        }
      }
    },
    "AWS::WAFv2::LoggingConfiguration.Filter": {
      "Documentation": "http://docs.aws.amazon.com/AWSCloudFormation/latest/UserGuide/aws-properties-wafv2-loggingconfiguration-filter.html",
      "Properties": {
        "Requirement": {
          "Documentation": "http://docs.aws.amazon.com/AWSCloudFormation/latest/UserGuide/aws-properties-wafv2-loggingconfiguration-filter.html#cfn-wafv2-loggingconfiguration-filter-requirement",
          "UpdateType": "Mutable",
          "Required": true,
          "PrimitiveType": "String"
        },
        "Behavior": {
          "Documentation": "http://docs.aws.amazon.com/AWSCloudFormation/latest/UserGuide/aws-properties-wafv2-loggingconfiguration-filter.html#cfn-wafv2-loggingconfiguration-filter-behavior",
          "UpdateType": "Mutable",
          "Required": true,
          "PrimitiveType": "String"
        },
        "Conditions": {
          "Documentation": "http://docs.aws.amazon.com/AWSCloudFormation/latest/UserGuide/aws-properties-wafv2-loggingconfiguration-filter.html#cfn-wafv2-loggingconfiguration-filter-conditions",
          "UpdateType": "Mutable",
          "Required": true,
          "Type": "List",
          "ItemType": "Condition",
          "DuplicatesAllowed": true
        }
      }
    },
    "AWS::WAFv2::LoggingConfiguration.LabelNameCondition": {
      "Documentation": "http://docs.aws.amazon.com/AWSCloudFormation/latest/UserGuide/aws-properties-wafv2-loggingconfiguration-labelnamecondition.html",
      "Properties": {
        "LabelName": {
          "Documentation": "http://docs.aws.amazon.com/AWSCloudFormation/latest/UserGuide/aws-properties-wafv2-loggingconfiguration-labelnamecondition.html#cfn-wafv2-loggingconfiguration-labelnamecondition-labelname",
          "UpdateType": "Mutable",
          "Required": true,
          "PrimitiveType": "String"
        }
      }
    },
    "AWS::WAFv2::LoggingConfiguration.Condition": {
      "Documentation": "http://docs.aws.amazon.com/AWSCloudFormation/latest/UserGuide/aws-properties-wafv2-loggingconfiguration-condition.html",
      "Properties": {
        "LabelNameCondition": {
          "Documentation": "http://docs.aws.amazon.com/AWSCloudFormation/latest/UserGuide/aws-properties-wafv2-loggingconfiguration-condition.html#cfn-wafv2-loggingconfiguration-condition-labelnamecondition",
          "UpdateType": "Mutable",
          "Required": false,
          "Type": "LabelNameCondition"
        },
        "ActionCondition": {
          "Documentation": "http://docs.aws.amazon.com/AWSCloudFormation/latest/UserGuide/aws-properties-wafv2-loggingconfiguration-condition.html#cfn-wafv2-loggingconfiguration-condition-actioncondition",
          "UpdateType": "Mutable",
          "Required": false,
          "Type": "ActionCondition"
        }
      }
    },
    "AWS::WAFv2::LoggingConfiguration.JsonBody": {
      "Documentation": "http://docs.aws.amazon.com/AWSCloudFormation/latest/UserGuide/aws-properties-wafv2-loggingconfiguration-jsonbody.html",
      "Properties": {
        "MatchScope": {
          "Documentation": "http://docs.aws.amazon.com/AWSCloudFormation/latest/UserGuide/aws-properties-wafv2-loggingconfiguration-jsonbody.html#cfn-wafv2-loggingconfiguration-jsonbody-matchscope",
          "UpdateType": "Mutable",
          "Required": true,
          "PrimitiveType": "String"
        },
        "InvalidFallbackBehavior": {
          "Documentation": "http://docs.aws.amazon.com/AWSCloudFormation/latest/UserGuide/aws-properties-wafv2-loggingconfiguration-jsonbody.html#cfn-wafv2-loggingconfiguration-jsonbody-invalidfallbackbehavior",
          "UpdateType": "Mutable",
          "Required": false,
          "PrimitiveType": "String"
        },
        "MatchPattern": {
          "Documentation": "http://docs.aws.amazon.com/AWSCloudFormation/latest/UserGuide/aws-properties-wafv2-loggingconfiguration-jsonbody.html#cfn-wafv2-loggingconfiguration-jsonbody-matchpattern",
          "UpdateType": "Mutable",
          "Required": true,
          "Type": "MatchPattern"
        }
      }
    },
    "AWS::WAFv2::LoggingConfiguration.ActionCondition": {
      "Documentation": "http://docs.aws.amazon.com/AWSCloudFormation/latest/UserGuide/aws-properties-wafv2-loggingconfiguration-actioncondition.html",
      "Properties": {
        "Action": {
          "Documentation": "http://docs.aws.amazon.com/AWSCloudFormation/latest/UserGuide/aws-properties-wafv2-loggingconfiguration-actioncondition.html#cfn-wafv2-loggingconfiguration-actioncondition-action",
          "UpdateType": "Mutable",
          "Required": true,
          "PrimitiveType": "String"
        }
      }
    },
    "AWS::WAFv2::LoggingConfiguration.FieldToMatch": {
      "Documentation": "http://docs.aws.amazon.com/AWSCloudFormation/latest/UserGuide/aws-properties-wafv2-loggingconfiguration-fieldtomatch.html",
      "Properties": {
        "JsonBody": {
          "Documentation": "http://docs.aws.amazon.com/AWSCloudFormation/latest/UserGuide/aws-properties-wafv2-loggingconfiguration-fieldtomatch.html#cfn-wafv2-loggingconfiguration-fieldtomatch-jsonbody",
          "UpdateType": "Mutable",
          "Required": false,
          "Type": "JsonBody"
        },
        "QueryString": {
          "Documentation": "http://docs.aws.amazon.com/AWSCloudFormation/latest/UserGuide/aws-properties-wafv2-loggingconfiguration-fieldtomatch.html#cfn-wafv2-loggingconfiguration-fieldtomatch-querystring",
          "UpdateType": "Mutable",
          "Required": false,
          "PrimitiveType": "Json"
        },
        "UriPath": {
          "Documentation": "http://docs.aws.amazon.com/AWSCloudFormation/latest/UserGuide/aws-properties-wafv2-loggingconfiguration-fieldtomatch.html#cfn-wafv2-loggingconfiguration-fieldtomatch-uripath",
          "UpdateType": "Mutable",
          "Required": false,
          "PrimitiveType": "Json"
        },
        "Method": {
          "Documentation": "http://docs.aws.amazon.com/AWSCloudFormation/latest/UserGuide/aws-properties-wafv2-loggingconfiguration-fieldtomatch.html#cfn-wafv2-loggingconfiguration-fieldtomatch-method",
          "UpdateType": "Mutable",
          "Required": false,
          "PrimitiveType": "Json"
        },
        "SingleHeader": {
          "Documentation": "http://docs.aws.amazon.com/AWSCloudFormation/latest/UserGuide/aws-properties-wafv2-loggingconfiguration-fieldtomatch.html#cfn-wafv2-loggingconfiguration-fieldtomatch-singleheader",
          "UpdateType": "Mutable",
          "Required": false,
          "Type": "SingleHeader"
        }
      }
    },
    "AWS::WAFv2::LoggingConfiguration.SingleHeader": {
      "Documentation": "http://docs.aws.amazon.com/AWSCloudFormation/latest/UserGuide/aws-properties-wafv2-loggingconfiguration-singleheader.html",
      "Properties": {
        "Name": {
          "Documentation": "http://docs.aws.amazon.com/AWSCloudFormation/latest/UserGuide/aws-properties-wafv2-loggingconfiguration-singleheader.html#cfn-wafv2-loggingconfiguration-singleheader-name",
          "UpdateType": "Mutable",
          "Required": true,
          "PrimitiveType": "String"
        }
      }
    }
  },
  "ResourceType": {
    "AWS::WAFv2::LoggingConfiguration": {
      "Documentation": "http://docs.aws.amazon.com/AWSCloudFormation/latest/UserGuide/aws-resource-wafv2-loggingconfiguration.html",
      "Properties": {
        "ResourceArn": {
          "Documentation": "http://docs.aws.amazon.com/AWSCloudFormation/latest/UserGuide/aws-resource-wafv2-loggingconfiguration.html#cfn-wafv2-loggingconfiguration-resourcearn",
          "UpdateType": "Immutable",
          "Required": true,
          "PrimitiveType": "String"
        },
        "LogDestinationConfigs": {
          "Documentation": "http://docs.aws.amazon.com/AWSCloudFormation/latest/UserGuide/aws-resource-wafv2-loggingconfiguration.html#cfn-wafv2-loggingconfiguration-logdestinationconfigs",
          "UpdateType": "Mutable",
          "Required": true,
          "Type": "List",
          "PrimitiveItemType": "String",
          "DuplicatesAllowed": true
        },
        "RedactedFields": {
          "Documentation": "http://docs.aws.amazon.com/AWSCloudFormation/latest/UserGuide/aws-resource-wafv2-loggingconfiguration.html#cfn-wafv2-loggingconfiguration-redactedfields",
          "UpdateType": "Mutable",
          "Required": false,
          "Type": "List",
          "ItemType": "FieldToMatch",
          "DuplicatesAllowed": true
        },
        "LoggingFilter": {
          "Documentation": "http://docs.aws.amazon.com/AWSCloudFormation/latest/UserGuide/aws-resource-wafv2-loggingconfiguration.html#cfn-wafv2-loggingconfiguration-loggingfilter",
          "UpdateType": "Mutable",
          "Required": false,
          "Type": "LoggingFilter"
        }
      },
      "Attributes": {
        "ManagedByFirewallManager": {
          "PrimitiveType": "Boolean"
        }
      }
    }
  },
  "ResourceSpecificationVersion": "114.0.0"
}