{
  "PropertyTypes": {
    "AWS::WAFv2::WebACL.RegexMatchStatement": {
      "Documentation": "http://docs.aws.amazon.com/AWSCloudFormation/latest/UserGuide/aws-properties-wafv2-webacl-regexmatchstatement.html",
      "Properties": {
        "TextTransformations": {
          "Documentation": "http://docs.aws.amazon.com/AWSCloudFormation/latest/UserGuide/aws-properties-wafv2-webacl-regexmatchstatement.html#cfn-wafv2-webacl-regexmatchstatement-texttransformations",
          "UpdateType": "Mutable",
          "Required": true,
          "Type": "List",
          "ItemType": "TextTransformation",
          "DuplicatesAllowed": true
        },
        "RegexString": {
          "Documentation": "http://docs.aws.amazon.com/AWSCloudFormation/latest/UserGuide/aws-properties-wafv2-webacl-regexmatchstatement.html#cfn-wafv2-webacl-regexmatchstatement-regexstring",
          "UpdateType": "Mutable",
          "Required": true,
          "PrimitiveType": "String"
        },
        "FieldToMatch": {
          "Documentation": "http://docs.aws.amazon.com/AWSCloudFormation/latest/UserGuide/aws-properties-wafv2-webacl-regexmatchstatement.html#cfn-wafv2-webacl-regexmatchstatement-fieldtomatch",
          "UpdateType": "Mutable",
          "Required": true,
          "Type": "FieldToMatch"
        }
      }
    },
    "AWS::WAFv2::WebACL.DefaultAction": {
      "Documentation": "http://docs.aws.amazon.com/AWSCloudFormation/latest/UserGuide/aws-properties-wafv2-webacl-defaultaction.html",
      "Properties": {
        "Block": {
          "Documentation": "http://docs.aws.amazon.com/AWSCloudFormation/latest/UserGuide/aws-properties-wafv2-webacl-defaultaction.html#cfn-wafv2-webacl-defaultaction-block",
          "UpdateType": "Mutable",
          "Required": false,
          "Type": "BlockAction"
        },
        "Allow": {
          "Documentation": "http://docs.aws.amazon.com/AWSCloudFormation/latest/UserGuide/aws-properties-wafv2-webacl-defaultaction.html#cfn-wafv2-webacl-defaultaction-allow",
          "UpdateType": "Mutable",
          "Required": false,
          "Type": "AllowAction"
        }
      }
    },
    "AWS::WAFv2::WebACL.ResponseInspectionJson": {
      "Documentation": "http://docs.aws.amazon.com/AWSCloudFormation/latest/UserGuide/aws-properties-wafv2-webacl-responseinspectionjson.html",
      "Properties": {
        "Identifier": {
          "Documentation": "http://docs.aws.amazon.com/AWSCloudFormation/latest/UserGuide/aws-properties-wafv2-webacl-responseinspectionjson.html#cfn-wafv2-webacl-responseinspectionjson-identifier",
          "UpdateType": "Mutable",
          "Required": true,
          "PrimitiveType": "String"
        },
        "SuccessValues": {
          "Documentation": "http://docs.aws.amazon.com/AWSCloudFormation/latest/UserGuide/aws-properties-wafv2-webacl-responseinspectionjson.html#cfn-wafv2-webacl-responseinspectionjson-successvalues",
          "UpdateType": "Mutable",
          "Required": true,
          "Type": "List",
          "PrimitiveItemType": "String",
          "DuplicatesAllowed": true
        },
        "FailureValues": {
          "Documentation": "http://docs.aws.amazon.com/AWSCloudFormation/latest/UserGuide/aws-properties-wafv2-webacl-responseinspectionjson.html#cfn-wafv2-webacl-responseinspectionjson-failurevalues",
          "UpdateType": "Mutable",
          "Required": true,
          "Type": "List",
          "PrimitiveItemType": "String",
          "DuplicatesAllowed": true
        }
      }
    },
    "AWS::WAFv2::WebACL.AndStatement": {
      "Documentation": "http://docs.aws.amazon.com/AWSCloudFormation/latest/UserGuide/aws-properties-wafv2-webacl-andstatement.html",
      "Properties": {
        "Statements": {
          "Documentation": "http://docs.aws.amazon.com/AWSCloudFormation/latest/UserGuide/aws-properties-wafv2-webacl-andstatement.html#cfn-wafv2-webacl-andstatement-statements",
          "UpdateType": "Mutable",
          "Required": true,
          "Type": "List",
          "ItemType": "Statement",
          "DuplicatesAllowed": true
        }
      }
    },
    "AWS::WAFv2::WebACL.Label": {
      "Documentation": "http://docs.aws.amazon.com/AWSCloudFormation/latest/UserGuide/aws-properties-wafv2-webacl-label.html",
      "Properties": {
        "Name": {
          "Documentation": "http://docs.aws.amazon.com/AWSCloudFormation/latest/UserGuide/aws-properties-wafv2-webacl-label.html#cfn-wafv2-webacl-label-name",
          "UpdateType": "Mutable",
          "Required": true,
          "PrimitiveType": "String"
        }
      }
    },
    "AWS::WAFv2::WebACL.CustomResponseBody": {
      "Documentation": "http://docs.aws.amazon.com/AWSCloudFormation/latest/UserGuide/aws-properties-wafv2-webacl-customresponsebody.html",
      "Properties": {
        "ContentType": {
          "Documentation": "http://docs.aws.amazon.com/AWSCloudFormation/latest/UserGuide/aws-properties-wafv2-webacl-customresponsebody.html#cfn-wafv2-webacl-customresponsebody-contenttype",
          "UpdateType": "Mutable",
          "Required": true,
          "PrimitiveType": "String"
        },
        "Content": {
          "Documentation": "http://docs.aws.amazon.com/AWSCloudFormation/latest/UserGuide/aws-properties-wafv2-webacl-customresponsebody.html#cfn-wafv2-webacl-customresponsebody-content",
          "UpdateType": "Mutable",
          "Required": true,
          "PrimitiveType": "String"
        }
      }
    },
    "AWS::WAFv2::WebACL.JsonBody": {
      "Documentation": "http://docs.aws.amazon.com/AWSCloudFormation/latest/UserGuide/aws-properties-wafv2-webacl-jsonbody.html",
      "Properties": {
        "MatchScope": {
          "Documentation": "http://docs.aws.amazon.com/AWSCloudFormation/latest/UserGuide/aws-properties-wafv2-webacl-jsonbody.html#cfn-wafv2-webacl-jsonbody-matchscope",
          "UpdateType": "Mutable",
          "Required": true,
          "PrimitiveType": "String"
        },
        "MatchPattern": {
          "Documentation": "http://docs.aws.amazon.com/AWSCloudFormation/latest/UserGuide/aws-properties-wafv2-webacl-jsonbody.html#cfn-wafv2-webacl-jsonbody-matchpattern",
          "UpdateType": "Mutable",
          "Required": true,
          "Type": "JsonMatchPattern"
        },
        "InvalidFallbackBehavior": {
          "Documentation": "http://docs.aws.amazon.com/AWSCloudFormation/latest/UserGuide/aws-properties-wafv2-webacl-jsonbody.html#cfn-wafv2-webacl-jsonbody-invalidfallbackbehavior",
          "UpdateType": "Mutable",
          "Required": false,
          "PrimitiveType": "String"
        },
        "OversizeHandling": {
          "Documentation": "http://docs.aws.amazon.com/AWSCloudFormation/latest/UserGuide/aws-properties-wafv2-webacl-jsonbody.html#cfn-wafv2-webacl-jsonbody-oversizehandling",
          "UpdateType": "Mutable",
          "Required": false,
          "PrimitiveType": "String"
        }
      }
    },
    "AWS::WAFv2::WebACL.FieldToMatch": {
      "Documentation": "http://docs.aws.amazon.com/AWSCloudFormation/latest/UserGuide/aws-properties-wafv2-webacl-fieldtomatch.html",
      "Properties": {
        "JsonBody": {
          "Documentation": "http://docs.aws.amazon.com/AWSCloudFormation/latest/UserGuide/aws-properties-wafv2-webacl-fieldtomatch.html#cfn-wafv2-webacl-fieldtomatch-jsonbody",
          "UpdateType": "Mutable",
          "Required": false,
          "Type": "JsonBody"
        },
        "AllQueryArguments": {
          "Documentation": "http://docs.aws.amazon.com/AWSCloudFormation/latest/UserGuide/aws-properties-wafv2-webacl-fieldtomatch.html#cfn-wafv2-webacl-fieldtomatch-allqueryarguments",
          "UpdateType": "Mutable",
          "Required": false,
          "PrimitiveType": "Json"
        },
        "SingleQueryArgument": {
          "Documentation": "http://docs.aws.amazon.com/AWSCloudFormation/latest/UserGuide/aws-properties-wafv2-webacl-fieldtomatch.html#cfn-wafv2-webacl-fieldtomatch-singlequeryargument",
          "UpdateType": "Mutable",
          "Required": false,
          "Type": "SingleQueryArgument"
        },
        "UriPath": {
          "Documentation": "http://docs.aws.amazon.com/AWSCloudFormation/latest/UserGuide/aws-properties-wafv2-webacl-fieldtomatch.html#cfn-wafv2-webacl-fieldtomatch-uripath",
          "UpdateType": "Mutable",
          "Required": false,
          "PrimitiveType": "Json"
        },
        "QueryString": {
          "Documentation": "http://docs.aws.amazon.com/AWSCloudFormation/latest/UserGuide/aws-properties-wafv2-webacl-fieldtomatch.html#cfn-wafv2-webacl-fieldtomatch-querystring",
          "UpdateType": "Mutable",
          "Required": false,
          "PrimitiveType": "Json"
        },
        "Headers": {
          "Documentation": "http://docs.aws.amazon.com/AWSCloudFormation/latest/UserGuide/aws-properties-wafv2-webacl-fieldtomatch.html#cfn-wafv2-webacl-fieldtomatch-headers",
          "UpdateType": "Mutable",
          "Required": false,
          "Type": "Headers"
        },
        "Cookies": {
          "Documentation": "http://docs.aws.amazon.com/AWSCloudFormation/latest/UserGuide/aws-properties-wafv2-webacl-fieldtomatch.html#cfn-wafv2-webacl-fieldtomatch-cookies",
          "UpdateType": "Mutable",
          "Required": false,
          "Type": "Cookies"
        },
        "Method": {
          "Documentation": "http://docs.aws.amazon.com/AWSCloudFormation/latest/UserGuide/aws-properties-wafv2-webacl-fieldtomatch.html#cfn-wafv2-webacl-fieldtomatch-method",
          "UpdateType": "Mutable",
          "Required": false,
          "PrimitiveType": "Json"
        },
        "Body": {
          "Documentation": "http://docs.aws.amazon.com/AWSCloudFormation/latest/UserGuide/aws-properties-wafv2-webacl-fieldtomatch.html#cfn-wafv2-webacl-fieldtomatch-body",
          "UpdateType": "Mutable",
          "Required": false,
          "Type": "Body"
        },
        "SingleHeader": {
          "Documentation": "http://docs.aws.amazon.com/AWSCloudFormation/latest/UserGuide/aws-properties-wafv2-webacl-fieldtomatch.html#cfn-wafv2-webacl-fieldtomatch-singleheader",
          "UpdateType": "Mutable",
          "Required": false,
          "Type": "SingleHeader"
        }
      }
    },
    "AWS::WAFv2::WebACL.NotStatement": {
      "Documentation": "http://docs.aws.amazon.com/AWSCloudFormation/latest/UserGuide/aws-properties-wafv2-webacl-notstatement.html",
      "Properties": {
        "Statement": {
          "Documentation": "http://docs.aws.amazon.com/AWSCloudFormation/latest/UserGuide/aws-properties-wafv2-webacl-notstatement.html#cfn-wafv2-webacl-notstatement-statement",
          "UpdateType": "Mutable",
          "Required": true,
          "Type": "Statement"
        }
      }
    },
    "AWS::WAFv2::WebACL.BlockAction": {
      "Documentation": "http://docs.aws.amazon.com/AWSCloudFormation/latest/UserGuide/aws-properties-wafv2-webacl-blockaction.html",
      "Properties": {
        "CustomResponse": {
          "Documentation": "http://docs.aws.amazon.com/AWSCloudFormation/latest/UserGuide/aws-properties-wafv2-webacl-blockaction.html#cfn-wafv2-webacl-blockaction-customresponse",
          "UpdateType": "Mutable",
          "Required": false,
          "Type": "CustomResponse"
        }
      }
    },
    "AWS::WAFv2::WebACL.SqliMatchStatement": {
      "Documentation": "http://docs.aws.amazon.com/AWSCloudFormation/latest/UserGuide/aws-properties-wafv2-webacl-sqlimatchstatement.html",
      "Properties": {
        "SensitivityLevel": {
          "Documentation": "http://docs.aws.amazon.com/AWSCloudFormation/latest/UserGuide/aws-properties-wafv2-webacl-sqlimatchstatement.html#cfn-wafv2-webacl-sqlimatchstatement-sensitivitylevel",
          "UpdateType": "Mutable",
          "Required": false,
          "PrimitiveType": "String"
        },
        "TextTransformations": {
          "Documentation": "http://docs.aws.amazon.com/AWSCloudFormation/latest/UserGuide/aws-properties-wafv2-webacl-sqlimatchstatement.html#cfn-wafv2-webacl-sqlimatchstatement-texttransformations",
          "UpdateType": "Mutable",
          "Required": true,
          "Type": "List",
          "ItemType": "TextTransformation",
          "DuplicatesAllowed": true
        },
        "FieldToMatch": {
          "Documentation": "http://docs.aws.amazon.com/AWSCloudFormation/latest/UserGuide/aws-properties-wafv2-webacl-sqlimatchstatement.html#cfn-wafv2-webacl-sqlimatchstatement-fieldtomatch",
          "UpdateType": "Mutable",
          "Required": true,
          "Type": "FieldToMatch"
        }
      }
    },
    "AWS::WAFv2::WebACL.AWSManagedRulesBotControlRuleSet": {
      "Documentation": "http://docs.aws.amazon.com/AWSCloudFormation/latest/UserGuide/aws-properties-wafv2-webacl-awsmanagedrulesbotcontrolruleset.html",
      "Properties": {
        "InspectionLevel": {
          "Documentation": "http://docs.aws.amazon.com/AWSCloudFormation/latest/UserGuide/aws-properties-wafv2-webacl-awsmanagedrulesbotcontrolruleset.html#cfn-wafv2-webacl-awsmanagedrulesbotcontrolruleset-inspectionlevel",
          "UpdateType": "Mutable",
          "Required": true,
          "PrimitiveType": "String"
        }
      }
    },
    "AWS::WAFv2::WebACL.Body": {
      "Documentation": "http://docs.aws.amazon.com/AWSCloudFormation/latest/UserGuide/aws-properties-wafv2-webacl-body.html",
      "Properties": {
        "OversizeHandling": {
          "Documentation": "http://docs.aws.amazon.com/AWSCloudFormation/latest/UserGuide/aws-properties-wafv2-webacl-body.html#cfn-wafv2-webacl-body-oversizehandling",
          "UpdateType": "Mutable",
          "Required": false,
          "PrimitiveType": "String"
        }
      }
    },
    "AWS::WAFv2::WebACL.ChallengeAction": {
      "Documentation": "http://docs.aws.amazon.com/AWSCloudFormation/latest/UserGuide/aws-properties-wafv2-webacl-challengeaction.html",
      "Properties": {
        "CustomRequestHandling": {
          "Documentation": "http://docs.aws.amazon.com/AWSCloudFormation/latest/UserGuide/aws-properties-wafv2-webacl-challengeaction.html#cfn-wafv2-webacl-challengeaction-customrequesthandling",
          "UpdateType": "Mutable",
          "Required": false,
          "Type": "CustomRequestHandling"
        }
      }
    },
    "AWS::WAFv2::WebACL.ManagedRuleGroupConfig": {
      "Documentation": "http://docs.aws.amazon.com/AWSCloudFormation/latest/UserGuide/aws-properties-wafv2-webacl-managedrulegroupconfig.html",
      "Properties": {
        "UsernameField": {
          "Documentation": "http://docs.aws.amazon.com/AWSCloudFormation/latest/UserGuide/aws-properties-wafv2-webacl-managedrulegroupconfig.html#cfn-wafv2-webacl-managedrulegroupconfig-usernamefield",
          "UpdateType": "Mutable",
          "Required": false,
          "Type": "FieldIdentifier"
        },
        "LoginPath": {
          "Documentation": "http://docs.aws.amazon.com/AWSCloudFormation/latest/UserGuide/aws-properties-wafv2-webacl-managedrulegroupconfig.html#cfn-wafv2-webacl-managedrulegroupconfig-loginpath",
          "UpdateType": "Mutable",
          "Required": false,
          "PrimitiveType": "String"
        },
        "AWSManagedRulesATPRuleSet": {
          "Documentation": "http://docs.aws.amazon.com/AWSCloudFormation/latest/UserGuide/aws-properties-wafv2-webacl-managedrulegroupconfig.html#cfn-wafv2-webacl-managedrulegroupconfig-awsmanagedrulesatpruleset",
          "UpdateType": "Mutable",
          "Required": false,
          "Type": "AWSManagedRulesATPRuleSet"
        },
        "AWSManagedRulesBotControlRuleSet": {
          "Documentation": "http://docs.aws.amazon.com/AWSCloudFormation/latest/UserGuide/aws-properties-wafv2-webacl-managedrulegroupconfig.html#cfn-wafv2-webacl-managedrulegroupconfig-awsmanagedrulesbotcontrolruleset",
          "UpdateType": "Mutable",
          "Required": false,
          "Type": "AWSManagedRulesBotControlRuleSet"
        },
        "PasswordField": {
          "Documentation": "http://docs.aws.amazon.com/AWSCloudFormation/latest/UserGuide/aws-properties-wafv2-webacl-managedrulegroupconfig.html#cfn-wafv2-webacl-managedrulegroupconfig-passwordfield",
          "UpdateType": "Mutable",
          "Required": false,
          "Type": "FieldIdentifier"
        },
        "PayloadType": {
          "Documentation": "http://docs.aws.amazon.com/AWSCloudFormation/latest/UserGuide/aws-properties-wafv2-webacl-managedrulegroupconfig.html#cfn-wafv2-webacl-managedrulegroupconfig-payloadtype",
          "UpdateType": "Mutable",
          "Required": false,
          "PrimitiveType": "String"
        }
      }
    },
    "AWS::WAFv2::WebACL.HeaderMatchPattern": {
      "Documentation": "http://docs.aws.amazon.com/AWSCloudFormation/latest/UserGuide/aws-properties-wafv2-webacl-headermatchpattern.html",
      "Properties": {
        "All": {
          "Documentation": "http://docs.aws.amazon.com/AWSCloudFormation/latest/UserGuide/aws-properties-wafv2-webacl-headermatchpattern.html#cfn-wafv2-webacl-headermatchpattern-all",
          "UpdateType": "Mutable",
          "Required": false,
          "PrimitiveType": "Json"
        },
        "IncludedHeaders": {
          "Documentation": "http://docs.aws.amazon.com/AWSCloudFormation/latest/UserGuide/aws-properties-wafv2-webacl-headermatchpattern.html#cfn-wafv2-webacl-headermatchpattern-includedheaders",
          "UpdateType": "Mutable",
          "Required": false,
          "Type": "List",
          "PrimitiveItemType": "String",
          "DuplicatesAllowed": true
        },
        "ExcludedHeaders": {
          "Documentation": "http://docs.aws.amazon.com/AWSCloudFormation/latest/UserGuide/aws-properties-wafv2-webacl-headermatchpattern.html#cfn-wafv2-webacl-headermatchpattern-excludedheaders",
          "UpdateType": "Mutable",
          "Required": false,
          "Type": "List",
          "PrimitiveItemType": "String",
          "DuplicatesAllowed": true
        }
      }
    },
    "AWS::WAFv2::WebACL.CountAction": {
      "Documentation": "http://docs.aws.amazon.com/AWSCloudFormation/latest/UserGuide/aws-properties-wafv2-webacl-countaction.html",
      "Properties": {
        "CustomRequestHandling": {
          "Documentation": "http://docs.aws.amazon.com/AWSCloudFormation/latest/UserGuide/aws-properties-wafv2-webacl-countaction.html#cfn-wafv2-webacl-countaction-customrequesthandling",
          "UpdateType": "Mutable",
          "Required": false,
          "Type": "CustomRequestHandling"
        }
      }
    },
    "AWS::WAFv2::WebACL.CookieMatchPattern": {
      "Documentation": "http://docs.aws.amazon.com/AWSCloudFormation/latest/UserGuide/aws-properties-wafv2-webacl-cookiematchpattern.html",
      "Properties": {
        "All": {
          "Documentation": "http://docs.aws.amazon.com/AWSCloudFormation/latest/UserGuide/aws-properties-wafv2-webacl-cookiematchpattern.html#cfn-wafv2-webacl-cookiematchpattern-all",
          "UpdateType": "Mutable",
          "Required": false,
          "PrimitiveType": "Json"
        },
        "IncludedCookies": {
          "Documentation": "http://docs.aws.amazon.com/AWSCloudFormation/latest/UserGuide/aws-properties-wafv2-webacl-cookiematchpattern.html#cfn-wafv2-webacl-cookiematchpattern-includedcookies",
          "UpdateType": "Mutable",
          "Required": false,
          "Type": "List",
          "PrimitiveItemType": "String",
          "DuplicatesAllowed": true
        },
        "ExcludedCookies": {
          "Documentation": "http://docs.aws.amazon.com/AWSCloudFormation/latest/UserGuide/aws-properties-wafv2-webacl-cookiematchpattern.html#cfn-wafv2-webacl-cookiematchpattern-excludedcookies",
          "UpdateType": "Mutable",
          "Required": false,
          "Type": "List",
          "PrimitiveItemType": "String",
          "DuplicatesAllowed": true
        }
      }
    },
    "AWS::WAFv2::WebACL.RuleAction": {
      "Documentation": "http://docs.aws.amazon.com/AWSCloudFormation/latest/UserGuide/aws-properties-wafv2-webacl-ruleaction.html",
      "Properties": {
        "Captcha": {
          "Documentation": "http://docs.aws.amazon.com/AWSCloudFormation/latest/UserGuide/aws-properties-wafv2-webacl-ruleaction.html#cfn-wafv2-webacl-ruleaction-captcha",
          "UpdateType": "Mutable",
          "Required": false,
          "Type": "CaptchaAction"
        },
        "Block": {
          "Documentation": "http://docs.aws.amazon.com/AWSCloudFormation/latest/UserGuide/aws-properties-wafv2-webacl-ruleaction.html#cfn-wafv2-webacl-ruleaction-block",
          "UpdateType": "Mutable",
          "Required": false,
          "Type": "BlockAction"
        },
        "Count": {
          "Documentation": "http://docs.aws.amazon.com/AWSCloudFormation/latest/UserGuide/aws-properties-wafv2-webacl-ruleaction.html#cfn-wafv2-webacl-ruleaction-count",
          "UpdateType": "Mutable",
          "Required": false,
          "Type": "CountAction"
        },
        "Allow": {
          "Documentation": "http://docs.aws.amazon.com/AWSCloudFormation/latest/UserGuide/aws-properties-wafv2-webacl-ruleaction.html#cfn-wafv2-webacl-ruleaction-allow",
          "UpdateType": "Mutable",
          "Required": false,
          "Type": "AllowAction"
        },
        "Challenge": {
          "Documentation": "http://docs.aws.amazon.com/AWSCloudFormation/latest/UserGuide/aws-properties-wafv2-webacl-ruleaction.html#cfn-wafv2-webacl-ruleaction-challenge",
          "UpdateType": "Mutable",
          "Required": false,
          "Type": "ChallengeAction"
        }
      }
    },
    "AWS::WAFv2::WebACL.CustomHTTPHeader": {
      "Documentation": "http://docs.aws.amazon.com/AWSCloudFormation/latest/UserGuide/aws-properties-wafv2-webacl-customhttpheader.html",
      "Properties": {
        "Value": {
          "Documentation": "http://docs.aws.amazon.com/AWSCloudFormation/latest/UserGuide/aws-properties-wafv2-webacl-customhttpheader.html#cfn-wafv2-webacl-customhttpheader-value",
          "UpdateType": "Mutable",
          "Required": true,
          "PrimitiveType": "String"
        },
        "Name": {
          "Documentation": "http://docs.aws.amazon.com/AWSCloudFormation/latest/UserGuide/aws-properties-wafv2-webacl-customhttpheader.html#cfn-wafv2-webacl-customhttpheader-name",
          "UpdateType": "Mutable",
          "Required": true,
          "PrimitiveType": "String"
        }
      }
    },
    "AWS::WAFv2::WebACL.GeoMatchStatement": {
      "Documentation": "http://docs.aws.amazon.com/AWSCloudFormation/latest/UserGuide/aws-properties-wafv2-webacl-geomatchstatement.html",
      "Properties": {
        "ForwardedIPConfig": {
          "Documentation": "http://docs.aws.amazon.com/AWSCloudFormation/latest/UserGuide/aws-properties-wafv2-webacl-geomatchstatement.html#cfn-wafv2-webacl-geomatchstatement-forwardedipconfig",
          "UpdateType": "Mutable",
          "Required": false,
          "Type": "ForwardedIPConfiguration"
        },
        "CountryCodes": {
          "Documentation": "http://docs.aws.amazon.com/AWSCloudFormation/latest/UserGuide/aws-properties-wafv2-webacl-geomatchstatement.html#cfn-wafv2-webacl-geomatchstatement-countrycodes",
          "UpdateType": "Mutable",
          "Required": false,
          "Type": "List",
          "PrimitiveItemType": "String",
          "DuplicatesAllowed": true
        }
      }
    },
    "AWS::WAFv2::WebACL.RuleGroupReferenceStatement": {
      "Documentation": "http://docs.aws.amazon.com/AWSCloudFormation/latest/UserGuide/aws-properties-wafv2-webacl-rulegroupreferencestatement.html",
      "Properties": {
        "RuleActionOverrides": {
          "Documentation": "http://docs.aws.amazon.com/AWSCloudFormation/latest/UserGuide/aws-properties-wafv2-webacl-rulegroupreferencestatement.html#cfn-wafv2-webacl-rulegroupreferencestatement-ruleactionoverrides",
          "UpdateType": "Mutable",
          "Required": false,
          "Type": "List",
          "ItemType": "RuleActionOverride",
          "DuplicatesAllowed": true
        },
        "Arn": {
          "Documentation": "http://docs.aws.amazon.com/AWSCloudFormation/latest/UserGuide/aws-properties-wafv2-webacl-rulegroupreferencestatement.html#cfn-wafv2-webacl-rulegroupreferencestatement-arn",
          "UpdateType": "Mutable",
          "Required": true,
          "PrimitiveType": "String"
        },
        "ExcludedRules": {
          "Documentation": "http://docs.aws.amazon.com/AWSCloudFormation/latest/UserGuide/aws-properties-wafv2-webacl-rulegroupreferencestatement.html#cfn-wafv2-webacl-rulegroupreferencestatement-excludedrules",
          "UpdateType": "Mutable",
          "Required": false,
          "Type": "List",
          "ItemType": "ExcludedRule",
          "DuplicatesAllowed": true
        }
      }
    },
    "AWS::WAFv2::WebACL.RegexPatternSetReferenceStatement": {
      "Documentation": "http://docs.aws.amazon.com/AWSCloudFormation/latest/UserGuide/aws-properties-wafv2-webacl-regexpatternsetreferencestatement.html",
      "Properties": {
        "TextTransformations": {
          "Documentation": "http://docs.aws.amazon.com/AWSCloudFormation/latest/UserGuide/aws-properties-wafv2-webacl-regexpatternsetreferencestatement.html#cfn-wafv2-webacl-regexpatternsetreferencestatement-texttransformations",
          "UpdateType": "Mutable",
          "Required": true,
          "Type": "List",
          "ItemType": "TextTransformation",
          "DuplicatesAllowed": true
        },
        "Arn": {
          "Documentation": "http://docs.aws.amazon.com/AWSCloudFormation/latest/UserGuide/aws-properties-wafv2-webacl-regexpatternsetreferencestatement.html#cfn-wafv2-webacl-regexpatternsetreferencestatement-arn",
          "UpdateType": "Mutable",
          "Required": true,
          "PrimitiveType": "String"
        },
        "FieldToMatch": {
          "Documentation": "http://docs.aws.amazon.com/AWSCloudFormation/latest/UserGuide/aws-properties-wafv2-webacl-regexpatternsetreferencestatement.html#cfn-wafv2-webacl-regexpatternsetreferencestatement-fieldtomatch",
          "UpdateType": "Mutable",
          "Required": true,
          "Type": "FieldToMatch"
        }
      }
    },
    "AWS::WAFv2::WebACL.ExcludedRule": {
      "Documentation": "http://docs.aws.amazon.com/AWSCloudFormation/latest/UserGuide/aws-properties-wafv2-webacl-excludedrule.html",
      "Properties": {
        "Name": {
          "Documentation": "http://docs.aws.amazon.com/AWSCloudFormation/latest/UserGuide/aws-properties-wafv2-webacl-excludedrule.html#cfn-wafv2-webacl-excludedrule-name",
          "UpdateType": "Mutable",
          "Required": true,
          "PrimitiveType": "String"
        }
      }
    },
    "AWS::WAFv2::WebACL.FieldIdentifier": {
      "Documentation": "http://docs.aws.amazon.com/AWSCloudFormation/latest/UserGuide/aws-properties-wafv2-webacl-fieldidentifier.html",
      "Properties": {
        "Identifier": {
          "Documentation": "http://docs.aws.amazon.com/AWSCloudFormation/latest/UserGuide/aws-properties-wafv2-webacl-fieldidentifier.html#cfn-wafv2-webacl-fieldidentifier-identifier",
          "UpdateType": "Mutable",
          "Required": true,
          "PrimitiveType": "String"
        }
      }
    },
    "AWS::WAFv2::WebACL.ChallengeConfig": {
      "Documentation": "http://docs.aws.amazon.com/AWSCloudFormation/latest/UserGuide/aws-properties-wafv2-webacl-challengeconfig.html",
      "Properties": {
        "ImmunityTimeProperty": {
          "Documentation": "http://docs.aws.amazon.com/AWSCloudFormation/latest/UserGuide/aws-properties-wafv2-webacl-challengeconfig.html#cfn-wafv2-webacl-challengeconfig-immunitytimeproperty",
          "UpdateType": "Mutable",
          "Required": false,
          "Type": "ImmunityTimeProperty"
        }
      }
    },
    "AWS::WAFv2::WebACL.RateBasedStatement": {
      "Documentation": "http://docs.aws.amazon.com/AWSCloudFormation/latest/UserGuide/aws-properties-wafv2-webacl-ratebasedstatement.html",
      "Properties": {
        "AggregateKeyType": {
          "Documentation": "http://docs.aws.amazon.com/AWSCloudFormation/latest/UserGuide/aws-properties-wafv2-webacl-ratebasedstatement.html#cfn-wafv2-webacl-ratebasedstatement-aggregatekeytype",
          "UpdateType": "Mutable",
          "Required": true,
          "PrimitiveType": "String"
        },
        "ForwardedIPConfig": {
          "Documentation": "http://docs.aws.amazon.com/AWSCloudFormation/latest/UserGuide/aws-properties-wafv2-webacl-ratebasedstatement.html#cfn-wafv2-webacl-ratebasedstatement-forwardedipconfig",
          "UpdateType": "Mutable",
          "Required": false,
          "Type": "ForwardedIPConfiguration"
        },
        "Limit": {
          "Documentation": "http://docs.aws.amazon.com/AWSCloudFormation/latest/UserGuide/aws-properties-wafv2-webacl-ratebasedstatement.html#cfn-wafv2-webacl-ratebasedstatement-limit",
          "UpdateType": "Mutable",
          "Required": true,
          "PrimitiveType": "Integer"
        },
        "ScopeDownStatement": {
          "Documentation": "http://docs.aws.amazon.com/AWSCloudFormation/latest/UserGuide/aws-properties-wafv2-webacl-ratebasedstatement.html#cfn-wafv2-webacl-ratebasedstatement-scopedownstatement",
          "UpdateType": "Mutable",
          "Required": false,
          "Type": "Statement"
        }
      }
    },
    "AWS::WAFv2::WebACL.CustomResponse": {
      "Documentation": "http://docs.aws.amazon.com/AWSCloudFormation/latest/UserGuide/aws-properties-wafv2-webacl-customresponse.html",
      "Properties": {
        "ResponseCode": {
          "Documentation": "http://docs.aws.amazon.com/AWSCloudFormation/latest/UserGuide/aws-properties-wafv2-webacl-customresponse.html#cfn-wafv2-webacl-customresponse-responsecode",
          "UpdateType": "Mutable",
          "Required": true,
          "PrimitiveType": "Integer"
        },
        "CustomResponseBodyKey": {
          "Documentation": "http://docs.aws.amazon.com/AWSCloudFormation/latest/UserGuide/aws-properties-wafv2-webacl-customresponse.html#cfn-wafv2-webacl-customresponse-customresponsebodykey",
          "UpdateType": "Mutable",
          "Required": false,
          "PrimitiveType": "String"
        },
        "ResponseHeaders": {
          "Documentation": "http://docs.aws.amazon.com/AWSCloudFormation/latest/UserGuide/aws-properties-wafv2-webacl-customresponse.html#cfn-wafv2-webacl-customresponse-responseheaders",
          "UpdateType": "Mutable",
          "Required": false,
          "Type": "List",
          "ItemType": "CustomHTTPHeader",
          "DuplicatesAllowed": true
        }
      }
    },
    "AWS::WAFv2::WebACL.TextTransformation": {
      "Documentation": "http://docs.aws.amazon.com/AWSCloudFormation/latest/UserGuide/aws-properties-wafv2-webacl-texttransformation.html",
      "Properties": {
        "Type": {
          "Documentation": "http://docs.aws.amazon.com/AWSCloudFormation/latest/UserGuide/aws-properties-wafv2-webacl-texttransformation.html#cfn-wafv2-webacl-texttransformation-type",
          "UpdateType": "Mutable",
          "Required": true,
          "PrimitiveType": "String"
        },
        "Priority": {
          "Documentation": "http://docs.aws.amazon.com/AWSCloudFormation/latest/UserGuide/aws-properties-wafv2-webacl-texttransformation.html#cfn-wafv2-webacl-texttransformation-priority",
          "UpdateType": "Mutable",
          "Required": true,
          "PrimitiveType": "Integer"
        }
      }
    },
    "AWS::WAFv2::WebACL.IPSetReferenceStatement": {
      "Documentation": "http://docs.aws.amazon.com/AWSCloudFormation/latest/UserGuide/aws-properties-wafv2-webacl-ipsetreferencestatement.html",
      "Properties": {
        "IPSetForwardedIPConfig": {
          "Documentation": "http://docs.aws.amazon.com/AWSCloudFormation/latest/UserGuide/aws-properties-wafv2-webacl-ipsetreferencestatement.html#cfn-wafv2-webacl-ipsetreferencestatement-ipsetforwardedipconfig",
          "UpdateType": "Mutable",
          "Required": false,
          "Type": "IPSetForwardedIPConfiguration"
        },
        "Arn": {
          "Documentation": "http://docs.aws.amazon.com/AWSCloudFormation/latest/UserGuide/aws-properties-wafv2-webacl-ipsetreferencestatement.html#cfn-wafv2-webacl-ipsetreferencestatement-arn",
          "UpdateType": "Mutable",
          "Required": true,
          "PrimitiveType": "String"
        }
      }
    },
    "AWS::WAFv2::WebACL.SingleQueryArgument": {
      "Documentation": "http://docs.aws.amazon.com/AWSCloudFormation/latest/UserGuide/aws-properties-wafv2-webacl-singlequeryargument.html",
      "Properties": {
        "Name": {
          "Documentation": "http://docs.aws.amazon.com/AWSCloudFormation/latest/UserGuide/aws-properties-wafv2-webacl-singlequeryargument.html#cfn-wafv2-webacl-singlequeryargument-name",
          "UpdateType": "Mutable",
          "Required": true,
          "PrimitiveType": "String"
        }
      }
    },
    "AWS::WAFv2::WebACL.CustomRequestHandling": {
      "Documentation": "http://docs.aws.amazon.com/AWSCloudFormation/latest/UserGuide/aws-properties-wafv2-webacl-customrequesthandling.html",
      "Properties": {
        "InsertHeaders": {
          "Documentation": "http://docs.aws.amazon.com/AWSCloudFormation/latest/UserGuide/aws-properties-wafv2-webacl-customrequesthandling.html#cfn-wafv2-webacl-customrequesthandling-insertheaders",
          "UpdateType": "Mutable",
          "Required": true,
          "Type": "List",
          "ItemType": "CustomHTTPHeader",
          "DuplicatesAllowed": true
        }
      }
    },
    "AWS::WAFv2::WebACL.ResponseInspection": {
      "Documentation": "http://docs.aws.amazon.com/AWSCloudFormation/latest/UserGuide/aws-properties-wafv2-webacl-responseinspection.html",
      "Properties": {
        "Header": {
          "Documentation": "http://docs.aws.amazon.com/AWSCloudFormation/latest/UserGuide/aws-properties-wafv2-webacl-responseinspection.html#cfn-wafv2-webacl-responseinspection-header",
          "UpdateType": "Mutable",
          "Required": false,
          "Type": "ResponseInspectionHeader"
        },
        "BodyContains": {
          "Documentation": "http://docs.aws.amazon.com/AWSCloudFormation/latest/UserGuide/aws-properties-wafv2-webacl-responseinspection.html#cfn-wafv2-webacl-responseinspection-bodycontains",
          "UpdateType": "Mutable",
          "Required": false,
          "Type": "ResponseInspectionBodyContains"
        },
        "Json": {
          "Documentation": "http://docs.aws.amazon.com/AWSCloudFormation/latest/UserGuide/aws-properties-wafv2-webacl-responseinspection.html#cfn-wafv2-webacl-responseinspection-json",
          "UpdateType": "Mutable",
          "Required": false,
          "Type": "ResponseInspectionJson"
        },
        "StatusCode": {
          "Documentation": "http://docs.aws.amazon.com/AWSCloudFormation/latest/UserGuide/aws-properties-wafv2-webacl-responseinspection.html#cfn-wafv2-webacl-responseinspection-statuscode",
          "UpdateType": "Mutable",
          "Required": false,
          "Type": "ResponseInspectionStatusCode"
        }
      }
    },
    "AWS::WAFv2::WebACL.CaptchaConfig": {
      "Documentation": "http://docs.aws.amazon.com/AWSCloudFormation/latest/UserGuide/aws-properties-wafv2-webacl-captchaconfig.html",
      "Properties": {
        "ImmunityTimeProperty": {
          "Documentation": "http://docs.aws.amazon.com/AWSCloudFormation/latest/UserGuide/aws-properties-wafv2-webacl-captchaconfig.html#cfn-wafv2-webacl-captchaconfig-immunitytimeproperty",
          "UpdateType": "Mutable",
          "Required": false,
          "Type": "ImmunityTimeProperty"
        }
      }
    },
    "AWS::WAFv2::WebACL.ResponseInspectionStatusCode": {
      "Documentation": "http://docs.aws.amazon.com/AWSCloudFormation/latest/UserGuide/aws-properties-wafv2-webacl-responseinspectionstatuscode.html",
      "Properties": {
        "SuccessCodes": {
          "Documentation": "http://docs.aws.amazon.com/AWSCloudFormation/latest/UserGuide/aws-properties-wafv2-webacl-responseinspectionstatuscode.html#cfn-wafv2-webacl-responseinspectionstatuscode-successcodes",
          "UpdateType": "Mutable",
          "Required": true,
          "Type": "List",
          "PrimitiveItemType": "Integer",
          "DuplicatesAllowed": true
        },
        "FailureCodes": {
          "Documentation": "http://docs.aws.amazon.com/AWSCloudFormation/latest/UserGuide/aws-properties-wafv2-webacl-responseinspectionstatuscode.html#cfn-wafv2-webacl-responseinspectionstatuscode-failurecodes",
          "UpdateType": "Mutable",
          "Required": true,
          "Type": "List",
          "PrimitiveItemType": "Integer",
          "DuplicatesAllowed": true
        }
      }
    },
    "AWS::WAFv2::WebACL.RequestInspection": {
      "Documentation": "http://docs.aws.amazon.com/AWSCloudFormation/latest/UserGuide/aws-properties-wafv2-webacl-requestinspection.html",
      "Properties": {
        "UsernameField": {
          "Documentation": "http://docs.aws.amazon.com/AWSCloudFormation/latest/UserGuide/aws-properties-wafv2-webacl-requestinspection.html#cfn-wafv2-webacl-requestinspection-usernamefield",
          "UpdateType": "Mutable",
          "Required": true,
          "Type": "FieldIdentifier"
        },
        "PasswordField": {
          "Documentation": "http://docs.aws.amazon.com/AWSCloudFormation/latest/UserGuide/aws-properties-wafv2-webacl-requestinspection.html#cfn-wafv2-webacl-requestinspection-passwordfield",
          "UpdateType": "Mutable",
          "Required": true,
          "Type": "FieldIdentifier"
        },
        "PayloadType": {
          "Documentation": "http://docs.aws.amazon.com/AWSCloudFormation/latest/UserGuide/aws-properties-wafv2-webacl-requestinspection.html#cfn-wafv2-webacl-requestinspection-payloadtype",
          "UpdateType": "Mutable",
          "Required": true,
          "PrimitiveType": "String"
        }
      }
    },
    "AWS::WAFv2::WebACL.AWSManagedRulesATPRuleSet": {
      "Documentation": "http://docs.aws.amazon.com/AWSCloudFormation/latest/UserGuide/aws-properties-wafv2-webacl-awsmanagedrulesatpruleset.html",
      "Properties": {
        "ResponseInspection": {
          "Documentation": "http://docs.aws.amazon.com/AWSCloudFormation/latest/UserGuide/aws-properties-wafv2-webacl-awsmanagedrulesatpruleset.html#cfn-wafv2-webacl-awsmanagedrulesatpruleset-responseinspection",
          "UpdateType": "Mutable",
          "Required": false,
          "Type": "ResponseInspection"
        },
        "LoginPath": {
          "Documentation": "http://docs.aws.amazon.com/AWSCloudFormation/latest/UserGuide/aws-properties-wafv2-webacl-awsmanagedrulesatpruleset.html#cfn-wafv2-webacl-awsmanagedrulesatpruleset-loginpath",
          "UpdateType": "Mutable",
          "Required": true,
          "PrimitiveType": "String"
        },
        "RequestInspection": {
          "Documentation": "http://docs.aws.amazon.com/AWSCloudFormation/latest/UserGuide/aws-properties-wafv2-webacl-awsmanagedrulesatpruleset.html#cfn-wafv2-webacl-awsmanagedrulesatpruleset-requestinspection",
          "UpdateType": "Mutable",
          "Required": false,
          "Type": "RequestInspection"
        }
      }
    },
    "AWS::WAFv2::WebACL.XssMatchStatement": {
      "Documentation": "http://docs.aws.amazon.com/AWSCloudFormation/latest/UserGuide/aws-properties-wafv2-webacl-xssmatchstatement.html",
      "Properties": {
        "TextTransformations": {
          "Documentation": "http://docs.aws.amazon.com/AWSCloudFormation/latest/UserGuide/aws-properties-wafv2-webacl-xssmatchstatement.html#cfn-wafv2-webacl-xssmatchstatement-texttransformations",
          "UpdateType": "Mutable",
          "Required": true,
          "Type": "List",
          "ItemType": "TextTransformation",
          "DuplicatesAllowed": true
        },
        "FieldToMatch": {
          "Documentation": "http://docs.aws.amazon.com/AWSCloudFormation/latest/UserGuide/aws-properties-wafv2-webacl-xssmatchstatement.html#cfn-wafv2-webacl-xssmatchstatement-fieldtomatch",
          "UpdateType": "Mutable",
          "Required": true,
          "Type": "FieldToMatch"
        }
      }
    },
    "AWS::WAFv2::WebACL.CaptchaAction": {
      "Documentation": "http://docs.aws.amazon.com/AWSCloudFormation/latest/UserGuide/aws-properties-wafv2-webacl-captchaaction.html",
      "Properties": {
        "CustomRequestHandling": {
          "Documentation": "http://docs.aws.amazon.com/AWSCloudFormation/latest/UserGuide/aws-properties-wafv2-webacl-captchaaction.html#cfn-wafv2-webacl-captchaaction-customrequesthandling",
          "UpdateType": "Mutable",
          "Required": false,
          "Type": "CustomRequestHandling"
        }
      }
    },
    "AWS::WAFv2::WebACL.Headers": {
      "Documentation": "http://docs.aws.amazon.com/AWSCloudFormation/latest/UserGuide/aws-properties-wafv2-webacl-headers.html",
      "Properties": {
        "MatchScope": {
          "Documentation": "http://docs.aws.amazon.com/AWSCloudFormation/latest/UserGuide/aws-properties-wafv2-webacl-headers.html#cfn-wafv2-webacl-headers-matchscope",
          "UpdateType": "Mutable",
          "Required": true,
          "PrimitiveType": "String"
        },
        "MatchPattern": {
          "Documentation": "http://docs.aws.amazon.com/AWSCloudFormation/latest/UserGuide/aws-properties-wafv2-webacl-headers.html#cfn-wafv2-webacl-headers-matchpattern",
          "UpdateType": "Mutable",
          "Required": true,
          "Type": "HeaderMatchPattern"
        },
        "OversizeHandling": {
          "Documentation": "http://docs.aws.amazon.com/AWSCloudFormation/latest/UserGuide/aws-properties-wafv2-webacl-headers.html#cfn-wafv2-webacl-headers-oversizehandling",
          "UpdateType": "Mutable",
          "Required": true,
          "PrimitiveType": "String"
        }
      }
    },
    "AWS::WAFv2::WebACL.OrStatement": {
      "Documentation": "http://docs.aws.amazon.com/AWSCloudFormation/latest/UserGuide/aws-properties-wafv2-webacl-orstatement.html",
      "Properties": {
        "Statements": {
          "Documentation": "http://docs.aws.amazon.com/AWSCloudFormation/latest/UserGuide/aws-properties-wafv2-webacl-orstatement.html#cfn-wafv2-webacl-orstatement-statements",
          "UpdateType": "Mutable",
          "Required": true,
          "Type": "List",
          "ItemType": "Statement",
          "DuplicatesAllowed": true
        }
      }
    },
    "AWS::WAFv2::WebACL.IPSetForwardedIPConfiguration": {
      "Documentation": "http://docs.aws.amazon.com/AWSCloudFormation/latest/UserGuide/aws-properties-wafv2-webacl-ipsetforwardedipconfiguration.html",
      "Properties": {
        "FallbackBehavior": {
          "Documentation": "http://docs.aws.amazon.com/AWSCloudFormation/latest/UserGuide/aws-properties-wafv2-webacl-ipsetforwardedipconfiguration.html#cfn-wafv2-webacl-ipsetforwardedipconfiguration-fallbackbehavior",
          "UpdateType": "Mutable",
          "Required": true,
          "PrimitiveType": "String"
        },
        "HeaderName": {
          "Documentation": "http://docs.aws.amazon.com/AWSCloudFormation/latest/UserGuide/aws-properties-wafv2-webacl-ipsetforwardedipconfiguration.html#cfn-wafv2-webacl-ipsetforwardedipconfiguration-headername",
          "UpdateType": "Mutable",
          "Required": true,
          "PrimitiveType": "String"
        },
        "Position": {
          "Documentation": "http://docs.aws.amazon.com/AWSCloudFormation/latest/UserGuide/aws-properties-wafv2-webacl-ipsetforwardedipconfiguration.html#cfn-wafv2-webacl-ipsetforwardedipconfiguration-position",
          "UpdateType": "Mutable",
          "Required": true,
          "PrimitiveType": "String"
        }
      }
    },
    "AWS::WAFv2::WebACL.ByteMatchStatement": {
      "Documentation": "http://docs.aws.amazon.com/AWSCloudFormation/latest/UserGuide/aws-properties-wafv2-webacl-bytematchstatement.html",
      "Properties": {
        "SearchStringBase64": {
          "Documentation": "http://docs.aws.amazon.com/AWSCloudFormation/latest/UserGuide/aws-properties-wafv2-webacl-bytematchstatement.html#cfn-wafv2-webacl-bytematchstatement-searchstringbase64",
          "UpdateType": "Mutable",
          "Required": false,
          "PrimitiveType": "String"
        },
        "TextTransformations": {
          "Documentation": "http://docs.aws.amazon.com/AWSCloudFormation/latest/UserGuide/aws-properties-wafv2-webacl-bytematchstatement.html#cfn-wafv2-webacl-bytematchstatement-texttransformations",
          "UpdateType": "Mutable",
          "Required": true,
          "Type": "List",
          "ItemType": "TextTransformation",
          "DuplicatesAllowed": true
        },
        "PositionalConstraint": {
          "Documentation": "http://docs.aws.amazon.com/AWSCloudFormation/latest/UserGuide/aws-properties-wafv2-webacl-bytematchstatement.html#cfn-wafv2-webacl-bytematchstatement-positionalconstraint",
          "UpdateType": "Mutable",
          "Required": true,
          "PrimitiveType": "String"
        },
        "SearchString": {
          "Documentation": "http://docs.aws.amazon.com/AWSCloudFormation/latest/UserGuide/aws-properties-wafv2-webacl-bytematchstatement.html#cfn-wafv2-webacl-bytematchstatement-searchstring",
          "UpdateType": "Mutable",
          "Required": false,
          "PrimitiveType": "String"
        },
        "FieldToMatch": {
          "Documentation": "http://docs.aws.amazon.com/AWSCloudFormation/latest/UserGuide/aws-properties-wafv2-webacl-bytematchstatement.html#cfn-wafv2-webacl-bytematchstatement-fieldtomatch",
          "UpdateType": "Mutable",
          "Required": true,
          "Type": "FieldToMatch"
        }
      }
    },
    "AWS::WAFv2::WebACL.ManagedRuleGroupStatement": {
      "Documentation": "http://docs.aws.amazon.com/AWSCloudFormation/latest/UserGuide/aws-properties-wafv2-webacl-managedrulegroupstatement.html",
      "Properties": {
        "VendorName": {
          "Documentation": "http://docs.aws.amazon.com/AWSCloudFormation/latest/UserGuide/aws-properties-wafv2-webacl-managedrulegroupstatement.html#cfn-wafv2-webacl-managedrulegroupstatement-vendorname",
          "UpdateType": "Mutable",
          "Required": true,
          "PrimitiveType": "String"
        },
        "Version": {
          "Documentation": "http://docs.aws.amazon.com/AWSCloudFormation/latest/UserGuide/aws-properties-wafv2-webacl-managedrulegroupstatement.html#cfn-wafv2-webacl-managedrulegroupstatement-version",
          "UpdateType": "Mutable",
          "Required": false,
          "PrimitiveType": "String"
        },
        "RuleActionOverrides": {
          "Documentation": "http://docs.aws.amazon.com/AWSCloudFormation/latest/UserGuide/aws-properties-wafv2-webacl-managedrulegroupstatement.html#cfn-wafv2-webacl-managedrulegroupstatement-ruleactionoverrides",
          "UpdateType": "Mutable",
          "Required": false,
          "Type": "List",
          "ItemType": "RuleActionOverride",
          "DuplicatesAllowed": true
        },
        "ManagedRuleGroupConfigs": {
          "Documentation": "http://docs.aws.amazon.com/AWSCloudFormation/latest/UserGuide/aws-properties-wafv2-webacl-managedrulegroupstatement.html#cfn-wafv2-webacl-managedrulegroupstatement-managedrulegroupconfigs",
          "UpdateType": "Mutable",
          "Required": false,
          "Type": "List",
          "ItemType": "ManagedRuleGroupConfig",
          "DuplicatesAllowed": true
        },
        "ExcludedRules": {
          "Documentation": "http://docs.aws.amazon.com/AWSCloudFormation/latest/UserGuide/aws-properties-wafv2-webacl-managedrulegroupstatement.html#cfn-wafv2-webacl-managedrulegroupstatement-excludedrules",
          "UpdateType": "Mutable",
          "Required": false,
          "Type": "List",
          "ItemType": "ExcludedRule",
          "DuplicatesAllowed": true
        },
        "Name": {
          "Documentation": "http://docs.aws.amazon.com/AWSCloudFormation/latest/UserGuide/aws-properties-wafv2-webacl-managedrulegroupstatement.html#cfn-wafv2-webacl-managedrulegroupstatement-name",
          "UpdateType": "Mutable",
          "Required": true,
          "PrimitiveType": "String"
        },
        "ScopeDownStatement": {
          "Documentation": "http://docs.aws.amazon.com/AWSCloudFormation/latest/UserGuide/aws-properties-wafv2-webacl-managedrulegroupstatement.html#cfn-wafv2-webacl-managedrulegroupstatement-scopedownstatement",
          "UpdateType": "Mutable",
          "Required": false,
          "Type": "Statement"
        }
      }
    },
    "AWS::WAFv2::WebACL.VisibilityConfig": {
      "Documentation": "http://docs.aws.amazon.com/AWSCloudFormation/latest/UserGuide/aws-properties-wafv2-webacl-visibilityconfig.html",
      "Properties": {
        "MetricName": {
          "Documentation": "http://docs.aws.amazon.com/AWSCloudFormation/latest/UserGuide/aws-properties-wafv2-webacl-visibilityconfig.html#cfn-wafv2-webacl-visibilityconfig-metricname",
          "UpdateType": "Mutable",
          "Required": true,
          "PrimitiveType": "String"
        },
        "SampledRequestsEnabled": {
          "Documentation": "http://docs.aws.amazon.com/AWSCloudFormation/latest/UserGuide/aws-properties-wafv2-webacl-visibilityconfig.html#cfn-wafv2-webacl-visibilityconfig-sampledrequestsenabled",
          "UpdateType": "Mutable",
          "Required": true,
          "PrimitiveType": "Boolean"
        },
        "CloudWatchMetricsEnabled": {
          "Documentation": "http://docs.aws.amazon.com/AWSCloudFormation/latest/UserGuide/aws-properties-wafv2-webacl-visibilityconfig.html#cfn-wafv2-webacl-visibilityconfig-cloudwatchmetricsenabled",
          "UpdateType": "Mutable",
          "Required": true,
          "PrimitiveType": "Boolean"
        }
      }
    },
    "AWS::WAFv2::WebACL.SizeConstraintStatement": {
      "Documentation": "http://docs.aws.amazon.com/AWSCloudFormation/latest/UserGuide/aws-properties-wafv2-webacl-sizeconstraintstatement.html",
      "Properties": {
        "ComparisonOperator": {
          "Documentation": "http://docs.aws.amazon.com/AWSCloudFormation/latest/UserGuide/aws-properties-wafv2-webacl-sizeconstraintstatement.html#cfn-wafv2-webacl-sizeconstraintstatement-comparisonoperator",
          "UpdateType": "Mutable",
          "Required": true,
          "PrimitiveType": "String"
        },
        "TextTransformations": {
          "Documentation": "http://docs.aws.amazon.com/AWSCloudFormation/latest/UserGuide/aws-properties-wafv2-webacl-sizeconstraintstatement.html#cfn-wafv2-webacl-sizeconstraintstatement-texttransformations",
          "UpdateType": "Mutable",
          "Required": true,
          "Type": "List",
          "ItemType": "TextTransformation",
          "DuplicatesAllowed": true
        },
        "Size": {
          "Documentation": "http://docs.aws.amazon.com/AWSCloudFormation/latest/UserGuide/aws-properties-wafv2-webacl-sizeconstraintstatement.html#cfn-wafv2-webacl-sizeconstraintstatement-size",
          "UpdateType": "Mutable",
          "Required": true,
          "PrimitiveType": "Double"
        },
        "FieldToMatch": {
          "Documentation": "http://docs.aws.amazon.com/AWSCloudFormation/latest/UserGuide/aws-properties-wafv2-webacl-sizeconstraintstatement.html#cfn-wafv2-webacl-sizeconstraintstatement-fieldtomatch",
          "UpdateType": "Mutable",
          "Required": true,
          "Type": "FieldToMatch"
        }
      }
    },
    "AWS::WAFv2::WebACL.Cookies": {
      "Documentation": "http://docs.aws.amazon.com/AWSCloudFormation/latest/UserGuide/aws-properties-wafv2-webacl-cookies.html",
      "Properties": {
        "MatchScope": {
          "Documentation": "http://docs.aws.amazon.com/AWSCloudFormation/latest/UserGuide/aws-properties-wafv2-webacl-cookies.html#cfn-wafv2-webacl-cookies-matchscope",
          "UpdateType": "Mutable",
          "Required": true,
          "PrimitiveType": "String"
        },
        "MatchPattern": {
          "Documentation": "http://docs.aws.amazon.com/AWSCloudFormation/latest/UserGuide/aws-properties-wafv2-webacl-cookies.html#cfn-wafv2-webacl-cookies-matchpattern",
          "UpdateType": "Mutable",
          "Required": true,
          "Type": "CookieMatchPattern"
        },
        "OversizeHandling": {
          "Documentation": "http://docs.aws.amazon.com/AWSCloudFormation/latest/UserGuide/aws-properties-wafv2-webacl-cookies.html#cfn-wafv2-webacl-cookies-oversizehandling",
          "UpdateType": "Mutable",
          "Required": true,
          "PrimitiveType": "String"
        }
      }
    },
    "AWS::WAFv2::WebACL.Statement": {
      "Documentation": "http://docs.aws.amazon.com/AWSCloudFormation/latest/UserGuide/aws-properties-wafv2-webacl-statement.html",
      "Properties": {
        "SizeConstraintStatement": {
          "Documentation": "http://docs.aws.amazon.com/AWSCloudFormation/latest/UserGuide/aws-properties-wafv2-webacl-statement.html#cfn-wafv2-webacl-statement-sizeconstraintstatement",
          "UpdateType": "Mutable",
          "Required": false,
          "Type": "SizeConstraintStatement"
        },
        "AndStatement": {
          "Documentation": "http://docs.aws.amazon.com/AWSCloudFormation/latest/UserGuide/aws-properties-wafv2-webacl-statement.html#cfn-wafv2-webacl-statement-andstatement",
          "UpdateType": "Mutable",
          "Required": false,
          "Type": "AndStatement"
        },
        "XssMatchStatement": {
          "Documentation": "http://docs.aws.amazon.com/AWSCloudFormation/latest/UserGuide/aws-properties-wafv2-webacl-statement.html#cfn-wafv2-webacl-statement-xssmatchstatement",
          "UpdateType": "Mutable",
          "Required": false,
          "Type": "XssMatchStatement"
        },
        "NotStatement": {
          "Documentation": "http://docs.aws.amazon.com/AWSCloudFormation/latest/UserGuide/aws-properties-wafv2-webacl-statement.html#cfn-wafv2-webacl-statement-notstatement",
          "UpdateType": "Mutable",
          "Required": false,
          "Type": "NotStatement"
        },
        "ByteMatchStatement": {
          "Documentation": "http://docs.aws.amazon.com/AWSCloudFormation/latest/UserGuide/aws-properties-wafv2-webacl-statement.html#cfn-wafv2-webacl-statement-bytematchstatement",
          "UpdateType": "Mutable",
          "Required": false,
          "Type": "ByteMatchStatement"
        },
        "RateBasedStatement": {
          "Documentation": "http://docs.aws.amazon.com/AWSCloudFormation/latest/UserGuide/aws-properties-wafv2-webacl-statement.html#cfn-wafv2-webacl-statement-ratebasedstatement",
          "UpdateType": "Mutable",
          "Required": false,
          "Type": "RateBasedStatement"
        },
        "GeoMatchStatement": {
          "Documentation": "http://docs.aws.amazon.com/AWSCloudFormation/latest/UserGuide/aws-properties-wafv2-webacl-statement.html#cfn-wafv2-webacl-statement-geomatchstatement",
          "UpdateType": "Mutable",
          "Required": false,
          "Type": "GeoMatchStatement"
        },
        "RuleGroupReferenceStatement": {
          "Documentation": "http://docs.aws.amazon.com/AWSCloudFormation/latest/UserGuide/aws-properties-wafv2-webacl-statement.html#cfn-wafv2-webacl-statement-rulegroupreferencestatement",
          "UpdateType": "Mutable",
          "Required": false,
          "Type": "RuleGroupReferenceStatement"
        },
        "LabelMatchStatement": {
          "Documentation": "http://docs.aws.amazon.com/AWSCloudFormation/latest/UserGuide/aws-properties-wafv2-webacl-statement.html#cfn-wafv2-webacl-statement-labelmatchstatement",
          "UpdateType": "Mutable",
          "Required": false,
          "Type": "LabelMatchStatement"
        },
        "RegexMatchStatement": {
          "Documentation": "http://docs.aws.amazon.com/AWSCloudFormation/latest/UserGuide/aws-properties-wafv2-webacl-statement.html#cfn-wafv2-webacl-statement-regexmatchstatement",
          "UpdateType": "Mutable",
          "Required": false,
          "Type": "RegexMatchStatement"
        },
        "SqliMatchStatement": {
          "Documentation": "http://docs.aws.amazon.com/AWSCloudFormation/latest/UserGuide/aws-properties-wafv2-webacl-statement.html#cfn-wafv2-webacl-statement-sqlimatchstatement",
          "UpdateType": "Mutable",
          "Required": false,
          "Type": "SqliMatchStatement"
        },
        "RegexPatternSetReferenceStatement": {
          "Documentation": "http://docs.aws.amazon.com/AWSCloudFormation/latest/UserGuide/aws-properties-wafv2-webacl-statement.html#cfn-wafv2-webacl-statement-regexpatternsetreferencestatement",
          "UpdateType": "Mutable",
          "Required": false,
          "Type": "RegexPatternSetReferenceStatement"
        },
        "OrStatement": {
          "Documentation": "http://docs.aws.amazon.com/AWSCloudFormation/latest/UserGuide/aws-properties-wafv2-webacl-statement.html#cfn-wafv2-webacl-statement-orstatement",
          "UpdateType": "Mutable",
          "Required": false,
          "Type": "OrStatement"
        },
        "ManagedRuleGroupStatement": {
          "Documentation": "http://docs.aws.amazon.com/AWSCloudFormation/latest/UserGuide/aws-properties-wafv2-webacl-statement.html#cfn-wafv2-webacl-statement-managedrulegroupstatement",
          "UpdateType": "Mutable",
          "Required": false,
          "Type": "ManagedRuleGroupStatement"
        },
        "IPSetReferenceStatement": {
          "Documentation": "http://docs.aws.amazon.com/AWSCloudFormation/latest/UserGuide/aws-properties-wafv2-webacl-statement.html#cfn-wafv2-webacl-statement-ipsetreferencestatement",
          "UpdateType": "Mutable",
          "Required": false,
          "Type": "IPSetReferenceStatement"
        }
      }
    },
    "AWS::WAFv2::WebACL.OverrideAction": {
      "Documentation": "http://docs.aws.amazon.com/AWSCloudFormation/latest/UserGuide/aws-properties-wafv2-webacl-overrideaction.html",
      "Properties": {
        "Count": {
          "Documentation": "http://docs.aws.amazon.com/AWSCloudFormation/latest/UserGuide/aws-properties-wafv2-webacl-overrideaction.html#cfn-wafv2-webacl-overrideaction-count",
          "UpdateType": "Mutable",
          "Required": false,
          "PrimitiveType": "Json"
        },
        "None": {
          "Documentation": "http://docs.aws.amazon.com/AWSCloudFormation/latest/UserGuide/aws-properties-wafv2-webacl-overrideaction.html#cfn-wafv2-webacl-overrideaction-none",
          "UpdateType": "Mutable",
          "Required": false,
          "PrimitiveType": "Json"
        }
      }
    },
    "AWS::WAFv2::WebACL.Rule": {
      "Documentation": "http://docs.aws.amazon.com/AWSCloudFormation/latest/UserGuide/aws-properties-wafv2-webacl-rule.html",
      "Properties": {
        "Action": {
          "Documentation": "http://docs.aws.amazon.com/AWSCloudFormation/latest/UserGuide/aws-properties-wafv2-webacl-rule.html#cfn-wafv2-webacl-rule-action",
          "UpdateType": "Mutable",
          "Required": false,
          "Type": "RuleAction"
        },
        "Priority": {
          "Documentation": "http://docs.aws.amazon.com/AWSCloudFormation/latest/UserGuide/aws-properties-wafv2-webacl-rule.html#cfn-wafv2-webacl-rule-priority",
          "UpdateType": "Mutable",
          "Required": true,
          "PrimitiveType": "Integer"
        },
        "Statement": {
          "Documentation": "http://docs.aws.amazon.com/AWSCloudFormation/latest/UserGuide/aws-properties-wafv2-webacl-rule.html#cfn-wafv2-webacl-rule-statement",
          "UpdateType": "Mutable",
          "Required": true,
          "Type": "Statement"
        },
        "ChallengeConfig": {
          "Documentation": "http://docs.aws.amazon.com/AWSCloudFormation/latest/UserGuide/aws-properties-wafv2-webacl-rule.html#cfn-wafv2-webacl-rule-challengeconfig",
          "UpdateType": "Mutable",
          "Required": false,
          "Type": "ChallengeConfig"
        },
        "OverrideAction": {
          "Documentation": "http://docs.aws.amazon.com/AWSCloudFormation/latest/UserGuide/aws-properties-wafv2-webacl-rule.html#cfn-wafv2-webacl-rule-overrideaction",
          "UpdateType": "Mutable",
          "Required": false,
          "Type": "OverrideAction"
        },
        "RuleLabels": {
          "Documentation": "http://docs.aws.amazon.com/AWSCloudFormation/latest/UserGuide/aws-properties-wafv2-webacl-rule.html#cfn-wafv2-webacl-rule-rulelabels",
          "UpdateType": "Mutable",
          "Required": false,
          "Type": "List",
          "ItemType": "Label",
          "DuplicatesAllowed": true
        },
        "VisibilityConfig": {
          "Documentation": "http://docs.aws.amazon.com/AWSCloudFormation/latest/UserGuide/aws-properties-wafv2-webacl-rule.html#cfn-wafv2-webacl-rule-visibilityconfig",
          "UpdateType": "Mutable",
          "Required": true,
          "Type": "VisibilityConfig"
        },
        "CaptchaConfig": {
          "Documentation": "http://docs.aws.amazon.com/AWSCloudFormation/latest/UserGuide/aws-properties-wafv2-webacl-rule.html#cfn-wafv2-webacl-rule-captchaconfig",
          "UpdateType": "Mutable",
          "Required": false,
          "Type": "CaptchaConfig"
        },
        "Name": {
          "Documentation": "http://docs.aws.amazon.com/AWSCloudFormation/latest/UserGuide/aws-properties-wafv2-webacl-rule.html#cfn-wafv2-webacl-rule-name",
          "UpdateType": "Mutable",
          "Required": true,
          "PrimitiveType": "String"
        }
      }
    },
    "AWS::WAFv2::WebACL.SingleHeader": {
      "Documentation": "http://docs.aws.amazon.com/AWSCloudFormation/latest/UserGuide/aws-properties-wafv2-webacl-singleheader.html",
      "Properties": {
        "Name": {
          "Documentation": "http://docs.aws.amazon.com/AWSCloudFormation/latest/UserGuide/aws-properties-wafv2-webacl-singleheader.html#cfn-wafv2-webacl-singleheader-name",
          "UpdateType": "Mutable",
          "Required": true,
          "PrimitiveType": "String"
        }
      }
    },
    "AWS::WAFv2::WebACL.ForwardedIPConfiguration": {
      "Documentation": "http://docs.aws.amazon.com/AWSCloudFormation/latest/UserGuide/aws-properties-wafv2-webacl-forwardedipconfiguration.html",
      "Properties": {
        "FallbackBehavior": {
          "Documentation": "http://docs.aws.amazon.com/AWSCloudFormation/latest/UserGuide/aws-properties-wafv2-webacl-forwardedipconfiguration.html#cfn-wafv2-webacl-forwardedipconfiguration-fallbackbehavior",
          "UpdateType": "Mutable",
          "Required": true,
          "PrimitiveType": "String"
        },
        "HeaderName": {
          "Documentation": "http://docs.aws.amazon.com/AWSCloudFormation/latest/UserGuide/aws-properties-wafv2-webacl-forwardedipconfiguration.html#cfn-wafv2-webacl-forwardedipconfiguration-headername",
          "UpdateType": "Mutable",
          "Required": true,
          "PrimitiveType": "String"
        }
      }
    },
    "AWS::WAFv2::WebACL.AllowAction": {
      "Documentation": "http://docs.aws.amazon.com/AWSCloudFormation/latest/UserGuide/aws-properties-wafv2-webacl-allowaction.html",
      "Properties": {
        "CustomRequestHandling": {
          "Documentation": "http://docs.aws.amazon.com/AWSCloudFormation/latest/UserGuide/aws-properties-wafv2-webacl-allowaction.html#cfn-wafv2-webacl-allowaction-customrequesthandling",
          "UpdateType": "Mutable",
          "Required": false,
          "Type": "CustomRequestHandling"
        }
      }
    },
    "AWS::WAFv2::WebACL.LabelMatchStatement": {
      "Documentation": "http://docs.aws.amazon.com/AWSCloudFormation/latest/UserGuide/aws-properties-wafv2-webacl-labelmatchstatement.html",
      "Properties": {
        "Scope": {
          "Documentation": "http://docs.aws.amazon.com/AWSCloudFormation/latest/UserGuide/aws-properties-wafv2-webacl-labelmatchstatement.html#cfn-wafv2-webacl-labelmatchstatement-scope",
          "UpdateType": "Mutable",
          "Required": true,
          "PrimitiveType": "String"
        },
        "Key": {
          "Documentation": "http://docs.aws.amazon.com/AWSCloudFormation/latest/UserGuide/aws-properties-wafv2-webacl-labelmatchstatement.html#cfn-wafv2-webacl-labelmatchstatement-key",
          "UpdateType": "Mutable",
          "Required": true,
          "PrimitiveType": "String"
        }
      }
    },
    "AWS::WAFv2::WebACL.ResponseInspectionBodyContains": {
      "Documentation": "http://docs.aws.amazon.com/AWSCloudFormation/latest/UserGuide/aws-properties-wafv2-webacl-responseinspectionbodycontains.html",
      "Properties": {
        "SuccessStrings": {
          "Documentation": "http://docs.aws.amazon.com/AWSCloudFormation/latest/UserGuide/aws-properties-wafv2-webacl-responseinspectionbodycontains.html#cfn-wafv2-webacl-responseinspectionbodycontains-successstrings",
          "UpdateType": "Mutable",
          "Required": true,
          "Type": "List",
          "PrimitiveItemType": "String",
          "DuplicatesAllowed": true
        },
        "FailureStrings": {
          "Documentation": "http://docs.aws.amazon.com/AWSCloudFormation/latest/UserGuide/aws-properties-wafv2-webacl-responseinspectionbodycontains.html#cfn-wafv2-webacl-responseinspectionbodycontains-failurestrings",
          "UpdateType": "Mutable",
          "Required": true,
          "Type": "List",
          "PrimitiveItemType": "String",
          "DuplicatesAllowed": true
        }
      }
    },
    "AWS::WAFv2::WebACL.ImmunityTimeProperty": {
      "Documentation": "http://docs.aws.amazon.com/AWSCloudFormation/latest/UserGuide/aws-properties-wafv2-webacl-immunitytimeproperty.html",
      "Properties": {
        "ImmunityTime": {
          "Documentation": "http://docs.aws.amazon.com/AWSCloudFormation/latest/UserGuide/aws-properties-wafv2-webacl-immunitytimeproperty.html#cfn-wafv2-webacl-immunitytimeproperty-immunitytime",
          "UpdateType": "Mutable",
          "Required": true,
          "PrimitiveType": "Integer"
        }
      }
    },
    "Tag": {
      "Documentation": "http://docs.aws.amazon.com/AWSCloudFormation/latest/UserGuide/aws-properties-resource-tags.html",
      "Properties": {
        "Value": {
          "Documentation": "http://docs.aws.amazon.com/AWSCloudFormation/latest/UserGuide/aws-properties-resource-tags.html#cfn-resource-tags-value",
          "UpdateType": "Mutable",
          "Required": true,
          "PrimitiveType": "String"
        },
        "Key": {
          "Documentation": "http://docs.aws.amazon.com/AWSCloudFormation/latest/UserGuide/aws-properties-resource-tags.html#cfn-resource-tags-key",
          "UpdateType": "Mutable",
          "Required": true,
          "PrimitiveType": "String"
        }
      }
    },
    "AWS::WAFv2::WebACL.RuleActionOverride": {
      "Documentation": "http://docs.aws.amazon.com/AWSCloudFormation/latest/UserGuide/aws-properties-wafv2-webacl-ruleactionoverride.html",
      "Properties": {
        "ActionToUse": {
          "Documentation": "http://docs.aws.amazon.com/AWSCloudFormation/latest/UserGuide/aws-properties-wafv2-webacl-ruleactionoverride.html#cfn-wafv2-webacl-ruleactionoverride-actiontouse",
          "UpdateType": "Mutable",
          "Required": true,
          "Type": "RuleAction"
        },
        "Name": {
          "Documentation": "http://docs.aws.amazon.com/AWSCloudFormation/latest/UserGuide/aws-properties-wafv2-webacl-ruleactionoverride.html#cfn-wafv2-webacl-ruleactionoverride-name",
          "UpdateType": "Mutable",
          "Required": true,
          "PrimitiveType": "String"
        }
      }
    },
    "AWS::WAFv2::WebACL.JsonMatchPattern": {
      "Documentation": "http://docs.aws.amazon.com/AWSCloudFormation/latest/UserGuide/aws-properties-wafv2-webacl-jsonmatchpattern.html",
      "Properties": {
        "All": {
          "Documentation": "http://docs.aws.amazon.com/AWSCloudFormation/latest/UserGuide/aws-properties-wafv2-webacl-jsonmatchpattern.html#cfn-wafv2-webacl-jsonmatchpattern-all",
          "UpdateType": "Mutable",
          "Required": false,
          "PrimitiveType": "Json"
        },
        "IncludedPaths": {
          "Documentation": "http://docs.aws.amazon.com/AWSCloudFormation/latest/UserGuide/aws-properties-wafv2-webacl-jsonmatchpattern.html#cfn-wafv2-webacl-jsonmatchpattern-includedpaths",
          "UpdateType": "Mutable",
          "Required": false,
          "Type": "List",
          "PrimitiveItemType": "String",
          "DuplicatesAllowed": true
        }
      }
    },
    "AWS::WAFv2::WebACL.ResponseInspectionHeader": {
      "Documentation": "http://docs.aws.amazon.com/AWSCloudFormation/latest/UserGuide/aws-properties-wafv2-webacl-responseinspectionheader.html",
      "Properties": {
        "SuccessValues": {
          "Documentation": "http://docs.aws.amazon.com/AWSCloudFormation/latest/UserGuide/aws-properties-wafv2-webacl-responseinspectionheader.html#cfn-wafv2-webacl-responseinspectionheader-successvalues",
          "UpdateType": "Mutable",
          "Required": true,
          "Type": "List",
          "PrimitiveItemType": "String",
          "DuplicatesAllowed": true
        },
        "FailureValues": {
          "Documentation": "http://docs.aws.amazon.com/AWSCloudFormation/latest/UserGuide/aws-properties-wafv2-webacl-responseinspectionheader.html#cfn-wafv2-webacl-responseinspectionheader-failurevalues",
          "UpdateType": "Mutable",
          "Required": true,
          "Type": "List",
          "PrimitiveItemType": "String",
          "DuplicatesAllowed": true
        },
        "Name": {
          "Documentation": "http://docs.aws.amazon.com/AWSCloudFormation/latest/UserGuide/aws-properties-wafv2-webacl-responseinspectionheader.html#cfn-wafv2-webacl-responseinspectionheader-name",
          "UpdateType": "Mutable",
          "Required": true,
          "PrimitiveType": "String"
        }
      }
    }
  },
  "ResourceType": {
    "AWS::WAFv2::WebACL": {
      "Documentation": "http://docs.aws.amazon.com/AWSCloudFormation/latest/UserGuide/aws-resource-wafv2-webacl.html",
      "Properties": {
        "TokenDomains": {
          "Documentation": "http://docs.aws.amazon.com/AWSCloudFormation/latest/UserGuide/aws-resource-wafv2-webacl.html#cfn-wafv2-webacl-tokendomains",
          "UpdateType": "Mutable",
          "Required": false,
          "Type": "List",
          "PrimitiveItemType": "String",
          "DuplicatesAllowed": true
        },
        "Description": {
          "Documentation": "http://docs.aws.amazon.com/AWSCloudFormation/latest/UserGuide/aws-resource-wafv2-webacl.html#cfn-wafv2-webacl-description",
          "UpdateType": "Mutable",
          "Required": false,
          "PrimitiveType": "String"
        },
        "DefaultAction": {
          "Documentation": "http://docs.aws.amazon.com/AWSCloudFormation/latest/UserGuide/aws-resource-wafv2-webacl.html#cfn-wafv2-webacl-defaultaction",
          "UpdateType": "Mutable",
          "Required": true,
          "Type": "DefaultAction"
        },
        "Scope": {
          "Documentation": "http://docs.aws.amazon.com/AWSCloudFormation/latest/UserGuide/aws-resource-wafv2-webacl.html#cfn-wafv2-webacl-scope",
          "UpdateType": "Immutable",
          "Required": true,
          "PrimitiveType": "String"
        },
        "CustomResponseBodies": {
          "Documentation": "http://docs.aws.amazon.com/AWSCloudFormation/latest/UserGuide/aws-resource-wafv2-webacl.html#cfn-wafv2-webacl-customresponsebodies",
          "UpdateType": "Mutable",
          "Required": false,
          "Type": "Map",
          "ItemType": "CustomResponseBody"
        },
        "ChallengeConfig": {
          "Documentation": "http://docs.aws.amazon.com/AWSCloudFormation/latest/UserGuide/aws-resource-wafv2-webacl.html#cfn-wafv2-webacl-challengeconfig",
          "UpdateType": "Mutable",
          "Required": false,
          "Type": "ChallengeConfig"
        },
        "Rules": {
          "Documentation": "http://docs.aws.amazon.com/AWSCloudFormation/latest/UserGuide/aws-resource-wafv2-webacl.html#cfn-wafv2-webacl-rules",
          "UpdateType": "Mutable",
          "Required": false,
          "Type": "List",
          "ItemType": "Rule",
          "DuplicatesAllowed": true
        },
        "VisibilityConfig": {
          "Documentation": "http://docs.aws.amazon.com/AWSCloudFormation/latest/UserGuide/aws-resource-wafv2-webacl.html#cfn-wafv2-webacl-visibilityconfig",
          "UpdateType": "Mutable",
          "Required": true,
          "Type": "VisibilityConfig"
        },
        "CaptchaConfig": {
          "Documentation": "http://docs.aws.amazon.com/AWSCloudFormation/latest/UserGuide/aws-resource-wafv2-webacl.html#cfn-wafv2-webacl-captchaconfig",
          "UpdateType": "Mutable",
          "Required": false,
          "Type": "CaptchaConfig"
        },
        "Tags": {
          "Documentation": "http://docs.aws.amazon.com/AWSCloudFormation/latest/UserGuide/aws-resource-wafv2-webacl.html#cfn-wafv2-webacl-tags",
          "UpdateType": "Mutable",
          "Required": false,
          "Type": "List",
          "ItemType": "Tag",
          "DuplicatesAllowed": true
        },
        "Name": {
          "Documentation": "http://docs.aws.amazon.com/AWSCloudFormation/latest/UserGuide/aws-resource-wafv2-webacl.html#cfn-wafv2-webacl-name",
          "UpdateType": "Immutable",
          "Required": false,
          "PrimitiveType": "String"
        }
      },
      "Attributes": {
        "Capacity": {
          "PrimitiveType": "Integer"
        },
        "Id": {
          "PrimitiveType": "String"
        },
        "Arn": {
          "PrimitiveType": "String"
        },
        "LabelNamespace": {
          "PrimitiveType": "String"
        }
      }
    }
  },
  "ResourceSpecificationVersion": "114.0.0"
}