{
  "PropertyTypes": {
    "AWS::WAF::WebACL.ActivatedRule": {
      "Documentation": "http://docs.aws.amazon.com/AWSCloudFormation/latest/UserGuide/aws-properties-waf-webacl-rules.html",
      "Properties": {
        "Action": {
          "Documentation": "http://docs.aws.amazon.com/AWSCloudFormation/latest/UserGuide/aws-properties-waf-webacl-rules.html#cfn-waf-webacl-rules-action",
          "Required": false,
          "Type": "WafAction",
          "UpdateType": "Mutable"
        },
        "Priority": {
          "Documentation": "http://docs.aws.amazon.com/AWSCloudFormation/latest/UserGuide/aws-properties-waf-webacl-rules.html#cfn-waf-webacl-rules-priority",
          "PrimitiveType": "Integer",
          "Required": true,
          "UpdateType": "Mutable"
        },
        "RuleId": {
          "Documentation": "http://docs.aws.amazon.com/AWSCloudFormation/latest/UserGuide/aws-properties-waf-webacl-rules.html#cfn-waf-webacl-rules-ruleid",
          "PrimitiveType": "String",
          "Required": true,
          "UpdateType": "Mutable"
        }
      }
    },
    "AWS::WAF::WebACL.WafAction": {
      "Documentation": "http://docs.aws.amazon.com/AWSCloudFormation/latest/UserGuide/aws-properties-waf-webacl-action.html",
      "Properties": {
        "Type": {
          "Documentation": "http://docs.aws.amazon.com/AWSCloudFormation/latest/UserGuide/aws-properties-waf-webacl-action.html#cfn-waf-webacl-action-type",
          "PrimitiveType": "String",
          "Required": true,
          "UpdateType": "Mutable"
        }
      }
    }
  },
  "ResourceType": {
    "AWS::WAF::WebACL": {
      "Documentation": "http://docs.aws.amazon.com/AWSCloudFormation/latest/UserGuide/aws-resource-waf-webacl.html",
      "Properties": {
        "DefaultAction": {
          "Documentation": "http://docs.aws.amazon.com/AWSCloudFormation/latest/UserGuide/aws-resource-waf-webacl.html#cfn-waf-webacl-defaultaction",
          "Required": true,
          "Type": "WafAction",
          "UpdateType": "Mutable"
        },
        "MetricName": {
          "Documentation": "http://docs.aws.amazon.com/AWSCloudFormation/latest/UserGuide/aws-resource-waf-webacl.html#cfn-waf-webacl-metricname",
          "PrimitiveType": "String",
          "Required": true,
          "UpdateType": "Immutable"
        },
        "Name": {
          "Documentation": "http://docs.aws.amazon.com/AWSCloudFormation/latest/UserGuide/aws-resource-waf-webacl.html#cfn-waf-webacl-name",
          "PrimitiveType": "String",
          "Required": true,
          "UpdateType": "Immutable"
        },
        "Rules": {
          "Documentation": "http://docs.aws.amazon.com/AWSCloudFormation/latest/UserGuide/aws-resource-waf-webacl.html#cfn-waf-webacl-rules",
          "DuplicatesAllowed": false,
          "ItemType": "ActivatedRule",
          "Required": false,
          "Type": "List",
          "UpdateType": "Mutable"
        }
      }
    }
  },
  "ResourceSpecificationVersion": "114.0.0"
}